offering_id,course_id,academic_year,semester,section,professor_name,syllabus_url
1,1,2023,1학기,A,PANG LI,
2,2,2023,1학기,A,최승희,
3,2,2023,1학기,B,김연숙,
4,3,2023,1학기,A,최현실,
5,3,2023,1학기,B,김민정,
6,3,2023,1학기,C,신남미,
7,4,2023,1학기,A,임지숙,
8,4,2023,1학기,B,김연숙,
9,5,2023,1학기,A,최현실,
10,5,2023,1학기,B,신남미,
11,6,2023,1학기,A,PANG LI,
12,7,2023,1학기,A,PANG LI,
13,8,2023,1학기,A,최승희,
14,9,2023,1학기,A,정근희,
15,10,2023,1학기,A,김혜련,
16,10,2023,1학기,B,김민정,
17,11,2023,1학기,A,정근희,
18,11,2023,1학기,B,김연숙,
19,12,2023,1학기,A,김혜련,
20,12,2023,1학기,B,김민정,
21,13,2023,1학기,B,정예수,
22,14,2023,1학기,A,정연수,
23,14,2023,1학기,B,정연수,
24,15,2023,1학기,A,이영훈,
25,15,2023,1학기,B,이영훈,
26,16,2023,1학기,A,김환희,
27,16,2023,1학기,B,김환희,
28,17,2023,1학기,A,"나현기, 박충만, 진형섭",
29,18,2023,1학기,A,"나현기, 박충만, 진형섭",
30,18,2023,1학기,B,"강은미, 나현기, 박충만",
31,19,2023,1학기,A,"나현기, 박충만, 진형섭",
32,19,2023,1학기,B,"강은미, 나현기, 박충만",
33,20,2023,1학기,A,한광희,
34,21,2023,1학기,A,진형섭,
35,22,2023,1학기,A,정태성,
36,23,2023,1학기,A,나경욱,
37,24,2023,1학기,A,이시연,
38,25,2023,1학기,A,"나현기, 박충만, 진형섭",
39,26,2023,1학기,A,장순택,
40,27,2023,1학기,A,진형섭,
41,27,2023,1학기,B,정용택,
42,27,2023,1학기,C,진형섭,
43,28,2023,1학기,A,박미선,
44,29,2023,1학기,A,류성민,
45,30,2023,1학기,A1,이영미,
46,30,2023,1학기,A2,이향명,
47,30,2023,1학기,A3,김창주,
48,30,2023,1학기,A6,이서영,
49,30,2023,1학기,A7,김희선,
50,30,2023,1학기,B1,유문선,
51,30,2023,1학기,B2,유형동,
52,30,2023,1학기,B3,김수영,
53,30,2023,1학기,B4,서강목,
54,30,2023,1학기,B5,김지혜,
55,30,2023,1학기,B6,이향미,
56,30,2023,1학기,B7,박미선,
57,30,2023,1학기,C1,이형원,
58,30,2023,1학기,C2,정해득,
59,30,2023,1학기,C3,정무용,
60,30,2023,1학기,C5,최수철,
61,30,2023,1학기,C7,정한아,
62,30,2023,1학기,C8,강지희,
63,30,2023,1학기,D1,전춘명,
64,30,2023,1학기,D2,오동식,
65,30,2023,1학기,D3,김대오,
66,30,2023,1학기,D6,김희정,
67,30,2023,1학기,E1,강인철,
68,30,2023,1학기,E2,김항섭,
69,30,2023,1학기,E6,김윤성,
70,30,2023,1학기,E7,이종현,
71,30,2023,1학기,E8,김윤성,
72,30,2023,1학기,F1,류기수,
73,30,2023,1학기,F2,장정해,
74,30,2023,1학기,F3,최민성,
75,30,2023,1학기,F4,김남희,
76,30,2023,1학기,F5,서정욱,
77,30,2023,1학기,G1,이해영,
78,30,2023,1학기,G2,백준기,
79,30,2023,1학기,G3,조성대,
80,30,2023,1학기,G4,박상남,
81,30,2023,1학기,G6,양우진,
82,30,2023,1학기,G7,정건화,
83,30,2023,1학기,G8,성락선,
84,30,2023,1학기,H2,윤상철,
85,30,2023,1학기,H3,김종엽,
86,30,2023,1학기,H4,노중기,
87,30,2023,1학기,I1,채희상,
88,30,2023,1학기,I2,지원배,
89,30,2023,1학기,I3,이성미,
90,30,2023,1학기,I4,박혜영,
91,30,2023,1학기,J1,홍선미,
92,30,2023,1학기,J2,김예랑,
93,30,2023,1학기,J4,남세현,
94,30,2023,1학기,J5,백변경희,
95,30,2023,1학기,J6,이인재,
96,30,2023,1학기,J7,주경희,
97,30,2023,1학기,J8,장익현,
98,30,2023,1학기,J9,김수경,
99,30,2023,1학기,K1,임종민,
100,30,2023,1학기,K4,구훈정,
101,30,2023,1학기,K5,오현숙,
102,30,2023,1학기,K7,유희정,
103,30,2023,1학기,K8,안도연,
104,30,2023,1학기,L1,장종익,
105,30,2023,1학기,L2,염건,
106,30,2023,1학기,L3,정의범,
107,30,2023,1학기,L4,이건범,
108,30,2023,1학기,L5,박규호,
109,30,2023,1학기,L6,양영수,
110,30,2023,1학기,L7,오창호,
111,30,2023,1학기,L8,유한나,
112,30,2023,1학기,M1,한광희,
113,30,2023,1학기,M2,장용식,
114,30,2023,1학기,M3,김상욱,
115,30,2023,1학기,M4,이남연,
116,30,2023,1학기,M5,주장환,
117,30,2023,1학기,M6,김도희,
118,30,2023,1학기,N1,송주명,
119,30,2023,1학기,N2,오미정,
120,30,2023,1학기,N5,전창환,
121,30,2023,1학기,N6,정지영,
122,30,2023,1학기,N7,정희진,
123,30,2023,1학기,O1,박기현,
124,30,2023,1학기,O2,윤성식,
125,30,2023,1학기,O3,양춘우,
126,30,2023,1학기,O4,정재웅,
127,30,2023,1학기,O5,박동련,
128,30,2023,1학기,O6,이승천,
129,30,2023,1학기,O7,유한나,
130,30,2023,1학기,P1,윤효석,
131,30,2023,1학기,P2,나근식,
132,30,2023,1학기,P3,김성기,
133,30,2023,1학기,P4,최창원,
134,30,2023,1학기,P5,장재건,
135,30,2023,1학기,P6,이성구,
136,30,2023,1학기,P7,박성진,
137,30,2023,1학기,P8,이형우,
138,30,2023,1학기,P9,류승택,
139,30,2023,1학기,Q1,임익수,
140,31,2023,2학기,A,PANG LI,
141,32,2023,2학기,A,PANG LI,
142,33,2023,2학기,A,PANG LI,
143,34,2023,2학기,A,김연숙,
144,35,2023,2학기,A,최현실,
145,35,2023,2학기,B,신남미,
146,36,2023,2학기,A,신남미,
147,37,2023,2학기,A,최현실,
148,38,2023,2학기,A,김혜련,
149,39,2023,2학기,A,정근희,
150,39,2023,2학기,B,최승희,
151,40,2023,2학기,A,김혜련,
152,41,2023,2학기,B,정예수,
153,42,2023,2학기,A,정연수,
154,43,2023,2학기,A,김환희,
155,43,2023,2학기,B,김환희,
156,44,2023,2학기,A,이영훈,
157,44,2023,2학기,B,이영훈,
158,45,2023,2학기,A,이승원,
159,45,2023,2학기,B,이승원,
160,46,2023,2학기,A,강형모,
161,46,2023,2학기,B,강형모,
162,47,2023,2학기,A,노준성,
163,47,2023,2학기,B,노준성,
164,48,2023,2학기,A,정근희,
165,17,2023,2학기,A,"강은미, 나현기, 박충만",
166,18,2023,2학기,A,"강은미, 나현기, 박충만",
167,18,2023,2학기,B,"나현기, 박충만, 진형섭",
168,19,2023,2학기,A,"강은미, 나현기, 박충만",
169,19,2023,2학기,B,"나현기, 박충만, 진형섭",
170,49,2023,2학기,A,이혜원,
171,50,2023,2학기,A,이문교,
172,20,2023,2학기,A,한광희,
173,21,2023,2학기,A,박재형,
174,21,2023,2학기,B,박재형,
175,21,2023,2학기,C,정용택,
176,21,2023,2학기,D,정용택,
177,21,2023,2학기,E,진형섭,
178,21,2023,2학기,F,진형섭,
179,21,2023,2학기,G,진형섭,
180,21,2023,2학기,H,진형섭,
181,21,2023,2학기,I,진형섭,
182,25,2023,2학기,A,"강은미, 나현기, 박충만",
183,25,2023,2학기,B,"강은미, 나현기, 박충만",
184,26,2023,2학기,A,장순택,
185,27,2023,2학기,A,나현기,
186,30,2023,2학기,A2,이서영,
187,30,2023,2학기,A4,김주한,
188,30,2023,2학기,A6,연규홍,
189,30,2023,2학기,AA,이양선,
190,30,2023,2학기,AB,임익수,
191,30,2023,2학기,AC,양영욱,
192,30,2023,2학기,AD,윤효석,
193,30,2023,2학기,AE,안현,
194,30,2023,2학기,AF,이용걸,
195,30,2023,2학기,AG,백수진,
196,30,2023,2학기,AM,이영미,
197,30,2023,2학기,AN,김창주,
198,30,2023,2학기,AQ,김항섭,
199,30,2023,2학기,AR,강인철,
200,30,2023,2학기,AS,김희정,
201,30,2023,2학기,AT,김대오,
202,30,2023,2학기,AW,전춘명,
203,30,2023,2학기,AX,오동식,
204,30,2023,2학기,B1,유문선,
205,30,2023,2학기,B2,유형동,
206,30,2023,2학기,B3,김수영,
207,30,2023,2학기,B4,서강목,
208,30,2023,2학기,B5,김지혜,
209,30,2023,2학기,B6,이향미,
210,30,2023,2학기,B7,박미선,
211,30,2023,2학기,BA,이향미,
212,30,2023,2학기,BB,서강목,
213,30,2023,2학기,BC,김지혜,
214,30,2023,2학기,BD,박미선,
215,30,2023,2학기,BF,강지희,
216,30,2023,2학기,BH,정한아,
217,30,2023,2학기,BJ,유문선,
218,30,2023,2학기,BK,유형동,
219,30,2023,2학기,BL,김수영,
220,30,2023,2학기,BN,이형원,
221,30,2023,2학기,BO,정해득,
222,30,2023,2학기,BP,정무용,
223,30,2023,2학기,BR,류기수,
224,30,2023,2학기,BS,장정해,
225,30,2023,2학기,BT,최민성,
226,30,2023,2학기,BU,김남희,
227,30,2023,2학기,BW,신광철,
228,30,2023,2학기,BX,김윤성,
229,30,2023,2학기,BY,이종현,
230,30,2023,2학기,BZ,이종현,
231,30,2023,2학기,C1,정무용,
232,30,2023,2학기,C2,이형원,
233,30,2023,2학기,C3,정해득,
234,30,2023,2학기,C5,강지희,
235,30,2023,2학기,C7,정한아,
236,30,2023,2학기,D1,전춘명,
237,30,2023,2학기,D2,오동식,
238,30,2023,2학기,D4,김희정,
239,30,2023,2학기,D6,김대오,
240,30,2023,2학기,E1,강인철,
241,30,2023,2학기,E2,김항섭,
242,30,2023,2학기,E4,신광철,
243,30,2023,2학기,E5,김윤성,
244,30,2023,2학기,E6,이종현,
245,30,2023,2학기,E8,김윤성,
246,30,2023,2학기,F1,류기수,
247,30,2023,2학기,F2,장정해,
248,30,2023,2학기,F3,최민성,
249,30,2023,2학기,F4,김남희,
250,30,2023,2학기,F5,강민구,
251,30,2023,2학기,G1,이해영,
252,30,2023,2학기,G2,백준기,
253,30,2023,2학기,G3,조성대,
254,30,2023,2학기,G5,박상남,
255,30,2023,2학기,G6,성락선,
256,30,2023,2학기,G7,양우진,
257,30,2023,2학기,H1,김종엽,
258,30,2023,2학기,H2,노중기,
259,30,2023,2학기,H3,윤상철,
260,30,2023,2학기,I1,문철수,
261,30,2023,2학기,I2,채희상,
262,30,2023,2학기,I3,지원배,
263,30,2023,2학기,I5,박혜영,
264,30,2023,2학기,J1,홍선미,
265,30,2023,2학기,J2,김예랑,
266,30,2023,2학기,J3,주경희,
267,30,2023,2학기,J4,장익현,
268,30,2023,2학기,J5,남세현,
269,30,2023,2학기,J6,백변경희,
270,30,2023,2학기,J7,이경숙,
271,30,2023,2학기,J8,이인재,
272,30,2023,2학기,K1,임종민,
273,30,2023,2학기,K2,박상현,
274,30,2023,2학기,K3,조규청,
275,30,2023,2학기,K5,"구훈정, 안도연, 오현숙",
276,30,2023,2학기,K6,구훈정,
277,30,2023,2학기,K7,안도연,
278,30,2023,여름계절,A,"김상욱, 신수정",
279,51,2023,여름계절,A,"김상욱, 박가현",
280,52,2023,여름계절,A,안혜영,
281,53,2023,여름계절,A,안혜영,
282,54,2023,여름계절,A,"김재욱, 최민성",
283,55,2023,여름계절,A,"김상욱, 박가현",
284,56,2023,여름계절,A,오동식,
285,57,2023,여름계절,A,김용희,
286,58,2023,여름계절,A,안혜영,
287,59,2023,여름계절,A,안혜영,
288,60,2023,여름계절,A,옥장흠,
289,61,2023,여름계절,A,김희선,
290,62,2023,여름계절,A,류기수,
291,63,2023,여름계절,A,김남희,
292,64,2023,여름계절,A,김윤성,
293,65,2023,여름계절,A,전춘명,
294,66,2023,여름계절,A,김용훈,
295,67,2023,여름계절,A,황선미,
296,68,2023,여름계절,A,나카무라 모모코,
297,69,2023,여름계절,A,장종익,
298,70,2023,여름계절,A,양영수,
299,71,2023,여름계절,A,유한나,
300,72,2023,여름계절,A,박혜영,
301,73,2023,여름계절,A,이성미,
302,74,2023,여름계절,A,박혜영,
303,75,2023,여름계절,A,채희상,
304,76,2023,여름계절,A,지원배,
305,77,2023,여름계절,A,지원배,
306,78,2023,여름계절,A,박혜영,
307,79,2023,여름계절,A,성락선,
308,80,2023,여름계절,A,박규호,
309,81,2023,여름계절,A,김병조,
310,82,2023,여름계절,A,염건,
311,83,2023,여름계절,A,박규호,
312,84,2023,여름계절,A,윤성식,
313,85,2023,여름계절,A,강혁,
314,86,2023,여름계절,A,이양선,
315,87,2023,여름계절,A,이양선,
316,88,2023,여름계절,A,이양선,
317,89,2023,여름계절,A,안현,
318,90,2023,여름계절,A,안현,
319,91,2023,여름계절,A,안현,
320,92,2023,여름계절,A,OCU컨소시엄,
321,93,2023,여름계절,A,OCU컨소시엄,
322,94,2023,여름계절,A,OCU컨소시엄,
323,95,2023,여름계절,A,OCU컨소시엄,
324,96,2023,여름계절,A,OCU컨소시엄,
325,97,2023,여름계절,A,OCU컨소시엄,
326,98,2023,여름계절,A,"김병조, 남궁혜영",
327,99,2023,여름계절,A,이남연,
328,100,2023,여름계절,A,박상남,
329,101,2023,여름계절,A,전춘명,
330,102,2023,여름계절,A,오동식,
331,103,2023,여름계절,A,전춘명,
332,104,2023,여름계절,A,전춘명,
333,105,2023,여름계절,A,김용표,
334,106,2023,여름계절,A,김용표,
335,107,2023,여름계절,A,김남희,
336,108,2023,여름계절,A,최민성,
337,109,2023,여름계절,A,문미진,
338,110,2023,여름계절,A,문미진,
339,30,2023,겨울계절,A,"강종곤, 김용희",
340,51,2023,겨울계절,A,"김용희, 박가현",
341,52,2023,겨울계절,A,류수윤,
342,53,2023,겨울계절,A,류수윤,
343,55,2023,겨울계절,A,"김용희, 박가현",
344,58,2023,겨울계절,A,류수윤,
345,59,2023,겨울계절,A,류수윤,
346,111,2023,겨울계절,A,강석원,
347,61,2023,겨울계절,A,김희선,
348,112,2023,겨울계절,A,유형동,
349,113,2023,겨울계절,A,유형동,
350,103,2023,겨울계절,A,전춘명,
351,102,2023,겨울계절,A,오동식,
352,114,2023,겨울계절,A,전춘명,
353,115,2023,겨울계절,A,전춘명,
354,116,2023,겨울계절,A,문미진,
355,117,2023,겨울계절,A,신광철,
356,101,2023,겨울계절,A,전춘명,
357,104,2023,겨울계절,A,전춘명,
358,118,2023,겨울계절,A,윤상철,
359,119,2023,겨울계절,A,윤상철,
360,120,2023,겨울계절,A,박진우,
361,121,2023,겨울계절,A,남세현,
362,69,2023,겨울계절,A,장종익,
363,72,2023,겨울계절,A,박혜영,
364,122,2023,겨울계절,A,지원배,
365,75,2023,겨울계절,A,채희상,
366,123,2023,겨울계절,A,구훈정,
367,124,2023,겨울계절,A,김영주,
368,125,2023,겨울계절,A,성락선,
369,80,2023,겨울계절,A,박규호,
370,81,2023,겨울계절,A,김병조,
371,126,2023,겨울계절,A,정의범,
372,86,2023,겨울계절,A,이양선,
373,87,2023,겨울계절,A,이양선,
374,90,2023,겨울계절,A,안현,
375,91,2023,겨울계절,A,안현,
376,127,2023,겨울계절,A,,
377,128,2023,겨울계절,A,,
378,129,2023,겨울계절,A,,
379,130,2023,겨울계절,A,,
380,131,2023,겨울계절,A,,
381,132,2023,겨울계절,A,,
382,133,2023,겨울계절,A,,
383,134,2023,겨울계절,A,가천대,
384,135,2023,겨울계절,A,"OCU컨소시엄, 류수윤",
385,92,2023,겨울계절,A,OCU컨소시엄,
386,93,2023,겨울계절,A,"OCU컨소시엄, 류수윤",
387,94,2023,겨울계절,A,OCU컨소시엄,
388,96,2023,겨울계절,A,OCU컨소시엄,
389,136,2023,겨울계절,A,OCU컨소시엄,
390,137,2023,겨울계절,A,"김병조, 남궁혜영",
391,138,2023,겨울계절,A,이남연,
392,139,2023,겨울계절,A,이남연,
393,140,2023,겨울계절,A,서정욱,
394,141,2023,겨울계절,A,서정욱,
395,142,2023,겨울계절,A,장정해,
396,143,2023,겨울계절,A,문미진,
397,144,2023,겨울계절,A,노승철,
398,145,2023,겨울계절,A,노승철,
399,1,2024,1학기,A,PANG LI,
400,2,2024,1학기,B,김연숙,
401,3,2024,1학기,A,최현실,
402,3,2024,1학기,B,신남미,
403,4,2024,1학기,A,신남미,
404,4,2024,1학기,B,김연숙,
405,5,2024,1학기,A,최현실,
406,5,2024,1학기,B,정근희,
407,6,2024,1학기,A,PANG LI,
408,7,2024,1학기,A,PANG LI,
409,10,2024,1학기,A,김혜련,
410,11,2024,1학기,A,김연숙,
411,12,2024,1학기,A,김혜련,
412,13,2024,1학기,A,정예수,
413,146,2024,1학기,A,최승희,
414,147,2024,1학기,A,정근희,
415,148,2024,1학기,A,정예수,
416,149,2024,1학기,A,강형모,
417,149,2024,1학기,B,강형모,
418,150,2024,1학기,A,이승원,
419,15,2024,1학기,A,이영훈,
420,15,2024,1학기,B,이영훈,
421,16,2024,1학기,A,김환희,
422,17,2024,1학기,A,"나현기, 박충만",
423,18,2024,1학기,A,"나현기, 박충만, 진형섭",
424,18,2024,1학기,B,"강은미, 나현기, 박충만",
425,19,2024,1학기,A,"나현기, 박충만, 진형섭",
426,19,2024,1학기,B,"강은미, 나현기, 박충만",
427,21,2024,1학기,A,정용택,
428,22,2024,1학기,A,정태성,
429,23,2024,1학기,A,나경욱,
430,24,2024,1학기,A,이시연,
431,25,2024,1학기,A,"나현기, 박충만, 진형섭",
432,25,2024,1학기,B,"나현기, 박충만, 진형섭",
433,26,2024,1학기,A,장순택,
434,27,2024,1학기,A,박재형,
435,27,2024,1학기,B,박재형,
436,27,2024,1학기,C,진형섭,
437,27,2024,1학기,D,진형섭,
438,27,2024,1학기,E,나현기,
439,28,2024,1학기,A,박미선,
440,29,2024,1학기,A,류성민,
441,30,2024,1학기,A1,이영미,
442,30,2024,1학기,A2,김주한,
443,30,2024,1학기,A3,김창주,
444,30,2024,1학기,A6,연규홍,
445,30,2024,1학기,A7,김희선,
446,30,2024,1학기,B1,김지혜,
447,30,2024,1학기,B2,유형동,
448,30,2024,1학기,B3,김수영,
449,30,2024,1학기,B4,김지혜,
450,30,2024,1학기,B5,이향미,
451,30,2024,1학기,B6,박미선,
452,30,2024,1학기,C1,이형원,
453,30,2024,1학기,C2,정해득,
454,30,2024,1학기,C3,정무용,
455,30,2024,1학기,C4,이영남,
456,30,2024,1학기,C5,백수린,
457,30,2024,1학기,C7,정한아,
458,30,2024,1학기,C8,강지희,
459,30,2024,1학기,D1,전춘명,
460,30,2024,1학기,D2,오동식,
461,30,2024,1학기,D3,김대오,
462,30,2024,1학기,D6,김희정,
463,30,2024,1학기,E1,강인철,
464,30,2024,1학기,E6,김윤성,
465,30,2024,1학기,E7,이종현,
466,30,2024,1학기,E8,신광철,
467,30,2024,1학기,F1,류기수,
468,30,2024,1학기,F2,장정해,
469,30,2024,1학기,F3,최민성,
470,30,2024,1학기,F4,김남희,
471,30,2024,1학기,F5,임익수,
472,30,2024,1학기,G1,이해영,
473,30,2024,1학기,G2,백준기,
474,30,2024,1학기,G4,최형익,
475,30,2024,1학기,G5,박상남,
476,30,2024,1학기,G6,양우진,
477,30,2024,1학기,G7,한재명,
478,30,2024,1학기,G8,성락선,
479,30,2024,1학기,H2,윤상철,
480,30,2024,1학기,H3,노중기,
481,30,2024,1학기,I1,문철수,
482,30,2024,1학기,I2,채희상,
483,30,2024,1학기,I3,지원배,
484,30,2024,1학기,I4,박혜영,
485,30,2024,1학기,J1,홍선미,
486,30,2024,1학기,J2,김예랑,
487,30,2024,1학기,J4,이경숙,
488,30,2024,1학기,J5,백변경희,
489,30,2024,1학기,J6,이인재,
490,30,2024,1학기,J7,주경희,
491,30,2024,1학기,J8,장익현,
492,30,2024,1학기,K2,조규청,
493,30,2024,1학기,K3,박상현,
494,30,2024,1학기,K4,구훈정,
495,30,2024,1학기,K5,김상원,
496,30,2024,1학기,K8,안도연,
497,30,2024,1학기,L1,이남연,
498,30,2024,1학기,L2,김경민,
499,30,2024,1학기,L3,정의범,
500,30,2024,1학기,L4,이건범,
501,30,2024,1학기,L5,박규호,
502,30,2024,1학기,L6,양영수,
503,30,2024,1학기,L7,장종익,
504,30,2024,1학기,L8,유한나,
505,30,2024,1학기,M1,신재우,
506,30,2024,1학기,M3,김상욱,
507,30,2024,1학기,M4,이남연,
508,30,2024,1학기,M6,이일영,
509,30,2024,1학기,M7,김도희,
510,30,2024,1학기,N1,송주명,
511,30,2024,1학기,N2,오미정,
512,30,2024,1학기,N5,전창환,
513,30,2024,1학기,N6,정지영,
514,30,2024,1학기,N7,정희진,
515,30,2024,1학기,O1,박기현,
516,30,2024,1학기,O2,양춘우,
517,30,2024,1학기,O3,정재웅,
518,30,2024,1학기,O5,박동련,
519,30,2024,1학기,O6,유한나,
520,30,2024,1학기,P1,윤효석,
521,30,2024,1학기,P2,나근식,
522,30,2024,1학기,P3,김성기,
523,30,2024,1학기,P4,강영경,
524,30,2024,1학기,P5,최창원,
525,30,2024,1학기,P6,장재건,
526,30,2024,1학기,P7,이성구,
527,30,2024,1학기,P8,박성진,
528,30,2024,1학기,P9,이형우,
529,30,2024,1학기,Q1,류승택,
530,30,2024,1학기,Q2,이양선,
531,30,2024,1학기,Q3,임익수,
532,30,2024,1학기,Q4,박기홍,
533,30,2024,1학기,R1,조성호,
534,30,2024,1학기,R2,안현,
535,30,2024,1학기,R3,손승일,
536,30,2024,1학기,R4,이경옥,
537,30,2024,1학기,R5,이용걸,
538,30,2024,1학기,R6,정승민,
539,30,2024,1학기,R8,김현경,
540,30,2024,1학기,V1,이석민,
541,30,2024,1학기,V2,윤건,
542,30,2024,1학기,V3,노승철,
543,30,2024,1학기,Z1,신광철,
544,30,2024,1학기,Z2,이일영,
545,30,2024,1학기,Z4,이건범,
546,30,2024,1학기,Z5,홍선미,
547,30,2024,1학기,Z6,강민구,
548,151,2024,1학기,A,주경희,
549,152,2024,1학기,A,이미애,
550,153,2024,1학기,A,조현진,
551,154,2024,1학기,A,최영호,
552,155,2024,1학기,A,최은경,
553,156,2024,1학기,A,"나현기, 박충만",
554,157,2024,1학기,A,이상철,
555,158,2024,1학기,A,한광희,
556,159,2024,1학기,A,이호규,
557,160,2024,1학기,A,"김용희, 박가현",
558,161,2024,1학기,A,이영미,
559,162,2024,1학기,A,강은미,
560,162,2024,1학기,B,강은미,
561,163,2024,1학기,A,이익주,
562,164,2024,1학기,A,홍창기,
563,164,2024,1학기,B,박선화,
564,164,2024,1학기,D,김흥기,
565,164,2024,1학기,E,유동석,
566,164,2024,1학기,F,김대숙,
567,164,2024,1학기,G,김대숙,
568,164,2024,1학기,H,강석원,
569,164,2024,1학기,I,허태윤,
570,165,2024,1학기,A,이혜원,
571,166,2024,1학기,A,이혜원,
572,51,2024,1학기,A1,김희선,
573,51,2024,1학기,A2,이서영,
574,51,2024,1학기,AA,이석민,
575,51,2024,1학기,AB,윤건,
576,51,2024,1학기,AC,노승철,
577,51,2024,1학기,B2,유형동,
578,51,2024,1학기,B3,김수영,
579,51,2024,1학기,B4,김지혜,
580,51,2024,1학기,C1,박미선,
581,51,2024,1학기,C2,이향미,
582,51,2024,1학기,C3,김지혜,
583,51,2024,1학기,D1,전춘명,
584,51,2024,1학기,D2,오동식,
585,51,2024,1학기,E1,김대오,
586,51,2024,1학기,E2,김희정,
587,51,2024,1학기,F1,이형원,
588,51,2024,1학기,F2,정해득,
589,51,2024,1학기,F3,정무용,
590,51,2024,1학기,F4,이영남,
591,51,2024,1학기,G1,강인철,
592,51,2024,1학기,G3,김윤성,
593,51,2024,1학기,G4,이종현,
594,51,2024,1학기,G7,신광철,
595,51,2024,1학기,H1,백수린,
596,51,2024,1학기,H3,정한아,
597,51,2024,1학기,H4,강지희,
598,51,2024,1학기,I2,장정해,
599,51,2024,1학기,I4,김남희,
600,51,2024,1학기,I5,강민구,
601,51,2024,1학기,J1,성락선,
602,51,2024,1학기,J2,한재명,
603,51,2024,1학기,J3,양우진,
604,51,2024,1학기,K1,윤상철,
605,51,2024,1학기,K4,노중기,
606,51,2024,1학기,L1,송주명,
607,51,2024,1학기,L2,오미정,
608,51,2024,1학기,M1,이해영,
609,51,2024,1학기,M2,백준기,
610,51,2024,1학기,M4,최형익,
611,51,2024,1학기,M5,박상남,
612,51,2024,1학기,N2,이일영,
613,51,2024,1학기,N3,김도희,
614,51,2024,1학기,O1,김예랑,
615,51,2024,1학기,O2,장익현,
616,51,2024,1학기,O3,주경희,
617,51,2024,1학기,O4,이인재,
618,51,2024,1학기,O5,이경숙,
619,51,2024,1학기,O6,백변경희,
620,51,2024,1학기,P1,전창환,
621,51,2024,1학기,P2,정지영,
622,51,2024,1학기,P3,정희진,
623,51,2024,1학기,Q1,김경민,
624,51,2024,1학기,Q3,이건범,
625,51,2024,1학기,Q4,박규호,
626,51,2024,1학기,Q5,정의범,
627,51,2024,1학기,Q6,김경민,
628,51,2024,1학기,R1,문철수,
629,51,2024,1학기,R2,채희상,
630,51,2024,1학기,R3,지원배,
631,51,2024,1학기,R4,박혜영,
632,51,2024,1학기,S1,김상욱,
633,51,2024,1학기,S2,신재우,
634,51,2024,1학기,S4,이남연,
635,51,2024,1학기,T1,장종익,
636,51,2024,1학기,T2,양영수,
637,51,2024,1학기,T3,유한나,
638,51,2024,1학기,T4,유현미,
639,51,2024,1학기,U1,박기현,
640,51,2024,1학기,U2,정재웅,
641,51,2024,1학기,U3,정재웅,
642,51,2024,1학기,V1,박동련,
643,51,2024,1학기,V3,유한나,
644,51,2024,1학기,W2,박상현,
645,51,2024,1학기,W3,조규청,
646,51,2024,1학기,X1,이성구,
647,51,2024,1학기,X2,박성진,
648,51,2024,1학기,X3,류승택,
649,51,2024,1학기,X4,윤효석,
650,51,2024,1학기,X5,이양선,
651,51,2024,1학기,X6,김성기,
652,51,2024,1학기,Y1,조성호,
653,51,2024,1학기,Y2,안현,
654,51,2024,1학기,Y3,손승일,
655,51,2024,1학기,Y4,이경옥,
656,51,2024,1학기,Y5,이용걸,
657,51,2024,1학기,Y7,백수진,
658,51,2024,1학기,Z1,김상원,
659,51,2024,1학기,Z3,안도연,
660,51,2024,1학기,Z4,구훈정,
661,167,2024,1학기,A,정무용,
662,168,2024,1학기,A,강석원,
663,169,2024,1학기,A,오동식,
664,170,2024,1학기,A,야니,
665,171,2024,1학기,A,김민수,
666,172,2024,1학기,A,이익주,
667,173,2024,1학기,A,유은하,
668,174,2024,1학기,A,이문교,
669,175,2024,1학기,A,김대오,
670,176,2024,1학기,A,박상준,
671,177,2024,1학기,A,정태성,
672,178,2024,1학기,A,정태성,
673,179,2024,1학기,A,강지연,
674,180,2024,1학기,A,명왕성,
675,181,2024,1학기,A,박상현,
676,182,2024,1학기,A,김수겸,
677,183,2024,1학기,A,김윤정,
678,184,2024,1학기,A,명왕성,
679,185,2024,1학기,A,"박원식, 차윤정",
680,186,2024,1학기,A,문미진,
681,187,2024,1학기,A,PANG LI,
682,188,2024,1학기,A,성은실,
683,189,2024,1학기,A,노중기,
684,190,2024,1학기,A,정용택,
685,190,2024,1학기,B,진형섭,
686,190,2024,1학기,C,진형섭,
687,190,2024,1학기,D,진형섭,
688,191,2024,1학기,A,박재형,
689,191,2024,1학기,B,박재형,
690,192,2024,1학기,A,강은미,
691,192,2024,1학기,B,강은미,
692,193,2024,1학기,A,정춘,
693,194,2024,1학기,A,최환진,
694,56,2024,1학기,A,심혜경,
695,195,2024,1학기,A,공주형,
696,196,2024,1학기,A,김영주,
697,197,2024,1학기,A,유순혜,
698,198,2024,1학기,A,이익주,
699,199,2024,1학기,A,이익주,
700,200,2024,1학기,A,공주형,
701,201,2024,1학기,A,공주형,
702,202,2024,1학기,A,고우경,
703,203,2024,1학기,A1,야니,
704,203,2024,1학기,A2,야니,
705,203,2024,1학기,A3,야니,
706,203,2024,1학기,A4,야니,
707,203,2024,1학기,B1,모리스,
708,203,2024,1학기,B2,모리스,
709,203,2024,1학기,B3,모리스,
710,203,2024,1학기,B4,모리스,
711,203,2024,1학기,C1,매튜,
712,204,2024,1학기,A1,매튜,
713,204,2024,1학기,A2,매튜,
714,204,2024,1학기,A3,매튜,
715,204,2024,1학기,A4,매튜,
716,205,2024,1학기,A,정태성,
717,206,2024,1학기,A,옥장흠,
718,207,2024,1학기,A,류기수,
719,208,2024,1학기,A,전춘명,
720,209,2024,1학기,A,이영수,
721,210,2024,1학기,A,염동호,
722,211,2024,1학기,A,장우현,
723,212,2024,1학기,A,장우현,
724,213,2024,1학기,A,전병유,
725,214,2024,1학기,A,이상헌,
726,215,2024,1학기,A,장창준,
727,216,2024,1학기,A,연제호,
728,217,2024,1학기,A,김용훈,
729,218,2024,1학기,A,옥장흠,
730,219,2024,1학기,A,염동호,
731,220,2024,1학기,A,김계자,
732,221,2024,1학기,A,염동호,
733,57,2024,1학기,A,김용희,
734,222,2024,1학기,A,정춘,
735,223,2024,1학기,A,강은미,
736,224,2024,1학기,A,최은경,
737,225,2024,1학기,A,이종운,
738,226,2024,1학기,A1,강윤형,
739,226,2024,1학기,A2,차윤정,
740,226,2024,1학기,A3,목승혜,
741,226,2024,1학기,A4,고우경,
742,226,2024,1학기,B1,김나영,
743,226,2024,1학기,B2,심주연,
744,226,2024,1학기,B3,강윤형,
745,226,2024,1학기,B4,목승혜,
746,226,2024,1학기,B5,고우경,
747,226,2024,1학기,C1,심주연,
748,226,2024,1학기,C2,김나영,
749,226,2024,1학기,C3,이아름,
750,226,2024,1학기,C4,고우경,
751,226,2024,1학기,D1,이아름,
752,226,2024,1학기,D2,심주연,
753,226,2024,1학기,D3,김나영,
754,227,2024,1학기,A1,송주현,
755,227,2024,1학기,A2,김민환,
756,227,2024,1학기,A3,유예원,
757,227,2024,1학기,A4,한정미,
758,227,2024,1학기,B1,이은정,
759,227,2024,1학기,B2,송주현,
760,227,2024,1학기,B3,김민환,
761,227,2024,1학기,B4,유예원,
762,227,2024,1학기,B5,한정미,
763,227,2024,1학기,C1,서경희,
764,227,2024,1학기,C2,송주현,
765,227,2024,1학기,C3,강아람,
766,227,2024,1학기,C4,계광수,
767,227,2024,1학기,C5,서영화,
768,227,2024,1학기,D1,강아람,
769,227,2024,1학기,D2,계광수,
770,227,2024,1학기,D3,서영화,
771,227,2024,1학기,E1,이은정,
772,227,2024,1학기,E2,서경희,
773,227,2024,1학기,E3,유영국,
774,228,2024,1학기,A1,김보경,
775,228,2024,1학기,A2,김보경,
776,228,2024,1학기,A3,박종현,
777,228,2024,1학기,A4,강혁,
778,228,2024,1학기,A5,강혁,
779,228,2024,1학기,A6,윤정희,
780,228,2024,1학기,A7,윤정희,
781,228,2024,1학기,B1,박종현,
782,228,2024,1학기,B2,강혁,
783,228,2024,1학기,B3,윤정희,
784,228,2024,1학기,C1,나경욱,
785,228,2024,1학기,C2,박종현,
786,228,2024,1학기,D1,박종현,
787,229,2024,1학기,A,이종운,
788,230,2024,1학기,A,김계자,
789,231,2024,1학기,A,모리스,
790,232,2024,1학기,A,야니,
791,233,2024,1학기,A,김민환,
792,233,2024,1학기,B,서경희,
793,233,2024,1학기,C,서경희,
794,233,2024,1학기,D,이은정,
795,233,2024,1학기,E,이은정,
796,234,2024,1학기,A,김계자,
797,235,2024,1학기,A,박종현,
798,236,2024,1학기,A,심주연,
799,237,2024,1학기,A,배현주,
800,238,2024,1학기,A,정춘,
801,239,2024,1학기,A,유은하,
802,240,2024,1학기,A,최은경,
803,241,2024,1학기,A,최은경,
804,242,2024,1학기,A,옥장흠,
805,243,2024,1학기,A,유은하,
806,244,2024,1학기,A,나경욱,
807,245,2024,1학기,A,류기수,
808,246,2024,1학기,A,유영국,
809,247,2024,1학기,A,유영국,
810,248,2024,1학기,A,"나현기, 박충만",
811,249,2024,1학기,A,"나현기, 박충만",
812,250,2024,1학기,A,김희선,
813,251,2024,1학기,A,김희선,
814,252,2024,1학기,A,김희선,
815,253,2024,1학기,A,김희선,
816,254,2024,1학기,A,김희선,
817,255,2024,1학기,A,"나현기, 박충만",
818,256,2024,1학기,A,"나현기, 박충만",
819,61,2024,1학기,A,김희선,
820,257,2024,1학기,A,이서영,
821,258,2024,1학기,A,"나현기, 박충만",
822,259,2024,1학기,A,이상철,
823,260,2024,1학기,A,이종철,
824,261,2024,1학기,A,김성언,
825,262,2024,1학기,A,이은주,
826,263,2024,1학기,A,류장현,
827,264,2024,1학기,A,김주한,
828,265,2024,1학기,A,김정수,
829,266,2024,1학기,A,김희선,
830,267,2024,1학기,A,한강희,
831,268,2024,1학기,A,나현기,
832,269,2024,1학기,A,김정수,
833,270,2024,1학기,A,이영미,
834,271,2024,1학기,A,김남희,
835,272,2024,1학기,A,최정규,
836,273,2024,1학기,A,공주형,
837,274,2024,1학기,A,김남희,
838,275,2024,1학기,A,김희정,
839,276,2024,1학기,A,김대오,
840,277,2024,1학기,A,김대오,
841,278,2024,1학기,A,김희정,
842,279,2024,1학기,A,이문교,
843,280,2024,1학기,A,조현진,
844,281,2024,1학기,A,김대오,
845,282,2024,1학기,A,김희정,
846,283,2024,1학기,A,최천식,
847,284,2024,1학기,A,김희정,
848,285,2024,1학기,A,"김대오, 김희정",
849,286,2024,1학기,A,김대오,
850,287,2024,1학기,A,최천식,
851,288,2024,1학기,A,류성민,
852,289,2024,1학기,A,이창익,
853,290,2024,1학기,A,이창익,
854,291,2024,1학기,A,박현준,
855,292,2024,1학기,A,박현준,
856,293,2024,1학기,A,강인철,
857,294,2024,1학기,A,강인철,
858,295,2024,1학기,A,김항섭,
859,296,2024,1학기,A,강인철,
860,297,2024,1학기,A,강인철,
861,298,2024,1학기,A,김윤성,
862,299,2024,1학기,A,김윤성,
863,300,2024,1학기,A,이유철,
864,301,2024,1학기,A,이유철,
865,302,2024,1학기,A,이아영,
866,302,2024,1학기,B,서동미,
867,303,2024,1학기,A,주경희,
868,303,2024,1학기,B,주경희,
869,304,2024,1학기,A,장익현,
870,304,2024,1학기,B,제갈현숙,
871,305,2024,1학기,A,김동심,
872,306,2024,1학기,B,김유진,
873,307,2024,1학기,A,홍선미,
874,307,2024,1학기,B,홍선미,
875,308,2024,1학기,A,김예랑,
876,309,2024,1학기,A,홍선미,
877,309,2024,1학기,B,홍선미,
878,310,2024,1학기,A,김예랑,
879,310,2024,1학기,B,김예랑,
880,311,2024,1학기,A,김은영,
881,312,2024,1학기,A,제갈현숙,
882,313,2024,1학기,A,장익현,
883,313,2024,1학기,B,장익현,
884,314,2024,1학기,A,김은영,
885,314,2024,1학기,B,김은영,
886,315,2024,1학기,D1,박혜영,
887,315,2024,1학기,F1,채희상,
888,316,2024,1학기,B1,박혜영,
889,315,2024,1학기,C1,김용훈,
890,317,2024,1학기,A,임익수,
891,318,2024,1학기,A,강영경,
892,318,2024,1학기,B,강영경,
893,319,2024,1학기,A,최창원,
894,319,2024,1학기,B,이찬행,
895,320,2024,1학기,A,박기홍,
896,320,2024,1학기,B,박기홍,
897,321,2024,1학기,A,이성구,
898,321,2024,1학기,B,이성구,
899,322,2024,1학기,A,김애영,
900,322,2024,1학기,B,이형우,
901,323,2024,1학기,A,김성기,
902,323,2024,1학기,B,박성진,
903,324,2024,1학기,A,나근식,
904,324,2024,1학기,B,나근식,
905,325,2024,1학기,A,윤효석,
906,326,2024,1학기,A,류승택,
907,327,2024,1학기,A,이형우,
908,328,2024,1학기,A,김성기,
909,328,2024,1학기,B,윤효석,
910,328,2024,1학기,C,김유신,
911,329,2024,1학기,A,이형우,
912,330,2024,1학기,A,박성진,
913,331,2024,1학기,A,장재건,
914,315,2024,1학기,E1,이양선,
915,316,2024,1학기,C1,이양선,
916,316,2024,1학기,A1,김애영,
917,332,2024,1학기,A,안현,
918,332,2024,1학기,B,안현,
919,333,2024,1학기,A,김애영,
920,334,2024,1학기,A,손승일,
921,334,2024,1학기,B,손승일,
922,335,2024,1학기,A,이용걸,
923,335,2024,1학기,B,이용걸,
924,336,2024,1학기,A,이용걸,
925,337,2024,1학기,A,김현경,
926,338,2024,1학기,A,정승민,
927,339,2024,1학기,A,조성호,
928,339,2024,1학기,B,조성호,
929,340,2024,1학기,A,임익수,
930,341,2024,1학기,A,정승민,
931,342,2024,1학기,A,조문신,
932,342,2024,1학기,B,정의성,
933,343,2024,1학기,A,조성호,
934,344,2024,1학기,A,안현,
935,315,2024,1학기,B1,김애영,
936,316,2024,1학기,D1,임익수,
937,345,2024,1학기,1,박규호,
938,346,2024,1학기,A,유한나,
939,347,2024,1학기,A,백상현,
940,348,2024,1학기,A,김남희,
941,349,2024,1학기,A,옥장흠,
942,350,2024,1학기,A,옥장흠,
943,351,2024,1학기,A,김동심,
944,352,2024,1학기,A,김윤정,
945,353,2024,1학기,A,옥장흠,
946,354,2024,1학기,A,김동심,
947,355,2024,1학기,A,김동심,
948,356,2024,1학기,A,북경공업대학,
949,357,2024,1학기,A,대만장영대,
950,358,2024,1학기,A,대만장영대,
951,359,2024,1학기,A,목단강사범대학교,
952,360,2024,1학기,A,산동여자대학,
953,361,2024,1학기,A,산동여자대학,
954,362,2024,1학기,A,대만장영대,
955,363,2024,1학기,A,대만장영대,
956,364,2024,1학기,A,대만장영대,
957,365,2024,1학기,A,산동여자대학,
958,366,2024,1학기,A,대만장영대,
959,367,2024,1학기,A,목단강사범대학교,
960,368,2024,1학기,A,대만장영대,
961,369,2024,1학기,A,대만장영대,
962,370,2024,1학기,A,대만장영대,
963,371,2024,1학기,A,대만장영대,
964,372,2024,1학기,A,북경공업대학,
965,373,2024,1학기,A,북경공업대학,
966,374,2024,1학기,A,북경공업대학,
967,375,2024,1학기,A,북경공업대학,
968,376,2024,1학기,A,북경공업대학,
969,377,2024,1학기,A,북경공업대학,
970,378,2024,1학기,A,대만장영대,
971,379,2024,1학기,A,산동여자대학,
972,380,2024,1학기,A,산동여자대학,
973,381,2024,1학기,A,산동여자대학,
974,382,2024,1학기,A,산동여자대학,
975,383,2024,1학기,A,산동여자대학,
976,384,2024,1학기,A,산동여자대학,
977,385,2024,1학기,A,대만장영대,
978,386,2024,1학기,A,대만장영대,
979,387,2024,1학기,A,대만장영대,
980,388,2024,1학기,A,대만장영대,
981,389,2024,1학기,A,대만장영대,
982,390,2024,1학기,A,대만장영대,
983,391,2024,1학기,A,대만장영대,
984,392,2024,1학기,A,대만장영대,
985,393,2024,1학기,A,대만장영대,
986,394,2024,1학기,A,대만장영대,
987,395,2024,1학기,A,대만장영대,
988,396,2024,1학기,A,대만장영대,
989,397,2024,1학기,A,화동사범대학,
990,398,2024,1학기,A,화동사범대학,
991,399,2024,1학기,A,화동사범대학,
992,400,2024,1학기,A,화동사범대학,
993,401,2024,1학기,A,화동사범대학,
994,402,2024,1학기,A,화동사범대학,
995,403,2024,1학기,A,화동사범대학,
996,404,2024,1학기,A,화동사범대학,
997,405,2024,1학기,A,화동사범대학,
998,406,2024,1학기,A,목단강사범대학교,
999,407,2024,1학기,A,독일뷔르츠부르크,
1000,408,2024,1학기,A,독일뷔르츠부르크,
1001,409,2024,1학기,A,독일뷔르츠부르크,
1002,410,2024,1학기,A,독일하이델베르크,
1003,411,2024,1학기,A,독일하이델베르크,
1004,412,2024,1학기,A,독일하이델베르크,
1005,413,2024,1학기,A,독일하이델베르크,
1006,414,2024,1학기,A,독일하이델베르크,
1007,415,2024,1학기,A,독일하이델베르크,
1008,416,2024,1학기,A,독일하이델베르크,
1009,417,2024,1학기,A,독일하이델베르크,
1010,418,2024,1학기,A,독일하이델베르크,
1011,419,2024,1학기,A,독일뷔르츠부르크,
1012,420,2024,1학기,A,독일뷔르츠부르크,
1013,421,2024,1학기,A,독일뷔르츠부르크,
1014,422,2024,1학기,A,독일뷔르츠부르크,
1015,423,2024,1학기,A,독일뷔르츠부르크,
1016,424,2024,1학기,A,독일뷔르츠부르크,
1017,425,2024,1학기,A,독일뷔르츠부르크,
1018,426,2024,1학기,A,독일뷔르츠부르크,
1019,427,2024,1학기,A,독일하이델베르크,
1020,428,2024,1학기,A,독일뷔르츠부르크,
1021,429,2024,1학기,A,독일뷔르츠부르크,
1022,430,2024,1학기,A,독일뷔르츠부르크,
1023,431,2024,1학기,A,독일뷔르츠부르크,
1024,432,2024,1학기,A,독일뷔르츠부르크,
1025,433,2024,1학기,A,독일뷔르츠부르크,
1026,434,2024,1학기,A,독일뷔르츠부르크,
1027,435,2024,1학기,A,독일뷔르츠부르크,
1028,436,2024,1학기,A,일본구주정보대,
1029,437,2024,1학기,A,게이센여자대학,
1030,438,2024,1학기,A,게이센여자대학,
1031,439,2024,1학기,A,일본나가사키대학,
1032,440,2024,1학기,A,일본나가사키대학,
1033,441,2024,1학기,A,일본나가사키대학,
1034,442,2024,1학기,A,게이센여자대학,
1035,443,2024,1학기,A,일본나가사키대학,
1036,444,2024,1학기,A,일본나가사키대학,
1037,445,2024,1학기,A,게이센여자대학,
1038,446,2024,1학기,A,게이센여자대학,
1039,447,2024,1학기,A,게이센여자대학,
1040,448,2024,1학기,A,게이센여자대학,
1041,449,2024,1학기,A,게이센여자대학,
1042,450,2024,1학기,A,일본나가사키대학,
1043,451,2024,1학기,A,일본나가사키대학,
1044,452,2024,1학기,A,일본나가사키대학,
1045,453,2024,1학기,A,일본구주정보대,
1046,454,2024,1학기,A,일본구주정보대,
1047,455,2024,1학기,A,일본구주정보대,
1048,456,2024,1학기,A,도쿄외국어대학,
1049,457,2024,1학기,A,도쿄외국어대학,
1050,458,2024,1학기,A,도쿄외국어대학,
1051,459,2024,1학기,A,일본나가사키대학,
1052,460,2024,1학기,A,일본나가사키대학,
1053,461,2024,1학기,A,일본나가사키대학,
1054,462,2024,1학기,A,일본나가사키대학,
1055,463,2024,1학기,A,일본나가사키대학,
1056,464,2024,1학기,A,일본나가사키대학,
1057,465,2024,1학기,A,하얼빈상업대,
1058,466,2024,1학기,A,하얼빈상업대,
1059,467,2024,1학기,A,목단강사범대학교,
1060,468,2024,1학기,A,하얼빈상업대,
1061,469,2024,1학기,A,북경공업대학,
1062,470,2024,1학기,A,화동사범대학,
1063,471,2024,1학기,A,화동사범대학,
1064,472,2024,1학기,A,화동사범대학,
1065,473,2024,1학기,A,화동사범대학,
1066,474,2024,1학기,A,화동사범대학,
1067,475,2024,1학기,A,화동사범대학,
1068,476,2024,1학기,A,하얼빈상업대,
1069,477,2024,1학기,A,하얼빈상업대,
1070,478,2024,1학기,A,목단강사범대학교,
1071,479,2024,1학기,A,목단강사범대학교,
1072,480,2024,1학기,A,게이센여자대학,
1073,481,2024,1학기,A,흐라데츠클라로베,
1074,482,2024,1학기,A,흐라데츠클라로베,
1075,483,2024,1학기,A,흐라데츠클라로베,
1076,484,2024,1학기,A,흐라데츠클라로베,
1077,485,2024,1학기,A,흐라데츠클라로베,
1078,486,2024,1학기,A,흐라데츠클라로베,
1079,487,2024,1학기,A,도쿄외국어대학,
1080,488,2024,1학기,A,흐라데츠클라로베,
1081,489,2024,1학기,A,흐라데츠클라로베,
1082,490,2024,1학기,A,흐라데츠클라로베,
1083,491,2024,1학기,A,흐라데츠클라로베,
1084,492,2024,1학기,A,흐라데츠클라로베,
1085,493,2024,1학기,A,흐라데츠클라로베,
1086,494,2024,1학기,A,흐라데츠클라로베,
1087,495,2024,1학기,A,흐라데츠클라로베,
1088,496,2024,1학기,A,게이센여자대학,
1089,497,2024,1학기,A,게이센여자대학,
1090,498,2024,1학기,A,게이센여자대학,
1091,499,2024,1학기,A,도쿄외국어대학,
1092,500,2024,1학기,A,도쿄외국어대학,
1093,501,2024,1학기,A,도쿄외국어대학,
1094,502,2024,1학기,A,도쿄외국어대학,
1095,503,2024,1학기,A,도쿄외국어대학,
1096,504,2024,1학기,A,도쿄외국어대학,
1097,505,2024,1학기,A,도쿄외국어대학,
1098,506,2024,1학기,A,레니슨대학교,
1099,507,2024,1학기,A,레니슨대학교,
1100,508,2024,1학기,A,레니슨대학교,
1101,509,2024,1학기,A,레니슨대학교,
1102,510,2024,1학기,A,레니슨대학교,
1103,511,2024,1학기,A,경기대,
1104,512,2024,1학기,A,경기대,
1105,513,2024,1학기,A,최성혜,
1106,135,2024,1학기,A,"OCU컨소시엄, 류수윤",
1107,92,2024,1학기,A,"OCU컨소시엄, 류수윤",
1108,93,2024,1학기,A,"OCU컨소시엄, 류수윤",
1109,514,2024,1학기,A,"OCU컨소시엄, 류수윤",
1110,94,2024,1학기,A,"OCU컨소시엄, 류수윤",
1111,96,2024,1학기,A,"OCU컨소시엄, 류수윤",
1112,515,2024,1학기,A,"OCU컨소시엄, 류수윤",
1113,516,2024,1학기,A,"OCU컨소시엄, 류수윤",
1114,517,2024,1학기,A,"OCU컨소시엄, 류수윤",
1115,518,2024,1학기,A,"OCU컨소시엄, 류수윤",
1116,315,2024,1학기,A1,강민구,
1117,519,2024,1학기,A,문미진,
1118,520,2024,1학기,A,PANG LI,
1119,521,2024,1학기,A,류기수,
1120,522,2024,1학기,A,장정해,
1121,523,2024,1학기,A,강명구,
1122,524,2024,1학기,A,최명일,
1123,525,2024,1학기,A,이경호,
1124,526,2024,1학기,A,강민구,
1125,527,2024,1학기,A,서정욱,
1126,528,2024,1학기,A,강명구,
1127,529,2024,1학기,A,최명일,
1128,530,2024,1학기,A,서정욱,
1129,531,2024,1학기,A,"심혜경, 오동식, 전춘명",
1130,531,2024,1학기,B,"심혜경, 오동식, 전춘명",
1131,531,2024,1학기,C,"심혜경, 오동식, 전춘명",
1132,532,2024,1학기,A,최민성,
1133,532,2024,1학기,B,최민성,
1134,533,2024,1학기,A,김대오,
1135,533,2024,1학기,B,김희정,
1136,534,2024,1학기,A,강지희,
1137,534,2024,1학기,B,정한아,
1138,535,2024,1학기,A,김주한,
1139,536,2024,1학기,A,이승원,
1140,537,2024,1학기,A,전춘명,
1141,538,2024,1학기,A,전춘명,
1142,539,2024,1학기,A,전춘명,
1143,540,2024,1학기,A,오동식,
1144,541,2024,1학기,A,전춘명,
1145,542,2024,1학기,A,오동식,
1146,543,2024,1학기,A,전춘명,
1147,544,2024,1학기,A,발렌틴 안더르트,
1148,545,2024,1학기,A,오동식,
1149,546,2024,1학기,A,심혜경,
1150,547,2024,1학기,A,심혜경,
1151,548,2024,1학기,A,심혜경,
1152,549,2024,1학기,A,이혁상,
1153,550,2024,1학기,A,오동식,
1154,551,2024,1학기,A,전춘명,
1155,104,2024,1학기,A,전춘명,
1156,552,2024,1학기,B,이향미,
1157,553,2024,1학기,A,홍승진,
1158,554,2024,1학기,A,LUCIER PETER,
1159,555,2024,1학기,A,박미선,
1160,556,2024,1학기,A,LUCIER PETER,
1161,557,2024,1학기,A,이향미,
1162,557,2024,1학기,B,정선아,
1163,558,2024,1학기,A,LUCIER PETER,
1164,559,2024,1학기,A,정선아,
1165,560,2024,1학기,A,이향미,
1166,561,2024,1학기,A,박미선,
1167,562,2024,1학기,A,서강목,
1168,563,2024,1학기,A,홍승진,
1169,564,2024,1학기,A,김지혜,
1170,565,2024,1학기,A,김지혜,
1171,566,2024,1학기,A,김지혜,
1172,567,2024,1학기,A,백수린,
1173,568,2024,1학기,A,임지은,
1174,569,2024,1학기,A,이은선,
1175,570,2024,1학기,A,김민수,
1176,571,2024,1학기,A,임지은,
1177,572,2024,1학기,A,이미선,
1178,573,2024,1학기,A,류재향,
1179,574,2024,1학기,A,이은선,
1180,575,2024,1학기,A,정한아,
1181,576,2024,1학기,A,류재향,
1182,577,2024,1학기,A,이미선,
1183,578,2024,1학기,A,강지희,
1184,579,2024,1학기,A,백수린,
1185,580,2024,1학기,A,강지희,
1186,581,2024,1학기,A,유형동,
1187,581,2024,1학기,B,유형동,
1188,582,2024,1학기,A,김수영,
1189,583,2024,1학기,A,심동수,
1190,584,2024,1학기,A,김수영,
1191,585,2024,1학기,A,김지혜,
1192,586,2024,1학기,A,심동수,
1193,587,2024,1학기,A,김혜진,
1194,588,2024,1학기,A,김지혜,
1195,589,2024,1학기,A,유문선,
1196,590,2024,1학기,A,하지영,
1197,590,2024,1학기,B,하지영,
1198,591,2024,1학기,A,유형동,
1199,592,2024,1학기,A,유형동,
1200,593,2024,1학기,A,유문선,
1201,594,2024,1학기,A,심동수,
1202,595,2024,1학기,A,유문선,
1203,596,2024,1학기,A,정무용,
1204,597,2024,1학기,A,이형원,
1205,598,2024,1학기,A,이형원,
1206,599,2024,1학기,A,이영남,
1207,600,2024,1학기,A,조민지,
1208,601,2024,1학기,A,이시연,
1209,602,2024,1학기,A,이미선,
1210,603,2024,1학기,A,안건호,
1211,604,2024,1학기,A,김한상,
1212,605,2024,1학기,A,이영남,
1213,606,2024,1학기,A,박현욱,
1214,607,2024,1학기,A,정해득,
1215,607,2024,1학기,B,정해득,
1216,608,2024,1학기,A,이형원,
1217,609,2024,1학기,A,"이영남, 이형원, 정무용",
1218,610,2024,1학기,A,정무용,
1219,611,2024,1학기,A,이형원,
1220,612,2024,1학기,A,김남희,
1221,613,2024,1학기,A,김용표,
1222,614,2024,1학기,A,최민성,
1223,615,2024,1학기,A,송주현,
1224,616,2024,1학기,A,김남희,
1225,617,2024,1학기,A,장정해,
1226,617,2024,1학기,C,장정해,
1227,618,2024,1학기,A,장정해,
1228,619,2024,1학기,A,진연,
1229,620,2024,1학기,A,문미진,
1230,621,2024,1학기,A,진연,
1231,622,2024,1학기,A,문미진,
1232,622,2024,1학기,B,문미진,
1233,623,2024,1학기,A,류기수,
1234,624,2024,1학기,A,이종현,
1235,624,2024,1학기,B,박민하,
1236,624,2024,1학기,C,김윤성,
1237,625,2024,1학기,A,김윤성,
1238,625,2024,1학기,B,김윤성,
1239,625,2024,1학기,C,신광철,
1240,626,2024,1학기,A,박미영,
1241,627,2024,1학기,A,장해라,
1242,628,2024,1학기,A,이종현,
1243,628,2024,1학기,B,김윤성,
1244,629,2024,1학기,A,이종현,
1245,630,2024,1학기,A,신광철,
1246,631,2024,1학기,A,배현주,
1247,632,2024,1학기,A,장해라,
1248,633,2024,1학기,A,신정아,
1249,634,2024,1학기,A,신정아,
1250,635,2024,1학기,A,박민하,
1251,636,2024,1학기,A,신광철,
1252,637,2024,1학기,A,이종현,
1253,638,2024,1학기,A,김윤성,
1254,639,2024,1학기,A,성락선,
1255,639,2024,1학기,B,정동진,
1256,640,2024,1학기,A,오미정,
1257,640,2024,1학기,B,이일영,
1258,641,2024,1학기,A,나카무라 모모코,
1259,641,2024,1학기,B,나카무라 모모코,
1260,641,2024,1학기,C,황선미,
1261,641,2024,1학기,D,황선미,
1262,642,2024,1학기,A,유은하,
1263,643,2024,1학기,A,이성현,
1264,644,2024,1학기,A,"김도희, 이일영",
1265,644,2024,1학기,B,"김도희, 황선미",
1266,645,2024,1학기,A,황선미,
1267,646,2024,1학기,A,김도희,
1268,647,2024,1학기,A,황선미,
1269,648,2024,1학기,A,황선미,
1270,649,2024,1학기,A,김도희,
1271,650,2024,1학기,A,함예재,
1272,651,2024,1학기,A,도키와유코,
1273,651,2024,1학기,B,도키와유코,
1274,652,2024,1학기,A,도키와유코,
1275,653,2024,1학기,A,나카무라 모모코,
1276,654,2024,1학기,A,오미정,
1277,655,2024,1학기,A,송주명,
1278,656,2024,1학기,A,송주명,
1279,657,2024,1학기,A,송주명,
1280,658,2024,1학기,A,오미정,
1281,659,2024,1학기,A,나카무라 모모코,
1282,660,2024,1학기,A,오미정,
1283,661,2024,1학기,A,함예재,
1284,662,2024,1학기,A,전창환,
1285,663,2024,1학기,A,정지영,
1286,664,2024,1학기,A,남혜지,
1287,665,2024,1학기,A,정희진,
1288,665,2024,1학기,B,정희진,
1289,666,2024,1학기,A,정지영,
1290,667,2024,1학기,A,전창환,
1291,668,2024,1학기,A,연제호,
1292,669,2024,1학기,A,정희진,
1293,670,2024,1학기,A,남혜지,
1294,671,2024,1학기,A,백승택,
1295,672,2024,1학기,A,전창환,
1296,673,2024,1학기,A,정지영,
1297,674,2024,1학기,A,전창환,
1298,675,2024,1학기,A,김혜성,
1299,676,2024,1학기,A,양우진,
1300,677,2024,1학기,A,한재명,
1301,678,2024,1학기,A,양우진,
1302,679,2024,1학기,A,성락선,
1303,680,2024,1학기,A,고기영,
1304,681,2024,1학기,A,한재명,
1305,682,2024,1학기,A,고기영,
1306,683,2024,1학기,A,최미호,
1307,684,2024,1학기,A,성락선,
1308,685,2024,1학기,A,강남훈,
1309,686,2024,1학기,A,최미호,
1310,687,2024,1학기,A,박상남,
1311,687,2024,1학기,B,박상남,
1312,688,2024,1학기,A,백준기,
1313,688,2024,1학기,C,김준현,
1314,689,2024,1학기,A,윤건,
1315,690,2024,1학기,A,최형익,
1316,690,2024,1학기,B,최지나,
1317,691,2024,1학기,A,이해영,
1318,691,2024,1학기,B,이해영,
1319,692,2024,1학기,A,홍용덕,
1320,693,2024,1학기,A,백준기,
1321,693,2024,1학기,B,노태경,
1322,694,2024,1학기,A,이해영,
1323,695,2024,1학기,A,박상준,
1324,696,2024,1학기,A,이종운,
1325,697,2024,1학기,A,백준기,
1326,698,2024,1학기,A,최형익,
1327,699,2024,1학기,A,김형철,
1328,700,2024,1학기,A,박상남,
1329,701,2024,1학기,A,김형철,
1330,701,2024,1학기,B,박상남,
1331,702,2024,1학기,A,염동호,
1332,703,2024,1학기,A,이해영,
1333,704,2024,1학기,A,최형익,
1334,705,2024,1학기,A,백준기,
1335,706,2024,1학기,A,이석민,
1336,707,2024,1학기,A,윤건,
1337,708,2024,1학기,A,윤건,
1338,709,2024,1학기,A,강현,
1339,710,2024,1학기,A,장익현,
1340,711,2024,1학기,A,노승철,
1341,712,2024,1학기,A,노승철,
1342,713,2024,1학기,A,윤건,
1343,714,2024,1학기,A,윤건,
1344,715,2024,1학기,A,이석민,
1345,716,2024,1학기,A,노승철,
1346,717,2024,1학기,A,노승철,
1347,718,2024,1학기,A,노승철,
1348,719,2024,1학기,A,이석민,
1349,720,2024,1학기,A,박규호,
1350,720,2024,1학기,B,이남연,
1351,720,2024,1학기,C,손정현,
1352,721,2024,1학기,A,김병조,
1353,721,2024,1학기,B,심지수,
1354,721,2024,1학기,C,김병조,
1355,722,2024,1학기,A,정기현,
1356,722,2024,1학기,B,박혜영,
1357,723,2024,1학기,A,염건,
1358,723,2024,1학기,B,정의범,
1359,724,2024,1학기,A,김경민,
1360,724,2024,1학기,B,김경민,
1361,725,2024,1학기,A,유현미,
1362,725,2024,1학기,B,유현미,
1363,726,2024,1학기,A,김병조,
1364,727,2024,1학기,A,이건범,
1365,727,2024,1학기,B,이건범,
1366,728,2024,1학기,A,박규호,
1367,728,2024,1학기,B,박규호,
1368,126,2024,1학기,A,정의범,
1369,729,2024,1학기,A,김병조,
1370,730,2024,1학기,A,정의범,
1371,731,2024,1학기,A,김경민,
1372,732,2024,1학기,A,이건범,
1373,733,2024,1학기,A,손정현,
1374,734,2024,1학기,A,오창호,
1375,735,2024,1학기,A,장용식,
1376,736,2024,1학기,A,신재우,
1377,98,2024,1학기,A,양윤석,
1378,737,2024,1학기,A,김상욱,
1379,738,2024,1학기,A,신재우,
1380,739,2024,1학기,A,이남연,
1381,740,2024,1학기,A,신재우,
1382,741,2024,1학기,A,김권수,
1383,742,2024,1학기,A,김권수,
1384,743,2024,1학기,A,이남연,
1385,744,2024,1학기,A,이남연,
1386,745,2024,1학기,A,한광희,
1387,746,2024,1학기,A,"김상욱, 신재우, 이남연",
1388,747,2024,1학기,A,유동석,
1389,748,2024,1학기,A,유동석,
1390,749,2024,1학기,A,김권수,
1391,69,2024,1학기,A,장종익,
1392,750,2024,1학기,A,유한나,
1393,751,2024,1학기,A,홍원의,
1394,752,2024,1학기,A,김인선,
1395,753,2024,1학기,A,유한나,
1396,754,2024,1학기,A,장종익,
1397,755,2024,1학기,A,장종익,
1398,755,2024,1학기,B,유한나,
1399,756,2024,1학기,A,양영수,
1400,757,2024,1학기,A,양영수,
1401,758,2024,1학기,A,김인선,
1402,759,2024,1학기,A,홍덕표,
1403,71,2024,1학기,A,양영수,
1404,71,2024,1학기,B,유한나,
1405,760,2024,1학기,A,이윤우,
1406,761,2024,1학기,A,이윤우,
1407,762,2024,1학기,A,이영화,
1408,72,2024,1학기,A,유재미,
1409,72,2024,1학기,B,유재미,
1410,74,2024,1학기,A,박혜영,
1411,763,2024,1학기,A,문철수,
1412,764,2024,1학기,B,김기주,
1413,764,2024,1학기,C,지원배,
1414,765,2024,1학기,A,문철수,
1415,766,2024,1학기,A,차성덕,
1416,766,2024,1학기,B,차성덕,
1417,767,2024,1학기,A,김영재,
1418,767,2024,1학기,B,김영재,
1419,768,2024,1학기,A,채희상,
1420,768,2024,1학기,B,채희상,
1421,769,2024,1학기,A,채희상,
1422,770,2024,1학기,A,류근환,
1423,770,2024,1학기,B,류근환,
1424,771,2024,1학기,A,정일건,
1425,771,2024,1학기,B,정일건,
1426,772,2024,1학기,A,박혜영,
1427,773,2024,1학기,A,이수호,
1428,78,2024,1학기,A,박혜영,
1429,774,2024,1학기,A,"김상원, 노중기, 백변경희, 안도연, 이경숙, 주경희",
1430,774,2024,1학기,B,"김상원, 노중기, 백변경희, 안도연, 이경숙, 주경희",
1431,774,2024,1학기,C,"김상원, 노중기, 백변경희, 안도연, 이경숙, 주경희",
1432,775,2024,1학기,A,안도연,
1433,775,2024,1학기,B,김상원,
1434,776,2024,1학기,A,박서재,
1435,777,2024,1학기,A,이원철,
1436,778,2024,1학기,A,노중기,
1437,779,2024,1학기,A,윤상철,
1438,780,2024,1학기,A,권오용,
1439,781,2024,1학기,A,윤상철,
1440,782,2024,1학기,A,박서재,
1441,783,2024,1학기,A,권오용,
1442,784,2024,1학기,A,윤상철,
1443,785,2024,1학기,A,이미애,
1444,786,2024,1학기,A,윤상철,
1445,787,2024,1학기,A,김용훈,
1446,788,2024,1학기,A,이경숙,
1447,788,2024,1학기,B,김용훈,
1448,789,2024,1학기,A,김용훈,
1449,789,2024,1학기,B,강지연,
1450,790,2024,1학기,A,백변경희,
1451,791,2024,1학기,A,김용훈,
1452,792,2024,1학기,A,한정재,
1453,793,2024,1학기,A,김선형,
1454,794,2024,1학기,A,김선형,
1455,121,2024,1학기,A,백변경희,
1456,795,2024,1학기,A,강인학,
1457,796,2024,1학기,A,이경숙,
1458,797,2024,1학기,A,최종태,
1459,798,2024,1학기,A,홍정은,
1460,799,2024,1학기,A,최종태,
1461,800,2024,1학기,A,한정재,
1462,801,2024,1학기,A,조영원,
1463,801,2024,1학기,B,조영원,
1464,802,2024,1학기,A,"오현숙, 조현석",
1465,803,2024,1학기,A,정윤재,
1466,804,2024,1학기,A,조현석,
1467,805,2024,1학기,A,구훈정,
1468,806,2024,1학기,A,정윤재,
1469,807,2024,1학기,A,"구훈정, 안도연",
1470,123,2024,1학기,A,구훈정,
1471,808,2024,1학기,A,박영현,
1472,809,2024,1학기,A,김영주,
1473,810,2024,1학기,A,김영주,
1474,811,2024,1학기,A,김영주,
1475,812,2024,1학기,A,문주형,
1476,813,2024,1학기,A,김상원,
1477,814,2024,1학기,A,이은영,
1478,815,2024,1학기,A,차영숙,
1479,816,2024,1학기,A,구훈정,
1480,817,2024,1학기,A,차영숙,
1481,818,2024,1학기,A,채수원,
1482,819,2024,1학기,A,조규청,
1483,820,2024,1학기,A,조규청,
1484,821,2024,1학기,A,정양헌,
1485,822,2024,1학기,A,황수영,
1486,823,2024,1학기,A,황수영,
1487,824,2024,1학기,A,김수겸,
1488,825,2024,1학기,A,채수원,
1489,826,2024,1학기,A,김수겸,
1490,827,2024,1학기,A,이재혁,
1491,828,2024,1학기,A,명왕성,
1492,829,2024,1학기,A,박상현,
1493,830,2024,1학기,A,박상현,
1494,831,2024,1학기,A,유한나,
1495,831,2024,1학기,B,최영훈,
1496,832,2024,1학기,A,정재웅,
1497,832,2024,1학기,B,정재웅,
1498,833,2024,1학기,A,박기현,
1499,834,2024,1학기,A,박기현,
1500,835,2024,1학기,A,김수현,
1501,836,2024,1학기,A,양춘우,
1502,837,2024,1학기,A,이호규,
1503,838,2024,1학기,A,박기현,
1504,839,2024,1학기,A,정재웅,
1505,840,2024,1학기,A,양춘우,
1506,841,2024,1학기,A,양춘우,
1507,842,2024,1학기,A,정재웅,
1508,843,2024,1학기,A,김수현,
1509,844,2024,1학기,A,정재웅,
1510,845,2024,1학기,A,양춘우,
1511,846,2024,1학기,A,박동련,
1512,847,2024,1학기,A,박동련,
1513,848,2024,1학기,A,박동련,
1514,849,2024,1학기,A,최영훈,
1515,850,2024,1학기,A,박상현,
1516,851,2024,1학기,A,유한나,
1517,852,2024,1학기,A,이승천,
1518,853,2024,1학기,A,유한나,
1519,854,2024,1학기,A,유한나,
1520,855,2024,1학기,A,이형우,
1521,855,2024,1학기,B,김대수,
1522,855,2024,1학기,C,조성호,
1523,855,2024,1학기,D,조성호,
1524,855,2024,1학기,E,홍성찬,
1525,855,2024,1학기,F,조성호,
1526,855,2024,1학기,G,홍성찬,
1527,856,2024,1학기,A,윤효석,
1528,856,2024,1학기,B,강영경,
1529,856,2024,1학기,C,김애영,
1530,856,2024,1학기,D,손승일,
1531,856,2024,1학기,E,윤효석,
1532,856,2024,1학기,F,이찬행,
1533,856,2024,1학기,H,백수진,
1534,856,2024,1학기,I,백수진,
1535,857,2024,1학기,A,임익수,
1536,857,2024,1학기,B,임익수,
1537,857,2024,1학기,C,백수진,
1538,857,2024,1학기,D,백수진,
1539,857,2024,1학기,E,손승일,
1540,857,2024,1학기,F,정승민,
1541,857,2024,1학기,G,백수진,
1542,858,2024,1학기,A,김현경,
1543,858,2024,1학기,B,김현경,
1544,858,2024,1학기,C,박성진,
1545,858,2024,1학기,D,이경옥,
1546,858,2024,1학기,E,장재건,
1547,858,2024,1학기,F,장재건,
1548,859,2024,1학기,A,이경옥,
1549,859,2024,1학기,B,이경옥,
1550,859,2024,1학기,C,이형우,
1551,859,2024,1학기,D,김성기,
1552,859,2024,1학기,E,이성구,
1553,859,2024,1학기,F,이성구,
1554,860,2024,1학기,A,이양선,
1555,860,2024,1학기,B,이양선,
1556,860,2024,1학기,C,강민구,
1557,860,2024,1학기,D,이경호,
1558,860,2024,1학기,E,서정욱,
1559,860,2024,1학기,F,오윤식,
1560,861,2024,1학기,A,백상현,
1561,862,2024,1학기,A,한근식,
1562,863,2024,1학기,A,서정욱,
1563,864,2024,1학기,A,류승택,
1564,865,2024,1학기,A,정승민,
1565,866,2024,1학기,A,정승민,
1566,31,2024,2학기,A,PANG LI,
1567,32,2024,2학기,A,PANG LI,
1568,33,2024,2학기,A,PANG LI,
1569,36,2024,2학기,A,신남미,
1570,37,2024,2학기,A,최현실,
1571,41,2024,2학기,A,정예수,
1572,44,2024,2학기,A,이영훈,
1573,44,2024,2학기,B,이영훈,
1574,45,2024,2학기,A,이승원,
1575,46,2024,2학기,A,강형모,
1576,46,2024,2학기,B,강형모,
1577,867,2024,2학기,A,신남미,
1578,867,2024,2학기,B,최현실,
1579,48,2024,2학기,B,김연숙,
1580,17,2024,2학기,A,"김광연, 진형섭, 한경미",
1581,18,2024,2학기,A,"김광연, 진형섭, 한경미",
1582,18,2024,2학기,B,"강은미, 김광연",
1583,19,2024,2학기,A,"김광연, 진형섭, 한경미",
1584,19,2024,2학기,B,"강은미, 김광연, 한경미",
1585,49,2024,2학기,A,이혜원,
1586,50,2024,2학기,A,이문교,
1587,21,2024,2학기,A,진형섭,
1588,21,2024,2학기,B,박재형,
1589,21,2024,2학기,C,정용택,
1590,21,2024,2학기,D,한경미,
1591,21,2024,2학기,E,진형섭,
1592,21,2024,2학기,F,진형섭,
1593,868,2024,2학기,A,박재형,
1594,25,2024,2학기,A,"김광연, 진형섭, 한경미",
1595,25,2024,2학기,B,"김광연, 진형섭, 한경미",
1596,26,2024,2학기,A,장순택,
1597,30,2024,2학기,A2,이서영,
1598,30,2024,2학기,A4,김주한,
1599,30,2024,2학기,A6,김희선,
1600,30,2024,2학기,AA,이양선,
1601,30,2024,2학기,AB,오석희,
1602,30,2024,2학기,AC,박기홍,
1603,30,2024,2학기,AD,윤효석,
1604,30,2024,2학기,AE,손승일,
1605,30,2024,2학기,AF,서정욱,
1606,30,2024,2학기,AG,이성구,
1607,30,2024,2학기,AH,강영경,
1608,30,2024,2학기,AJ,조성호,
1609,30,2024,2학기,AM,이영미,
1610,30,2024,2학기,AN,한경미,
1611,30,2024,2학기,AR,강인철,
1612,30,2024,2학기,AT,김대오,
1613,30,2024,2학기,AW,전춘명,
1614,30,2024,2학기,AX,오동식,
1615,30,2024,2학기,B1,김지혜,
1616,30,2024,2학기,B2,유형동,
1617,30,2024,2학기,B5,김지혜,
1618,30,2024,2학기,B6,이향미,
1619,30,2024,2학기,B7,박미선,
1620,30,2024,2학기,BA,이향미,
1621,30,2024,2학기,BC,김지혜,
1622,30,2024,2학기,BD,박미선,
1623,30,2024,2학기,BF,강지희,
1624,30,2024,2학기,BG,백수린,
1625,30,2024,2학기,BH,정한아,
1626,30,2024,2학기,BJ,김지혜,
1627,30,2024,2학기,BK,유형동,
1628,30,2024,2학기,BN,이형원,
1629,30,2024,2학기,BO,정해득,
1630,30,2024,2학기,BP,정무용,
1631,30,2024,2학기,BQ,이영남,
1632,30,2024,2학기,BR,류기수,
1633,30,2024,2학기,BS,장정해,
1634,30,2024,2학기,BT,최민성,
1635,30,2024,2학기,BU,김남희,
1636,30,2024,2학기,BW,신광철,
1637,30,2024,2학기,BX,김윤성,
1638,30,2024,2학기,BY,이종현,
1639,30,2024,2학기,C1,정무용,
1640,30,2024,2학기,C2,이형원,
1641,30,2024,2학기,C3,정해득,
1642,30,2024,2학기,C4,이영남,
1643,30,2024,2학기,C5,강지희,
1644,30,2024,2학기,C6,백수린,
1645,30,2024,2학기,C7,정한아,
1646,30,2024,2학기,CA,여협구,
1647,30,2024,2학기,D1,전춘명,
1648,30,2024,2학기,D2,오동식,
1649,30,2024,2학기,D6,김대오,
1650,30,2024,2학기,E1,강인철,
1651,30,2024,2학기,E4,신광철,
1652,30,2024,2학기,E5,김윤성,
1653,30,2024,2학기,E6,이종현,
1654,30,2024,2학기,E8,김윤성,
1655,30,2024,2학기,F1,류기수,
1656,30,2024,2학기,F2,장정해,
1657,30,2024,2학기,F3,최민성,
1658,30,2024,2학기,F4,김남희,
1659,30,2024,2학기,F5,임익수,
1660,30,2024,2학기,G1,이해영,
1661,30,2024,2학기,G2,최형익,
1662,30,2024,2학기,G3,조성대,
1663,30,2024,2학기,G5,박상남,
1664,30,2024,2학기,G6,성락선,
1665,30,2024,2학기,G7,한재명,
1666,30,2024,2학기,H2,노중기,
1667,30,2024,2학기,H3,윤상철,
1668,30,2024,2학기,I1,문철수,
1669,30,2024,2학기,I2,채희상,
1670,30,2024,2학기,I3,지원배,
1671,30,2024,2학기,I4,이성미,
1672,30,2024,2학기,I5,박혜영,
1673,30,2024,2학기,J1,홍선미,
1674,30,2024,2학기,J2,김예랑,
1675,30,2024,2학기,J4,장익현,
1676,30,2024,2학기,J6,백변경희,
1677,30,2024,2학기,J7,이경숙,
1678,30,2024,2학기,J8,이인재,
1679,30,2024,2학기,K2,박상현,
1680,30,2024,2학기,K3,조규청,
1681,30,2024,2학기,K6,구훈정,
1682,30,2024,2학기,K7,안도연,
1683,30,2024,2학기,K8,김상원,
1684,30,2024,2학기,K9,유희정,
1685,30,2024,2학기,L1,장종익,
1686,30,2024,2학기,L2,양영수,
1687,30,2024,2학기,L3,김경민,
1688,30,2024,2학기,L4,이건범,
1689,30,2024,2학기,L5,박규호,
1690,30,2024,2학기,L6,최지환,
1691,30,2024,2학기,L7,정의범,
1692,30,2024,2학기,L9,유한나,
1693,30,2024,2학기,M2,신재우,
1694,30,2024,2학기,M3,김상욱,
1695,30,2024,2학기,M4,김도희,
1696,30,2024,2학기,M5,이일영,
1697,30,2024,2학기,N1,오미정,
1698,30,2024,2학기,N2,하종문,
1699,30,2024,2학기,N3,송주명,
1700,30,2024,2학기,N4,전창환,
1701,30,2024,2학기,N5,정지영,
1702,30,2024,2학기,N6,정희진,
1703,30,2024,2학기,O1,양춘우,
1704,30,2024,2학기,O2,박기현,
1705,30,2024,2학기,O5,변종석,
1706,30,2024,2학기,O6,박동련,
1707,30,2024,2학기,O7,유한나,
1708,30,2024,2학기,O8,윤성식,
1709,30,2024,2학기,P2,나근식,
1710,30,2024,2학기,P4,김성기,
1711,30,2024,2학기,Q1,박성진,
1712,30,2024,2학기,Q2,이형우,
1713,30,2024,2학기,Q3,류승택,
1714,30,2024,2학기,R2,김현경,
1715,30,2024,2학기,R6,정승민,
1716,30,2024,2학기,R7,안현,
1717,30,2024,2학기,R8,이용걸,
1718,30,2024,2학기,S1,이일영,
1719,30,2024,2학기,S6,송주명,
1720,30,2024,2학기,S7,오미정,
1721,30,2024,2학기,T1,전창환,
1722,30,2024,2학기,T2,정지영,
1723,30,2024,2학기,T3,정희진,
1724,30,2024,2학기,T6,성락선,
1725,30,2024,2학기,T7,한재명,
1726,30,2024,2학기,U3,정재웅,
1727,30,2024,2학기,U6,박동련,
1728,30,2024,2학기,U8,유한나,
1729,30,2024,2학기,V1,이석민,
1730,30,2024,2학기,V2,윤건,
1731,30,2024,2학기,V3,노승철,
1732,30,2024,2학기,V4,윤건,
1733,30,2024,2학기,V5,이석민,
1734,30,2024,2학기,V6,노승철,
1735,30,2024,2학기,V7,이해영,
1736,30,2024,2학기,V8,조성대,
1737,30,2024,2학기,V9,박상남,
1738,30,2024,2학기,W1,박규호,
1739,30,2024,2학기,W2,김경민,
1740,30,2024,2학기,W3,이건범,
1741,30,2024,2학기,W4,정의범,
1742,30,2024,2학기,W5,최지환,
1743,30,2024,2학기,W7,신재우,
1744,30,2024,2학기,W9,김상욱,
1745,30,2024,2학기,X1,양영수,
1746,30,2024,2학기,X2,장종익,
1747,30,2024,2학기,X3,유한나,
1748,30,2024,2학기,X5,이성미,
1749,30,2024,2학기,X6,문철수,
1750,30,2024,2학기,X7,채희상,
1751,30,2024,2학기,X8,지원배,
1752,30,2024,2학기,X9,박혜영,
1753,30,2024,2학기,Y1,홍선미,
1754,30,2024,2학기,Y2,김예랑,
1755,30,2024,2학기,Y4,장익현,
1756,30,2024,2학기,Y6,이경숙,
1757,30,2024,2학기,Y7,백변경희,
1758,30,2024,2학기,Y9,이인재,
1759,30,2024,2학기,Z1,노중기,
1760,30,2024,2학기,Z10,유희정,
1761,30,2024,2학기,Z3,윤상철,
1762,30,2024,2학기,Z7,김상원,
1763,30,2024,2학기,Z8,구훈정,
1764,30,2024,2학기,Z9,안도연,
1765,869,2024,2학기,A,이유철,
1766,154,2024,2학기,A,유영국,
1767,155,2024,2학기,A,최은경,
1768,156,2024,2학기,A,"김광연, 한경미",
1769,870,2024,2학기,A,최영호,
1770,871,2024,2학기,A,"김용희, 김익중",
1771,872,2024,2학기,A,이상철,
1772,873,2024,2학기,A,김선희,
1773,874,2024,2학기,A,이익주,
1774,875,2024,2학기,A,서연태,
1775,876,2024,2학기,A,김선희,
1776,877,2024,2학기,A,나경욱,
1777,878,2024,2학기,A,노중기,
1778,879,2024,2학기,A,이호규,
1779,880,2024,2학기,A,박종현,
1780,881,2024,2학기,A,송주현,
1781,882,2024,2학기,A,모리스,
1782,883,2024,2학기,A,이미선,
1783,884,2024,2학기,A,신광철,
1784,885,2024,2학기,A,이익주,
1785,886,2024,2학기,A,하종문,
1786,887,2024,2학기,A,김용훈,
1787,888,2024,2학기,A,이혜원,
1788,177,2024,2학기,A,정태성,
1789,179,2024,2학기,A,강지연,
1790,889,2024,2학기,A,이상헌,
1791,890,2024,2학기,A,채수원,
1792,891,2024,2학기,A,김수겸,
1793,892,2024,2학기,A,채수원,
1794,893,2024,2학기,A,강지연,
1795,894,2024,2학기,A,강석원,
1796,894,2024,2학기,B,김대숙,
1797,894,2024,2학기,C,김대숙,
1798,894,2024,2학기,D,김흥기,
1799,894,2024,2학기,E,김흥기,
1800,894,2024,2학기,F,홍창기,
1801,894,2024,2학기,G,허태윤,
1802,895,2024,2학기,A,김대오,
1803,896,2024,2학기,A,"박원식, 차윤정",
1804,897,2024,2학기,A,PANG LI,
1805,898,2024,2학기,A,성은실,
1806,899,2024,2학기,A,이익주,
1807,190,2024,2학기,A,정용택,
1808,900,2024,2학기,A,한경미,
1809,901,2024,2학기,A,강은미,
1810,901,2024,2학기,B,강은미,
1811,902,2024,2학기,A,강은미,
1812,902,2024,2학기,B,강은미,
1813,903,2024,2학기,A,정춘,
1814,904,2024,2학기,A,오동식,
1815,55,2024,2학기,A1,이영미,
1816,55,2024,2학기,A2,김주한,
1817,55,2024,2학기,AA,최창원,
1818,55,2024,2학기,AB,안현,
1819,55,2024,2학기,AC,백수진,
1820,55,2024,2학기,AD,임익수,
1821,55,2024,2학기,AE,서정욱,
1822,55,2024,2학기,C1,김지혜,
1823,55,2024,2학기,C2,유형동,
1824,55,2024,2학기,D2,김지혜,
1825,55,2024,2학기,D3,이향미,
1826,55,2024,2학기,D4,박미선,
1827,55,2024,2학기,E1,전춘명,
1828,55,2024,2학기,E2,오동식,
1829,55,2024,2학기,F2,김대오,
1830,55,2024,2학기,G1,정무용,
1831,55,2024,2학기,G2,이형원,
1832,55,2024,2학기,G3,정해득,
1833,55,2024,2학기,G4,이영남,
1834,55,2024,2학기,H1,강인철,
1835,55,2024,2학기,I1,강지희,
1836,55,2024,2학기,I2,백수린,
1837,55,2024,2학기,I3,정한아,
1838,55,2024,2학기,I4,김윤성,
1839,55,2024,2학기,I5,신광철,
1840,55,2024,2학기,I6,이종현,
1841,55,2024,2학기,J2,장정해,
1842,55,2024,2학기,J5,김남희,
1843,55,2024,2학기,K2,최형익,
1844,55,2024,2학기,K3,조성대,
1845,55,2024,2학기,K5,박상남,
1846,55,2024,2학기,K6,이석민,
1847,55,2024,2학기,K7,윤건,
1848,55,2024,2학기,K8,노승철,
1849,55,2024,2학기,L1,성락선,
1850,55,2024,2학기,L2,한재명,
1851,55,2024,2학기,M1,전창환,
1852,55,2024,2학기,M2,정지영,
1853,55,2024,2학기,M3,정희진,
1854,55,2024,2학기,N1,문철수,
1855,55,2024,2학기,N2,채희상,
1856,55,2024,2학기,N3,지원배,
1857,55,2024,2학기,N4,이성미,
1858,55,2024,2학기,N5,박혜영,
1859,55,2024,2학기,O2,윤상철,
1860,55,2024,2학기,O3,노중기,
1861,55,2024,2학기,P1,김예랑,
1862,55,2024,2학기,P2,장익현,
1863,55,2024,2학기,Q3,이인재,
1864,55,2024,2학기,Q4,백변경희,
1865,55,2024,2학기,Q5,이경숙,
1866,55,2024,2학기,R2,박상현,
1867,55,2024,2학기,R3,조규청,
1868,55,2024,2학기,S1,이일영,
1869,55,2024,2학기,S2,김도희,
1870,55,2024,2학기,T1,오미정,
1871,55,2024,2학기,T2,하종문,
1872,55,2024,2학기,T3,송주명,
1873,55,2024,2학기,U1,김경민,
1874,55,2024,2학기,U2,이건범,
1875,55,2024,2학기,U3,박규호,
1876,55,2024,2학기,U4,최지환,
1877,55,2024,2학기,U5,정의범,
1878,55,2024,2학기,V1,신재우,
1879,55,2024,2학기,V3,김상욱,
1880,55,2024,2학기,W1,장종익,
1881,55,2024,2학기,W2,양영수,
1882,55,2024,2학기,W3,유현미,
1883,55,2024,2학기,W4,유한나,
1884,55,2024,2학기,X1,정재웅,
1885,55,2024,2학기,X2,윤성식,
1886,55,2024,2학기,X4,변종석,
1887,55,2024,2학기,X5,박동련,
1888,55,2024,2학기,X6,유한나,
1889,55,2024,2학기,Y4,박기홍,
1890,55,2024,2학기,Y5,강영경,
1891,55,2024,2학기,Y6,나근식,
1892,55,2024,2학기,Z1,여협구,
1893,55,2024,2학기,Z10,유희정,
1894,55,2024,2학기,Z2,정승민,
1895,55,2024,2학기,Z7,김상원,
1896,55,2024,2학기,Z8,안도연,
1897,55,2024,2학기,Z9,안도연,
1898,905,2024,2학기,A,종연영,
1899,906,2024,2학기,A,오미정,
1900,907,2024,2학기,A,공주형,
1901,196,2024,2학기,A,김영주,
1902,908,2024,2학기,A,유순혜,
1903,909,2024,2학기,A,공주형,
1904,910,2024,2학기,A,최민성,
1905,911,2024,2학기,A,김나영,
1906,912,2024,2학기,A1,야니,
1907,912,2024,2학기,A2,야니,
1908,912,2024,2학기,B1,모리스,
1909,912,2024,2학기,B2,모리스,
1910,912,2024,2학기,B3,모리스,
1911,912,2024,2학기,C1,모리스,
1912,912,2024,2학기,C2,야니,
1913,912,2024,2학기,C3,야니,
1914,913,2024,2학기,A1,매튜,
1915,913,2024,2학기,A2,매튜,
1916,913,2024,2학기,B1,매튜,
1917,913,2024,2학기,B2,매튜,
1918,205,2024,2학기,A,정태성,
1919,914,2024,2학기,A,전춘명,
1920,915,2024,2학기,A,옥장흠,
1921,916,2024,2학기,A,전병유,
1922,917,2024,2학기,A,장창준,
1923,918,2024,2학기,A,"김용희, 김익중",
1924,919,2024,2학기,A,진형섭,
1925,919,2024,2학기,B,진형섭,
1926,920,2024,2학기,A,염동호,
1927,921,2024,2학기,A,장우현,
1928,922,2024,2학기,A,장우현,
1929,923,2024,2학기,A,전창환,
1930,924,2024,2학기,A,이일영,
1931,925,2024,2학기,A,정태성,
1932,926,2024,2학기,A,공주형,
1933,57,2024,2학기,A,김용희,
1934,927,2024,2학기,A,정무용,
1935,928,2024,2학기,A,이시연,
1936,929,2024,2학기,A,염동호,
1937,930,2024,2학기,A,옥장흠,
1938,931,2024,2학기,A,전춘명,
1939,932,2024,2학기,A,정춘,
1940,933,2024,2학기,A,허태윤,
1941,934,2024,2학기,A,나경욱,
1942,935,2024,2학기,A,강석원,
1943,936,2024,2학기,A,염동호,
1944,937,2024,2학기,A,최은경,
1945,938,2024,2학기,A,이익주,
1946,223,2024,2학기,A,강은미,
1947,939,2024,2학기,A,심혜경,
1948,940,2024,2학기,A,최은경,
1949,941,2024,2학기,A,박상준,
1950,226,2024,2학기,A1,김나영,
1951,226,2024,2학기,A2,이아름,
1952,226,2024,2학기,A3,심주연,
1953,226,2024,2학기,A4,고우경,
1954,226,2024,2학기,B1,고우경,
1955,226,2024,2학기,B2,이아름,
1956,226,2024,2학기,B3,심주연,
1957,226,2024,2학기,C1,강윤형,
1958,226,2024,2학기,C2,목승혜,
1959,226,2024,2학기,C4,차윤정,
1960,226,2024,2학기,D1,심주연,
1961,226,2024,2학기,D2,강윤형,
1962,226,2024,2학기,D3,목승혜,
1963,226,2024,2학기,E1,고우경,
1964,226,2024,2학기,F1,고우경,
1965,227,2024,2학기,A1,김민환,
1966,227,2024,2학기,A2,송주현,
1967,227,2024,2학기,A3,한정미,
1968,227,2024,2학기,A4,계광수,
1969,227,2024,2학기,B1,서경희,
1970,227,2024,2학기,B2,계광수,
1971,227,2024,2학기,B3,이은정,
1972,227,2024,2학기,B4,한정미,
1973,227,2024,2학기,C1,공주형,
1974,227,2024,2학기,C2,이은정,
1975,227,2024,2학기,C3,서영화,
1976,227,2024,2학기,C4,강아람,
1977,227,2024,2학기,C5,유예원,
1978,227,2024,2학기,D1,강아람,
1979,227,2024,2학기,D2,서영화,
1980,227,2024,2학기,D3,유예원,
1981,227,2024,2학기,E1,이은정,
1982,227,2024,2학기,E2,서경희,
1983,227,2024,2학기,F1,송주현,
1984,228,2024,2학기,A2,박종현,
1985,228,2024,2학기,A3,최진,
1986,228,2024,2학기,A4,최진,
1987,228,2024,2학기,A5,박종현,
1988,228,2024,2학기,A6,김보경,
1989,228,2024,2학기,A7,김보경,
1990,228,2024,2학기,A8,김보경,
1991,228,2024,2학기,B1,박종현,
1992,228,2024,2학기,B2,최진,
1993,228,2024,2학기,B3,윤정희,
1994,228,2024,2학기,B4,나경욱,
1995,228,2024,2학기,B5,박종현,
1996,228,2024,2학기,B6,윤정희,
1997,229,2024,2학기,A,이종운,
1998,942,2024,2학기,A,매튜,
1999,233,2024,2학기,A,김민환,
2000,233,2024,2학기,B,김민환,
2001,233,2024,2학기,C,서경희,
2002,233,2024,2학기,D,서경희,
2003,233,2024,2학기,E,이은정,
2004,943,2024,2학기,A,송주현,
2005,234,2024,2학기,A,김계자,
2006,944,2024,2학기,A,김계자,
2007,945,2024,2학기,A,이종운,
2008,946,2024,2학기,A,윤건,
2009,947,2024,2학기,A,최환진,
2010,948,2024,2학기,A,류기수,
2011,949,2024,2학기,A,심주연,
2012,950,2024,2학기,A,정춘,
2013,951,2024,2학기,A,옥장흠,
2014,952,2024,2학기,A,류기수,
2015,953,2024,2학기,A,정태성,
2016,954,2024,2학기,A,유은하,
2017,955,2024,2학기,A,정예수,
2018,248,2024,2학기,A,"김광연, 한경미",
2019,249,2024,2학기,A,"김광연, 한경미",
2020,255,2024,2학기,A,"김광연, 한경미",
2021,256,2024,2학기,A,"김광연, 한경미",
2022,956,2024,2학기,A,김주한,
2023,61,2024,2학기,A,김희선,
2024,957,2024,2학기,A,허석헌,
2025,258,2024,2학기,A,"김광연, 한경미",
2026,958,2024,2학기,A,김희선,
2027,959,2024,2학기,A,이영미,
2028,960,2024,2학기,A,한경미,
2029,961,2024,2학기,A,최은경,
2030,962,2024,2학기,A,이서영,
2031,963,2024,2학기,A,이은주,
2032,964,2024,2학기,A,연규홍,
2033,965,2024,2학기,A,김정수,
2034,966,2024,2학기,A,이종철,
2035,967,2024,2학기,A,류장현,
2036,968,2024,2학기,A,한강희,
2037,105,2024,2학기,A,김용표,
2038,271,2024,2학기,A,김남희,
2039,969,2024,2학기,A,이광복,
2040,970,2024,2학기,A,김남희,
2041,971,2024,2학기,A,최천식,
2042,972,2024,2학기,A,김대오,
2043,973,2024,2학기,A,이문교,
2044,974,2024,2학기,A,최천식,
2045,975,2024,2학기,A,김범용,
2046,976,2024,2학기,A,조현진,
2047,977,2024,2학기,A,김범용,
2048,284,2024,2학기,A,김대오,
2049,978,2024,2학기,A,김대오,
2050,979,2024,2학기,A,김대오,
2051,980,2024,2학기,A,이창익,
2052,981,2024,2학기,A,허남진,
2053,982,2024,2학기,A,류성민,
2054,983,2024,2학기,A,강인철,
2055,984,2024,2학기,A,박현준,
2056,985,2024,2학기,A,강인철,
2057,986,2024,2학기,A,이창익,
2058,296,2024,2학기,A,강인철,
2059,987,2024,2학기,A,강인철,
2060,988,2024,2학기,A,강인철,
2061,989,2024,2학기,A,박현준,
2062,990,2024,2학기,A,조해원,
2063,298,2024,2학기,A,김윤성,
2064,299,2024,2학기,A,김윤성,
2065,991,2024,2학기,A,제갈현숙,
2066,992,2024,2학기,A,제갈현숙,
2067,993,2024,2학기,A,김유진,
2068,994,2024,2학기,A,서동미,
2069,995,2024,2학기,A,장익현,
2070,996,2024,2학기,A,홍선미,
2071,308,2024,2학기,A,김예랑,
2072,997,2024,2학기,A,김예랑,
2073,997,2024,2학기,B,김예랑,
2074,998,2024,2학기,A,이유철,
2075,999,2024,2학기,A,장익현,
2076,999,2024,2학기,B,장익현,
2077,1000,2024,2학기,A,이아영,
2078,1000,2024,2학기,B,강병노,
2079,1001,2024,2학기,A,홍선미,
2080,1001,2024,2학기,B,홍선미,
2081,1002,2024,2학기,A,한서연,
2082,1003,2024,2학기,A,이형우,
2083,1004,2024,2학기,A,류승택,
2084,1005,2024,2학기,A,이찬행,
2085,1006,2024,2학기,A,박기홍,
2086,1007,2024,2학기,A,강영경,
2087,1007,2024,2학기,B,강영경,
2088,1008,2024,2학기,A,이양선,
2089,1009,2024,2학기,A,최창원,
2090,1010,2024,2학기,A,이성구,
2091,1010,2024,2학기,B,이성구,
2092,1011,2024,2학기,A,박기홍,
2093,327,2024,2학기,A,윤효석,
2094,1012,2024,2학기,A,이양선,
2095,328,2024,2학기,A,류승택,
2096,329,2024,2학기,A,김성기,
2097,329,2024,2학기,B,윤효석,
2098,329,2024,2학기,C,이형우,
2099,1013,2024,2학기,A,이양선,
2100,1014,2024,2학기,A,이양선,
2101,315,2024,2학기,E1,이양선,
2102,315,2024,2학기,F1,윤효석,
2103,316,2024,2학기,A1,이양선,
2104,1015,2024,2학기,A,조성호,
2105,1016,2024,2학기,A,조창석,
2106,1017,2024,2학기,A,손승일,
2107,1017,2024,2학기,B,손승일,
2108,1018,2024,2학기,A,안현,
2109,1019,2024,2학기,A,정승민,
2110,1019,2024,2학기,B,정승민,
2111,1020,2024,2학기,A,김현경,
2112,1020,2024,2학기,B,김현경,
2113,1021,2024,2학기,A,김애영,
2114,1021,2024,2학기,B,김애영,
2115,1022,2024,2학기,A,여협구,
2116,1023,2024,2학기,A,정승민,
2117,336,2024,2학기,A,이용걸,
2118,1024,2024,2학기,A,이용걸,
2119,1025,2024,2학기,A,이용걸,
2120,342,2024,2학기,A,조성호,
2121,343,2024,2학기,A,이용걸,
2122,343,2024,2학기,B,안현,
2123,345,2024,2학기,1,박규호,
2124,346,2024,2학기,A,유한나,
2125,1026,2024,2학기,A,장종익,
2126,1027,2024,2학기,A,김남희,
2127,1028,2024,2학기,A,김윤정,
2128,1029,2024,2학기,A,백상현,
2129,1030,2024,2학기,A,김경양,
2130,1031,2024,2학기,A,백상현,
2131,1032,2024,2학기,A,김동심,
2132,353,2024,2학기,A,옥장흠,
2133,354,2024,2학기,A,김동심,
2134,1033,2024,2학기,A,김동심,
2135,1034,2024,2학기,A,신광철,
2136,361,2024,2학기,A,산동여자대학,
2137,1035,2024,2학기,A,산동여자대학,
2138,1036,2024,2학기,A,대만장영대,
2139,1037,2024,2학기,A,화동사범대학,
2140,1038,2024,2학기,A,화동사범대학,
2141,1039,2024,2학기,A,화동사범대학,
2142,1040,2024,2학기,A,화동사범대학,
2143,1041,2024,2학기,A,산동여자대학,
2144,1042,2024,2학기,A,산동여자대학,
2145,1043,2024,2학기,A,산동여자대학,
2146,1044,2024,2학기,A,산동여자대학,
2147,1045,2024,2학기,A,산동여자대학,
2148,1046,2024,2학기,A,북경공업대학,
2149,1047,2024,2학기,A,북경공업대학,
2150,1048,2024,2학기,A,북경공업대학,
2151,1049,2024,2학기,A,북경공업대학,
2152,1050,2024,2학기,A,산동여자대학,
2153,1051,2024,2학기,A,산동여자대학,
2154,1052,2024,2학기,A,산동여자대학,
2155,1053,2024,2학기,A,산동여자대학,
2156,1054,2024,2학기,A,화동사범대학,
2157,1055,2024,2학기,A,화동사범대학,
2158,1056,2024,2학기,A,화동사범대학,
2159,1057,2024,2학기,A,화동사범대학,
2160,1058,2024,2학기,A,대만장영대,
2161,1059,2024,2학기,A,대만장영대,
2162,1060,2024,2학기,A,대만장영대,
2163,1061,2024,2학기,A,대만장영대,
2164,1062,2024,2학기,A,대만장영대,
2165,1063,2024,2학기,A,대만장영대,
2166,1064,2024,2학기,A,대만장영대,
2167,1065,2024,2학기,A,독일하이델베르크,
2168,1066,2024,2학기,A,독일하이델베르크,
2169,1067,2024,2학기,A,독일하이델베르크,
2170,1068,2024,2학기,A,독일하이델베르크,
2171,1069,2024,2학기,A,독일하이델베르크,
2172,1070,2024,2학기,A,독일하이델베르크,
2173,1071,2024,2학기,A,독일하이델베르크,
2174,1072,2024,2학기,A,독일하이델베르크,
2175,1073,2024,2학기,A,독일하이델베르크,
2176,1074,2024,2학기,A,일본구주정보대,
2177,1075,2024,2학기,A,일본구주정보대,
2178,1076,2024,2학기,A,일본구주정보대,
2179,1077,2024,2학기,A,일본나가사키대학,
2180,1078,2024,2학기,A,일본구주정보대,
2181,1079,2024,2학기,A,일본나가사키대학,
2182,1080,2024,2학기,A,일본나가사키대학,
2183,1081,2024,2학기,A,일본나가사키대학,
2184,1082,2024,2학기,A,일본나가사키대학,
2185,1083,2024,2학기,A,일본나가사키대학,
2186,1084,2024,2학기,A,일본구주정보대,
2187,1085,2024,2학기,A,일본구주정보대,
2188,1086,2024,2학기,A,일본나가사키대학,
2189,1087,2024,2학기,A,일본나가사키대학,
2190,1088,2024,2학기,A,일본나가사키대학,
2191,1089,2024,2학기,A,일본나가사키대학,
2192,1090,2024,2학기,A,일본나가사키대학,
2193,1091,2024,2학기,A,일본나가사키대학,
2194,1092,2024,2학기,A,일본나가사키대학,
2195,1093,2024,2학기,A,하얼빈상업대,
2196,1094,2024,2학기,A,하얼빈상업대,
2197,1095,2024,2학기,A,하얼빈상업대,
2198,468,2024,2학기,A,하얼빈상업대,
2199,1096,2024,2학기,A,하얼빈상업대,
2200,1097,2024,2학기,A,북경공업대학,
2201,1098,2024,2학기,A,화동사범대학,
2202,1099,2024,2학기,A,화동사범대학,
2203,1100,2024,2학기,A,화동사범대학,
2204,1101,2024,2학기,A,화동사범대학,
2205,1102,2024,2학기,A,화동사범대학,
2206,1103,2024,2학기,A,하얼빈상업대,
2207,1104,2024,2학기,A,하얼빈상업대,
2208,1105,2024,2학기,A,북경공업대학,
2209,1106,2024,2학기,A,북경공업대학,
2210,1107,2024,2학기,A,북경공업대학,
2211,1108,2024,2학기,A,북경공업대학,
2212,1109,2024,2학기,A,북경공업대학,
2213,1110,2024,2학기,A,북경공업대학,
2214,1111,2024,2학기,A,북경공업대학,
2215,1112,2024,2학기,A,북경공업대학,
2216,1113,2024,2학기,A,북경공업대학,
2217,1114,2024,2학기,A,대만장영대,
2218,1115,2024,2학기,A,도쿄외국어대학,
2219,1116,2024,2학기,A,게이센여자대학,
2220,1117,2024,2학기,A,흐라데츠클라로베,
2221,1118,2024,2학기,A,일본나가사키대학,
2222,1119,2024,2학기,A,도쿄외국어대학,
2223,482,2024,2학기,A,흐라데츠클라로베,
2224,1120,2024,2학기,A,흐라데츠클라로베,
2225,1121,2024,2학기,A,흐라데츠클라로베,
2226,1122,2024,2학기,A,흐라데츠클라로베,
2227,1123,2024,2학기,A,흐라데츠클라로베,
2228,1124,2024,2학기,A,흐라데츠클라로베,
2229,1125,2024,2학기,A,흐라데츠클라로베,
2230,1126,2024,2학기,A,흐라데츠클라로베,
2231,1127,2024,2학기,A,게이센여자대학,
2232,1128,2024,2학기,A,게이센여자대학,
2233,1129,2024,2학기,A,게이센여자대학,
2234,1130,2024,2학기,A,게이센여자대학,
2235,1131,2024,2학기,A,게이센여자대학,
2236,1132,2024,2학기,A,게이센여자대학,
2237,1133,2024,2학기,A,도쿄외국어대학,
2238,1134,2024,2학기,A,도쿄외국어대학,
2239,1135,2024,2학기,A,도쿄외국어대학,
2240,1136,2024,2학기,A,도쿄외국어대학,
2241,499,2024,2학기,A,도쿄외국어대학,
2242,500,2024,2학기,A,도쿄외국어대학,
2243,501,2024,2학기,A,도쿄외국어대학,
2244,502,2024,2학기,A,도쿄외국어대학,
2245,503,2024,2학기,A,도쿄외국어대학,
2246,504,2024,2학기,A,도쿄외국어대학,
2247,505,2024,2학기,A,도쿄외국어대학,
2248,1137,2024,2학기,A,도쿄외국어대학,
2249,1138,2024,2학기,A,도쿄외국어대학,
2250,1139,2024,2학기,A,도쿄외국어대학,
2251,1140,2024,2학기,A,도쿄외국어대학,
2252,1141,2024,2학기,A,도쿄외국어대학,
2253,1142,2024,2학기,A,도쿄외국어대학,
2254,1143,2024,2학기,A,도쿄외국어대학,
2255,1144,2024,2학기,A,도쿄외국어대학,
2256,506,2024,2학기,A,레니슨대학교,
2257,507,2024,2학기,A,레니슨대학교,
2258,508,2024,2학기,A,레니슨대학교,
2259,509,2024,2학기,A,레니슨대학교,
2260,510,2024,2학기,A,레니슨대학교,
2261,1145,2024,2학기,A,레니슨대학교,
2262,1146,2024,2학기,A,수원대,
2263,1147,2024,2학기,A,수원대,
2264,93,2024,2학기,A,"OCU컨소시엄, 박슬기롭다",
2265,94,2024,2학기,A,"OCU컨소시엄, 박슬기롭다",
2266,1148,2024,2학기,A,"OCU컨소시엄, 박슬기롭다",
2267,96,2024,2학기,A,"OCU컨소시엄, 박슬기롭다",
2268,515,2024,2학기,A,"OCU컨소시엄, 박슬기롭다",
2269,516,2024,2학기,A,"OCU컨소시엄, 박슬기롭다",
2270,518,2024,2학기,A,"OCU컨소시엄, 박슬기롭다",
2271,1149,2024,2학기,A,"OCU컨소시엄, 박슬기롭다",
2272,1150,2024,2학기,A,"OCU컨소시엄, 박슬기롭다",
2273,1151,2024,2학기,A,"OCU컨소시엄, 박슬기롭다",
2274,1152,2024,2학기,A,장정해,
2275,1153,2024,2학기,A,류기수,
2276,1154,2024,2학기,A,문미진,
2277,522,2024,2학기,A,장정해,
2278,1155,2024,2학기,A,장정해,
2279,1156,2024,2학기,A,이경호,
2280,1157,2024,2학기,A,강명구,
2281,1158,2024,2학기,A,김선만,
2282,1159,2024,2학기,A,임익수,
2283,1160,2024,2학기,A,최명일,
2284,530,2024,2학기,A,임익수,
2285,1161,2024,2학기,A,임익수,
2286,1162,2024,2학기,A,임익수,
2287,1163,2024,2학기,A,정무용,
2288,1163,2024,2학기,B,정무용,
2289,1164,2024,2학기,B,이종현,
2290,1164,2024,2학기,C,배현주,
2291,1165,2024,2학기,A,"김지혜, 유형동",
2292,1166,2024,2학기,A,이향미,
2293,1166,2024,2학기,B,박미선,
2294,1167,2024,2학기,A,강인철,
2295,538,2024,2학기,A,오동식,
2296,1168,2024,2학기,A,심혜경,
2297,1169,2024,2학기,A,오동식,
2298,1170,2024,2학기,A,전춘명,
2299,543,2024,2학기,A,오동식,
2300,1171,2024,2학기,A,전춘명,
2301,1172,2024,2학기,A,"발렌틴 안더르트, 전춘명",
2302,1173,2024,2학기,A,심혜경,
2303,1174,2024,2학기,A,발렌틴 안더르트,
2304,1175,2024,2학기,A,오동식,
2305,1176,2024,2학기,A,심혜경,
2306,1177,2024,2학기,A,오동식,
2307,1178,2024,2학기,A,오동식,
2308,1179,2024,2학기,A,전춘명,
2309,1180,2024,2학기,A,오동식,
2310,1181,2024,2학기,A,홍승진,
2311,1182,2024,2학기,A,홍승진,
2312,1183,2024,2학기,A,LUCIER PETER,
2313,1184,2024,2학기,A,박미선,
2314,1185,2024,2학기,B,LUCIER PETER,
2315,1186,2024,2학기,A,박미선,
2316,1187,2024,2학기,A,이향미,
2317,1188,2024,2학기,A,정선아,
2318,1189,2024,2학기,A,서강목,
2319,1190,2024,2학기,A,김지혜,
2320,1191,2024,2학기,A,정선아,
2321,564,2024,2학기,A,김지혜,
2322,1192,2024,2학기,A,LUCIER PETER,
2323,1193,2024,2학기,A,김지혜,
2324,1194,2024,2학기,A,이향미,
2325,1195,2024,2학기,A,정한아,
2326,1196,2024,2학기,A,김민수,
2327,1197,2024,2학기,A,강지희,
2328,1198,2024,2학기,A,임지은,
2329,1199,2024,2학기,A,이미선,
2330,1200,2024,2학기,A,백수린,
2331,1201,2024,2학기,A,박춘근,
2332,1202,2024,2학기,A,백수린,
2333,1203,2024,2학기,A,정한아,
2334,1204,2024,2학기,A,강지희,
2335,1205,2024,2학기,A,강지희,
2336,1206,2024,2학기,A,임동확,
2337,580,2024,2학기,A,정한아,
2338,1207,2024,2학기,A,류재향,
2339,1208,2024,2학기,A,김지혜,
2340,1209,2024,2학기,A,심동수,
2341,1210,2024,2학기,A,김지혜,
2342,1211,2024,2학기,A,유문선,
2343,1212,2024,2학기,A,유형동,
2344,1213,2024,2학기,A,유문선,
2345,1214,2024,2학기,A,이홍구,
2346,1215,2024,2학기,A,김혜진,
2347,1216,2024,2학기,A,유형동,
2348,1217,2024,2학기,A,김동식,
2349,1218,2024,2학기,A,김동식,
2350,592,2024,2학기,A,유형동,
2351,1219,2024,2학기,A,하지영,
2352,1220,2024,2학기,A,이형원,
2353,1221,2024,2학기,A,이시연,
2354,1222,2024,2학기,A,이형원,
2355,1223,2024,2학기,A,김한상,
2356,1224,2024,2학기,A,이미선,
2357,1225,2024,2학기,A,이영남,
2358,1226,2024,2학기,A,김봉수,
2359,1227,2024,2학기,A,정해득,
2360,1228,2024,2학기,A,이영남,
2361,1229,2024,2학기,B,정해득,
2362,608,2024,2학기,A,이형원,
2363,1230,2024,2학기,A,정무용,
2364,1231,2024,2학기,A,이형원,
2365,1232,2024,2학기,A,정무용,
2366,1233,2024,2학기,A,이미선,
2367,1234,2024,2학기,A,이형원,
2368,1235,2024,2학기,A,김남희,
2369,1236,2024,2학기,A,송주현,
2370,1237,2024,2학기,A,최민성,
2371,1238,2024,2학기,A,최민성,
2372,1239,2024,2학기,A,김남희,
2373,142,2024,2학기,A,장정해,
2374,1240,2024,2학기,A,장정해,
2375,1241,2024,2학기,A,PANG LI,
2376,1242,2024,2학기,A,문미진,
2377,1242,2024,2학기,B,문미진,
2378,1243,2024,2학기,A,류기수,
2379,1243,2024,2학기,B,류기수,
2380,1244,2024,2학기,A,김윤성,
2381,1244,2024,2학기,B,"김윤성, 이종현",
2382,1245,2024,2학기,A,김윤성,
2383,1246,2024,2학기,A,장해라,
2384,1247,2024,2학기,A,박미영,
2385,1248,2024,2학기,A,이종현,
2386,1248,2024,2학기,B,김윤성,
2387,1249,2024,2학기,A,장해라,
2388,1250,2024,2학기,A,신광철,
2389,1251,2024,2학기,A,이종현,
2390,1252,2024,2학기,A,신정아,
2391,1253,2024,2학기,A,신광철,
2392,1254,2024,2학기,A,신광철,
2393,1255,2024,2학기,A,배현주,
2394,1256,2024,2학기,A,신정아,
2395,638,2024,2학기,A,김윤성,
2396,1257,2024,2학기,A,김윤성,
2397,1258,2024,2학기,A,이종현,
2398,315,2024,2학기,C1,이종현,
2399,1259,2024,2학기,A,정희진,
2400,1259,2024,2학기,B,전창환,
2401,1260,2024,2학기,A,송주명,
2402,1260,2024,2학기,B,이성현,
2403,1261,2024,2학기,A,나카무라 모모코,
2404,1261,2024,2학기,B,나카무라 모모코,
2405,1261,2024,2학기,C,"김도희, 황선미",
2406,1261,2024,2학기,D,"김도희, 황선미",
2407,1262,2024,2학기,A,이일영,
2408,1263,2024,2학기,A,유은하,
2409,1264,2024,2학기,A,이성현,
2410,1265,2024,2학기,A,황선미,
2411,1266,2024,2학기,A,김도희,
2412,1267,2024,2학기,A,황선미,
2413,1268,2024,2학기,A,"김도희, 황선미",
2414,1269,2024,2학기,A,황선미,
2415,1270,2024,2학기,A,황선미,
2416,649,2024,2학기,A,김도희,
2417,1271,2024,2학기,A,김도희,
2418,1272,2024,2학기,A,나카무라 모모코,
2419,1273,2024,2학기,A,송주명,
2420,1274,2024,2학기,A,하종문,
2421,1275,2024,2학기,A,김계자,
2422,1276,2024,2학기,A,소리마치 마스미,
2423,1277,2024,2학기,A,나카무라 모모코,
2424,1278,2024,2학기,A,오미정,
2425,1279,2024,2학기,A,송주명,
2426,1280,2024,2학기,A,소리마치 마스미,
2427,1281,2024,2학기,A,하종문,
2428,1282,2024,2학기,A,오미정,
2429,660,2024,2학기,A,오미정,
2430,1283,2024,2학기,A,오미정,
2431,315,2024,2학기,A1,오미정,
2432,1284,2024,2학기,A,남혜지,
2433,1285,2024,2학기,A,정지영,
2434,1286,2024,2학기,A,남혜지,
2435,1287,2024,2학기,A,전창환,
2436,1288,2024,2학기,A,연제호,
2437,1289,2024,2학기,A,정지영,
2438,1290,2024,2학기,A,전창환,
2439,1291,2024,2학기,A,정지영,
2440,1292,2024,2학기,A,정희진,
2441,1292,2024,2학기,B,정희진,
2442,1293,2024,2학기,A,백승택,
2443,672,2024,2학기,A,전창환,
2444,1294,2024,2학기,A,연제호,
2445,1295,2024,2학기,A,김혜성,
2446,1296,2024,2학기,A,고기영,
2447,1297,2024,2학기,A,성락선,
2448,1298,2024,2학기,A,성락선,
2449,1299,2024,2학기,A,최미호,
2450,1300,2024,2학기,A,양우진,
2451,1301,2024,2학기,A,최미호,
2452,1302,2024,2학기,A,한재명,
2453,1303,2024,2학기,A,강남훈,
2454,1304,2024,2학기,A,한재명,
2455,684,2024,2학기,A,성락선,
2456,1305,2024,2학기,A,고기영,
2457,1306,2024,2학기,A,성락선,
2458,1307,2024,2학기,A,이해영,
2459,1308,2024,2학기,A,노승철,
2460,1309,2024,2학기,A,윤건,
2461,1310,2024,2학기,A,홍용덕,
2462,1311,2024,2학기,A,최형익,
2463,1312,2024,2학기,A,김형철,
2464,1312,2024,2학기,B,최지나,
2465,1313,2024,2학기,A,조성대,
2466,1314,2024,2학기,A,박상남,
2467,1315,2024,2학기,A,박상남,
2468,1316,2024,2학기,A,이종운,
2469,697,2024,2학기,A,이해영,
2470,1317,2024,2학기,A,이해영,
2471,1317,2024,2학기,B,노태경,
2472,1318,2024,2학기,A,이해영,
2473,1319,2024,2학기,A,최형익,
2474,1320,2024,2학기,A,박상남,
2475,1320,2024,2학기,B,김준현,
2476,1321,2024,2학기,A,최형익,
2477,1322,2024,2학기,A,조성대,
2478,1323,2024,2학기,A,염동호,
2479,705,2024,2학기,A,이해영,
2480,1324,2024,2학기,A,강현,
2481,1325,2024,2학기,A,이석민,
2482,1326,2024,2학기,A,윤건,
2483,1327,2024,2학기,A,이석민,
2484,1328,2024,2학기,A,이석민,
2485,1329,2024,2학기,A,노승철,
2486,1330,2024,2학기,A,김대중,
2487,1331,2024,2학기,A,윤건,
2488,1332,2024,2학기,A,이석민,
2489,1333,2024,2학기,A,이석민,
2490,1334,2024,2학기,A,장익현,
2491,1335,2024,2학기,A,장광호,
2492,1336,2024,2학기,A,노승철,
2493,1337,2024,2학기,A,노승철,
2494,1338,2024,2학기,A,노승철,
2495,1339,2024,2학기,A,노승철,
2496,720,2024,2학기,A,박규호,
2497,720,2024,2학기,B,양영수,
2498,720,2024,2학기,C,손정현,
2499,721,2024,2학기,A,김병조,
2500,721,2024,2학기,B,최지환,
2501,721,2024,2학기,C,김병조,
2502,1340,2024,2학기,A,신재우,
2503,1340,2024,2학기,B,염건,
2504,1341,2024,2학기,A,유현미,
2505,1341,2024,2학기,B,유현미,
2506,1342,2024,2학기,A,이건범,
2507,1343,2024,2학기,A,김경민,
2508,1343,2024,2학기,B,손정현,
2509,1344,2024,2학기,A,김병조,
2510,1345,2024,2학기,A,오창호,
2511,1346,2024,2학기,A,정의범,
2512,1346,2024,2학기,B,정의범,
2513,1347,2024,2학기,A,김병조,
2514,1348,2024,2학기,A,최지환,
2515,1349,2024,2학기,A,손정현,
2516,1350,2024,2학기,A,유영국,
2517,1351,2024,2학기,A,김경민,
2518,1352,2024,2학기,A,정의범,
2519,1353,2024,2학기,A,박규호,
2520,731,2024,2학기,A,김경민,
2521,1354,2024,2학기,A,김경민,
2522,1355,2024,2학기,A,최경아,
2523,1356,2024,2학기,A,김권수,
2524,1357,2024,2학기,A,권상지,
2525,1358,2024,2학기,A,신재우,
2526,1359,2024,2학기,A,권상지,
2527,1360,2024,2학기,A,한광희,
2528,1361,2024,2학기,A,김상욱,
2529,1362,2024,2학기,A,김권수,
2530,1363,2024,2학기,A,한광희,
2531,744,2024,2학기,A,신재우,
2532,1364,2024,2학기,A,신재우,
2533,1365,2024,2학기,A,신재우,
2534,1366,2024,2학기,A,"김상욱, 신재우",
2535,315,2024,2학기,D1,신재우,
2536,1367,2024,2학기,A,장종익,
2537,1368,2024,2학기,A,김인선,
2538,1369,2024,2학기,A,양영수,
2539,1370,2024,2학기,A,이종운,
2540,1371,2024,2학기,A,장종익,
2541,1372,2024,2학기,A,유한나,
2542,1373,2024,2학기,A,유한나,
2543,755,2024,2학기,A,장종익,
2544,755,2024,2학기,B,유한나,
2545,1374,2024,2학기,A,김인선,
2546,1375,2024,2학기,A,박규호,
2547,1376,2024,2학기,A,이건범,
2548,1377,2024,2학기,A,홍덕표,
2549,71,2024,2학기,A,양영수,
2550,71,2024,2학기,B,유한나,
2551,1378,2024,2학기,A,이윤우,
2552,1378,2024,2학기,B,이윤우,
2553,1379,2024,2학기,A,문철수,
2554,73,2024,2학기,A,이성미,
2555,1380,2024,2학기,A,문철수,
2556,74,2024,2학기,A,박혜영,
2557,1381,2024,2학기,A,정기현,
2558,1381,2024,2학기,B,박혜영,
2559,75,2024,2학기,A,채희상,
2560,75,2024,2학기,B,채희상,
2561,1382,2024,2학기,A,지원배,
2562,1382,2024,2학기,B,김기주,
2563,1383,2024,2학기,A,이수호,
2564,1384,2024,2학기,A,박혜영,
2565,1385,2024,2학기,A,차성덕,
2566,1385,2024,2학기,B,차성덕,
2567,1386,2024,2학기,A,정승구,
2568,1386,2024,2학기,B,정승구,
2569,1387,2024,2학기,A,류근환,
2570,1387,2024,2학기,B,류근환,
2571,1388,2024,2학기,A,이성미,
2572,1388,2024,2학기,B,이성미,
2573,1389,2024,2학기,A,채희상,
2574,1390,2024,2학기,A,정일건,
2575,1390,2024,2학기,B,정일건,
2576,78,2024,2학기,A,박혜영,
2577,315,2024,2학기,B1,채희상,
2578,315,2024,2학기,G1,지원배,
2579,1391,2024,2학기,A,"구훈정, 김예랑, 김용훈, 노중기, 유희정",
2580,1391,2024,2학기,B,"구훈정, 김예랑, 김용훈, 노중기, 유희정",
2581,1391,2024,2학기,C,"구훈정, 김예랑, 김용훈, 노중기, 유희정",
2582,1392,2024,2학기,A,김은영,
2583,1392,2024,2학기,B,김은영,
2584,1392,2024,2학기,C,김은영,
2585,1393,2024,2학기,A,백변경희,
2586,1394,2024,2학기,A,윤상철,
2587,1395,2024,2학기,A,윤상철,
2588,1396,2024,2학기,A,이원철,
2589,1397,2024,2학기,A,이원철,
2590,1398,2024,2학기,A,윤상철,
2591,1399,2024,2학기,A,권오용,
2592,1400,2024,2학기,A,권오용,
2593,1401,2024,2학기,A,노중기,
2594,1402,2024,2학기,A,박서재,
2595,1403,2024,2학기,A,박서재,
2596,786,2024,2학기,A,윤상철,
2597,1404,2024,2학기,A,이경숙,
2598,1405,2024,2학기,A,강지연,
2599,1406,2024,2학기,A,김선형,
2600,1407,2024,2학기,A,임수정,
2601,1408,2024,2학기,A,"김선형, 이인재",
2602,1409,2024,2학기,A,김선형,
2603,1410,2024,2학기,A,김용훈,
2604,1411,2024,2학기,A,한정재,
2605,1412,2024,2학기,A,김용훈,
2606,1413,2024,2학기,A,최종태,
2607,1414,2024,2학기,A,홍정은,
2608,796,2024,2학기,A,이경숙,
2609,1415,2024,2학기,A,김용훈,
2610,1416,2024,2학기,A,백변경희,
2611,1417,2024,2학기,A,한정재,
2612,1418,2024,2학기,A,이경숙,
2613,1419,2024,2학기,A,안도연,
2614,1420,2024,2학기,A,김용훈,
2615,1421,2024,2학기,A,유희정,
2616,1421,2024,2학기,B,유희정,
2617,1422,2024,2학기,A,조영원,
2618,1423,2024,2학기,A,황창주,
2619,1424,2024,2학기,A,강지은,
2620,1425,2024,2학기,A,김미경,
2621,1425,2024,2학기,B,김미경,
2622,1426,2024,2학기,A,구훈정,
2623,1427,2024,2학기,A,안도연,
2624,123,2024,2학기,A,구훈정,
2625,1428,2024,2학기,A,조영원,
2626,1429,2024,2학기,A,강지은,
2627,1430,2024,2학기,A,이은선,
2628,1431,2024,2학기,A,김영주,
2629,1432,2024,2학기,A,"김상원, 유희정",
2630,1433,2024,2학기,A,김영주,
2631,1434,2024,2학기,A,김영주,
2632,1435,2024,2학기,A,김상원,
2633,1436,2024,2학기,A,유희정,
2634,1437,2024,2학기,A,문주형,
2635,816,2024,2학기,A,유희정,
2636,1438,2024,2학기,A,박상현,
2637,1439,2024,2학기,A,조규청,
2638,1440,2024,2학기,A,조규청,
2639,1441,2024,2학기,A,전유나,
2640,1442,2024,2학기,A,전유나,
2641,1443,2024,2학기,A,조규청,
2642,1444,2024,2학기,A,김수겸,
2643,1445,2024,2학기,A,강이용,
2644,1446,2024,2학기,A,김윤정,
2645,1447,2024,2학기,A,정양헌,
2646,1448,2024,2학기,A,조석준,
2647,1449,2024,2학기,A,명왕성,
2648,1450,2024,2학기,A,김수겸,
2649,1451,2024,2학기,A,박상현,
2650,1452,2024,2학기,A,명왕성,
2651,829,2024,2학기,A,박상현,
2652,1453,2024,2학기,A,명왕성,
2653,1454,2024,2학기,A,정재웅,
2654,1454,2024,2학기,B,정재웅,
2655,1455,2024,2학기,A,유한나,
2656,1455,2024,2학기,B,박동련,
2657,1456,2024,2학기,A,박기현,
2658,1457,2024,2학기,A,윤성식,
2659,1458,2024,2학기,A,김수현,
2660,1459,2024,2학기,A,박기현,
2661,1460,2024,2학기,A,양춘우,
2662,1461,2024,2학기,A,이호규,
2663,1462,2024,2학기,A,양춘우,
2664,1463,2024,2학기,A,윤성식,
2665,1464,2024,2학기,A,정재웅,
2666,1465,2024,2학기,A,정재웅,
2667,1466,2024,2학기,A,정재웅,
2668,845,2024,2학기,A,정재웅,
2669,1467,2024,2학기,A,박상현,
2670,1468,2024,2학기,A,변종석,
2671,1469,2024,2학기,A,김유신,
2672,1470,2024,2학기,A,변종석,
2673,1471,2024,2학기,A,박동련,
2674,1472,2024,2학기,A,박동련,
2675,1473,2024,2학기,A,최영훈,
2676,1474,2024,2학기,A,김유신,
2677,1475,2024,2학기,A,유한나,
2678,1476,2024,2학기,A,변종석,
2679,854,2024,2학기,A,유한나,
2680,1477,2024,2학기,A,나경욱,
2681,1477,2024,2학기,B,한근식,
2682,1477,2024,2학기,C,김선만,
2683,1477,2024,2학기,D,김선만,
2684,1477,2024,2학기,E,강민구,
2685,1477,2024,2학기,F,이주희,
2686,1478,2024,2학기,A,강영경,
2687,1478,2024,2학기,B,박기홍,
2688,1478,2024,2학기,C,안현,
2689,1478,2024,2학기,D,이용걸,
2690,1478,2024,2학기,E,서정욱,
2691,1478,2024,2학기,F,오석희,
2692,1478,2024,2학기,G,오석희,
2693,1478,2024,2학기,H,백수진,
2694,1479,2024,2학기,A,박성진,
2695,1479,2024,2학기,B,나근식,
2696,1479,2024,2학기,C,나근식,
2697,1479,2024,2학기,D,조성호,
2698,1479,2024,2학기,E,손승일,
2699,1479,2024,2학기,F,이양선,
2700,1479,2024,2학기,G,이경호,
2701,1479,2024,2학기,H,백수진,
2702,1480,2024,2학기,A,손승일,
2703,1480,2024,2학기,B,손승일,
2704,1480,2024,2학기,C,여협구,
2705,1480,2024,2학기,D,여협구,
2706,1480,2024,2학기,E,백수진,
2707,1480,2024,2학기,F,백수진,
2708,1481,2024,2학기,A,윤효석,
2709,1481,2024,2학기,B,조성호,
2710,1481,2024,2학기,C,조성호,
2711,1481,2024,2학기,D,홍승필,
2712,1481,2024,2학기,E,윤효석,
2713,1481,2024,2학기,F,윤효석,
2714,1482,2024,2학기,A,김성기,
2715,1482,2024,2학기,B,박성진,
2716,1482,2024,2학기,C,박성진,
2717,1482,2024,2학기,D,오윤식,
2718,1482,2024,2학기,E,홍승필,
2719,1482,2024,2학기,F,홍승필,
2720,1483,2024,2학기,A,이형우,
2721,1484,2024,2학기,A,이용걸,
2722,1483,2024,2학기,B,이형우,
2723,1485,2024,2학기,A,서정욱,
2724,1483,2024,2학기,C,김성기,
2725,1486,2024,2학기,A,임익수,
2726,1487,2024,2학기,A,강민구,
2727,1483,2024,2학기,D,이성구,
2728,1488,2024,2학기,A,서정욱,
2729,1489,2024,2학기,A,오석희,
2730,1490,2024,2학기,A,정승민,
2731,30,2024,여름계절,A,"강종곤, 김용희",
2732,51,2024,여름계절,A,"이상헌, 최성혜",
2733,52,2024,여름계절,A,류수윤,
2734,53,2024,여름계절,A,류수윤,
2735,55,2024,여름계절,A,"김용희, 황애양",
2736,58,2024,여름계절,A,류수윤,
2737,59,2024,여름계절,A,류수윤,
2738,103,2024,여름계절,A,전춘명,
2739,109,2024,여름계절,A,문미진,
2740,107,2024,여름계절,A,김남희,
2741,108,2024,여름계절,A,최민성,
2742,1250,2024,여름계절,A,신광철,
2743,1491,2024,여름계절,A,신광철,
2744,64,2024,여름계절,A,김윤성,
2745,101,2024,여름계절,A,전춘명,
2746,65,2024,여름계절,A,전춘명,
2747,1492,2024,여름계절,A,전춘명,
2748,104,2024,여름계절,A,전춘명,
2749,66,2024,여름계절,A,김용훈,
2750,1493,2024,여름계절,A,김도희,
2751,1494,2024,여름계절,A,오미정,
2752,70,2024,여름계절,A,양영수,
2753,75,2024,여름계절,A,채희상,
2754,1495,2024,여름계절,A,"구훈정, 김상원, 김영주, 안도연",
2755,80,2024,여름계절,A,박규호,
2756,81,2024,여름계절,A,김병조,
2757,83,2024,여름계절,A,김경민,
2758,86,2024,여름계절,A,이양선,
2759,87,2024,여름계절,A,이양선,
2760,88,2024,여름계절,A,이양선,
2761,1496,2024,여름계절,A,이용걸,
2762,89,2024,여름계절,A,이용걸,
2763,1497,2024,여름계절,A,대진대,
2764,1498,2024,여름계절,A,대진대,
2765,135,2024,여름계절,A,OCU컨소시엄,
2766,92,2024,여름계절,A,OCU컨소시엄,
2767,93,2024,여름계절,A,OCU컨소시엄,
2768,514,2024,여름계절,A,OCU컨소시엄,
2769,94,2024,여름계절,A,OCU컨소시엄,
2770,96,2024,여름계절,A,OCU컨소시엄,
2771,515,2024,여름계절,A,OCU컨소시엄,
2772,517,2024,여름계절,A,OCU컨소시엄,
2773,518,2024,여름계절,A,OCU컨소시엄,
2774,137,2024,여름계절,A,"강종곤, 김병조",
2775,99,2024,여름계절,A,신재우,
2776,62,2024,여름계절,A,장정해,
2777,1499,2024,여름계절,A,"강종곤, 오윤식, 이경호",
2778,1500,2024,여름계절,A,임익수,
2779,140,2024,여름계절,A,임익수,
2780,141,2024,여름계절,A,임익수,
2781,1169,2024,여름계절,A,오동식,
2782,102,2024,여름계절,A,오동식,
2783,68,2024,여름계절,A,오미정,
2784,79,2024,여름계절,A,성락선,
2785,1501,2024,여름계절,A,노승철,
2786,82,2024,여름계절,A,염건,
2787,69,2024,여름계절,A,장종익,
2788,1373,2024,여름계절,A,유한나,
2789,72,2024,여름계절,A,박혜영,
2790,122,2024,여름계절,A,지원배,
2791,1502,2024,여름계절,A,채희상,
2792,76,2024,여름계절,A,지원배,
2793,77,2024,여름계절,A,지원배,
2794,30,2024,겨울계절,A,"강종곤, 김용희",
2795,51,2024,겨울계절,A,"이상헌, 최성혜",
2796,52,2024,겨울계절,A,박슬기롭다,
2797,53,2024,겨울계절,A,박슬기롭다,
2798,55,2024,겨울계절,A,"김용희, 황애양",
2799,58,2024,겨울계절,A,박슬기롭다,
2800,59,2024,겨울계절,A,박슬기롭다,
2801,60,2024,겨울계절,A,옥장흠,
2802,111,2024,겨울계절,A,강석원,
2803,518,2024,겨울계절,A,OCU컨소시엄,
2804,103,2024,겨울계절,A,전춘명,
2805,143,2024,겨울계절,A,문미진,
2806,613,2024,겨울계절,A,김용표,
2807,108,2024,겨울계절,A,최민성,
2808,101,2024,겨울계절,A,전춘명,
2809,1503,2024,겨울계절,A,전춘명,
2810,1504,2024,겨울계절,A,김용훈,
2811,72,2024,겨울계절,A,박혜영,
2812,122,2024,겨울계절,A,지원배,
2813,73,2024,겨울계절,A,이성미,
2814,1505,2024,겨울계절,A,"구훈정, 김상원, 김영주, 안도연",
2815,80,2024,겨울계절,A,박규호,
2816,81,2024,겨울계절,A,김병조,
2817,1506,2024,겨울계절,A,나경욱,
2818,1507,2024,겨울계절,A,나경욱,
2819,1508,2024,겨울계절,A,이찬행,
2820,1509,2024,겨울계절,A,이찬행,
2821,86,2024,겨울계절,A,"김익중, 이양선",
2822,87,2024,겨울계절,A,"김익중, 이양선",
2823,90,2024,겨울계절,A,"김익중, 이용걸",
2824,91,2024,겨울계절,A,"김익중, 이용걸",
2825,93,2024,겨울계절,A,OCU컨소시엄,
2826,94,2024,겨울계절,A,OCU컨소시엄,
2827,1148,2024,겨울계절,A,OCU컨소시엄,
2828,96,2024,겨울계절,A,OCU컨소시엄,
2829,515,2024,겨울계절,A,OCU컨소시엄,
2830,1151,2024,겨울계절,A,OCU컨소시엄,
2831,1499,2024,겨울계절,A,"강종곤, 오윤식, 이경호",
2832,1250,2024,겨울계절,A,신광철,
2833,1491,2024,겨울계절,A,신광철,
2834,82,2024,겨울계절,A,염건,
2835,729,2024,겨울계절,A,"강종곤, 김병조",
2836,69,2024,겨울계절,A,장종익,
2837,1502,2024,겨울계절,A,채희상,
2838,1393,2024,겨울계절,A,백변경희,
2839,843,2024,겨울계절,A,양춘우,
2840,7,2025,1학기,A,PANG LI,
2841,1510,2025,1학기,A,PANG LI,
2842,1511,2025,1학기,A,PANG LI,
2843,1512,2025,1학기,A,정예수,
2844,1513,2025,1학기,A,김연숙,
2845,1514,2025,1학기,A,최현실,
2846,1514,2025,1학기,B,신남미,
2847,13,2025,1학기,A,정예수,
2848,47,2025,1학기,A,이승원,
2849,146,2025,1학기,A,신남미,
2850,147,2025,1학기,A,김연숙,
2851,148,2025,1학기,A,정예수,
2852,149,2025,1학기,A,강형모,
2853,149,2025,1학기,B,강형모,
2854,16,2025,1학기,A,김환희,
2855,17,2025,1학기,A,"김광연, 진형섭, 한경미",
2856,18,2025,1학기,A,"김광연, 진형섭, 한경미",
2857,18,2025,1학기,B,"강은미, 김광연, 한경미",
2858,19,2025,1학기,A,"김광연, 진형섭, 한경미",
2859,19,2025,1학기,B,"강은미, 김광연, 한경미",
2860,21,2025,1학기,A,이수연,
2861,22,2025,1학기,A,정태성,
2862,23,2025,1학기,A,나경욱,
2863,24,2025,1학기,A,이시연,
2864,25,2025,1학기,A,"김광연, 진형섭, 한경미",
2865,25,2025,1학기,B,"김광연, 진형섭, 한경미",
2866,26,2025,1학기,A,장순택,
2867,27,2025,1학기,A,박재형,
2868,27,2025,1학기,B,이수연,
2869,27,2025,1학기,C,진형섭,
2870,27,2025,1학기,D,진형섭,
2871,27,2025,1학기,E,한경미,
2872,29,2025,1학기,A,류성민,
2873,30,2025,1학기,A1,이영미,
2874,30,2025,1학기,A2,김희선,
2875,30,2025,1학기,A3,한경미,
2876,30,2025,1학기,A6,이서영,
2877,30,2025,1학기,A7,김주한,
2878,30,2025,1학기,AA,김선만,
2879,30,2025,1학기,AB,홍승필,
2880,30,2025,1학기,AC,오석희,
2881,30,2025,1학기,AD,안현,
2882,30,2025,1학기,AE,서정욱,
2883,30,2025,1학기,B1,김지혜,
2884,30,2025,1학기,B2,유형동,
2885,30,2025,1학기,B4,김지혜,
2886,30,2025,1학기,B5,이향미,
2887,30,2025,1학기,B6,박미선,
2888,30,2025,1학기,C1,이형원,
2889,30,2025,1학기,C2,정해득,
2890,30,2025,1학기,C3,정무용,
2891,30,2025,1학기,C4,이영남,
2892,30,2025,1학기,C5,백수린,
2893,30,2025,1학기,C7,정한아,
2894,30,2025,1학기,C8,강지희,
2895,30,2025,1학기,D1,전춘명,
2896,30,2025,1학기,D2,오동식,
2897,30,2025,1학기,D3,김대오,
2898,30,2025,1학기,D6,김희정,
2899,30,2025,1학기,E1,신광철,
2900,30,2025,1학기,E6,김윤성,
2901,30,2025,1학기,E7,이종현,
2902,30,2025,1학기,E8,신광철,
2903,30,2025,1학기,F1,류기수,
2904,30,2025,1학기,F2,장정해,
2905,30,2025,1학기,F3,최민성,
2906,30,2025,1학기,F4,김남희,
2907,30,2025,1학기,G1,이해영,
2908,30,2025,1학기,G4,최형익,
2909,30,2025,1학기,G5,박상남,
2910,30,2025,1학기,G7,한재명,
2911,30,2025,1학기,G8,성락선,
2912,30,2025,1학기,H2,김종엽,
2913,30,2025,1학기,H3,노중기,
2914,30,2025,1학기,I1,문철수,
2915,30,2025,1학기,I2,채희상,
2916,30,2025,1학기,I3,지원배,
2917,30,2025,1학기,I4,박혜영,
2918,30,2025,1학기,I5,이성미,
2919,30,2025,1학기,I6,김민철,
2920,30,2025,1학기,J1,홍선미,
2921,30,2025,1학기,J2,김예랑,
2922,30,2025,1학기,J4,장익현,
2923,30,2025,1학기,J5,백변경희,
2924,30,2025,1학기,J6,이인재,
2925,30,2025,1학기,J7,이경숙,
2926,30,2025,1학기,J8,남세현,
2927,30,2025,1학기,K2,조규청,
2928,30,2025,1학기,K3,박상현,
2929,30,2025,1학기,K4,구훈정,
2930,30,2025,1학기,K5,김상원,
2931,30,2025,1학기,K6,오현숙,
2932,30,2025,1학기,K7,유희정,
2933,30,2025,1학기,K8,안도연,
2934,30,2025,1학기,L1,최지환,
2935,30,2025,1학기,L2,김경민,
2936,30,2025,1학기,L3,정의범,
2937,30,2025,1학기,L4,이건범,
2938,30,2025,1학기,L5,유현미,
2939,30,2025,1학기,L6,양영수,
2940,30,2025,1학기,L7,장종익,
2941,30,2025,1학기,L8,유한나,
2942,30,2025,1학기,M1,신재우,
2943,30,2025,1학기,M3,김상욱,
2944,30,2025,1학기,M6,이일영,
2945,30,2025,1학기,M7,김도희,
2946,30,2025,1학기,M8,주장환,
2947,30,2025,1학기,M9,황선미,
2948,30,2025,1학기,N1,송주명,
2949,30,2025,1학기,N2,하종문,
2950,30,2025,1학기,N5,전창환,
2951,30,2025,1학기,N6,정지영,
2952,30,2025,1학기,N7,정희진,
2953,30,2025,1학기,O1,박기현,
2954,30,2025,1학기,O2,양춘우,
2955,30,2025,1학기,O3,정재웅,
2956,30,2025,1학기,O5,박동련,
2957,30,2025,1학기,O6,유한나,
2958,30,2025,1학기,O7,김유신,
2959,30,2025,1학기,O8,변종석,
2960,30,2025,1학기,P1,윤효석,
2961,30,2025,1학기,P2,강민구,
2962,30,2025,1학기,P3,정승민,
2963,30,2025,1학기,P4,이용걸,
2964,30,2025,1학기,P5,최창원,
2965,30,2025,1학기,P6,안현,
2966,30,2025,1학기,Q1,류승택,
2967,30,2025,1학기,Q2,이양선,
2968,30,2025,1학기,Q3,임익수,
2969,30,2025,1학기,Q4,강영경,
2970,30,2025,1학기,Q5,박기홍,
2971,30,2025,1학기,Q6,백수진,
2972,30,2025,1학기,R1,조성호,
2973,30,2025,1학기,R2,여협구,
2974,30,2025,1학기,R3,손승일,
2975,30,2025,1학기,R4,이성구,
2976,30,2025,1학기,R5,박성진,
2977,30,2025,1학기,R6,이형우,
2978,30,2025,1학기,R7,김성기,
2979,30,2025,1학기,R8,김현경,
2980,30,2025,1학기,V1,이석민,
2981,30,2025,1학기,V2,윤건,
2982,30,2025,1학기,V3,노승철,
2983,30,2025,1학기,Z1,신광철,
2984,30,2025,1학기,Z2,이일영,
2985,30,2025,1학기,Z4,이건범,
2986,30,2025,1학기,Z5,홍선미,
2987,151,2025,1학기,A,한서연,
2988,154,2025,1학기,A,최영호,
2989,155,2025,1학기,A,최은경,
2990,156,2025,1학기,A,"김광연, 한경미",
2991,157,2025,1학기,A,이상철,
2992,158,2025,1학기,A,한광희,
2993,159,2025,1학기,A,이호규,
2994,160,2025,1학기,A,"김용희, 순혜란",
2995,161,2025,1학기,A,최은경,
2996,162,2025,1학기,A,강은미,
2997,162,2025,1학기,B,강은미,
2998,163,2025,1학기,A,이익주,
2999,164,2025,1학기,A,홍창기,
3000,164,2025,1학기,B,김흥기,
3001,164,2025,1학기,D,김흥기,
3002,164,2025,1학기,E,김대숙,
3003,164,2025,1학기,F,김대숙,
3004,164,2025,1학기,G,강석원,
3005,164,2025,1학기,H,허태윤,
3006,165,2025,1학기,A,이혜원,
3007,166,2025,1학기,A,이혜원,
3008,51,2025,1학기,A1,김주한,
3009,51,2025,1학기,A2,한경미,
3010,51,2025,1학기,AA,이석민,
3011,51,2025,1학기,AB,윤건,
3012,51,2025,1학기,AC,노승철,
3013,51,2025,1학기,B2,유형동,
3014,51,2025,1학기,B4,김지혜,
3015,51,2025,1학기,C1,박미선,
3016,51,2025,1학기,C2,이향미,
3017,51,2025,1학기,C3,김지혜,
3018,51,2025,1학기,D1,전춘명,
3019,51,2025,1학기,D2,오동식,
3020,51,2025,1학기,E1,김대오,
3021,51,2025,1학기,E2,김희정,
3022,51,2025,1학기,F1,이형원,
3023,51,2025,1학기,F2,정해득,
3024,51,2025,1학기,F3,정무용,
3025,51,2025,1학기,F4,이영남,
3026,51,2025,1학기,G3,신광철,
3027,51,2025,1학기,G4,이종현,
3028,51,2025,1학기,G7,김윤성,
3029,51,2025,1학기,H1,백수린,
3030,51,2025,1학기,H3,정한아,
3031,51,2025,1학기,H4,강지희,
3032,51,2025,1학기,I2,장정해,
3033,51,2025,1학기,I4,김남희,
3034,51,2025,1학기,I5,강영경,
3035,51,2025,1학기,J1,성락선,
3036,51,2025,1학기,J2,한재명,
3037,51,2025,1학기,K1,김종엽,
3038,51,2025,1학기,K4,노중기,
3039,51,2025,1학기,L1,송주명,
3040,51,2025,1학기,L2,하종문,
3041,51,2025,1학기,M1,이해영,
3042,51,2025,1학기,M4,최형익,
3043,51,2025,1학기,M5,박상남,
3044,51,2025,1학기,N1,주장환,
3045,51,2025,1학기,N2,이일영,
3046,51,2025,1학기,N3,김도희,
3047,51,2025,1학기,N4,황선미,
3048,51,2025,1학기,O1,김예랑,
3049,51,2025,1학기,O2,장익현,
3050,51,2025,1학기,O3,남세현,
3051,51,2025,1학기,O4,이인재,
3052,51,2025,1학기,O5,이경숙,
3053,51,2025,1학기,O6,백변경희,
3054,51,2025,1학기,P1,전창환,
3055,51,2025,1학기,P2,정지영,
3056,51,2025,1학기,P3,정희진,
3057,51,2025,1학기,Q1,김경민,
3058,51,2025,1학기,Q3,이건범,
3059,51,2025,1학기,Q4,유현미,
3060,51,2025,1학기,Q5,정의범,
3061,51,2025,1학기,Q6,최지환,
3062,51,2025,1학기,R1,문철수,
3063,51,2025,1학기,R2,채희상,
3064,51,2025,1학기,R3,지원배,
3065,51,2025,1학기,R4,박혜영,
3066,51,2025,1학기,R5,이성미,
3067,51,2025,1학기,R6,김민철,
3068,51,2025,1학기,S1,김상욱,
3069,51,2025,1학기,S2,신재우,
3070,51,2025,1학기,T1,장종익,
3071,51,2025,1학기,T2,양영수,
3072,51,2025,1학기,T3,유한나,
3073,51,2025,1학기,U1,박기현,
3074,51,2025,1학기,U2,정재웅,
3075,51,2025,1학기,V1,박동련,
3076,51,2025,1학기,V3,김유신,
3077,51,2025,1학기,W2,박상현,
3078,51,2025,1학기,W3,조규청,
3079,51,2025,1학기,X1,손승일,
3080,51,2025,1학기,X2,류승택,
3081,51,2025,1학기,X3,조성호,
3082,51,2025,1학기,X4,이성구,
3083,51,2025,1학기,X5,이용걸,
3084,51,2025,1학기,X6,김선만,
3085,51,2025,1학기,Y1,홍승필,
3086,51,2025,1학기,Y2,오석희,
3087,51,2025,1학기,Y3,서정욱,
3088,51,2025,1학기,Y4,윤효석,
3089,51,2025,1학기,Y5,박기홍,
3090,51,2025,1학기,Y7,백수진,
3091,51,2025,1학기,Z1,김상원,
3092,51,2025,1학기,Z2,유희정,
3093,51,2025,1학기,Z3,안도연,
3094,51,2025,1학기,Z4,구훈정,
3095,168,2025,1학기,A,강석원,
3096,169,2025,1학기,A,오동식,
3097,170,2025,1학기,A,야니,
3098,171,2025,1학기,A,김민수,
3099,172,2025,1학기,A,이익주,
3100,174,2025,1학기,A,이문교,
3101,175,2025,1학기,A,김대오,
3102,176,2025,1학기,A,박상준,
3103,177,2025,1학기,A,정태성,
3104,1515,2025,1학기,A,이일영,
3105,179,2025,1학기,A,강이용,
3106,180,2025,1학기,A,명왕성,
3107,181,2025,1학기,A,박상현,
3108,182,2025,1학기,A,김수겸,
3109,183,2025,1학기,A,김윤정,
3110,184,2025,1학기,A,명왕성,
3111,185,2025,1학기,A,"김예랑, 박원식",
3112,186,2025,1학기,A,문미진,
3113,187,2025,1학기,A,PANG LI,
3114,188,2025,1학기,A,성은실,
3115,189,2025,1학기,A,노중기,
3116,190,2025,1학기,A,박재형,
3117,190,2025,1학기,B,진형섭,
3118,190,2025,1학기,C,진형섭,
3119,190,2025,1학기,D,진형섭,
3120,191,2025,1학기,A,박재형,
3121,191,2025,1학기,B,박재형,
3122,192,2025,1학기,A,강은미,
3123,192,2025,1학기,B,강은미,
3124,193,2025,1학기,A,정춘,
3125,1516,2025,1학기,A,오동식,
3126,194,2025,1학기,A,최환진,
3127,55,2025,1학기,AA,임익수,
3128,55,2025,1학기,AB,이성구,
3129,55,2025,1학기,AC,이형우,
3130,55,2025,1학기,AD,여협구,
3131,55,2025,1학기,AE,박성진,
3132,55,2025,1학기,AF,임익수,
3133,55,2025,1학기,AG,이양선,
3134,55,2025,1학기,AH,안현,
3135,55,2025,1학기,R2,박상현,
3136,55,2025,1학기,R3,조규청,
3137,55,2025,1학기,V1,신재우,
3138,55,2025,1학기,X1,정재웅,
3139,55,2025,1학기,X2,윤성식,
3140,55,2025,1학기,X4,변종석,
3141,55,2025,1학기,X5,유한나,
3142,55,2025,1학기,Y7,정승민,
3143,55,2025,1학기,Z1,이용걸,
3144,56,2025,1학기,A,심혜경,
3145,195,2025,1학기,A,공주형,
3146,196,2025,1학기,A,김영주,
3147,197,2025,1학기,A,유순혜,
3148,198,2025,1학기,A,이익주,
3149,200,2025,1학기,A,공주형,
3150,201,2025,1학기,A,공주형,
3151,202,2025,1학기,A,이아름,
3152,203,2025,1학기,A1,야니,
3153,203,2025,1학기,A2,야니,
3154,203,2025,1학기,A3,야니,
3155,203,2025,1학기,A4,야니,
3156,203,2025,1학기,B1,모리스,
3157,203,2025,1학기,B2,모리스,
3158,203,2025,1학기,B3,모리스,
3159,203,2025,1학기,B4,모리스,
3160,203,2025,1학기,C1,매튜,
3161,204,2025,1학기,A1,매튜,
3162,204,2025,1학기,A2,매튜,
3163,204,2025,1학기,A3,매튜,
3164,204,2025,1학기,A4,매튜,
3165,205,2025,1학기,A,정태성,
3166,206,2025,1학기,A,옥장흠,
3167,207,2025,1학기,A,류기수,
3168,208,2025,1학기,A,전춘명,
3169,210,2025,1학기,A,염동호,
3170,211,2025,1학기,A,장우현,
3171,212,2025,1학기,A,장우현,
3172,214,2025,1학기,A,이상헌,
3173,216,2025,1학기,A,전창환,
3174,217,2025,1학기,A,홍정은,
3175,218,2025,1학기,A,옥장흠,
3176,220,2025,1학기,A,김계자,
3177,57,2025,1학기,A,김용희,
3178,222,2025,1학기,A,정춘,
3179,223,2025,1학기,A,강은미,
3180,224,2025,1학기,A,최은경,
3181,225,2025,1학기,A,이종운,
3182,226,2025,1학기,A1,김경선,
3183,226,2025,1학기,A2,차윤정,
3184,226,2025,1학기,A3,목승혜,
3185,226,2025,1학기,A4,김나영,
3186,226,2025,1학기,B1,김경선,
3187,226,2025,1학기,B2,심주연,
3188,226,2025,1학기,B4,목승혜,
3189,226,2025,1학기,B5,고우경,
3190,226,2025,1학기,C1,심주연,
3191,226,2025,1학기,C2,고우경,
3192,226,2025,1학기,C3,이아름,
3193,226,2025,1학기,C4,김나영,
3194,226,2025,1학기,D1,이아름,
3195,226,2025,1학기,D2,심주연,
3196,226,2025,1학기,D3,고우경,
3197,227,2025,1학기,A1,송주현,
3198,227,2025,1학기,A2,신혜수,
3199,227,2025,1학기,A3,유예원,
3200,227,2025,1학기,A4,한정미,
3201,227,2025,1학기,B1,김소륜,
3202,227,2025,1학기,B2,허난희,
3203,227,2025,1학기,B3,신혜수,
3204,227,2025,1학기,B4,유예원,
3205,227,2025,1학기,B5,한정미,
3206,227,2025,1학기,C1,서경희,
3207,227,2025,1학기,C2,김민환,
3208,227,2025,1학기,C3,강아람,
3209,227,2025,1학기,C4,계광수,
3210,227,2025,1학기,C5,서영화,
3211,227,2025,1학기,D1,강아람,
3212,227,2025,1학기,D2,계광수,
3213,227,2025,1학기,D3,서영화,
3214,227,2025,1학기,E1,허난희,
3215,227,2025,1학기,E2,유영국,
3216,227,2025,1학기,E3,김소륜,
3217,228,2025,1학기,A1,최진,
3218,228,2025,1학기,A2,주수경,
3219,228,2025,1학기,A3,최진,
3220,228,2025,1학기,A4,김보경,
3221,228,2025,1학기,A5,박종현,
3222,228,2025,1학기,A6,주수경,
3223,228,2025,1학기,B1,김보경,
3224,228,2025,1학기,B2,박종현,
3225,228,2025,1학기,B3,윤정희,
3226,228,2025,1학기,C1,나경욱,
3227,228,2025,1학기,C2,박종현,
3228,228,2025,1학기,D1,윤정희,
3229,228,2025,1학기,D2,윤정희,
3230,228,2025,1학기,D3,박종현,
3231,230,2025,1학기,A,김계자,
3232,231,2025,1학기,A,모리스,
3233,232,2025,1학기,A,야니,
3234,233,2025,1학기,A,김민환,
3235,233,2025,1학기,D,서경희,
3236,234,2025,1학기,A,김계자,
3237,236,2025,1학기,A,김나영,
3238,237,2025,1학기,A,배현주,
3239,238,2025,1학기,A,정춘,
3240,239,2025,1학기,A,유은하,
3241,240,2025,1학기,A,최은경,
3242,241,2025,1학기,A,최은경,
3243,242,2025,1학기,A,옥장흠,
3244,243,2025,1학기,A,유은하,
3245,245,2025,1학기,A,류기수,
3246,1517,2025,1학기,A,김선희,
3247,246,2025,1학기,A,유영국,
3248,247,2025,1학기,A,유영국,
3249,1518,2025,1학기,A1,고우경,
3250,1518,2025,1학기,A2,공주형,
3251,1518,2025,1학기,A3,김민환,
3252,1518,2025,1학기,A4,박종현,
3253,1518,2025,1학기,A5,송주현,
3254,1518,2025,1학기,A6,서경희,
3255,1518,2025,1학기,A7,심주연,
3256,1518,2025,1학기,A8,염동호,
3257,1518,2025,1학기,A9,이익주,
3258,1519,2025,1학기,A1,이영우,
3259,1519,2025,1학기,A2,옥장흠,
3260,1519,2025,1학기,A3,김동심,
3261,1519,2025,1학기,A4,홍혜승,
3262,1519,2025,1학기,A5,김시윤,
3263,1519,2025,1학기,A6,김시윤,
3264,1519,2025,1학기,A7,이영우,
3265,1519,2025,1학기,B1,최현범,
3266,1519,2025,1학기,B2,최현범,
3267,1519,2025,1학기,B3,김애영,
3268,1519,2025,1학기,B4,백상현,
3269,1519,2025,1학기,C1,김희선,
3270,1519,2025,1학기,C2,김희선,
3271,1519,2025,1학기,C3,홍혜승,
3272,1520,2025,1학기,A,서연태,
3273,1521,2025,1학기,A,허태윤,
3274,1522,2025,1학기,A,이영수,
3275,1523,2025,1학기,A,정경민,
3276,1524,2025,1학기,A,정태성,
3277,248,2025,1학기,A,"김광연, 한경미",
3278,249,2025,1학기,A,"김광연, 한경미",
3279,250,2025,1학기,A,이영미,
3280,251,2025,1학기,A,이영미,
3281,252,2025,1학기,A,이영미,
3282,253,2025,1학기,A,이영미,
3283,255,2025,1학기,A,"김광연, 한경미",
3284,256,2025,1학기,A,"김광연, 한경미",
3285,61,2025,1학기,A,이영미,
3286,1525,2025,1학기,A,이서영,
3287,1526,2025,1학기,A,최은경,
3288,258,2025,1학기,A,"김광연, 한경미",
3289,1527,2025,1학기,A,허석헌,
3290,260,2025,1학기,A,이종철,
3291,1528,2025,1학기,A,이영미,
3292,261,2025,1학기,A,이영미,
3293,1529,2025,1학기,A,이향명,
3294,262,2025,1학기,A,한경미,
3295,263,2025,1학기,A,류장현,
3296,264,2025,1학기,A,김주한,
3297,1530,2025,1학기,A,김정수,
3298,266,2025,1학기,A,김희선,
3299,1531,2025,1학기,A,연규홍,
3300,271,2025,1학기,A,김남희,
3301,275,2025,1학기,A,김희정,
3302,276,2025,1학기,A,김대오,
3303,277,2025,1학기,A,김희정,
3304,278,2025,1학기,A,김희정,
3305,279,2025,1학기,A,이문교,
3306,280,2025,1학기,A,조현진,
3307,281,2025,1학기,A,김대오,
3308,1532,2025,1학기,A,김희정,
3309,1533,2025,1학기,A,최천식,
3310,284,2025,1학기,A,김대오,
3311,1534,2025,1학기,A,김대오,
3312,285,2025,1학기,A,"김대오, 김희정",
3313,287,2025,1학기,A,최천식,
3314,288,2025,1학기,A,류성민,
3315,289,2025,1학기,A,이창익,
3316,290,2025,1학기,A,이창익,
3317,1535,2025,1학기,A,신광철,
3318,291,2025,1학기,A,박현준,
3319,292,2025,1학기,A,박현준,
3320,293,2025,1학기,A,김상덕,
3321,294,2025,1학기,A,신광철,
3322,295,2025,1학기,A,김상덕,
3323,1536,2025,1학기,A,허남진,
3324,296,2025,1학기,A,신광철,
3325,297,2025,1학기,A,김상덕,
3326,1537,2025,1학기,A,이영남,
3327,298,2025,1학기,A,김윤성,
3328,299,2025,1학기,A,김윤성,
3329,300,2025,1학기,A,이아영,
3330,301,2025,1학기,A,민병록,
3331,302,2025,1학기,A,김예랑,
3332,302,2025,1학기,B,서동미,
3333,303,2025,1학기,A,강병노,
3334,303,2025,1학기,B,한서연,
3335,304,2025,1학기,A,장익현,
3336,304,2025,1학기,B,제갈현숙,
3337,305,2025,1학기,A,김동심,
3338,306,2025,1학기,A,김유진,
3339,307,2025,1학기,A,홍선미,
3340,307,2025,1학기,B,홍선미,
3341,308,2025,1학기,A,장익현,
3342,309,2025,1학기,A,홍선미,
3343,309,2025,1학기,B,홍선미,
3344,310,2025,1학기,A,김예랑,
3345,310,2025,1학기,B,김예랑,
3346,311,2025,1학기,A,김은영,
3347,312,2025,1학기,A,제갈현숙,
3348,313,2025,1학기,A,장익현,
3349,313,2025,1학기,B,민병록,
3350,314,2025,1학기,A,김은영,
3351,314,2025,1학기,B,김은영,
3352,1538,2025,1학기,A,김용훈,
3353,327,2025,1학기,A,윤효석,
3354,328,2025,1학기,A,이양선,
3355,328,2025,1학기,B,박기홍,
3356,328,2025,1학기,C,"오석희, 이은경",
3357,329,2025,1학기,A,"류승택, 이은경",
3358,330,2025,1학기,A,박성진,
3359,331,2025,1학기,A,이양선,
3360,315,2025,1학기,B1,이양선,
3361,315,2025,1학기,E1,박기홍,
3362,315,2025,1학기,E2,박기홍,
3363,315,2025,1학기,C1,이용걸,
3364,334,2025,1학기,A,손승일,
3365,336,2025,1학기,A,이용걸,
3366,1539,2025,1학기,A,정승민,
3367,340,2025,1학기,A,임익수,
3368,341,2025,1학기,A,박기홍,
3369,342,2025,1학기,A,"안현, 전소화",
3370,342,2025,1학기,B,"신대진, 이용걸",
3371,343,2025,1학기,A,"신대진, 이용걸",
3372,344,2025,1학기,A,안현,
3373,315,2025,1학기,H1,안현,
3374,315,2025,1학기,N1,김애영,
3375,345,2025,1학기,A,정희진,
3376,346,2025,1학기,A,유한나,
3377,347,2025,1학기,A,백상현,
3378,348,2025,1학기,A,김남희,
3379,349,2025,1학기,A,옥장흠,
3380,350,2025,1학기,A,옥장흠,
3381,351,2025,1학기,A,김동심,
3382,352,2025,1학기,A,김윤정,
3383,353,2025,1학기,A,옥장흠,
3384,354,2025,1학기,A,백상현,
3385,355,2025,1학기,A,김동심,
3386,1540,2025,1학기,A,하얼빈상업대,
3387,1541,2025,1학기,A,대만장영대,
3388,360,2025,1학기,A,산동여자대학,
3389,361,2025,1학기,A,산동여자대학,
3390,362,2025,1학기,A,대만장영대,
3391,1542,2025,1학기,A,산동여자대학,
3392,1543,2025,1학기,A,대만장영대,
3393,1036,2025,1학기,A,대만장영대,
3394,367,2025,1학기,A,목단강사범대학교,
3395,378,2025,1학기,A,대만장영대,
3396,382,2025,1학기,A,산동여자대학,
3397,404,2025,1학기,A,화동사범대학,
3398,1544,2025,1학기,A,목단강사범대학교,
3399,1545,2025,1학기,A,목단강사범대학교,
3400,1546,2025,1학기,A,대만장영대,
3401,1547,2025,1학기,A,대만장영대,
3402,1548,2025,1학기,A,대만장영대,
3403,1549,2025,1학기,A,대만장영대,
3404,1550,2025,1학기,A,대만장영대,
3405,1551,2025,1학기,A,대만장영대,
3406,1552,2025,1학기,A,대만장영대,
3407,1553,2025,1학기,A,산동여자대학,
3408,1554,2025,1학기,A,산동여자대학,
3409,1555,2025,1학기,A,산동여자대학,
3410,1556,2025,1학기,A,산동여자대학,
3411,1557,2025,1학기,A,산동여자대학,
3412,1558,2025,1학기,A,산동여자대학,
3413,1559,2025,1학기,A,화동사범대학,
3414,1560,2025,1학기,A,화동사범대학,
3415,1561,2025,1학기,A,일본나가사키대학,
3416,1562,2025,1학기,A,독일하이델베르크,
3417,1563,2025,1학기,A,독일하이델베르크,
3418,410,2025,1학기,A,독일하이델베르크,
3419,1564,2025,1학기,A,독일하이델베르크,
3420,1565,2025,1학기,A,독일하이델베르크,
3421,1566,2025,1학기,A,독일하이델베르크,
3422,1567,2025,1학기,A,독일하이델베르크,
3423,437,2025,1학기,A,게이센여자대학,
3424,1568,2025,1학기,A,게이센여자대학,
3425,1569,2025,1학기,A,일본나가사키대학,
3426,440,2025,1학기,A,일본나가사키대학,
3427,1570,2025,1학기,A,일본나가사키대학,
3428,449,2025,1학기,A,게이센여자대학,
3429,450,2025,1학기,A,일본나가사키대학,
3430,1571,2025,1학기,A,일본나가사키대학,
3431,1572,2025,1학기,A,일본나가사키대학,
3432,1573,2025,1학기,A,게이센여자대학,
3433,1574,2025,1학기,A,게이센여자대학,
3434,1575,2025,1학기,A,게이센여자대학,
3435,1576,2025,1학기,A,게이센여자대학,
3436,1577,2025,1학기,A,일본나가사키대학,
3437,1578,2025,1학기,A,일본나가사키대학,
3438,1579,2025,1학기,A,일본나가사키대학,
3439,1580,2025,1학기,A,일본나가사키대학,
3440,1581,2025,1학기,A,일본나가사키대학,
3441,1582,2025,1학기,A,일본나가사키대학,
3442,1583,2025,1학기,A,일본나가사키대학,
3443,1584,2025,1학기,A,일본나가사키대학,
3444,1585,2025,1학기,A,일본나가사키대학,
3445,1586,2025,1학기,A,일본나가사키대학,
3446,1587,2025,1학기,A,일본나가사키대학,
3447,1588,2025,1학기,A,일본나가사키대학,
3448,1589,2025,1학기,A,일본나가사키대학,
3449,1590,2025,1학기,A,일본나가사키대학,
3450,1591,2025,1학기,A,일본나가사키대학,
3451,1592,2025,1학기,A,일본나가사키대학,
3452,1593,2025,1학기,A,일본나가사키대학,
3453,1594,2025,1학기,A,일본나가사키대학,
3454,1595,2025,1학기,A,일본나가사키대학,
3455,1596,2025,1학기,A,일본나가사키대학,
3456,1093,2025,1학기,A,하얼빈상업대,
3457,1597,2025,1학기,A,하얼빈상업대,
3458,1598,2025,1학기,A,목단강사범대학교,
3459,1599,2025,1학기,A,하얼빈상업대,
3460,1096,2025,1학기,A,하얼빈상업대,
3461,1600,2025,1학기,A,하얼빈상업대,
3462,478,2025,1학기,A,목단강사범대학교,
3463,479,2025,1학기,A,목단강사범대학교,
3464,1103,2025,1학기,A,하얼빈상업대,
3465,1104,2025,1학기,A,하얼빈상업대,
3466,1601,2025,1학기,A,북경공업대학,
3467,1602,2025,1학기,A,북경공업대학,
3468,1603,2025,1학기,A,북경공업대학,
3469,1604,2025,1학기,A,북경공업대학,
3470,1605,2025,1학기,A,도쿄외국어대학,
3471,1606,2025,1학기,A,도쿄외국어대학,
3472,1607,2025,1학기,A,도쿄외국어대학,
3473,1608,2025,1학기,A,도쿄외국어대학,
3474,1609,2025,1학기,A,도쿄외국어대학,
3475,1610,2025,1학기,A,도쿄외국어대학,
3476,1611,2025,1학기,A,도쿄외국어대학,
3477,1612,2025,1학기,A,,
3478,1613,2025,1학기,A,일본나가사키대학,
3479,1614,2025,1학기,A,일본나가사키대학,
3480,1615,2025,1학기,A,일본나가사키대학,
3481,1616,2025,1학기,A,게이센여자대학,
3482,1617,2025,1학기,A,오키나와기독교학원대학,
3483,1618,2025,1학기,A,오키나와기독교학원대학,
3484,1619,2025,1학기,A,오키나와기독교학원대학,
3485,1620,2025,1학기,A,오키나와기독교학원대학,
3486,1621,2025,1학기,A,오키나와기독교학원대학,
3487,1622,2025,1학기,A,오키나와기독교학원대학,
3488,1623,2025,1학기,A,오키나와기독교학원대학,
3489,1624,2025,1학기,A,오키나와기독교학원대학,
3490,1625,2025,1학기,A,오키나와기독교학원대학,
3491,1626,2025,1학기,A,오키나와기독교학원대학,
3492,481,2025,1학기,A,흐라데츠클라로베,
3493,482,2025,1학기,A,흐라데츠클라로베,
3494,1627,2025,1학기,A,흐라데츠클라로베,
3495,485,2025,1학기,A,흐라데츠클라로베,
3496,499,2025,1학기,A,,
3497,500,2025,1학기,A,,
3498,501,2025,1학기,A,,
3499,502,2025,1학기,A,,
3500,503,2025,1학기,A,,
3501,1628,2025,1학기,A,흐라데츠클라로베,
3502,1629,2025,1학기,A,흐라데츠클라로베,
3503,1630,2025,1학기,A,흐라데츠클라로베,
3504,1631,2025,1학기,A,흐라데츠클라로베,
3505,1632,2025,1학기,A,흐라데츠클라로베,
3506,507,2025,1학기,A,레니슨대학교,
3507,508,2025,1학기,A,레니슨대학교,
3508,509,2025,1학기,A,레니슨대학교,
3509,510,2025,1학기,A,레니슨대학교,
3510,1145,2025,1학기,A,레니슨대학교,
3511,1633,2025,1학기,A,레니슨대학교,
3512,1634,2025,1학기,A,레니슨대학교,
3513,1635,2025,1학기,A,레니슨대학교,
3514,1636,2025,1학기,A,레니슨대학교,
3515,1637,2025,1학기,A,인천대,
3516,1638,2025,1학기,A,인천대,
3517,512,2025,1학기,A,인천대,
3518,1639,2025,1학기,A,인천대,
3519,1640,2025,1학기,A,인천대,
3520,1641,2025,1학기,A,인천대,
3521,93,2025,1학기,A,"OCU컨소시엄, 박슬기롭다",
3522,94,2025,1학기,A,"OCU컨소시엄, 박슬기롭다",
3523,515,2025,1학기,A,"OCU컨소시엄, 박슬기롭다",
3524,516,2025,1학기,A,"OCU컨소시엄, 박슬기롭다",
3525,1642,2025,1학기,A,"OCU컨소시엄, 박슬기롭다",
3526,1643,2025,1학기,A,"OCU컨소시엄, 박슬기롭다",
3527,518,2025,1학기,A,"OCU컨소시엄, 박슬기롭다",
3528,1644,2025,1학기,A,"OCU컨소시엄, 박슬기롭다",
3529,1645,2025,1학기,A,"OCU컨소시엄, 박슬기롭다",
3530,1646,2025,1학기,A,"OCU컨소시엄, 박슬기롭다",
3531,315,2025,1학기,I1,노승철,
3532,522,2025,1학기,A,장정해,
3533,523,2025,1학기,A,강명구,
3534,524,2025,1학기,A,최명일,
3535,527,2025,1학기,A,서정욱,
3536,1647,2025,1학기,A,임익수,
3537,528,2025,1학기,A,강명구,
3538,529,2025,1학기,A,최명일,
3539,530,2025,1학기,A,오석희,
3540,531,2025,1학기,A,"심혜경, 오동식, 전춘명",
3541,531,2025,1학기,B,"심혜경, 오동식, 전춘명",
3542,531,2025,1학기,C,"심혜경, 오동식, 전춘명",
3543,532,2025,1학기,A,최민성,
3544,532,2025,1학기,B,최민성,
3545,1164,2025,1학기,A,신광철,
3546,1164,2025,1학기,B,이종현,
3547,534,2025,1학기,A,백수린,
3548,534,2025,1학기,B,강지희,
3549,535,2025,1학기,A,김주한,
3550,540,2025,1학기,A,오동식,
3551,541,2025,1학기,A,국세라,
3552,542,2025,1학기,A,오동식,
3553,543,2025,1학기,A,오동식,
3554,1173,2025,1학기,A,심혜경,
3555,544,2025,1학기,A,발렌틴 안더르트,
3556,545,2025,1학기,A,오동식,
3557,547,2025,1학기,A,심혜경,
3558,548,2025,1학기,A,심혜경,
3559,549,2025,1학기,A,심윤진,
3560,550,2025,1학기,A,오동식,
3561,551,2025,1학기,A,전춘명,
3562,1648,2025,1학기,A,전춘명,
3563,104,2025,1학기,A,전춘명,
3564,315,2025,1학기,J1,오동식,
3565,552,2025,1학기,A,이향미,
3566,552,2025,1학기,B,서강목,
3567,553,2025,1학기,A,홍승진,
3568,554,2025,1학기,A,LUCIER PETER,
3569,556,2025,1학기,A,LUCIER PETER,
3570,557,2025,1학기,A,이향미,
3571,557,2025,1학기,B,김지혜,
3572,558,2025,1학기,A,LUCIER PETER,
3573,558,2025,1학기,B,LUCIER PETER,
3574,1649,2025,1학기,A,박미선,
3575,560,2025,1학기,A,이향미,
3576,561,2025,1학기,A,박미선,
3577,562,2025,1학기,A,서강목,
3578,1650,2025,1학기,A,김지혜,
3579,564,2025,1학기,A,박미선,
3580,566,2025,1학기,A,김지혜,
3581,568,2025,1학기,A,임지은,
3582,569,2025,1학기,A,이미선,
3583,570,2025,1학기,A,김민수,
3584,1651,2025,1학기,A,박춘근,
3585,1652,2025,1학기,A,강지희,
3586,571,2025,1학기,A,임지은,
3587,572,2025,1학기,A,백수린,
3588,573,2025,1학기,A,류재향,
3589,1653,2025,1학기,A,정한아,
3590,576,2025,1학기,A,류재향,
3591,1654,2025,1학기,A,정한아,
3592,577,2025,1학기,A,이미선,
3593,578,2025,1학기,A,강지희,
3594,580,2025,1학기,A,정한아,
3595,581,2025,1학기,A,유형동,
3596,1208,2025,1학기,A,김지혜,
3597,586,2025,1학기,A,심동수,
3598,587,2025,1학기,A,김혜진,
3599,1218,2025,1학기,A,김혜련,
3600,591,2025,1학기,A,유형동,
3601,1655,2025,1학기,A,김지혜,
3602,1656,2025,1학기,A,김지혜,
3603,1657,2025,1학기,A,유문선,
3604,1658,2025,1학기,A,유형동,
3605,592,2025,1학기,A,유형동,
3606,593,2025,1학기,A,유문선,
3607,1659,2025,1학기,A,김혜련,
3608,1660,2025,1학기,A,이형원,
3609,596,2025,1학기,A,정무용,
3610,597,2025,1학기,A,이형원,
3611,598,2025,1학기,A,이형원,
3612,599,2025,1학기,A,이영남,
3613,600,2025,1학기,A,조민지,
3614,601,2025,1학기,A,이시연,
3615,1661,2025,1학기,A,정해득,
3616,602,2025,1학기,A,이미선,
3617,604,2025,1학기,A,김한상,
3618,606,2025,1학기,A,김봉수,
3619,607,2025,1학기,B,정해득,
3620,608,2025,1학기,A,정무용,
3621,609,2025,1학기,A,"이영남, 이형원, 정무용",
3622,611,2025,1학기,A,이형원,
3623,1662,2025,1학기,A,정무용,
3624,1663,2025,1학기,A,이영남,
3625,1664,2025,1학기,A,이광복,
3626,613,2025,1학기,A,김용표,
3627,1665,2025,1학기,A,최정규,
3628,614,2025,1학기,A,최민성,
3629,1666,2025,1학기,A,최민성,
3630,616,2025,1학기,A,김남희,
3631,617,2025,1학기,A,장정해,
3632,519,2025,1학기,A,문미진,
3633,618,2025,1학기,A,장정해,
3634,619,2025,1학기,A,진연,
3635,620,2025,1학기,A,문미진,
3636,621,2025,1학기,A,진연,
3637,622,2025,1학기,A,문미진,
3638,623,2025,1학기,A,류기수,
3639,1667,2025,1학기,A,류기수,
3640,1668,2025,1학기,A,PANG LI,
3641,1668,2025,1학기,B,PANG LI,
3642,1669,2025,1학기,A,문미진,
3643,624,2025,1학기,A,이종현,
3644,624,2025,1학기,B,박민하,
3645,625,2025,1학기,A,김윤성,
3646,625,2025,1학기,B,김윤성,
3647,1670,2025,1학기,A,박민하,
3648,626,2025,1학기,A,박미영,
3649,627,2025,1학기,A,장해라,
3650,1671,2025,1학기,A,김윤성,
3651,1671,2025,1학기,B,이종현,
3652,629,2025,1학기,A,이종현,
3653,1672,2025,1학기,A,신광철,
3654,630,2025,1학기,A,신광철,
3655,631,2025,1학기,A,배현주,
3656,632,2025,1학기,A,장해라,
3657,1673,2025,1학기,A,박미영,
3658,1674,2025,1학기,A,신광철,
3659,637,2025,1학기,A,이종현,
3660,638,2025,1학기,A,김윤성,
3661,315,2025,1학기,G1,이종현,
3662,315,2025,1학기,L1,김윤성,
3663,642,2025,1학기,A,주장환,
3664,643,2025,1학기,A,황선미,
3665,1675,2025,1학기,A,"이일영, 황선미",
3666,1675,2025,1학기,B,"김도희, 주장환",
3667,646,2025,1학기,A,김도희,
3668,647,2025,1학기,A,황선미,
3669,1676,2025,1학기,A,주장환,
3670,1677,2025,1학기,A,황선미,
3671,649,2025,1학기,A,김도희,
3672,1678,2025,1학기,A,황선미,
3673,1679,2025,1학기,A,유은하,
3674,650,2025,1학기,A,하종문,
3675,651,2025,1학기,A,YOSHIDA SAORI,
3676,1680,2025,1학기,A,소리마치 마스미,
3677,652,2025,1학기,A,소리마치 마스미,
3678,654,2025,1학기,A,송주명,
3679,655,2025,1학기,A,송주명,
3680,656,2025,1학기,A,김남은,
3681,1681,2025,1학기,A,하종문,
3682,657,2025,1학기,A,하종문,
3683,659,2025,1학기,A,YOSHIDA SAORI,
3684,1682,2025,1학기,A,염동호,
3685,1683,2025,1학기,A,YOSHIDA SAORI,
3686,660,2025,1학기,A,송주명,
3687,1684,2025,1학기,A,김남은,
3688,664,2025,1학기,A,정희진,
3689,665,2025,1학기,A,정희진,
3690,665,2025,1학기,B,정희진,
3691,666,2025,1학기,A,정지영,
3692,1685,2025,1학기,A,연제호,
3693,667,2025,1학기,A,전창환,
3694,668,2025,1학기,A,연제호,
3695,1686,2025,1학기,A,전창환,
3696,1687,2025,1학기,A,정지영,
3697,669,2025,1학기,A,정희진,
3698,670,2025,1학기,A,남혜지,
3699,1688,2025,1학기,A,남혜지,
3700,672,2025,1학기,A,정희진,
3701,673,2025,1학기,A,정지영,
3702,1689,2025,1학기,A,전창환,
3703,675,2025,1학기,A,김혜성,
3704,676,2025,1학기,A,최미호,
3705,677,2025,1학기,A,한재명,
3706,678,2025,1학기,A,양우진,
3707,679,2025,1학기,A,성락선,
3708,681,2025,1학기,A,한재명,
3709,682,2025,1학기,A,한재명,
3710,683,2025,1학기,A,고기영,
3711,684,2025,1학기,A,성락선,
3712,685,2025,1학기,A,강남훈,
3713,690,2025,1학기,A,최형익,
3714,691,2025,1학기,A,이해영,
3715,692,2025,1학기,A,홍용덕,
3716,693,2025,1학기,A,박상준,
3717,1690,2025,1학기,A,박상남,
3718,696,2025,1학기,A,이종운,
3719,696,2025,1학기,B,최지나,
3720,697,2025,1학기,A,이해영,
3721,699,2025,1학기,A,김형철,
3722,700,2025,1학기,A,박상남,
3723,701,2025,1학기,A,송종운,
3724,703,2025,1학기,B,노태경,
3725,1691,2025,1학기,A,송종운,
3726,1692,2025,1학기,A,박상남,
3727,1693,2025,1학기,A,최형익,
3728,315,2025,1학기,M1,이해영,
3729,705,2025,1학기,A,이해영,
3730,706,2025,1학기,A,이석민,
3731,707,2025,1학기,A,윤건,
3732,708,2025,1학기,A,윤건,
3733,1694,2025,1학기,A,노승철,
3734,709,2025,1학기,A,강현,
3735,710,2025,1학기,A,이석민,
3736,711,2025,1학기,A,노승철,
3737,1695,2025,1학기,A,이석민,
3738,1696,2025,1학기,A,장익현,
3739,1697,2025,1학기,A,윤건,
3740,715,2025,1학기,A,이석민,
3741,1698,2025,1학기,A,장광호,
3742,717,2025,1학기,A,노승철,
3743,718,2025,1학기,A,노승철,
3744,719,2025,1학기,A,이석민,
3745,1338,2025,1학기,A,윤건,
3746,1339,2025,1학기,A,윤건,
3747,1699,2025,1학기,A,성락선,
3748,1699,2025,1학기,B,최미호,
3749,1700,2025,1학기,A,"김도희, 황선미",
3750,1700,2025,1학기,B,"김도희, 황선미",
3751,1701,2025,1학기,A,이일영,
3752,688,2025,1학기,A,최형익,
3753,689,2025,1학기,A,윤건,
3754,720,2025,1학기,A,손정현,
3755,720,2025,1학기,B,신재우,
3756,721,2025,1학기,A,김병조,
3757,721,2025,1학기,B,최지환,
3758,721,2025,1학기,C,김병조,
3759,722,2025,1학기,A,정기현,
3760,722,2025,1학기,B,박혜영,
3761,723,2025,1학기,A,염건,
3762,724,2025,1학기,A,김경민,
3763,1702,2025,1학기,A,최지환,
3764,725,2025,1학기,A,유현미,
3765,725,2025,1학기,B,유현미,
3766,1703,2025,1학기,A,김경민,
3767,726,2025,1학기,A,김병조,
3768,727,2025,1학기,A,이건범,
3769,126,2025,1학기,A,정의범,
3770,729,2025,1학기,A,김병조,
3771,730,2025,1학기,A,정의범,
3772,730,2025,1학기,B,정의범,
3773,731,2025,1학기,A,김경민,
3774,732,2025,1학기,A,이건범,
3775,1704,2025,1학기,A,홍원의,
3776,733,2025,1학기,A,손정현,
3777,734,2025,1학기,A,오창호,
3778,736,2025,1학기,A,신재우,
3779,737,2025,1학기,A,김상욱,
3780,738,2025,1학기,A,신재우,
3781,739,2025,1학기,A,권상지,
3782,740,2025,1학기,A,권상지,
3783,741,2025,1학기,A,김권수,
3784,1705,2025,1학기,A,신재우,
3785,742,2025,1학기,A,김권수,
3786,743,2025,1학기,A,최경아,
3787,744,2025,1학기,A,신재우,
3788,745,2025,1학기,A,한광희,
3789,745,2025,1학기,B,이상준,
3790,746,2025,1학기,A,"김상욱, 신재우",
3791,747,2025,1학기,A,유현미,
3792,748,2025,1학기,A,손정현,
3793,749,2025,1학기,A,김권수,
3794,69,2025,1학기,A,장종익,
3795,750,2025,1학기,A,유한나,
3796,752,2025,1학기,A,김인선,
3797,1370,2025,1학기,A,이종운,
3798,754,2025,1학기,A,장종익,
3799,755,2025,1학기,A,장종익,
3800,755,2025,1학기,B,유한나,
3801,756,2025,1학기,A,양영수,
3802,757,2025,1학기,A,양영수,
3803,1706,2025,1학기,A,양영수,
3804,758,2025,1학기,A,김인선,
3805,1707,2025,1학기,A,고기영,
3806,71,2025,1학기,A,양영수,
3807,71,2025,1학기,B,유한나,
3808,315,2025,1학기,F1,유한나,
3809,1708,2025,1학기,A,이성미,
3810,762,2025,1학기,A,이성미,
3811,762,2025,1학기,B,이성미,
3812,72,2025,1학기,A,이윤우,
3813,74,2025,1학기,A,채희상,
3814,763,2025,1학기,A,문철수,
3815,764,2025,1학기,A,지원배,
3816,764,2025,1학기,B,오세정,
3817,765,2025,1학기,A,문철수,
3818,766,2025,1학기,A,차성덕,
3819,766,2025,1학기,B,차성덕,
3820,767,2025,1학기,A,김민철,
3821,767,2025,1학기,B,김민철,
3822,1709,2025,1학기,A,박혜영,
3823,1709,2025,1학기,B,박혜영,
3824,768,2025,1학기,A,채희상,
3825,769,2025,1학기,A,채희상,
3826,770,2025,1학기,A,류근환,
3827,770,2025,1학기,B,류근환,
3828,771,2025,1학기,A,정일건,
3829,771,2025,1학기,B,정일건,
3830,773,2025,1학기,A,이수호,
3831,78,2025,1학기,A,채희상,
3832,315,2025,1학기,A1,채희상,
3833,315,2025,1학기,D1,박혜영,
3834,774,2025,1학기,A,"남세현, 노중기, 안도연, 유희정, 이경숙, 장익현",
3835,774,2025,1학기,B,"남세현, 노중기, 안도연, 유희정, 이경숙, 장익현",
3836,774,2025,1학기,C,"남세현, 노중기, 안도연, 유희정, 이경숙, 장익현",
3837,775,2025,1학기,A,김상원,
3838,775,2025,1학기,B,허효선,
3839,776,2025,1학기,A,김종엽,
3840,777,2025,1학기,A,정찬대,
3841,1710,2025,1학기,A,김현희,
3842,779,2025,1학기,A,김민환,
3843,1711,2025,1학기,A,정찬대,
3844,780,2025,1학기,A,김종엽,
3845,1712,2025,1학기,A,김종엽,
3846,781,2025,1학기,A,박서재,
3847,782,2025,1학기,A,박서재,
3848,1713,2025,1학기,A,노중기,
3849,783,2025,1학기,A,권오용,
3850,1714,2025,1학기,A,김종엽,
3851,786,2025,1학기,A,김종엽,
3852,787,2025,1학기,A,김용훈,
3853,788,2025,1학기,A,이경숙,
3854,788,2025,1학기,B,김용훈,
3855,789,2025,1학기,A,이경숙,
3856,789,2025,1학기,B,강지연,
3857,790,2025,1학기,A,백변경희,
3858,1715,2025,1학기,A,장홍영,
3859,1716,2025,1학기,A,양재희,
3860,791,2025,1학기,A,김용훈,
3861,1717,2025,1학기,A,백변경희,
3862,792,2025,1학기,A,한정재,
3863,793,2025,1학기,A,김선형,
3864,794,2025,1학기,A,김선형,
3865,121,2025,1학기,A,남세현,
3866,796,2025,1학기,A,이경숙,
3867,797,2025,1학기,A,최종태,
3868,798,2025,1학기,A,홍정은,
3869,799,2025,1학기,A,한정재,
3870,1718,2025,1학기,A,이경숙,
3871,1719,2025,1학기,A,안도연,
3872,801,2025,1학기,A,조영원,
3873,801,2025,1학기,B,조영원,
3874,802,2025,1학기,A,오현숙,
3875,802,2025,1학기,B,오현숙,
3876,802,2025,1학기,C,장지흠,
3877,803,2025,1학기,A,강지은,
3878,1720,2025,1학기,A,허효선,
3879,804,2025,1학기,A,장지흠,
3880,805,2025,1학기,A,구훈정,
3881,807,2025,1학기,A,"구훈정, 안도연",
3882,1721,2025,1학기,A,이은선,
3883,123,2025,1학기,A,구훈정,
3884,1722,2025,1학기,A,유희정,
3885,1722,2025,1학기,B,유희정,
3886,1723,2025,1학기,A,이영진,
3887,1724,2025,1학기,A,유희정,
3888,814,2025,1학기,A,김상원,
3889,1725,2025,1학기,A,김영주,
3890,1726,2025,1학기,A,김상원,
3891,815,2025,1학기,A,김영주,
3892,816,2025,1학기,A,구훈정,
3893,1727,2025,1학기,A,이영진,
3894,818,2025,1학기,A,채수원,
3895,819,2025,1학기,A,조규청,
3896,820,2025,1학기,A,조규청,
3897,1728,2025,1학기,A,우승정,
3898,821,2025,1학기,A,명왕성,
3899,821,2025,1학기,B,박현미,
3900,823,2025,1학기,A,연분홍,
3901,1729,2025,1학기,A,강이용,
3902,824,2025,1학기,A,김수겸,
3903,1730,2025,1학기,A,연분홍,
3904,1731,2025,1학기,A,전유나,
3905,825,2025,1학기,A,조석준,
3906,828,2025,1학기,A,명왕성,
3907,1732,2025,1학기,A,연분홍,
3908,829,2025,1학기,A,박상현,
3909,830,2025,1학기,A,박상현,
3910,1733,2025,1학기,A,김수겸,
3911,833,2025,1학기,A,박기현,
3912,835,2025,1학기,A,윤성식,
3913,1734,2025,1학기,A,윤성식,
3914,838,2025,1학기,A,박기현,
3915,1735,2025,1학기,A,윤성식,
3916,840,2025,1학기,A,양춘우,
3917,842,2025,1학기,A,정재웅,
3918,843,2025,1학기,A,양춘우,
3919,1736,2025,1학기,A,정재웅,
3920,1737,2025,1학기,A,정재웅,
3921,1738,2025,1학기,A,윤성식,
3922,845,2025,1학기,A,정재웅,
3923,846,2025,1학기,A,박동련,
3924,846,2025,1학기,B,유한나,
3925,847,2025,1학기,A,박동련,
3926,848,2025,1학기,A,박동련,
3927,850,2025,1학기,A,변종석,
3928,1739,2025,1학기,A,박상현,
3929,1740,2025,1학기,A,변종석,
3930,851,2025,1학기,A,유한나,
3931,853,2025,1학기,A,유한나,
3932,854,2025,1학기,A,유한나,
3933,1741,2025,1학기,A,김유신,
3934,855,2025,1학기,A,이형우,
3935,855,2025,1학기,B,조성호,
3936,855,2025,1학기,C,조성호,
3937,855,2025,1학기,D,강민구,
3938,855,2025,1학기,E,서정욱,
3939,855,2025,1학기,F,이애본,
3940,855,2025,1학기,G,이용걸,
3941,855,2025,1학기,H,김동석,
3942,856,2025,1학기,A,강영경,
3943,856,2025,1학기,B,윤효석,
3944,856,2025,1학기,C,손승일,
3945,856,2025,1학기,D,이용걸,
3946,856,2025,1학기,E,오윤식,
3947,856,2025,1학기,F,이경호,
3948,856,2025,1학기,G,윤효석,
3949,856,2025,1학기,H,손승일,
3950,857,2025,1학기,A,임익수,
3951,857,2025,1학기,B,조연진,
3952,857,2025,1학기,C,손승일,
3953,857,2025,1학기,D,백수진,
3954,857,2025,1학기,E,이애본,
3955,857,2025,1학기,F,임익수,
3956,857,2025,1학기,G,백수진,
3957,858,2025,1학기,A,전소화,
3958,858,2025,1학기,B,전소화,
3959,858,2025,1학기,C,박성진,
3960,858,2025,1학기,D,김선만,
3961,858,2025,1학기,E,김선만,
3962,858,2025,1학기,F,김현경,
3963,858,2025,1학기,G,김현경,
3964,859,2025,1학기,A,이성구,
3965,859,2025,1학기,B,이형우,
3966,859,2025,1학기,C,이형우,
3967,859,2025,1학기,D,김성기,
3968,859,2025,1학기,E,김성기,
3969,859,2025,1학기,F,조성호,
3970,859,2025,1학기,G,이애본,
3971,860,2025,1학기,A,최창원,
3972,860,2025,1학기,B,이양선,
3973,860,2025,1학기,C,서정욱,
3974,860,2025,1학기,D,여협구,
3975,860,2025,1학기,E,오윤식,
3976,860,2025,1학기,G,강민구,
3977,1742,2025,1학기,A,이성구,
3978,1742,2025,1학기,B,이성구,
3979,1743,2025,1학기,A,박성진,
3980,1743,2025,1학기,B,박성진,
3981,1744,2025,1학기,A,이형우,
3982,1744,2025,1학기,B,김애영,
3983,1745,2025,1학기,A,조성호,
3984,1745,2025,1학기,B,조성호,
3985,1746,2025,1학기,A,강영경,
3986,1746,2025,1학기,B,강영경,
3987,1746,2025,1학기,C,이찬행,
3988,1746,2025,1학기,D,이찬행,
3989,1747,2025,1학기,A,류승택,
3990,1747,2025,1학기,B,박기홍,
3991,1747,2025,1학기,C,정승민,
3992,1748,2025,1학기,A,오석희,
3993,1749,2025,1학기,A,김선만,
3994,1750,2025,1학기,A,이양선,
3995,1751,2025,1학기,A,안현,
3996,1752,2025,1학기,A,이용걸,
3997,1753,2025,1학기,A,윤효석,
3998,1753,2025,1학기,B,윤효석,
3999,863,2025,1학기,A,서정욱,
4000,1754,2025,1학기,A,김선만,
4001,1755,2025,1학기,A,오석희,
4002,1756,2025,1학기,A,홍승필,
4003,862,2025,1학기,A,한근식,
4004,861,2025,1학기,A,백상현,
4005,864,2025,1학기,A,오석희,
4006,866,2025,1학기,A,정승민,
4007,1757,2025,1학기,A,정승민,
4008,1758,2025,1학기,A,여협구,
4009,1759,2025,1학기,A,백수진,
4010,1760,2025,1학기,A,여협구,
4011,1761,2025,1학기,A,백수진,
4012,832,2025,1학기,A,정재웅,
4013,832,2025,1학기,B,정재웅,
4014,1762,2025,1학기,A,변종석,
4015,1762,2025,1학기,B,김유신,
4016,41,2025,2학기,A,정예수,
4017,867,2025,2학기,A,신남미,
4018,1763,2025,2학기,A,PANG LI,
4019,1764,2025,2학기,A,PANG LI,
4020,1765,2025,2학기,A,김연숙,
4021,1766,2025,2학기,A,신남미,
4022,1767,2025,2학기,A,이영훈,
4023,1767,2025,2학기,B,이영훈,
4024,17,2025,2학기,A,"김광연, 나현기, 한경미",
4025,18,2025,2학기,A,"김광연, 나현기, 한경미",
4026,18,2025,2학기,B,"김광연, 나현기, 한경미",
4027,19,2025,2학기,A,"김광연, 나현기, 한경미",
4028,19,2025,2학기,B,"김광연, 나현기, 한경미",
4029,49,2025,2학기,A,신정아,
4030,21,2025,2학기,A,진형섭,
4031,21,2025,2학기,B,박재형,
4032,21,2025,2학기,C,이수연,
4033,21,2025,2학기,D,진형섭,
4034,21,2025,2학기,E,진형섭,
4035,21,2025,2학기,F,이수연,
4036,868,2025,2학기,A,박재형,
4037,25,2025,2학기,A,"김광연, 나현기, 한경미",
4038,25,2025,2학기,B,"김광연, 나현기, 한경미",
4039,26,2025,2학기,A,장순택,
4040,30,2025,2학기,A2,이서영,
4041,30,2025,2학기,A4,김주한,
4042,30,2025,2학기,A6,김희선,
4043,30,2025,2학기,AA,박기홍,
4044,30,2025,2학기,AB,강영경,
4045,30,2025,2학기,AC,손승일,
4046,30,2025,2학기,AD,서정욱,
4047,30,2025,2학기,AE,오석희,
4048,30,2025,2학기,AF,이성구,
4049,30,2025,2학기,AG,조성호,
4050,30,2025,2학기,AH,이경옥,
4051,30,2025,2학기,AI,이양선,
4052,30,2025,2학기,AJ,강민구,
4053,30,2025,2학기,AN,한경미,
4054,30,2025,2학기,AT,김대오,
4055,30,2025,2학기,AU,김희정,
4056,30,2025,2학기,AW,전춘명,
4057,30,2025,2학기,AX,오동식,
4058,30,2025,2학기,B1,김지혜,
4059,30,2025,2학기,B2,유형동,
4060,30,2025,2학기,B5,김지혜,
4061,30,2025,2학기,B6,이향미,
4062,30,2025,2학기,B7,박미선,
4063,30,2025,2학기,BA,이향미,
4064,30,2025,2학기,BC,김지혜,
4065,30,2025,2학기,BD,박미선,
4066,30,2025,2학기,BG,백수린,
4067,30,2025,2학기,BH,정한아,
4068,30,2025,2학기,BJ,김지혜,
4069,30,2025,2학기,BK,유형동,
4070,30,2025,2학기,BN,이형원,
4071,30,2025,2학기,BO,정해득,
4072,30,2025,2학기,BP,정무용,
4073,30,2025,2학기,BQ,이영남,
4074,30,2025,2학기,BR,류기수,
4075,30,2025,2학기,BS,장정해,
4076,30,2025,2학기,BT,최민성,
4077,30,2025,2학기,BU,김남희,
4078,30,2025,2학기,BW,신광철,
4079,30,2025,2학기,BX,김윤성,
4080,30,2025,2학기,BY,이종현,
4081,30,2025,2학기,C1,정무용,
4082,30,2025,2학기,C2,이형원,
4083,30,2025,2학기,C3,정해득,
4084,30,2025,2학기,C4,이영남,
4085,30,2025,2학기,C6,백수린,
4086,30,2025,2학기,C7,정한아,
4087,30,2025,2학기,CA,여협구,
4088,30,2025,2학기,CB,김선만,
4089,30,2025,2학기,CC,류승택,
4090,30,2025,2학기,CD,박성진,
4091,30,2025,2학기,CE,백수진,
4092,30,2025,2학기,CF,안현,
4093,30,2025,2학기,CH,이용걸,
4094,30,2025,2학기,D1,전춘명,
4095,30,2025,2학기,D2,오동식,
4096,30,2025,2학기,D6,김대오,
4097,30,2025,2학기,D7,김희정,
4098,30,2025,2학기,DA,이형우,
4099,30,2025,2학기,DB,임익수,
4100,30,2025,2학기,DC,정승민,
4101,30,2025,2학기,DD,홍승필,
4102,30,2025,2학기,E1,김상덕,
4103,30,2025,2학기,E4,신광철,
4104,30,2025,2학기,E5,김윤성,
4105,30,2025,2학기,E6,이종현,
4106,30,2025,2학기,EA,고우경,
4107,30,2025,2학기,EB,공주형,
4108,30,2025,2학기,EC,김민환,
4109,30,2025,2학기,ED,박종현,
4110,30,2025,2학기,EE,송주현,
4111,30,2025,2학기,EF,서경희,
4112,30,2025,2학기,EG,심주연,
4113,30,2025,2학기,EH,염동호,
4114,30,2025,2학기,EI,이익주,
4115,30,2025,2학기,F1,류기수,
4116,30,2025,2학기,F2,장정해,
4117,30,2025,2학기,F3,최민성,
4118,30,2025,2학기,F4,김남희,
4119,30,2025,2학기,G1,이해영,
4120,30,2025,2학기,G3,조성대,
4121,30,2025,2학기,G5,박상남,
4122,30,2025,2학기,G6,성락선,
4123,30,2025,2학기,G7,한재명,
4124,30,2025,2학기,H2,노중기,
4125,30,2025,2학기,H3,김종엽,
4126,30,2025,2학기,I1,문철수,
4127,30,2025,2학기,I2,채희상,
4128,30,2025,2학기,I4,이성미,
4129,30,2025,2학기,I5,박혜영,
4130,30,2025,2학기,I6,김민철,
4131,30,2025,2학기,I7,정휘관,
4132,30,2025,2학기,J1,홍선미,
4133,30,2025,2학기,J2,주경희,
4134,30,2025,2학기,J3,김수경,
4135,30,2025,2학기,J4,장익현,
4136,30,2025,2학기,J6,백변경희,
4137,30,2025,2학기,J7,이경숙,
4138,30,2025,2학기,J8,남세현,
4139,30,2025,2학기,K2,박상현,
4140,30,2025,2학기,K3,조규청,
4141,30,2025,2학기,K6,구훈정,
4142,30,2025,2학기,K7,안도연,
4143,30,2025,2학기,K8,김상원,
4144,30,2025,2학기,K9,유희정,
4145,30,2025,2학기,L1,장종익,
4146,30,2025,2학기,L2,양영수,
4147,30,2025,2학기,L3,김경민,
4148,30,2025,2학기,L4,이건범,
4149,30,2025,2학기,L5,유현미,
4150,30,2025,2학기,L6,최지환,
4151,30,2025,2학기,L7,정의범,
4152,30,2025,2학기,L9,유한나,
4153,30,2025,2학기,M2,신재우,
4154,30,2025,2학기,M3,김상욱,
4155,30,2025,2학기,M4,김도희,
4156,30,2025,2학기,M5,이일영,
4157,30,2025,2학기,M6,주장환,
4158,30,2025,2학기,M7,황선미,
4159,30,2025,2학기,N2,하종문,
4160,30,2025,2학기,N3,송주명,
4161,30,2025,2학기,N5,정지영,
4162,30,2025,2학기,N6,정희진,
4163,30,2025,2학기,O1,정재웅,
4164,30,2025,2학기,O2,윤성식,
4165,30,2025,2학기,O5,변종석,
4166,30,2025,2학기,O6,박동련,
4167,30,2025,2학기,O7,유한나,
4168,30,2025,2학기,O8,김유신,
4169,30,2025,2학기,S1,이일영,
4170,30,2025,2학기,S2,김도희,
4171,30,2025,2학기,S3,주장환,
4172,30,2025,2학기,S4,황선미,
4173,30,2025,2학기,S6,하종문,
4174,30,2025,2학기,S7,송주명,
4175,30,2025,2학기,T2,정지영,
4176,30,2025,2학기,T3,정희진,
4177,30,2025,2학기,T6,성락선,
4178,30,2025,2학기,T7,한재명,
4179,30,2025,2학기,U3,정재웅,
4180,30,2025,2학기,U6,김유신,
4181,30,2025,2학기,U8,유한나,
4182,30,2025,2학기,V1,이석민,
4183,30,2025,2학기,V2,윤건,
4184,30,2025,2학기,V3,노승철,
4185,30,2025,2학기,V4,윤건,
4186,30,2025,2학기,V5,이석민,
4187,30,2025,2학기,V6,노승철,
4188,30,2025,2학기,V7,이해영,
4189,30,2025,2학기,V8,조성대,
4190,30,2025,2학기,V9,박상남,
4191,30,2025,2학기,W1,유현미,
4192,30,2025,2학기,W2,김경민,
4193,30,2025,2학기,W3,이건범,
4194,30,2025,2학기,W4,정의범,
4195,30,2025,2학기,W5,최지환,
4196,30,2025,2학기,W7,신재우,
4197,30,2025,2학기,W9,김상욱,
4198,30,2025,2학기,X1,양영수,
4199,30,2025,2학기,X10,정휘관,
4200,30,2025,2학기,X2,장종익,
4201,30,2025,2학기,X3,유한나,
4202,30,2025,2학기,X4,김민철,
4203,30,2025,2학기,X5,이성미,
4204,30,2025,2학기,X6,문철수,
4205,30,2025,2학기,X7,채희상,
4206,30,2025,2학기,X9,박혜영,
4207,30,2025,2학기,Y1,홍선미,
4208,30,2025,2학기,Y2,주경희,
4209,30,2025,2학기,Y3,김수경,
4210,30,2025,2학기,Y4,장익현,
4211,30,2025,2학기,Y6,이경숙,
4212,30,2025,2학기,Y7,백변경희,
4213,30,2025,2학기,Y9,남세현,
4214,30,2025,2학기,Z1,노중기,
4215,30,2025,2학기,Z10,유희정,
4216,30,2025,2학기,Z3,김종엽,
4217,30,2025,2학기,Z7,김상원,
4218,30,2025,2학기,Z8,구훈정,
4219,30,2025,2학기,Z9,안도연,
4220,154,2025,2학기,A,유영국,
4221,155,2025,2학기,A,최은경,
4222,156,2025,2학기,A,"김광연, 나현기, 한경미",
4223,870,2025,2학기,A,최영호,
4224,871,2025,2학기,A,"김용희, 신수정",
4225,872,2025,2학기,A,이상철,
4226,873,2025,2학기,A,김선희,
4227,874,2025,2학기,A,이익주,
4228,875,2025,2학기,A,서연태,
4229,876,2025,2학기,A,김선희,
4230,877,2025,2학기,A,나경욱,
4231,878,2025,2학기,A,노중기,
4232,880,2025,2학기,A,박종현,
4233,882,2025,2학기,A,모리스,
4234,883,2025,2학기,A,이미선,
4235,884,2025,2학기,A,신광철,
4236,885,2025,2학기,A,이익주,
4237,1768,2025,2학기,A,주장환,
4238,886,2025,2학기,A,하종문,
4239,887,2025,2학기,A,김용훈,
4240,888,2025,2학기,A,신정아,
4241,177,2025,2학기,A,정태성,
4242,179,2025,2학기,A,허범식,
4243,890,2025,2학기,A,우승정,
4244,891,2025,2학기,A,김수겸,
4245,892,2025,2학기,A,박상현,
4246,893,2025,2학기,A,이성미,
4247,894,2025,2학기,A,강석원,
4248,894,2025,2학기,B,김대숙,
4249,894,2025,2학기,C,김대숙,
4250,894,2025,2학기,D,김흥기,
4251,894,2025,2학기,E,김흥기,
4252,894,2025,2학기,F,홍창기,
4253,894,2025,2학기,G,허태윤,
4254,895,2025,2학기,A,김대오,
4255,896,2025,2학기,A,"박원식, 주경희",
4256,897,2025,2학기,A,PANG LI,
4257,898,2025,2학기,A,성은실,
4258,899,2025,2학기,A,이익주,
4259,190,2025,2학기,A,나현기,
4260,900,2025,2학기,A,한경미,
4261,901,2025,2학기,A,강은미,
4262,901,2025,2학기,B,강은미,
4263,902,2025,2학기,A,강은미,
4264,902,2025,2학기,B,강은미,
4265,903,2025,2학기,A,정춘,
4266,904,2025,2학기,A,오동식,
4267,55,2025,2학기,A1,이영미,
4268,55,2025,2학기,A2,전철,
4269,55,2025,2학기,C1,김지혜,
4270,55,2025,2학기,C2,유형동,
4271,55,2025,2학기,D2,김지혜,
4272,55,2025,2학기,D3,이향미,
4273,55,2025,2학기,D4,박미선,
4274,55,2025,2학기,E1,전춘명,
4275,55,2025,2학기,E2,오동식,
4276,55,2025,2학기,F1,김희정,
4277,55,2025,2학기,F2,김대오,
4278,55,2025,2학기,G1,정무용,
4279,55,2025,2학기,G2,이형원,
4280,55,2025,2학기,H1,김상덕,
4281,55,2025,2학기,I2,백수린,
4282,55,2025,2학기,I3,정한아,
4283,55,2025,2학기,I4,김윤성,
4284,55,2025,2학기,I5,신광철,
4285,55,2025,2학기,I6,이종현,
4286,55,2025,2학기,J2,류기수,
4287,55,2025,2학기,J5,김남희,
4288,55,2025,2학기,K3,조성대,
4289,55,2025,2학기,K5,박상남,
4290,55,2025,2학기,K6,이석민,
4291,55,2025,2학기,K7,윤건,
4292,55,2025,2학기,K8,노승철,
4293,55,2025,2학기,L1,성락선,
4294,55,2025,2학기,L2,한재명,
4295,55,2025,2학기,M2,정지영,
4296,55,2025,2학기,M3,정희진,
4297,55,2025,2학기,N1,문철수,
4298,55,2025,2학기,N2,채희상,
4299,55,2025,2학기,N4,이성미,
4300,55,2025,2학기,N5,박혜영,
4301,55,2025,2학기,N6,김민철,
4302,55,2025,2학기,N7,정휘관,
4303,55,2025,2학기,O2,김종엽,
4304,55,2025,2학기,O3,노중기,
4305,55,2025,2학기,P1,김수경,
4306,55,2025,2학기,P2,장익현,
4307,55,2025,2학기,Q3,남세현,
4308,55,2025,2학기,Q4,백변경희,
4309,55,2025,2학기,Q5,김용훈,
4310,55,2025,2학기,S1,이일영,
4311,55,2025,2학기,S2,김도희,
4312,55,2025,2학기,S3,주장환,
4313,55,2025,2학기,S4,황선미,
4314,55,2025,2학기,T2,하종문,
4315,55,2025,2학기,T3,송주명,
4316,55,2025,2학기,U1,김경민,
4317,55,2025,2학기,U2,이건범,
4318,55,2025,2학기,U3,유현미,
4319,55,2025,2학기,U4,최지환,
4320,55,2025,2학기,U5,정의범,
4321,55,2025,2학기,W1,장종익,
4322,55,2025,2학기,W2,양영수,
4323,55,2025,2학기,W3,유한나,
4324,55,2025,2학기,Z10,유희정,
4325,55,2025,2학기,Z6,구훈정,
4326,55,2025,2학기,Z7,김상원,
4327,55,2025,2학기,Z8,오현숙,
4328,55,2025,2학기,Z9,안도연,
4329,905,2025,2학기,A,종연영,
4330,1769,2025,2학기,A,이기호,
4331,907,2025,2학기,A,공주형,
4332,196,2025,2학기,A,김영주,
4333,908,2025,2학기,A,유순혜,
4334,910,2025,2학기,A,최민성,
4335,912,2025,2학기,B2,야니,
4336,912,2025,2학기,B4,야니,
4337,912,2025,2학기,C1,모리스,
4338,912,2025,2학기,C2,모리스,
4339,912,2025,2학기,C3,모리스,
4340,912,2025,2학기,C4,모리스,
4341,913,2025,2학기,A1,매튜,
4342,913,2025,2학기,A2,매튜,
4343,913,2025,2학기,B1,매튜,
4344,913,2025,2학기,B2,매튜,
4345,205,2025,2학기,A,정태성,
4346,914,2025,2학기,A,전춘명,
4347,916,2025,2학기,A,전병유,
4348,917,2025,2학기,A,장창준,
4349,919,2025,2학기,A,진형섭,
4350,919,2025,2학기,B,진형섭,
4351,921,2025,2학기,A,장우현,
4352,922,2025,2학기,A,장우현,
4353,924,2025,2학기,A,이일영,
4354,925,2025,2학기,A,정태성,
4355,926,2025,2학기,A,공주형,
4356,57,2025,2학기,A,김용희,
4357,928,2025,2학기,A,이시연,
4358,929,2025,2학기,A,염동호,
4359,930,2025,2학기,A,윤성덕,
4360,931,2025,2학기,A,전춘명,
4361,935,2025,2학기,A,강석원,
4362,937,2025,2학기,A,최은경,
4363,1770,2025,2학기,A,이기호,
4364,223,2025,2학기,A,강은미,
4365,939,2025,2학기,A,심혜경,
4366,226,2025,2학기,A1,김나영,
4367,226,2025,2학기,A2,심주연,
4368,226,2025,2학기,A3,김경선,
4369,226,2025,2학기,A4,목승혜,
4370,226,2025,2학기,B1,김경선,
4371,226,2025,2학기,B2,차윤정,
4372,226,2025,2학기,B3,목승혜,
4373,226,2025,2학기,C1,고우경,
4374,226,2025,2학기,C2,성민선,
4375,226,2025,2학기,C4,심주연,
4376,226,2025,2학기,D1,김수현,
4377,226,2025,2학기,D2,김수현,
4378,226,2025,2학기,D3,고우경,
4379,226,2025,2학기,D4,심주연,
4380,226,2025,2학기,E1,성민선,
4381,226,2025,2학기,F1,고우경,
4382,227,2025,2학기,A1,김민환,
4383,227,2025,2학기,A2,송주현,
4384,227,2025,2학기,A3,유예원,
4385,227,2025,2학기,A4,계광수,
4386,227,2025,2학기,A5,김계자,
4387,227,2025,2학기,B2,계광수,
4388,227,2025,2학기,B3,유영국,
4389,227,2025,2학기,B4,유예원,
4390,227,2025,2학기,C1,허난희,
4391,227,2025,2학기,C2,서경희,
4392,227,2025,2학기,C3,서영화,
4393,227,2025,2학기,C4,한정미,
4394,227,2025,2학기,C5,전지은,
4395,227,2025,2학기,D1,한정미,
4396,227,2025,2학기,D2,서영화,
4397,227,2025,2학기,D3,전지은,
4398,227,2025,2학기,D4,허난희,
4399,227,2025,2학기,E1,송주현,
4400,227,2025,2학기,E2,김소륜,
4401,227,2025,2학기,F1,김소륜,
4402,228,2025,2학기,A2,박종현,
4403,228,2025,2학기,A3,최진,
4404,228,2025,2학기,A4,최진,
4405,228,2025,2학기,A5,박종현,
4406,228,2025,2학기,A6,김보경,
4407,228,2025,2학기,A7,김보경,
4408,228,2025,2학기,A8,김보경,
4409,228,2025,2학기,B1,박종현,
4410,228,2025,2학기,B2,최진,
4411,228,2025,2학기,B3,윤정희,
4412,228,2025,2학기,B4,주수경,
4413,228,2025,2학기,B5,주수경,
4414,228,2025,2학기,B6,윤정희,
4415,228,2025,2학기,B7,주수경,
4416,229,2025,2학기,A,이종운,
4417,231,2025,2학기,A,모리스,
4418,233,2025,2학기,B,김민환,
4419,233,2025,2학기,C,서경희,
4420,233,2025,2학기,E,신혜수,
4421,943,2025,2학기,A,송주현,
4422,234,2025,2학기,A,김계자,
4423,944,2025,2학기,A,김계자,
4424,945,2025,2학기,A,이종운,
4425,946,2025,2학기,A,윤건,
4426,947,2025,2학기,A,최환진,
4427,948,2025,2학기,A,류기수,
4428,950,2025,2학기,A,이영진,
4429,951,2025,2학기,A,윤성덕,
4430,952,2025,2학기,A,류기수,
4431,244,2025,2학기,A,나경욱,
4432,953,2025,2학기,A,정태성,
4433,1771,2025,2학기,A,공주형,
4434,954,2025,2학기,A,유은하,
4435,955,2025,2학기,A,정예수,
4436,1772,2025,2학기,A1,고우경,
4437,1772,2025,2학기,A2,공주형,
4438,1772,2025,2학기,A3,김민환,
4439,1772,2025,2학기,A4,박종현,
4440,1772,2025,2학기,A5,송주현,
4441,1772,2025,2학기,A6,서경희,
4442,1772,2025,2학기,A7,심주연,
4443,1772,2025,2학기,A8,염동호,
4444,1772,2025,2학기,A9,이익주,
4445,1519,2025,2학기,A1,김애영,
4446,1519,2025,2학기,A2,홍혜승,
4447,1519,2025,2학기,A3,김시윤,
4448,1519,2025,2학기,A4,이영우,
4449,1519,2025,2학기,A5,최현범,
4450,1519,2025,2학기,A6,홍혜승,
4451,1519,2025,2학기,B1,이영우,
4452,1519,2025,2학기,B2,홍혜승,
4453,1519,2025,2학기,B3,김시윤,
4454,1519,2025,2학기,B4,최현범,
4455,1519,2025,2학기,B5,김희선,
4456,1519,2025,2학기,B6,김희선,
4457,1519,2025,2학기,B7,이은정,
4458,1519,2025,2학기,B8,이은정,
4459,1773,2025,2학기,A,매튜,
4460,1774,2025,2학기,A,유은하,
4461,1775,2025,2학기,A,김상덕,
4462,1776,2025,2학기,A,박미선,
4463,258,2025,2학기,A,"김광연, 전철",
4464,248,2025,2학기,A,"김광연, 전철",
4465,249,2025,2학기,A,"김광연, 전철",
4466,255,2025,2학기,A,"김광연, 전철",
4467,256,2025,2학기,A,"김광연, 전철",
4468,1777,2025,2학기,A,"김광연, 전철",
4469,1778,2025,2학기,A,"김광연, 전철",
4470,956,2025,2학기,A,김주한,
4471,61,2025,2학기,A,이서영,
4472,1779,2025,2학기,A,나현기,
4473,958,2025,2학기,A,김희선,
4474,959,2025,2학기,A,이영미,
4475,1780,2025,2학기,A,김상덕,
4476,961,2025,2학기,A,최은경,
4477,1781,2025,2학기,A,박재형,
4478,962,2025,2학기,A,이서영,
4479,1782,2025,2학기,A,한경미,
4480,963,2025,2학기,A,이향명,
4481,1783,2025,2학기,A,김정수,
4482,964,2025,2학기,A,류장현,
4483,1784,2025,2학기,A,이영미,
4484,271,2025,2학기,A,김남희,
4485,1785,2025,2학기,A,김대오,
4486,1786,2025,2학기,A,김희정,
4487,976,2025,2학기,A,조현진,
4488,1787,2025,2학기,A,이문교,
4489,283,2025,2학기,A,최천식,
4490,977,2025,2학기,A,김희정,
4491,284,2025,2학기,A,김희정,
4492,978,2025,2학기,A,김대오,
4493,1788,2025,2학기,A,최천식,
4494,285,2025,2학기,A,"김대오, 김희정",
4495,1789,2025,2학기,A,류성민,
4496,1790,2025,2학기,A,허남진,
4497,1791,2025,2학기,A,허남진,
4498,982,2025,2학기,A,류성민,
4499,983,2025,2학기,A,김상덕,
4500,1792,2025,2학기,A,신광철,
4501,985,2025,2학기,A,김상덕,
4502,1793,2025,2학기,A,이창익,
4503,296,2025,2학기,A,김상덕,
4504,987,2025,2학기,A,김상덕,
4505,988,2025,2학기,A,김상덕,
4506,1794,2025,2학기,A,이경래,
4507,298,2025,2학기,A,김윤성,
4508,299,2025,2학기,A,김윤성,
4509,992,2025,2학기,A,제갈현숙,
4510,993,2025,2학기,A,한서연,
4511,995,2025,2학기,A,민병록,
4512,996,2025,2학기,B,홍선미,
4513,308,2025,2학기,A,장익현,
4514,1795,2025,2학기,A,김상원,
4515,1796,2025,2학기,A,이은채,
4516,120,2025,2학기,A,김수경,
4517,997,2025,2학기,A,김수경,
4518,997,2025,2학기,B,김수경,
4519,998,2025,2학기,A,주경희,
4520,999,2025,2학기,A,장익현,
4521,999,2025,2학기,B,장익현,
4522,1000,2025,2학기,A,김은영,
4523,1000,2025,2학기,B,민병록,
4524,1001,2025,2학기,A,홍선미,
4525,1001,2025,2학기,B,홍선미,
4526,1002,2025,2학기,A,한서연,
4527,1797,2025,2학기,A,박수진,
4528,327,2025,2학기,A,이양선,
4529,329,2025,2학기,A,이양선,
4530,329,2025,2학기,B,박기홍,
4531,329,2025,2학기,C,오석희,
4532,1013,2025,2학기,A,이양선,
4533,315,2025,2학기,G1,이양선,
4534,315,2025,2학기,G3,임익수,
4535,315,2025,2학기,G4,류승택,
4536,336,2025,2학기,A,이용걸,
4537,1025,2025,2학기,A,이용걸,
4538,343,2025,2학기,A,안현,
4539,343,2025,2학기,B,이용걸,
4540,346,2025,2학기,A,유한나,
4541,1027,2025,2학기,A,김남희,
4542,1028,2025,2학기,A,김윤정,
4543,1029,2025,2학기,A,백상현,
4544,1030,2025,2학기,A,김경양,
4545,1031,2025,2학기,A,백상현,
4546,1032,2025,2학기,A,임경애,
4547,353,2025,2학기,A,조미경,
4548,354,2025,2학기,A,백상현,
4549,1033,2025,2학기,A,임경애,
4550,1034,2025,2학기,A,신광철,
4551,1798,2025,2학기,A,김동석,
4552,345,2025,2학기,A,정희진,
4553,1799,2025,2학기,A,하얼빈상업대,
4554,1542,2025,2학기,A,산동여자대학,
4555,1800,2025,2학기,A,,
4556,1543,2025,2학기,A,,
4557,1801,2025,2학기,A,,
4558,1802,2025,2학기,A,,
4559,1060,2025,2학기,A,대만장영대,
4560,1803,2025,2학기,A,대만장영대,
4561,1804,2025,2학기,A,산동여자대학,
4562,1805,2025,2학기,A,산동여자대학,
4563,1806,2025,2학기,A,산동여자대학,
4564,1807,2025,2학기,A,산동여자대학,
4565,1808,2025,2학기,A,산동여자대학,
4566,1809,2025,2학기,A,산동여자대학,
4567,1810,2025,2학기,A,산동여자대학,
4568,1811,2025,2학기,A,독일뷔르츠부르크,
4569,1812,2025,2학기,A,독일뷔르츠부르크,
4570,1813,2025,2학기,A,독일뷔르츠부르크,
4571,1814,2025,2학기,A,독일하이델베르크,
4572,1815,2025,2학기,A,독일하이델베르크,
4573,1816,2025,2학기,A,독일하이델베르크,
4574,1817,2025,2학기,A,독일하이델베르크,
4575,1818,2025,2학기,A,독일하이델베르크,
4576,1819,2025,2학기,A,독일하이델베르크,
4577,1820,2025,2학기,A,독일하이델베르크,
4578,1821,2025,2학기,A,일본나가사키대학,
4579,1082,2025,2학기,A,일본나가사키대학,
4580,1571,2025,2학기,A,일본나가사키대학,
4581,1572,2025,2학기,A,일본나가사키대학,
4582,1822,2025,2학기,A,오키나와기독교학원대학,
4583,1823,2025,2학기,A,오키나와기독교학원대학,
4584,1578,2025,2학기,A,일본나가사키대학,
4585,1586,2025,2학기,A,일본나가사키대학,
4586,1587,2025,2학기,A,일본나가사키대학,
4587,1588,2025,2학기,A,일본나가사키대학,
4588,1589,2025,2학기,A,일본나가사키대학,
4589,1590,2025,2학기,A,일본나가사키대학,
4590,1824,2025,2학기,A,일본나가사키대학,
4591,1825,2025,2학기,A,일본나가사키대학,
4592,1826,2025,2학기,A,일본나가사키대학,
4593,1827,2025,2학기,A,일본나가사키대학,
4594,1591,2025,2학기,A,일본나가사키대학,
4595,1592,2025,2학기,A,일본나가사키대학,
4596,1828,2025,2학기,A,일본나가사키대학,
4597,1593,2025,2학기,A,일본나가사키대학,
4598,1594,2025,2학기,A,일본나가사키대학,
4599,1595,2025,2학기,A,일본나가사키대학,
4600,1596,2025,2학기,A,일본나가사키대학,
4601,1829,2025,2학기,A,하얼빈상업대,
4602,1830,2025,2학기,A,하얼빈상업대,
4603,1831,2025,2학기,A,하얼빈상업대,
4604,1095,2025,2학기,A,하얼빈상업대,
4605,1832,2025,2학기,A,하얼빈상업대,
4606,1833,2025,2학기,A,흐라데츠클라로베,
4607,1834,2025,2학기,A,흐라데츠클라로베,
4608,1835,2025,2학기,A,흐라데츠클라로베,
4609,1836,2025,2학기,A,흐라데츠클라로베,
4610,1837,2025,2학기,A,흐라데츠클라로베,
4611,1838,2025,2학기,A,흐라데츠클라로베,
4612,1839,2025,2학기,A,흐라데츠클라로베,
4613,1840,2025,2학기,A,흐라데츠클라로베,
4614,1841,2025,2학기,A,흐라데츠클라로베,
4615,1842,2025,2학기,A,흐라데츠클라로베,
4616,1843,2025,2학기,A,흐라데츠클라로베,
4617,1844,2025,2학기,A,흐라데츠클라로베,
4618,1845,2025,2학기,A,도쿄외국어대학,
4619,1846,2025,2학기,A,도쿄외국어대학,
4620,1847,2025,2학기,A,도쿄외국어대학,
4621,1848,2025,2학기,A,도쿄외국어대학,
4622,1849,2025,2학기,A,도쿄외국어대학,
4623,1850,2025,2학기,A,도쿄외국어대학,
4624,1851,2025,2학기,A,도쿄외국어대학,
4625,1852,2025,2학기,A,도쿄외국어대학,
4626,1853,2025,2학기,A,게이센여자대학,
4627,1854,2025,2학기,A,게이센여자대학,
4628,1855,2025,2학기,A,오키나와기독교학원대학,
4629,1856,2025,2학기,A,오키나와기독교학원대학,
4630,1857,2025,2학기,A,오키나와기독교학원대학,
4631,1858,2025,2학기,A,일본나가사키대학,
4632,1613,2025,2학기,A,일본나가사키대학,
4633,1114,2025,2학기,A,대만장영대,
4634,1615,2025,2학기,A,일본나가사키대학,
4635,1116,2025,2학기,A,게이센여자대학,
4636,1859,2025,2학기,A,오키나와기독교학원대학,
4637,1860,2025,2학기,A,오키나와기독교학원대학,
4638,1861,2025,2학기,A,오키나와기독교학원대학,
4639,1862,2025,2학기,A,오키나와기독교학원대학,
4640,1863,2025,2학기,A,오키나와기독교학원대학,
4641,1864,2025,2학기,A,오키나와기독교학원대학,
4642,1865,2025,2학기,A,오키나와기독교학원대학,
4643,1866,2025,2학기,A,오키나와기독교학원대학,
4644,1867,2025,2학기,A,오키나와기독교학원대학,
4645,1868,2025,2학기,A,오키나와기독교학원대학,
4646,1869,2025,2학기,A,오키나와기독교학원대학,
4647,1870,2025,2학기,A,오키나와기독교학원대학,
4648,1871,2025,2학기,A,오키나와기독교학원대학,
4649,1117,2025,2학기,A,흐라데츠클라로베,
4650,1872,2025,2학기,A,도쿄외국어대학,
4651,1873,2025,2학기,A,오키나와기독교학원대학,
4652,482,2025,2학기,A,흐라데츠클라로베,
4653,1120,2025,2학기,A,흐라데츠클라로베,
4654,1874,2025,2학기,A,흐라데츠클라로베,
4655,1875,2025,2학기,A,게이센여자대학,
4656,1124,2025,2학기,A,흐라데츠클라로베,
4657,1127,2025,2학기,A,게이센여자대학,
4658,1128,2025,2학기,A,게이센여자대학,
4659,1129,2025,2학기,A,게이센여자대학,
4660,1132,2025,2학기,A,게이센여자대학,
4661,502,2025,2학기,A,도쿄외국어대학,
4662,504,2025,2학기,A,도쿄외국어대학,
4663,1138,2025,2학기,A,도쿄외국어대학,
4664,1632,2025,2학기,A,흐라데츠클라로베,
4665,1876,2025,2학기,A,인천대,
4666,1877,2025,2학기,A,인천대,
4667,93,2025,2학기,A,"OCU컨소시엄, 박원식",
4668,94,2025,2학기,A,"OCU컨소시엄, 박원식",
4669,515,2025,2학기,A,"OCU컨소시엄, 박원식",
4670,1642,2025,2학기,A,"OCU컨소시엄, 박원식",
4671,518,2025,2학기,A,"OCU컨소시엄, 박원식",
4672,1644,2025,2학기,A,"OCU컨소시엄, 박원식",
4673,1878,2025,2학기,A,"OCU컨소시엄, 박원식",
4674,1879,2025,2학기,A,"OCU컨소시엄, 박원식",
4675,522,2025,2학기,A,류기수,
4676,530,2025,2학기,A,오석희,
4677,1161,2025,2학기,A,오석희,
4678,533,2025,2학기,A,김대오,
4679,533,2025,2학기,B,김희정,
4680,1163,2025,2학기,A,정무용,
4681,1163,2025,2학기,B,정무용,
4682,1165,2025,2학기,A,"김지혜, 유형동",
4683,1166,2025,2학기,A,이향미,
4684,1166,2025,2학기,B,김지혜,
4685,1880,2025,2학기,A,송주명,
4686,538,2025,2학기,A,전춘명,
4687,1168,2025,2학기,A,심혜경,
4688,1169,2025,2학기,A,오동식,
4689,1170,2025,2학기,A,국세라,
4690,543,2025,2학기,A,전춘명,
4691,1172,2025,2학기,A,"발렌틴 안더르트, 전춘명",
4692,1174,2025,2학기,A,발렌틴 안더르트,
4693,1175,2025,2학기,A,오동식,
4694,1176,2025,2학기,A,심혜경,
4695,1177,2025,2학기,A,오동식,
4696,546,2025,2학기,A,심혜경,
4697,1178,2025,2학기,A,오동식,
4698,1179,2025,2학기,A,전춘명,
4699,1881,2025,2학기,A,전춘명,
4700,1181,2025,2학기,A,홍승진,
4701,1183,2025,2학기,A,LUCIER PETER,
4702,1185,2025,2학기,A,LUCIER PETER,
4703,1882,2025,2학기,A,박미선,
4704,1883,2025,2학기,A,홍승진,
4705,1186,2025,2학기,A,박미선,
4706,1187,2025,2학기,A,이향미,
4707,1187,2025,2학기,B,정지수,
4708,1190,2025,2학기,A,김지혜,
4709,1191,2025,2학기,A,정지수,
4710,1884,2025,2학기,A,서강목,
4711,564,2025,2학기,A,박미선,
4712,1192,2025,2학기,A,LUCIER PETER,
4713,1193,2025,2학기,A,김지혜,
4714,1194,2025,2학기,A,이향미,
4715,1885,2025,2학기,A,김미정,
4716,1195,2025,2학기,A,임지은,
4717,1886,2025,2학기,A,박춘근,
4718,1196,2025,2학기,A,김민수,
4719,1198,2025,2학기,A,임지은,
4720,1199,2025,2학기,A,이미선,
4721,1200,2025,2학기,A,백수린,
4722,1202,2025,2학기,A,백수린,
4723,575,2025,2학기,A,정한아,
4724,1887,2025,2학기,A,박춘근,
4725,1205,2025,2학기,A,김미정,
4726,1206,2025,2학기,A,정한아,
4727,580,2025,2학기,A,정한아,
4728,1207,2025,2학기,A,류재향,
4729,1211,2025,2학기,A,유문선,
4730,1212,2025,2학기,A,유형동,
4731,1888,2025,2학기,A,유형동,
4732,1217,2025,2학기,A,강소영,
4733,1889,2025,2학기,A,김지혜,
4734,1890,2025,2학기,A,성은실,
4735,1891,2025,2학기,A,강소영,
4736,1892,2025,2학기,A,심동수,
4737,1893,2025,2학기,A,윤은정,
4738,1894,2025,2학기,A,유문선,
4739,592,2025,2학기,A,김지혜,
4740,1895,2025,2학기,A,유형동,
4741,1896,2025,2학기,A,김혜련,
4742,1897,2025,2학기,A,김지혜,
4743,315,2025,2학기,A3,유형동,
4744,316,2025,2학기,A1,유형동,
4745,1898,2025,2학기,A,이형원,
4746,1899,2025,2학기,A,조민지,
4747,1900,2025,2학기,A,정해득,
4748,1901,2025,2학기,A,이영남,
4749,1902,2025,2학기,A,이영남,
4750,1903,2025,2학기,A,이경래,
4751,1904,2025,2학기,A,정무용,
4752,1221,2025,2학기,A,이시연,
4753,1222,2025,2학기,A,이형원,
4754,1223,2025,2학기,A,김한상,
4755,1224,2025,2학기,A,이미선,
4756,1227,2025,2학기,A,정해득,
4757,1905,2025,2학기,A,정경민,
4758,1229,2025,2학기,A,정해득,
4759,608,2025,2학기,A,정무용,
4760,1231,2025,2학기,A,이형원,
4761,1234,2025,2학기,A,이형원,
4762,1906,2025,2학기,A,정무용,
4763,315,2025,2학기,A4,이영남,
4764,105,2025,2학기,A,김용표,
4765,1907,2025,2학기,A,김남희,
4766,1908,2025,2학기,A,최정규,
4767,1909,2025,2학기,A,송주현,
4768,1237,2025,2학기,A,최민성,
4769,1238,2025,2학기,A,최민성,
4770,1239,2025,2학기,A,김남희,
4771,1910,2025,2학기,A,김남희,
4772,142,2025,2학기,A,장정해,
4773,1152,2025,2학기,A,장정해,
4774,1240,2025,2학기,A,장정해,
4775,1154,2025,2학기,A,문미진,
4776,1911,2025,2학기,A,진연,
4777,1912,2025,2학기,A,진연,
4778,1913,2025,2학기,A,문미진,
4779,1242,2025,2학기,A,문미진,
4780,1243,2025,2학기,A,문미진,
4781,1914,2025,2학기,A,PANG LI,
4782,1914,2025,2학기,B,PANG LI,
4783,1915,2025,2학기,A,문미진,
4784,1244,2025,2학기,A,김윤성,
4785,1916,2025,2학기,A,박민하,
4786,1917,2025,2학기,A,박민하,
4787,1246,2025,2학기,A,장해라,
4788,1247,2025,2학기,A,박미영,
4789,1918,2025,2학기,A,이종현,
4790,1918,2025,2학기,B,김윤성,
4791,634,2025,2학기,A,이종현,
4792,1919,2025,2학기,A,박미영,
4793,1920,2025,2학기,A,장해라,
4794,1251,2025,2학기,A,이종현,
4795,1921,2025,2학기,A,배현주,
4796,1922,2025,2학기,A,"김윤성, 신광철",
4797,1255,2025,2학기,A,배현주,
4798,638,2025,2학기,A,김윤성,
4799,1257,2025,2학기,A,김윤성,
4800,1258,2025,2학기,A,이종현,
4801,315,2025,2학기,A1,신광철,
4802,315,2025,2학기,A2,김윤성,
4803,1923,2025,2학기,A,김환희,
4804,1924,2025,2학기,A,강형모,
4805,1925,2025,2학기,A,PANG LI,
4806,1926,2025,2학기,A,김연숙,
4807,1927,2025,2학기,A,정예수,
4808,1262,2025,2학기,A,이일영,
4809,1263,2025,2학기,A,유은하,
4810,1264,2025,2학기,A,주장환,
4811,1266,2025,2학기,A,김도희,
4812,1928,2025,2학기,A,황선미,
4813,1929,2025,2학기,A,유은하,
4814,1930,2025,2학기,A,황선미,
4815,1931,2025,2학기,A,주장환,
4816,1932,2025,2학기,A,황선미,
4817,649,2025,2학기,A,황선미,
4818,1271,2025,2학기,A,황선미,
4819,1933,2025,2학기,A,YOSHIDA SAORI,
4820,1273,2025,2학기,A,유민영,
4821,1934,2025,2학기,A,YOSHIDA SAORI,
4822,1275,2025,2학기,A,김계자,
4823,1276,2025,2학기,A,소리마치 마스미,
4824,1277,2025,2학기,A,염동호,
4825,1278,2025,2학기,A,송주명,
4826,1935,2025,2학기,A,하종문,
4827,1280,2025,2학기,A,소리마치 마스미,
4828,1281,2025,2학기,A,하종문,
4829,660,2025,2학기,A,송주명,
4830,1936,2025,2학기,A,YOSHIDA SAORI,
4831,1937,2025,2학기,A,유민영,
4832,315,2025,2학기,B1,송주명,
4833,1284,2025,2학기,A,남혜지,
4834,1285,2025,2학기,A,정지영,
4835,1288,2025,2학기,A,연제호,
4836,1289,2025,2학기,A,정지영,
4837,1291,2025,2학기,A,정지영,
4838,1292,2025,2학기,A,정희진,
4839,1292,2025,2학기,B,정희진,
4840,1938,2025,2학기,A,이종권,
4841,1293,2025,2학기,A,정희진,
4842,1939,2025,2학기,A,조영철,
4843,672,2025,2학기,A,정희진,
4844,1294,2025,2학기,A,연제호,
4845,1295,2025,2학기,A,김혜성,
4846,1940,2025,2학기,A,남혜지,
4847,315,2025,2학기,F1,정지영,
4848,1296,2025,2학기,A,정재현,
4849,1297,2025,2학기,A,성락선,
4850,1298,2025,2학기,A,성락선,
4851,1299,2025,2학기,A,최미호,
4852,1300,2025,2학기,A,양우진,
4853,1301,2025,2학기,A,최미호,
4854,1302,2025,2학기,A,한재명,
4855,1304,2025,2학기,A,한재명,
4856,684,2025,2학기,A,성락선,
4857,1305,2025,2학기,A,고기영,
4858,1941,2025,2학기,A,정재현,
4859,1942,2025,2학기,A,한재명,
4860,1943,2025,2학기,A,백준기,
4861,1944,2025,2학기,A,백준기,
4862,1311,2025,2학기,A,홍용덕,
4863,1312,2025,2학기,A,조성대,
4864,1312,2025,2학기,B,최지나,
4865,1313,2025,2학기,A,이해영,
4866,697,2025,2학기,A,이해영,
4867,1317,2025,2학기,A,이해영,
4868,1318,2025,2학기,A,이해영,
4869,1320,2025,2학기,A,박상남,
4870,1321,2025,2학기,A,송종운,
4871,1322,2025,2학기,A,조성대,
4872,704,2025,2학기,A,조성대,
4873,1945,2025,2학기,A,홍용덕,
4874,1946,2025,2학기,A,이해영,
4875,705,2025,2학기,A,이해영,
4876,1324,2025,2학기,A,강현,
4877,1325,2025,2학기,A,박미영,
4878,1326,2025,2학기,A,윤건,
4879,1331,2025,2학기,A,윤건,
4880,1947,2025,2학기,A,노승철,
4881,1948,2025,2학기,A,이석민,
4882,1949,2025,2학기,A,이석민,
4883,1950,2025,2학기,A,장익현,
4884,1951,2025,2학기,A,노승철,
4885,1952,2025,2학기,A,이석민,
4886,1953,2025,2학기,A,윤건,
4887,1954,2025,2학기,A,윤건,
4888,1336,2025,2학기,A,노승철,
4889,1337,2025,2학기,A,윤건,
4890,1338,2025,2학기,A,윤건,
4891,1339,2025,2학기,A,노승철,
4892,1955,2025,2학기,A,정희진,
4893,1955,2025,2학기,B,정재현,
4894,1956,2025,2학기,A,"김도희, 황선미",
4895,1956,2025,2학기,B,"김도희, 황선미",
4896,1957,2025,2학기,A,주장환,
4897,687,2025,2학기,A,박상남,
4898,687,2025,2학기,B,박상남,
4899,1308,2025,2학기,A,노승철,
4900,720,2025,2학기,A,양영수,
4901,720,2025,2학기,B,신재우,
4902,721,2025,2학기,A,김병조,
4903,721,2025,2학기,B,최지환,
4904,721,2025,2학기,C,김병조,
4905,1340,2025,2학기,A,이남연,
4906,1340,2025,2학기,B,염건,
4907,1341,2025,2학기,A,유현미,
4908,1341,2025,2학기,B,유현미,
4909,1342,2025,2학기,A,이건범,
4910,1343,2025,2학기,A,김경민,
4911,1343,2025,2학기,B,손정현,
4912,1344,2025,2학기,A,최지환,
4913,1346,2025,2학기,A,정의범,
4914,1346,2025,2학기,B,정의범,
4915,1347,2025,2학기,A,김병조,
4916,1347,2025,2학기,B,김병조,
4917,1958,2025,2학기,A,손정현,
4918,1348,2025,2학기,A,최지환,
4919,1349,2025,2학기,A,손정현,
4920,1959,2025,2학기,A,이건범,
4921,1960,2025,2학기,A,김경민,
4922,1352,2025,2학기,A,정의범,
4923,731,2025,2학기,A,최지환,
4924,1354,2025,2학기,A,최지환,
4925,1355,2025,2학기,A,김재국,
4926,1356,2025,2학기,A,김권수,
4927,1357,2025,2학기,A,이남연,
4928,1358,2025,2학기,A,신재우,
4929,1359,2025,2학기,A,이성환,
4930,742,2025,2학기,A,이남연,
4931,1360,2025,2학기,A,한광희,
4932,1361,2025,2학기,A,김상욱,
4933,1361,2025,2학기,B,이상준,
4934,1362,2025,2학기,A,김권수,
4935,1363,2025,2학기,A,한광희,
4936,744,2025,2학기,A,신재우,
4937,1364,2025,2학기,A,신재우,
4938,1365,2025,2학기,A,신재우,
4939,1366,2025,2학기,A,신재우,
4940,315,2025,2학기,C1,신재우,
4941,1367,2025,2학기,A,장종익,
4942,1368,2025,2학기,A,김인선,
4943,1369,2025,2학기,A,유한나,
4944,1371,2025,2학기,A,장종익,
4945,1372,2025,2학기,A,유한나,
4946,1961,2025,2학기,A,유한나,
4947,755,2025,2학기,A,장종익,
4948,755,2025,2학기,B,유한나,
4949,1374,2025,2학기,A,김인선,
4950,1375,2025,2학기,A,양영수,
4951,1376,2025,2학기,A,이건범,
4952,1962,2025,2학기,A,고기영,
4953,1963,2025,2학기,A,양영수,
4954,71,2025,2학기,A,양영수,
4955,71,2025,2학기,B,유한나,
4956,760,2025,2학기,A,정휘관,
4957,1378,2025,2학기,A,정휘관,
4958,1378,2025,2학기,B,정휘관,
4959,1379,2025,2학기,A,정재선,
4960,73,2025,2학기,A,이성미,
4961,1380,2025,2학기,A,문철수,
4962,74,2025,2학기,A,채희상,
4963,1381,2025,2학기,A,박혜영,
4964,1381,2025,2학기,B,정기현,
4965,75,2025,2학기,A,채희상,
4966,75,2025,2학기,B,채희상,
4967,1382,2025,2학기,A,박양희,
4968,1382,2025,2학기,B,박양희,
4969,1383,2025,2학기,A,이수호,
4970,1384,2025,2학기,A,박혜영,
4971,1384,2025,2학기,B,박혜영,
4972,1964,2025,2학기,A,김민철,
4973,1964,2025,2학기,B,김민철,
4974,1386,2025,2학기,A,김민철,
4975,1386,2025,2학기,B,김민철,
4976,1387,2025,2학기,A,류근환,
4977,1387,2025,2학기,B,류근환,
4978,1388,2025,2학기,A,이성미,
4979,1388,2025,2학기,B,이성미,
4980,1965,2025,2학기,A,정일건,
4981,1965,2025,2학기,B,정일건,
4982,78,2025,2학기,A,채희상,
4983,315,2025,2학기,C10,박혜영,
4984,315,2025,2학기,C2,김민철,
4985,315,2025,2학기,C3,김민철,
4986,315,2025,2학기,C4,이성미,
4987,315,2025,2학기,C5,이성미,
4988,315,2025,2학기,C6,이성미,
4989,315,2025,2학기,C7,채희상,
4990,315,2025,2학기,C8,문철수,
4991,315,2025,2학기,C9,박혜영,
4992,316,2025,2학기,C1,채희상,
4993,316,2025,2학기,C2,이성미,
4994,1391,2025,2학기,A,"구훈정, 김상원, 김용훈, 남세현, 노중기, 주경희",
4995,1391,2025,2학기,B,"구훈정, 김상원, 김용훈, 남세현, 노중기, 주경희",
4996,1391,2025,2학기,C,"구훈정, 김상원, 김용훈, 남세현, 노중기, 주경희",
4997,1392,2025,2학기,A,김은영,
4998,1392,2025,2학기,B,김은영,
4999,1392,2025,2학기,C,주경희,
5000,1393,2025,2학기,A,백변경희,
5001,1395,2025,2학기,A,김상욱,
5002,1396,2025,2학기,A,박서재,
5003,1966,2025,2학기,A,김현희,
5004,1967,2025,2학기,A,정찬대,
5005,1398,2025,2학기,A,김종엽,
5006,1968,2025,2학기,A,김종엽,
5007,1399,2025,2학기,A,권오용,
5008,1400,2025,2학기,A,권오용,
5009,1969,2025,2학기,A,정찬대,
5010,1401,2025,2학기,A,노중기,
5011,1970,2025,2학기,A,노중기,
5012,1403,2025,2학기,A,박서재,
5013,786,2025,2학기,A,김종엽,
5014,315,2025,2학기,E1,김종엽,
5015,315,2025,2학기,E3,김용훈,
5016,1404,2025,2학기,A,이경숙,
5017,1406,2025,2학기,A,한정재,
5018,1406,2025,2학기,B,장홍영,
5019,1407,2025,2학기,A,남세현,
5020,1971,2025,2학기,A,김용훈,
5021,1408,2025,2학기,A,김선형,
5022,1409,2025,2학기,A,김선형,
5023,1410,2025,2학기,A,김용훈,
5024,1411,2025,2학기,A,한정재,
5025,1412,2025,2학기,A,김용훈,
5026,1413,2025,2학기,A,김선형,
5027,1414,2025,2학기,A,홍정은,
5028,1972,2025,2학기,A,홍정은,
5029,1973,2025,2학기,A,"김용훈, 이경숙",
5030,796,2025,2학기,A,백변경희,
5031,1416,2025,2학기,A,최종태,
5032,1974,2025,2학기,A,양재희,
5033,1421,2025,2학기,A,유희정,
5034,1975,2025,2학기,A,어유경,
5035,1422,2025,2학기,A,조영원,
5036,1423,2025,2학기,A,황창주,
5037,1425,2025,2학기,A,오현숙,
5038,1425,2025,2학기,B,오현숙,
5039,1425,2025,2학기,C,김미경,
5040,1426,2025,2학기,A,구훈정,
5041,1427,2025,2학기,A,안도연,
5042,1976,2025,2학기,A,김미경,
5043,123,2025,2학기,A,안도연,
5044,1429,2025,2학기,A,하창현,
5045,1430,2025,2학기,A,이은선,
5046,1977,2025,2학기,A,유희정,
5047,1431,2025,2학기,A,김영주,
5048,1432,2025,2학기,A,"김상원, 유희정",
5049,811,2025,2학기,A,김영주,
5050,812,2025,2학기,A,문주형,
5051,813,2025,2학기,A,김상원,
5052,1978,2025,2학기,A,김영주,
5053,1436,2025,2학기,A,유희정,
5054,816,2025,2학기,A,안도연,
5055,1440,2025,2학기,A,조규청,
5056,1442,2025,2학기,A,전유나,
5057,1443,2025,2학기,A,조규청,
5058,1444,2025,2학기,A,김수겸,
5059,1445,2025,2학기,A,강이용,
5060,1446,2025,2학기,A,이성미,
5061,1447,2025,2학기,A,정양헌,
5062,1447,2025,2학기,B,박현미,
5063,1448,2025,2학기,A,조석준,
5064,1979,2025,2학기,A,박상현,
5065,1449,2025,2학기,A,명왕성,
5066,1450,2025,2학기,A,김수겸,
5067,1451,2025,2학기,A,박상현,
5068,1452,2025,2학기,A,명왕성,
5069,829,2025,2학기,A,박상현,
5070,1453,2025,2학기,A,명왕성,
5071,315,2025,2학기,E2,명왕성,
5072,1980,2025,2학기,A,윤성식,
5073,1457,2025,2학기,A,윤성식,
5074,1459,2025,2학기,A,김상권,
5075,1460,2025,2학기,A,김상권,
5076,1464,2025,2학기,A,정재웅,
5077,1981,2025,2학기,A,김승재,
5078,1982,2025,2학기,A,정재웅,
5079,845,2025,2학기,A,정재웅,
5080,1983,2025,2학기,A,윤성식,
5081,1984,2025,2학기,A,정재웅,
5082,1985,2025,2학기,A,오세헌,
5083,1986,2025,2학기,A,오세헌,
5084,1467,2025,2학기,A,유한나,
5085,1468,2025,2학기,A,변종석,
5086,1469,2025,2학기,A,박동련,
5087,1471,2025,2학기,A,박동련,
5088,1472,2025,2학기,A,유한나,
5089,1475,2025,2학기,A,유한나,
5090,1987,2025,2학기,A,박동련,
5091,1988,2025,2학기,A,김유신,
5092,1989,2025,2학기,A,변종석,
5093,854,2025,2학기,A,변종석,
5094,1477,2025,2학기,A,나경욱,
5095,1477,2025,2학기,B,이경옥,
5096,1477,2025,2학기,C,김선만,
5097,1477,2025,2학기,D,이경옥,
5098,1477,2025,2학기,E,윤성식,
5099,1477,2025,2학기,F,한근식,
5100,1478,2025,2학기,A,이용걸,
5101,1478,2025,2학기,B,안현,
5102,1478,2025,2학기,C,이형우,
5103,1478,2025,2학기,D,강영경,
5104,1478,2025,2학기,E,백수진,
5105,1478,2025,2학기,F,연문숙,
5106,1478,2025,2학기,G,안현,
5107,1478,2025,2학기,H,강영경,
5108,1479,2025,2학기,A,손승일,
5109,1479,2025,2학기,B,손승일,
5110,1479,2025,2학기,C,조성호,
5111,1479,2025,2학기,D,조성호,
5112,1479,2025,2학기,E,이애본,
5113,1479,2025,2학기,F,이양선,
5114,1479,2025,2학기,G,임익수,
5115,1479,2025,2학기,H,전소화,
5116,1479,2025,2학기,I,전소화,
5117,1480,2025,2학기,A,백수진,
5118,1480,2025,2학기,B,여협구,
5119,1480,2025,2학기,C,손승일,
5120,1480,2025,2학기,D,여협구,
5121,1480,2025,2학기,E,백수진,
5122,1480,2025,2학기,F,남진문,
5123,1481,2025,2학기,A,김종만,
5124,1481,2025,2학기,B,조성호,
5125,1481,2025,2학기,C,조성호,
5126,1481,2025,2학기,D,김경아,
5127,1481,2025,2학기,E,남진문,
5128,1481,2025,2학기,F,김종만,
5129,1482,2025,2학기,A,윤형균,
5130,1482,2025,2학기,B,박성진,
5131,1482,2025,2학기,C,윤형균,
5132,1482,2025,2학기,D,오윤식,
5133,1482,2025,2학기,E,이경호,
5134,1482,2025,2학기,F,박성진,
5135,1484,2025,2학기,A,한성훈,
5136,1484,2025,2학기,B,강영경,
5137,1484,2025,2학기,C,이용걸,
5138,1990,2025,2학기,A,이경호,
5139,1990,2025,2학기,B,김현경,
5140,1990,2025,2학기,C,한성훈,
5141,1991,2025,2학기,A,조성호,
5142,1992,2025,2학기,A,임익수,
5143,1993,2025,2학기,A,손승일,
5144,1994,2025,2학기,A,박기홍,
5145,1994,2025,2학기,B,김선만,
5146,1994,2025,2학기,C,김선만,
5147,1995,2025,2학기,A,신대진,
5148,1996,2025,2학기,A,홍승필,
5149,1997,2025,2학기,A,이경옥,
5150,1998,2025,2학기,A,박기홍,
5151,1998,2025,2학기,B,이용걸,
5152,1999,2025,2학기,A,이형우,
5153,2000,2025,2학기,A,류승택,
5154,2001,2025,2학기,A,강명구,
5155,2002,2025,2학기,A,박기홍,
5156,2003,2025,2학기,A,오석희,
5157,2004,2025,2학기,A,이성구,
5158,2004,2025,2학기,B,이성구,
5159,315,2025,2학기,G10,김애영,
5160,315,2025,2학기,G2,이양선,
5161,315,2025,2학기,G5,류승택,
5162,315,2025,2학기,G6,오석희,
5163,315,2025,2학기,G7,안현,
5164,315,2025,2학기,G8,김선만,
5165,315,2025,2학기,G9,박기홍,
5166,1483,2025,2학기,A,이형우,
5167,1483,2025,2학기,B,이형우,
5168,1483,2025,2학기,C,이성구,
5169,1483,2025,2학기,D,한성훈,
5170,2005,2025,2학기,A,안현,
5171,2006,2025,2학기,A,안현,
5172,2007,2025,2학기,A,강민구,
5173,2008,2025,2학기,A,오석희,
5174,2009,2025,2학기,A,이양선,
5175,2010,2025,2학기,A,서정욱,
5176,2011,2025,2학기,A,서정욱,
5177,2012,2025,2학기,A,홍승필,
5178,2012,2025,2학기,B,류승택,
5179,2012,2025,2학기,C,강민구,
5180,2012,2025,2학기,D,남진문,
5181,2012,2025,2학기,E,오윤식,
5182,1486,2025,2학기,A,임익수,
5183,1490,2025,2학기,A,정승민,
5184,2013,2025,2학기,A,여협구,
5185,2014,2025,2학기,A,정승민,
5186,2015,2025,2학기,A,백수진,
5187,2016,2025,2학기,A,여협구,
5188,2017,2025,2학기,A,연문숙,
5189,1454,2025,2학기,A,정재웅,
5190,1454,2025,2학기,B,정재웅,
5191,2018,2025,2학기,A,김유신,
5192,2018,2025,2학기,B,김유신,
5193,21,2025,여름계절,A,진형섭,
5194,30,2025,여름계절,A,"김용희, 김은희",
5195,51,2025,여름계절,A,"이상헌, 최성혜",
5196,52,2025,여름계절,A,박슬기롭다,
5197,53,2025,여름계절,A,박슬기롭다,
5198,55,2025,여름계절,A,"김용희, 황애양",
5199,58,2025,여름계절,A,박슬기롭다,
5200,59,2025,여름계절,A,박슬기롭다,
5201,60,2025,여름계절,A,옥장흠,
5202,111,2025,여름계절,A,강석원,
5203,518,2025,여름계절,A,OCU컨소시엄,
5204,63,2025,여름계절,A,김남희,
5205,64,2025,여름계절,A,김윤성,
5206,65,2025,여름계절,A,전춘명,
5207,81,2025,여름계절,A,김병조,
5208,726,2025,여름계절,A,"김병조, 홍누리",
5209,83,2025,여름계절,A,김경민,
5210,2019,2025,여름계절,A,이찬행,
5211,2020,2025,여름계절,A,이찬행,
5212,321,2025,여름계절,A,안현,
5213,88,2025,여름계절,A,이양선,
5214,2021,2025,여름계절,A,김시윤,
5215,2022,2025,여름계절,A,서정욱,
5216,2023,2025,여름계절,A,조연진,
5217,89,2025,여름계절,A,이용걸,
5218,93,2025,여름계절,A,OCU컨소시엄,
5219,94,2025,여름계절,A,OCU컨소시엄,
5220,515,2025,여름계절,A,OCU컨소시엄,
5221,1642,2025,여름계절,A,OCU컨소시엄,
5222,1643,2025,여름계절,A,OCU컨소시엄,
5223,1645,2025,여름계절,A,OCU컨소시엄,
5224,1646,2025,여름계절,A,OCU컨소시엄,
5225,1500,2025,여름계절,A,오석희,
5226,1169,2025,여름계절,A,오동식,
5227,101,2025,여름계절,A,전춘명,
5228,102,2025,여름계절,A,오동식,
5229,103,2025,여름계절,A,전춘명,
5230,104,2025,여름계절,A,전춘명,
5231,105,2025,여름계절,A,김용표,
5232,2024,2025,여름계절,A,문미진,
5233,1250,2025,여름계절,A,신광철,
5234,1491,2025,여름계절,A,신광철,
5235,1493,2025,여름계절,A,김도희,
5236,1501,2025,여름계절,A,윤건,
5237,82,2025,여름계절,A,염건,
5238,99,2025,여름계절,A,신재우,
5239,69,2025,여름계절,A,장종익,
5240,70,2025,여름계절,A,유한나,
5241,72,2025,여름계절,A,박혜영,
5242,122,2025,여름계절,A,지원배,
5243,1502,2025,여름계절,A,채희상,
5244,76,2025,여름계절,A,지원배,
5245,77,2025,여름계절,A,지원배,
5246,1393,2025,여름계절,A,백변경희,
5247,1495,2025,여름계절,A,"구훈정, 김상원, 김영주, 안도연, 오현숙, 유희정",
5248,2025,2025,여름계절,A,어유경,
5249,809,2025,여름계절,A,김영주,
5250,1749,2025,여름계절,A,김선만,
5251,2026,2025,여름계절,A,"오윤식, 이경호, 홍누리",
5252,30,2025,겨울계절,A,"신수정, 차윤정",
5253,51,2025,겨울계절,A,"김종엽, 최성혜",
5254,52,2025,겨울계절,A,박원식,
5255,55,2025,겨울계절,A,"차윤정, 황애양",
5256,916,2025,겨울계절,A,전병유,
5257,58,2025,겨울계절,A,박원식,
5258,59,2025,겨울계절,A,박원식,
5259,111,2025,겨울계절,A,강석원,
5260,2027,2025,겨울계절,A,"김광연, 전철",
5261,81,2025,겨울계절,A,김병조,
5262,1506,2025,겨울계절,A,나경욱,
5263,1507,2025,겨울계절,A,나경욱,
5264,318,2025,겨울계절,A,강영경,
5265,1007,2025,겨울계절,A,강영경,
5266,333,2025,겨울계절,A,김애영,
5267,93,2025,겨울계절,A,OCU컨소시엄,
5268,94,2025,겨울계절,A,OCU컨소시엄,
5269,515,2025,겨울계절,A,OCU컨소시엄,
5270,1642,2025,겨울계절,A,OCU컨소시엄,
5271,518,2025,겨울계절,A,OCU컨소시엄,
5272,1878,2025,겨울계절,A,OCU컨소시엄,
5273,1879,2025,겨울계절,A,OCU컨소시엄,
5274,1169,2025,겨울계절,A,오동식,
5275,101,2025,겨울계절,A,전춘명,
5276,1503,2025,겨울계절,A,전춘명,
5277,102,2025,겨울계절,A,오동식,
5278,104,2025,겨울계절,A,전춘명,
5279,2028,2025,겨울계절,A,문미진,
5280,1250,2025,겨울계절,A,신광철,
5281,1491,2025,겨울계절,A,신광철,
5282,2029,2025,겨울계절,A,"김병조, 조영식",
5283,69,2025,겨울계절,A,장종익,
5284,1373,2025,겨울계절,A,유한나,
5285,73,2025,겨울계절,A,이성미,
5286,75,2025,겨울계절,A,채희상,
5287,789,2025,겨울계절,A,김용훈,
5288,121,2025,겨울계절,A,남세현,
5289,1505,2025,겨울계절,A,"구훈정, 김상원, 김영주, 안도연, 오현숙, 유희정",
5290,2026,2025,겨울계절,A,"오윤식, 이경호, 조영식",
5291,2030,2025,겨울계절,A,이양선,
5292,2031,2025,겨울계절,A,이양선,
5293,1510,2026,1학기,A,PANG LI,
5294,1511,2026,1학기,A,PANG LI,
5295,1512,2026,1학기,A,정예수,
5296,1513,2026,1학기,A,김연숙,
5297,1514,2026,1학기,A,신남미,
5298,146,2026,1학기,A,신남미,
5299,148,2026,1학기,A,정예수,
5300,149,2026,1학기,A,강형모,
5301,2032,2026,1학기,A,김시윤,
5302,17,2026,1학기,A,"김광연, 나현기, 한경미",
5303,18,2026,1학기,A,"김광연, 나현기, 한경미",
5304,18,2026,1학기,B,"김광연, 나현기, 한경미",
5305,19,2026,1학기,A,"김광연, 나현기, 한경미",
5306,19,2026,1학기,B,"김광연, 나현기, 한경미",
5307,21,2026,1학기,A,이수연,
5308,22,2026,1학기,A,정태성,
5309,23,2026,1학기,A,나경욱,
5310,24,2026,1학기,A,이시연,
5311,25,2026,1학기,A,"김광연, 나현기, 한경미",
5312,25,2026,1학기,B,"김광연, 나현기, 한경미",
5313,26,2026,1학기,A,장순택,
5314,27,2026,1학기,A,나현기,
5315,27,2026,1학기,B,이수연,
5316,27,2026,1학기,C,진형섭,
5317,27,2026,1학기,D,진형섭,
5318,27,2026,1학기,E,나현기,
5319,30,2026,1학기,A2,김희선,
5320,30,2026,1학기,A3,전철,
5321,30,2026,1학기,A6,이서영,
5322,30,2026,1학기,A7,김주한,
5323,30,2026,1학기,AA,김선만,
5324,30,2026,1학기,AB,홍승필,
5325,30,2026,1학기,AC,오석희,
5326,30,2026,1학기,AD,안현,
5327,30,2026,1학기,AE,서정욱,
5328,30,2026,1학기,B1,김지혜,
5329,30,2026,1학기,B2,유형동,
5330,30,2026,1학기,B3,강소영,
5331,30,2026,1학기,B5,이향미,
5332,30,2026,1학기,B6,박미선,
5333,30,2026,1학기,C1,이형원,
5334,30,2026,1학기,C2,정해득,
5335,30,2026,1학기,C3,정무용,
5336,30,2026,1학기,C4,이영남,
5337,30,2026,1학기,C5,백수린,
5338,30,2026,1학기,C7,정한아,
5339,30,2026,1학기,CA,정승민,
5340,30,2026,1학기,D1,전춘명,
5341,30,2026,1학기,D2,오동식,
5342,30,2026,1학기,D3,김대오,
5343,30,2026,1학기,D6,김희정,
5344,30,2026,1학기,E1,김상덕,
5345,30,2026,1학기,E6,김윤성,
5346,30,2026,1학기,E7,이종현,
5347,30,2026,1학기,E8,신광철,
5348,30,2026,1학기,F2,장정해,
5349,30,2026,1학기,F3,최민성,
5350,30,2026,1학기,F4,김남희,
5351,30,2026,1학기,G1,이해영,
5352,30,2026,1학기,G2,조성대,
5353,30,2026,1학기,G5,박상남,
5354,30,2026,1학기,G7,한재명,
5355,30,2026,1학기,G8,성락선,
5356,30,2026,1학기,G9,정재현,
5357,30,2026,1학기,H2,노중기,
5358,30,2026,1학기,H3,김종엽,
5359,30,2026,1학기,I1,문철수,
5360,30,2026,1학기,I2,채희상,
5361,30,2026,1학기,I3,정휘관,
5362,30,2026,1학기,I4,박혜영,
5363,30,2026,1학기,I5,이성미,
5364,30,2026,1학기,I6,김민철,
5365,30,2026,1학기,J1,홍선미,
5366,30,2026,1학기,J2,김수경,
5367,30,2026,1학기,J3,주경희,
5368,30,2026,1학기,J4,장익현,
5369,30,2026,1학기,J5,백변경희,
5370,30,2026,1학기,J6,이인재,
5371,30,2026,1학기,J7,김용훈,
5372,30,2026,1학기,J8,남세현,
5373,30,2026,1학기,K2,조규청,
5374,30,2026,1학기,K3,박상현,
5375,30,2026,1학기,K4,구훈정,
5376,30,2026,1학기,K5,김상원,
5377,30,2026,1학기,K6,오현숙,
5378,30,2026,1학기,K7,유희정,
5379,30,2026,1학기,K8,안도연,
5380,30,2026,1학기,L1,최지환,
5381,30,2026,1학기,L2,김경민,
5382,30,2026,1학기,L3,정의범,
5383,30,2026,1학기,L4,이건범,
5384,30,2026,1학기,L5,유현미,
5385,30,2026,1학기,L6,박규호,
5386,30,2026,1학기,L8,유한나,
5387,30,2026,1학기,L9,양영수,
5388,30,2026,1학기,M1,신재우,
5389,30,2026,1학기,M2,이남연,
5390,30,2026,1학기,M3,김상욱,
5391,30,2026,1학기,M6,이일영,
5392,30,2026,1학기,M7,김도희,
5393,30,2026,1학기,M8,주장환,
5394,30,2026,1학기,M9,황선미,
5395,30,2026,1학기,N1,송주명,
5396,30,2026,1학기,N2,하종문,
5397,30,2026,1학기,N3,오미정,
5398,30,2026,1학기,N5,전창환,
5399,30,2026,1학기,N7,정희진,
5400,30,2026,1학기,O2,윤성식,
5401,30,2026,1학기,O3,정재웅,
5402,30,2026,1학기,O5,박동련,
5403,30,2026,1학기,O6,유한나,
5404,30,2026,1학기,O7,김유신,
5405,30,2026,1학기,O8,변종석,
5406,30,2026,1학기,P1,성낙준,
5407,30,2026,1학기,P2,강민구,
5408,30,2026,1학기,P4,이용걸,
5409,30,2026,1학기,P6,남진문,
5410,30,2026,1학기,Q1,류승택,
5411,30,2026,1학기,Q2,이양선,
5412,30,2026,1학기,Q3,임익수,
5413,30,2026,1학기,Q4,강영경,
5414,30,2026,1학기,Q5,박기홍,
5415,30,2026,1학기,Q6,백수진,
5416,30,2026,1학기,R1,조성호,
5417,30,2026,1학기,R2,여협구,
5418,30,2026,1학기,R3,손승일,
5419,30,2026,1학기,R4,이성구,
5420,30,2026,1학기,R5,박성진,
5421,30,2026,1학기,R6,이형우,
5422,30,2026,1학기,R7,이경옥,
5423,30,2026,1학기,R8,고병수,
5424,30,2026,1학기,V1,이석민,
5425,30,2026,1학기,V2,윤건,
5426,30,2026,1학기,V3,노승철,
5427,30,2026,1학기,Z4,이남연,
5428,30,2026,1학기,Z5,유희정,
5429,151,2026,1학기,A,주경희,
5430,153,2026,1학기,A,조현진,
5431,31,2026,2학기,A,PANG LI,
5432,41,2026,2학기,A,정예수,
5433,867,2026,2학기,A,신남미,
5434,1763,2026,2학기,A,PANG LI,
5435,1764,2026,2학기,A,PANG LI,
5436,1765,2026,2학기,A,김연숙,
5437,1766,2026,2학기,A,신남미,
5438,2033,2026,2학기,A,김시윤,
5439,17,2026,2학기,A,"김광연, 나현기, 한경미",
5440,18,2026,2학기,A,"김광연, 나현기, 한경미",
5441,18,2026,2학기,B,"김광연, 나현기, 한경미",
5442,19,2026,2학기,A,"김광연, 나현기, 한경미",
5443,19,2026,2학기,B,"김광연, 나현기, 한경미",
5444,49,2026,2학기,A,신정아,
5445,50,2026,2학기,A,이문교,
5446,21,2026,2학기,A,진형섭,
5447,21,2026,2학기,B,박재형,
5448,21,2026,2학기,C,이수연,
5449,21,2026,2학기,D,진형섭,
5450,21,2026,2학기,E,진형섭,
5451,21,2026,2학기,F,이수연,
5452,868,2026,2학기,A,박재형,
5453,25,2026,2학기,A,"김광연, 나현기, 한경미",
5454,25,2026,2학기,B,"김광연, 나현기, 한경미",
5455,26,2026,2학기,A,장순택,
5456,30,2026,2학기,A2,이영미,
5457,30,2026,2학기,A4,이서영,
5458,30,2026,2학기,A6,김희선,
5459,30,2026,2학기,AA,박기홍,
5460,30,2026,2학기,AB,강영경,
5461,30,2026,2학기,AC,손승일,
5462,30,2026,2학기,AD,윤효석,
5463,30,2026,2학기,AE,오석희,
5464,30,2026,2학기,AF,이성구,
5465,30,2026,2학기,AG,조성호,
5466,30,2026,2학기,AH,이경옥,
5467,30,2026,2학기,AI,이양선,
5468,30,2026,2학기,AJ,강민구,
5469,30,2026,2학기,AT,김대오,
5470,30,2026,2학기,AU,김희정,
5471,30,2026,2학기,AW,전춘명,
5472,30,2026,2학기,AX,오동식,
5473,30,2026,2학기,B1,김지혜,
5474,30,2026,2학기,B2,유형동,
5475,30,2026,2학기,B3,강소영,
5476,30,2026,2학기,B5,김지혜,
5477,30,2026,2학기,B6,이향미,
5478,30,2026,2학기,B7,박미선,
5479,30,2026,2학기,BA,이향미,
5480,30,2026,2학기,BC,김지혜,
5481,30,2026,2학기,BD,박미선,
5482,30,2026,2학기,BF,강지희,
5483,30,2026,2학기,BG,백수린,
5484,30,2026,2학기,BH,정한아,
5485,30,2026,2학기,BJ,김지혜,
5486,30,2026,2학기,BK,유형동,
5487,30,2026,2학기,BL,강소영,
5488,30,2026,2학기,BN,이형원,
5489,30,2026,2학기,BO,정해득,
5490,30,2026,2학기,BP,정무용,
5491,30,2026,2학기,BQ,이영남,
5492,30,2026,2학기,BR,류기수,
5493,30,2026,2학기,BS,장정해,
5494,30,2026,2학기,BT,최민성,
5495,30,2026,2학기,BU,김남희,
5496,30,2026,2학기,BW,신광철,
5497,30,2026,2학기,BX,김윤성,
5498,30,2026,2학기,BY,이종현,
5499,30,2026,2학기,C1,정무용,
5500,30,2026,2학기,C2,이형원,
5501,30,2026,2학기,C3,정해득,
5502,30,2026,2학기,C4,이영남,
5503,30,2026,2학기,C5,강지희,
5504,30,2026,2학기,C6,백수린,
5505,30,2026,2학기,C7,정한아,
5506,30,2026,2학기,CA,남진문,
5507,30,2026,2학기,CB,김선만,
5508,30,2026,2학기,CC,류승택,
5509,30,2026,2학기,CD,박성진,
5510,30,2026,2학기,CE,백수진,
5511,30,2026,2학기,CF,안현,
5512,30,2026,2학기,CG,여협구,
5513,30,2026,2학기,CH,이용걸,
5514,30,2026,2학기,D1,전춘명,
5515,30,2026,2학기,D2,오동식,
5516,30,2026,2학기,D6,김대오,
5517,30,2026,2학기,D7,김희정,
5518,30,2026,2학기,DA,이형우,
5519,30,2026,2학기,DB,임익수,
5520,30,2026,2학기,DC,정승민,
5521,30,2026,2학기,DD,홍승필,
5522,30,2026,2학기,DE,성낙준,
5523,30,2026,2학기,DF,고병수,
5524,30,2026,2학기,DG,최창원,
5525,30,2026,2학기,E1,김상덕,
5526,30,2026,2학기,E2,이기호,
5527,30,2026,2학기,E4,신광철,
5528,30,2026,2학기,E5,김윤성,
5529,30,2026,2학기,E6,이종현,
5530,30,2026,2학기,EA,고우경,
5531,30,2026,2학기,EB,공주형,
5532,30,2026,2학기,EC,김민환,
5533,30,2026,2학기,ED,박종현,
5534,30,2026,2학기,EE,송주현,
5535,30,2026,2학기,EF,서경희,
5536,30,2026,2학기,EG,심주연,
5537,30,2026,2학기,EH,염동호,
5538,30,2026,2학기,EI,이익주,
5539,30,2026,2학기,F1,류기수,
5540,30,2026,2학기,F2,장정해,
5541,30,2026,2학기,F3,최민성,
5542,30,2026,2학기,F4,김남희,
5543,30,2026,2학기,G2,백준기,
5544,30,2026,2학기,G3,조성대,
5545,30,2026,2학기,G5,박상남,
5546,30,2026,2학기,G6,성락선,
5547,30,2026,2학기,G7,한재명,
5548,30,2026,2학기,G8,정재현,
5549,30,2026,2학기,H3,김종엽,
5550,30,2026,2학기,I1,문철수,
5551,30,2026,2학기,I2,지원배,
5552,30,2026,2학기,I4,이성미,
5553,30,2026,2학기,I5,박혜영,
5554,30,2026,2학기,I6,김민철,
5555,30,2026,2학기,I7,정휘관,
5556,30,2026,2학기,J1,홍선미,
5557,30,2026,2학기,J2,주경희,
5558,30,2026,2학기,J3,김수경,
5559,30,2026,2학기,J4,김예랑,
5560,30,2026,2학기,J6,백변경희,
5561,30,2026,2학기,J7,김용훈,
5562,30,2026,2학기,J8,남세현,
5563,30,2026,2학기,K1,명왕성,
5564,30,2026,2학기,K10,오현숙,
5565,30,2026,2학기,K2,박상현,
5566,30,2026,2학기,K3,조규청,
5567,30,2026,2학기,K4,김수겸,
5568,30,2026,2학기,K7,안도연,
5569,30,2026,2학기,K8,김상원,
5570,30,2026,2학기,K9,유희정,
5571,30,2026,2학기,L1,장종익,
5572,30,2026,2학기,L2,양영수,
5573,30,2026,2학기,L3,김경민,
5574,30,2026,2학기,L4,이건범,
5575,30,2026,2학기,L5,유현미,
5576,30,2026,2학기,L6,최지환,
5577,30,2026,2학기,L7,정의범,
5578,30,2026,2학기,L8,박규호,
5579,30,2026,2학기,L9,유한나,
5580,30,2026,2학기,M1,이남연,
5581,30,2026,2학기,M2,신재우,
5582,30,2026,2학기,M3,김상욱,
5583,30,2026,2학기,M5,이일영,
5584,30,2026,2학기,M6,주장환,
5585,30,2026,2학기,M7,황선미,
5586,30,2026,2학기,N1,오미정,
5587,30,2026,2학기,N2,하종문,
5588,30,2026,2학기,N3,송주명,
5589,30,2026,2학기,N5,전창환,
5590,30,2026,2학기,N6,정희진,
5591,30,2026,2학기,O1,정재웅,
5592,30,2026,2학기,O2,윤성식,
5593,30,2026,2학기,O5,변종석,
5594,30,2026,2학기,O6,박동련,
5595,30,2026,2학기,O7,유한나,
5596,30,2026,2학기,O8,김유신,
5597,30,2026,2학기,S1,이일영,
5598,30,2026,2학기,S3,주장환,
5599,30,2026,2학기,S4,황선미,
5600,30,2026,2학기,S5,오미정,
5601,30,2026,2학기,S6,하종문,
5602,30,2026,2학기,S7,송주명,
5603,30,2026,2학기,T2,전창환,
5604,30,2026,2학기,T3,정희진,
5605,30,2026,2학기,T5,정재현,
5606,30,2026,2학기,T6,성락선,
5607,30,2026,2학기,T7,한재명,
5608,30,2026,2학기,U3,정재웅,
5609,30,2026,2학기,U6,김유신,
5610,30,2026,2학기,U8,유한나,
5611,30,2026,2학기,V1,이석민,
5612,30,2026,2학기,V3,노승철,
5613,30,2026,2학기,V5,이석민,
5614,30,2026,2학기,V6,노승철,
5615,30,2026,2학기,V8,조성대,
5616,30,2026,2학기,V9,박상남,
5617,30,2026,2학기,W1,유현미,
5618,30,2026,2학기,W2,김경민,
5619,30,2026,2학기,W3,이건범,
5620,30,2026,2학기,W4,정의범,
5621,30,2026,2학기,W5,최지환,
5622,30,2026,2학기,W6,박규호,
5623,30,2026,2학기,W7,신재우,
5624,30,2026,2학기,W8,이남연,
5625,30,2026,2학기,W9,김상욱,
5626,30,2026,2학기,X1,양영수,
5627,30,2026,2학기,X10,정휘관,
5628,30,2026,2학기,X2,장종익,
5629,30,2026,2학기,X3,유한나,
5630,30,2026,2학기,X4,김민철,
5631,30,2026,2학기,X5,이성미,
5632,30,2026,2학기,X6,문철수,
5633,30,2026,2학기,X7,지원배,
5634,30,2026,2학기,X9,박혜영,
5635,30,2026,2학기,Y1,홍선미,
5636,30,2026,2학기,Y2,주경희,
5637,30,2026,2학기,Y3,김수경,
5638,30,2026,2학기,Y4,김예랑,
5639,30,2026,2학기,Y6,김용훈,
5640,30,2026,2학기,Y7,백변경희,
5641,30,2026,2학기,Y9,남세현,
5642,30,2026,2학기,Z10,유희정,
5643,30,2026,2학기,Z3,김종엽,
5644,30,2026,2학기,Z7,김상원,
5645,30,2026,2학기,Z9,안도연,
5646,153,2026,2학기,A,조현진,
5647,154,2026,2학기,A,유영국,
5648,155,2026,2학기,A,최은경,
5649,156,2026,2학기,A,"김광연, 나현기, 한경미",
5650,870,2026,2학기,A,유영국,
5651,871,2026,2학기,A,"정해인, 차윤정",
5652,871,2026,2학기,B,"정해인, 차윤정",
5653,872,2026,2학기,A,이상철,
5654,873,2026,2학기,A,김선희,
5655,874,2026,2학기,A,이익주,
5656,875,2026,2학기,A,서연태,
5657,876,2026,2학기,A,김선희,
5658,877,2026,2학기,A,나경욱,
5659,878,2026,2학기,A,미정-신규,
5660,882,2026,2학기,A,모리스,
5661,883,2026,2학기,A,이미선,
5662,884,2026,2학기,A,신광철,
5663,1768,2026,2학기,A,주장환,
5664,886,2026,2학기,A,하종문,
5665,887,2026,2학기,A,김용훈,
5666,888,2026,2학기,A,신정아,
5667,179,2026,2학기,A,허범식,
5668,889,2026,2학기,A,이상헌,
5669,890,2026,2학기,A,우승정,
5670,891,2026,2학기,A,김수겸,
5671,892,2026,2학기,A,박상현,
5672,893,2026,2학기,A,정현성,
5673,894,2026,2학기,A,홍창기,
5674,894,2026,2학기,B,허태윤,
5675,895,2026,2학기,A,박종성,
5676,896,2026,2학기,A,"서창수, 주경희",
5677,2034,2026,2학기,A,진연,
5678,897,2026,2학기,A,PANG LI,
5679,898,2026,2학기,A,성은실,
5680,899,2026,2학기,A,이익주,
5681,190,2026,2학기,A,나현기,
5682,900,2026,2학기,A,한경미,
5683,901,2026,2학기,A,강은미,
5684,901,2026,2학기,B,강은미,
5685,902,2026,2학기,A,강은미,
5686,902,2026,2학기,B,강은미,
5687,903,2026,2학기,A,정춘,
5688,904,2026,2학기,A,오동식,
5689,55,2026,2학기,A1,전철,
5690,55,2026,2학기,A2,한경미,
5691,55,2026,2학기,C1,김지혜,
5692,55,2026,2학기,C2,유형동,
5693,55,2026,2학기,C3,강소영,
5694,55,2026,2학기,D2,김지혜,
5695,55,2026,2학기,D3,이향미,
5696,55,2026,2학기,D4,박미선,
5697,55,2026,2학기,E1,전춘명,
5698,55,2026,2학기,E2,오동식,
5699,55,2026,2학기,F1,김희정,
5700,55,2026,2학기,F2,김대오,
5701,55,2026,2학기,G1,정무용,
5702,55,2026,2학기,G2,이형원,
5703,55,2026,2학기,G3,정해득,
5704,55,2026,2학기,G4,이영남,
5705,55,2026,2학기,H1,김상덕,
5706,55,2026,2학기,I1,강지희,
5707,55,2026,2학기,I2,백수린,
5708,55,2026,2학기,I3,정한아,
5709,55,2026,2학기,I4,김윤성,
5710,55,2026,2학기,I5,신광철,
5711,55,2026,2학기,I6,이종현,
5712,55,2026,2학기,J5,김남희,
5713,55,2026,2학기,K2,백준기,
5714,55,2026,2학기,K3,조성대,
5715,55,2026,2학기,K5,박상남,
5716,55,2026,2학기,K6,이석민,
5717,55,2026,2학기,K8,노승철,
5718,55,2026,2학기,L1,성락선,
5719,55,2026,2학기,L2,한재명,
5720,55,2026,2학기,L3,정재현,
5721,55,2026,2학기,M2,전창환,
5722,55,2026,2학기,M3,정희진,
5723,55,2026,2학기,N1,문철수,
5724,55,2026,2학기,N2,지원배,
5725,55,2026,2학기,N4,이성미,
5726,55,2026,2학기,N5,박혜영,
5727,55,2026,2학기,N6,김민철,
5728,55,2026,2학기,N7,정휘관,
5729,55,2026,2학기,O2,김종엽,
5730,55,2026,2학기,P1,김수경,
5731,55,2026,2학기,P2,김예랑,
5732,55,2026,2학기,Q3,남세현,
5733,55,2026,2학기,Q4,백변경희,
5734,55,2026,2학기,Q5,김용훈,
5735,55,2026,2학기,S1,이일영,
5736,55,2026,2학기,S3,주장환,
5737,55,2026,2학기,S4,황선미,
5738,55,2026,2학기,T1,오미정,
5739,55,2026,2학기,T2,하종문,
5740,55,2026,2학기,T3,송주명,
5741,55,2026,2학기,U1,김경민,
5742,55,2026,2학기,U2,이건범,
5743,55,2026,2학기,U3,유현미,
5744,55,2026,2학기,U4,최지환,
5745,55,2026,2학기,U5,정의범,
5746,55,2026,2학기,U6,박규호,
5747,55,2026,2학기,W1,장종익,
5748,55,2026,2학기,W2,양영수,
5749,55,2026,2학기,W3,유한나,
5750,55,2026,2학기,Z10,유희정,
5751,55,2026,2학기,Z7,김상원,
5752,55,2026,2학기,Z8,김영주,
5753,55,2026,2학기,Z9,안도연,
5754,905,2026,2학기,A,미정-신규,
5755,906,2026,2학기,A,오미정,
5756,196,2026,2학기,A,김영주,
5757,908,2026,2학기,A,유순혜,
5758,910,2026,2학기,A,최민성,
5759,912,2026,2학기,A1,야니,
5760,912,2026,2학기,A2,야니,
5761,912,2026,2학기,A3,야니,
5762,912,2026,2학기,A4,야니,
5763,912,2026,2학기,B1,모리스,
5764,912,2026,2학기,B2,모리스,
5765,912,2026,2학기,B3,모리스,
5766,912,2026,2학기,B4,모리스,
5767,913,2026,2학기,A1,매튜,
5768,913,2026,2학기,A2,매튜,
5769,913,2026,2학기,B1,매튜,
5770,913,2026,2학기,B2,매튜,
5771,205,2026,2학기,A,정태성,
5772,914,2026,2학기,A,전춘명,
5773,915,2026,2학기,A,옥장흠,
5774,916,2026,2학기,A,전병유,
5775,917,2026,2학기,A,장창준,
5776,919,2026,2학기,A,진형섭,
5777,919,2026,2학기,B,진형섭,
5778,921,2026,2학기,A,장우현,
5779,922,2026,2학기,A,장우현,
5780,923,2026,2학기,A,전창환,
5781,924,2026,2학기,A,이일영,
5782,925,2026,2학기,A,정태성,
5783,926,2026,2학기,A,공주형,
5784,221,2026,2학기,A,염동호,
5785,57,2026,2학기,A,김용희,
5786,927,2026,2학기,A,정무용,
5787,928,2026,2학기,A,이시연,
5788,2035,2026,2학기,A,,
5789,929,2026,2학기,A,염동호,
5790,930,2026,2학기,A,옥장흠,
5791,931,2026,2학기,A,전춘명,
5792,933,2026,2학기,A,허태윤,
5793,937,2026,2학기,A,최은경,
5794,1770,2026,2학기,A,이기호,
5795,223,2026,2학기,A,강은미,
5796,939,2026,2학기,A,심혜경,
5797,941,2026,2학기,A,,
5798,226,2026,2학기,A1,목승혜,
5799,226,2026,2학기,A2,김나영,
5800,226,2026,2학기,A3,차윤정,
5801,226,2026,2학기,B1,목승혜,
5802,226,2026,2학기,B2,김나영,
5803,226,2026,2학기,B3,고우경,
5804,226,2026,2학기,C1,고우경,
5805,226,2026,2학기,C2,심주연,
5806,226,2026,2학기,C3,이아름,
5807,226,2026,2학기,D1,고우경,
5808,226,2026,2학기,D2,심주연,
5809,226,2026,2학기,D3,이아름,
5810,226,2026,2학기,E1,김수현,
5811,226,2026,2학기,E2,성민선,
5812,226,2026,2학기,E3,김경선,
5813,226,2026,2학기,F1,김수현,
5814,226,2026,2학기,F2,성민선,
5815,226,2026,2학기,F3,김경선,
5816,227,2026,2학기,A2,김민환,
5817,227,2026,2학기,A3,유예원,
5818,227,2026,2학기,A4,계광수,
5819,227,2026,2학기,A5,신혜수,
5820,227,2026,2학기,B1,서경희,
5821,227,2026,2학기,B2,계광수,
5822,227,2026,2학기,B3,신혜수,
5823,227,2026,2학기,B4,유예원,
5824,227,2026,2학기,C1,허난희,
5825,227,2026,2학기,C2,서경희,
5826,227,2026,2학기,C3,서영화,
5827,227,2026,2학기,C4,한정미,
5828,227,2026,2학기,C5,전지은,
5829,227,2026,2학기,D1,한정미,
5830,227,2026,2학기,D2,서영화,
5831,227,2026,2학기,D3,전지은,
5832,227,2026,2학기,D4,허난희,
5833,227,2026,2학기,E1,송주현,
5834,227,2026,2학기,E2,김소륜,
5835,227,2026,2학기,F1,김소륜,
5836,228,2026,2학기,A2,박종현,
5837,228,2026,2학기,A3,최진,
5838,228,2026,2학기,A4,최진,
5839,228,2026,2학기,A5,박종현,
5840,228,2026,2학기,A6,김보경,
5841,228,2026,2학기,A7,김보경,
5842,228,2026,2학기,A8,김보경,
5843,228,2026,2학기,B1,박종현,
5844,228,2026,2학기,B2,선경희,
5845,228,2026,2학기,B3,박종현,
5846,228,2026,2학기,B4,변영민,
5847,228,2026,2학기,B5,변영민,
5848,228,2026,2학기,B6,변영민,
5849,228,2026,2학기,B7,선경희,
5850,231,2026,2학기,A,모리스,
5851,232,2026,2학기,A,야니,
5852,233,2026,2학기,A,서경희,
5853,233,2026,2학기,B,김민환,
5854,943,2026,2학기,A,송주현,
5855,947,2026,2학기,A,최환진,
5856,948,2026,2학기,A,류기수,
5857,950,2026,2학기,A,이영진,
5858,951,2026,2학기,A,옥장흠,
5859,952,2026,2학기,A,류기수,
5860,953,2026,2학기,A,정태성,
5861,246,2026,2학기,A,유영국,
5862,954,2026,2학기,A,유은하,
5863,955,2026,2학기,A,정예수,
5864,1772,2026,2학기,A1,고우경,
5865,1772,2026,2학기,A2,공주형,
5866,1772,2026,2학기,A3,김민환,
5867,1772,2026,2학기,A4,박종현,
5868,1772,2026,2학기,A5,송주현,
5869,1772,2026,2학기,A6,서경희,
5870,1772,2026,2학기,A7,심주연,
5871,1772,2026,2학기,A8,염동호,
5872,1772,2026,2학기,A9,이익주,
5873,1519,2026,2학기,A1,김애영,
5874,1519,2026,2학기,A2,홍혜승,
5875,1519,2026,2학기,A3,홍창교,
5876,1519,2026,2학기,A4,홍창교,
5877,1519,2026,2학기,A5,정소현,
5878,1519,2026,2학기,A6,홍혜승,
5879,1519,2026,2학기,B1,홍창교,
5880,1519,2026,2학기,B2,이은정,
5881,1519,2026,2학기,B3,이은정,
5882,1519,2026,2학기,B4,이은정,
5883,1519,2026,2학기,B5,김희선,
5884,1519,2026,2학기,B6,김희선,
5885,1519,2026,2학기,B7,정소현,
5886,1519,2026,2학기,B8,정소현,
5887,1773,2026,2학기,A,매튜,
5888,1774,2026,2학기,A,유은하,
5889,1775,2026,2학기,A,김상덕,
5890,1776,2026,2학기,A,정지수,
5891,2036,2026,2학기,A,정태성,
5892,2037,2026,2학기,A,전병유,
5893,248,2026,2학기,A,"김광연, 전철",
5894,249,2026,2학기,A,"김광연, 전철",
5895,255,2026,2학기,A,"김광연, 전철",
5896,256,2026,2학기,A,"김광연, 전철",
5897,1777,2026,2학기,A,"김광연, 전철",
5898,1778,2026,2학기,N,"김광연, 전철",
5899,956,2026,2학기,A,김주한,
5900,2038,2026,2학기,A,"김광연, 전철",
5901,2039,2026,2학기,A,전철,
5902,61,2026,2학기,A,한경미,
5903,257,2026,2학기,A,이종철,
5904,258,2026,2학기,A,"김광연, 전철",
5905,1779,2026,2학기,A,김유준,
5906,2040,2026,2학기,A,이영미,
5907,2041,2026,2학기,A,허석헌,
5908,959,2026,2학기,A,미정-신규,
5909,1780,2026,2학기,A,김상덕,
5910,961,2026,2학기,A,송진순,
5911,1781,2026,2학기,A,박재형,
5912,962,2026,2학기,A,이서영,
5913,1782,2026,2학기,A,이은주,
5914,963,2026,2학기,A,이향명,
5915,2042,2026,2학기,A,송진순,
5916,965,2026,2학기,A,김희선,
5917,2043,2026,2학기,A,김대오,
5918,972,2026,2학기,A,김대오,
5919,973,2026,2학기,A,이문교,
5920,974,2026,2학기,A,최천식,
5921,2044,2026,2학기,A,조현진,
5922,1786,2026,2학기,A,김희정,
5923,2045,2026,2학기,A,최천식,
5924,977,2026,2학기,A,김희정,
5925,2046,2026,2학기,A,박종성,
5926,284,2026,2학기,A,김대오,
5927,285,2026,2학기,A,"김대오, 김희정",
5928,2047,2026,2학기,A,허남진,
5929,980,2026,2학기,A,이창익,
5930,1790,2026,2학기,A,허남진,
5931,982,2026,2학기,A,류성민,
5932,2048,2026,2학기,A,김상덕,
5933,2049,2026,2학기,A,김상덕,
5934,1792,2026,2학기,A,신광철,
5935,986,2026,2학기,A,이창익,
5936,296,2026,2학기,A,김상덕,
5937,991,2026,2학기,A,제갈현숙,
5938,2050,2026,2학기,A,문대수,
5939,2051,2026,2학기,A,제갈현숙,
5940,994,2026,2학기,A,주수산나,
5941,995,2026,2학기,A,오혜인,
5942,2052,2026,2학기,A,문대수,
5943,306,2026,2학기,A,미정,
5944,996,2026,2학기,B,홍선미,
5945,308,2026,2학기,A,김수경,
5946,1796,2026,2학기,A,김수경,
5947,120,2026,2학기,A,김수경,
5948,997,2026,2학기,A,김예랑,
5949,997,2026,2학기,B,김예랑,
5950,998,2026,2학기,A,주경희,
5951,999,2026,2학기,A,우수명,
5952,999,2026,2학기,B,우수명,
5953,1000,2026,2학기,A,김예랑,
5954,1000,2026,2학기,B,오혜인,
5955,1001,2026,2학기,A,홍선미,
5956,1001,2026,2학기,B,홍선미,
5957,1002,2026,2학기,A,주수산나,
5958,1538,2026,2학기,A,,
5959,327,2026,2학기,A,이양선,
5960,336,2026,2학기,A,이용걸,
5961,345,2026,2학기,A,정희진,
5962,1027,2026,2학기,A,김남희,
5963,1028,2026,2학기,A,김윤정,
5964,1029,2026,2학기,A,옥장흠,
5965,1030,2026,2학기,A,김경양,
5966,1031,2026,2학기,A,백상현,
5967,1032,2026,2학기,A,김동심,
5968,353,2026,2학기,A,조미경,
5969,354,2026,2학기,A,백상현,
5970,1033,2026,2학기,A,김동심,
5971,2053,2026,2학기,A,노승철,
5972,1034,2026,2학기,A,신광철,
5973,1798,2026,2학기,A,김동석,
5974,2054,2026,2학기,A,이상준,
5975,2055,2026,2학기,A,안도연,
5976,2056,2026,2학기,A,주경희,
5977,93,2026,2학기,A,"OCU컨소시엄, 박원식",
5978,2057,2026,2학기,A,"OCU컨소시엄, 박원식",
5979,94,2026,2학기,A,"OCU컨소시엄, 박원식",
5980,2058,2026,2학기,A,"OCU컨소시엄, 박원식",
5981,515,2026,2학기,A,"OCU컨소시엄, 박원식",
5982,518,2026,2학기,A,"OCU컨소시엄, 박원식",
5983,1644,2026,2학기,A,"OCU컨소시엄, 박원식",
5984,2059,2026,2학기,A,"OCU컨소시엄, 박원식",
5985,1310,2026,2학기,A,홍용덕,
5986,1314,2026,2학기,A,미정-신규,
5987,530,2026,2학기,A,오석희,
5988,533,2026,2학기,A,김대오,
5989,1163,2026,2학기,A,정무용,
5990,1163,2026,2학기,B,정무용,
5991,1165,2026,2학기,A,"강소영, 김지혜, 유형동",
5992,1164,2026,2학기,A,이종현,
5993,1164,2026,2학기,B,배현주,
5994,1880,2026,2학기,A,송주명,
5995,2060,2026,2학기,A,"오미정, 이향미, 전춘명, 최민성",
5996,2060,2026,2학기,B,"오미정, 이향미, 전춘명, 최민성",
5997,538,2026,2학기,A,오동식,
5998,1168,2026,2학기,A,심혜경,
5999,1169,2026,2학기,A,오동식,
6000,1170,2026,2학기,A,전춘명,
6001,543,2026,2학기,A,오동식,
6002,1172,2026,2학기,A,"안데르트 발렌티, 전춘명",
6003,2061,2026,2학기,A,국세라,
6004,2062,2026,2학기,A,미정-신규,
6005,1174,2026,2학기,A,안데르트 발렌티,
6006,1175,2026,2학기,A,오동식,
6007,2063,2026,2학기,A,오동식,
6008,1176,2026,2학기,A,심혜경,
6009,546,2026,2학기,A,심혜경,
6010,2064,2026,2학기,A,심윤진,
6011,1178,2026,2학기,A,오동식,
6012,1179,2026,2학기,A,전춘명,
6013,1881,2026,2학기,A,전춘명,
6014,1181,2026,2학기,A,정유선,
6015,1183,2026,2학기,A,LUCIER PETER,
6016,1185,2026,2학기,A,LUCIER PETER,
6017,1185,2026,2학기,B,LUCIER PETER,
6018,1882,2026,2학기,A,서강목,
6019,1883,2026,2학기,A,정지수,
6020,1186,2026,2학기,A,박미선,
6021,1187,2026,2학기,A,박미선,
6022,1187,2026,2학기,B,이향미,
6023,1190,2026,2학기,A,김지혜,
6024,1191,2026,2학기,A,정지수,
6025,1884,2026,2학기,A,박미선,
6026,2065,2026,2학기,A,김지혜,
6027,2066,2026,2학기,A,LUCIER PETER,
6028,2067,2026,2학기,A,서강목,
6029,564,2026,2학기,A,이향미,
6030,1193,2026,2학기,A,김지혜,
6031,1194,2026,2학기,A,이향미,
6032,1195,2026,2학기,A,정한아,
6033,1886,2026,2학기,A,박춘근,
6034,1196,2026,2학기,A,김민수,
6035,1198,2026,2학기,A,임지은,
6036,1199,2026,2학기,A,이미선,
6037,1200,2026,2학기,A,백수린,
6038,1202,2026,2학기,A,백수린,
6039,575,2026,2학기,A,정한아,
6040,1887,2026,2학기,A,박춘근,
6041,2068,2026,2학기,A,강지희,
6042,1205,2026,2학기,A,강지희,
6043,1206,2026,2학기,A,정한아,
6044,580,2026,2학기,A,,
6045,1207,2026,2학기,A,류재향,
6046,2069,2026,2학기,A,정한아,
6047,2070,2026,2학기,A,미정-신규,
6048,2071,2026,2학기,A,심동수,
6049,1210,2026,2학기,A,김지혜,
6050,1211,2026,2학기,A,유문선,
6051,1212,2026,2학기,A,유형동,
6052,1888,2026,2학기,A,이현정,
6053,1217,2026,2학기,A,강소영,
6054,1891,2026,2학기,A,미정-신규,
6055,1892,2026,2학기,A,심동수,
6056,1893,2026,2학기,A,윤은정,
6057,1894,2026,2학기,A,유문선,
6058,2072,2026,2학기,A,김지혜,
6059,592,2026,2학기,A,김지혜,
6060,1895,2026,2학기,A,이현정,
6061,1896,2026,2학기,A,강소영,
6062,1897,2026,2학기,A,김지혜,
6063,2073,2026,2학기,A,,
6064,2074,2026,2학기,A,,
6065,1900,2026,2학기,A,정해득,
6066,1901,2026,2학기,A,이영남,
6067,1902,2026,2학기,A,이영남,
6068,1903,2026,2학기,A,이경래,
6069,2075,2026,2학기,A,이형원,
6070,1221,2026,2학기,A,이시연,
6071,1222,2026,2학기,A,이형원,
6072,1223,2026,2학기,A,김한상,
6073,1224,2026,2학기,A,이미선,
6074,1227,2026,2학기,A,정해득,
6075,2076,2026,2학기,A,정무용,
6076,603,2026,2학기,A,정경민,
6077,1229,2026,2학기,A,정해득,
6078,608,2026,2학기,A,정무용,
6079,1234,2026,2학기,A,이형원,
6080,1906,2026,2학기,A,정무용,
6081,105,2026,2학기,A,김용표,
6082,2077,2026,2학기,A,송주현,
6083,271,2026,2학기,A,김남희,
6084,1908,2026,2학기,A,최정규,
6085,2078,2026,2학기,A,최민성,
6086,1235,2026,2학기,A,김남희,
6087,969,2026,2학기,A,이경수,
6088,1239,2026,2학기,A,김남희,
6089,2079,2026,2학기,A,최민성,
6090,2080,2026,2학기,A,PANG LI,
6091,1152,2026,2학기,A,장정해,
6092,1154,2026,2학기,A,문미진,
6093,1912,2026,2학기,A,진연,
6094,1913,2026,2학기,A,문미진,
6095,2081,2026,2학기,A,장정해,
6096,1242,2026,2학기,A,문미진,
6097,1914,2026,2학기,A,PANG LI,
6098,1914,2026,2학기,B,PANG LI,
6099,1915,2026,2학기,A,문미진,
6100,2082,2026,2학기,A,문미진,
6101,625,2026,2학기,A,김윤성,
6102,625,2026,2학기,B,김윤성,
6103,2083,2026,2학기,A,김윤성,
6104,1916,2026,2학기,A,박민하,
6105,2084,2026,2학기,A,김윤성,
6106,1917,2026,2학기,A,박민하,
6107,1247,2026,2학기,A,박미영,
6108,1248,2026,2학기,A,이종현,
6109,1248,2026,2학기,B,김윤성,
6110,1919,2026,2학기,A,박미영,
6111,1249,2026,2학기,A,장해라,
6112,1920,2026,2학기,A,장해라,
6113,1251,2026,2학기,A,이종현,
6114,2085,2026,2학기,A,신광철,
6115,1255,2026,2학기,A,배현주,
6116,2086,2026,2학기,A,신광철,
6117,1256,2026,2학기,A,이종현,
6118,638,2026,2학기,A,신광철,
6119,1257,2026,2학기,A,신광철,
6120,1258,2026,2학기,A,이종현,
6121,1926,2026,2학기,A,김연숙,
6122,2087,2026,2학기,A,정예수,
6123,2088,2026,2학기,A,유현미,
6124,2089,2026,2학기,A,미정-신규,
6125,1933,2026,2학기,A,YOSHIDA SAORI,
6126,1933,2026,2학기,B,YOSHIDA SAORI,
6127,1274,2026,2학기,A,하종문,
6128,1934,2026,2학기,A,YOSHIDA SAORI,
6129,1276,2026,2학기,A,소리마치 마스미,
6130,1277,2026,2학기,A,염동호,
6131,1278,2026,2학기,A,송주명,
6132,1280,2026,2학기,A,소리마치 마스미,
6133,1281,2026,2학기,A,하종문,
6134,1282,2026,2학기,A,오미정,
6135,2090,2026,2학기,A,오미정,
6136,660,2026,2학기,A,송주명,
6137,1936,2026,2학기,A,YOSHIDA SAORI,
6138,2091,2026,2학기,A,박영수,
6139,2092,2026,2학기,A,고기영,
6140,2093,2026,2학기,A,유은하,
6141,2094,2026,2학기,A,이일영,
6142,1928,2026,2학기,A,황선미,
6143,1930,2026,2학기,A,황선미,
6144,649,2026,2학기,A,황선미,
6145,2095,2026,2학기,A,주장환,
6146,2096,2026,2학기,A,주장환,
6147,1297,2026,2학기,A,성락선,
6148,1298,2026,2학기,A,성락선,
6149,1299,2026,2학기,A,최미호,
6150,2097,2026,2학기,A,성락선,
6151,1304,2026,2학기,A,한재명,
6152,684,2026,2학기,A,한재명,
6153,1305,2026,2학기,A,최미호,
6154,1941,2026,2학기,A,정재현,
6155,1306,2026,2학기,A,한재명,
6156,2098,2026,2학기,A,정재현,
6157,2098,2026,2학기,B,연제호,
6158,1942,2026,2학기,A,한재명,
6159,1285,2026,2학기,A,전창환,
6160,1288,2026,2학기,A,전창환,
6161,1288,2026,2학기,B,연제호,
6162,1291,2026,2학기,A,김진환,
6163,1292,2026,2학기,A,정희진,
6164,1292,2026,2학기,B,정희진,
6165,1293,2026,2학기,A,미정-신규,
6166,2099,2026,2학기,A,정희진,
6167,672,2026,2학기,A,정희진,
6168,1295,2026,2학기,A,김혜성,
6169,1940,2026,2학기,A,정희진,
6170,1943,2026,2학기,A,백준기,
6171,1944,2026,2학기,A,백준기,
6172,2100,2026,2학기,A,노태경,
6173,1313,2026,2학기,A,박상남,
6174,2101,2026,2학기,A,미정-신규,
6175,697,2026,2학기,A,박상남,
6176,1317,2026,2학기,A,이유철,
6177,1319,2026,2학기,A,최지나,
6178,1320,2026,2학기,A,박상남,
6179,1322,2026,2학기,A,조성대,
6180,2102,2026,2학기,A,박상남,
6181,704,2026,2학기,A,조성대,
6182,1691,2026,2학기,A,이유철,
6183,1945,2026,2학기,A,홍용덕,
6184,1323,2026,2학기,A,미정-신규,
6185,705,2026,2학기,A,박상남,
6186,1324,2026,2학기,A,강현,
6187,2103,2026,2학기,A,미정-신규,
6188,1325,2026,2학기,A,박미영,
6189,1326,2026,2학기,A,미정-신규,
6190,1328,2026,2학기,A,이석민,
6191,1330,2026,2학기,A,미정-신규,
6192,1947,2026,2학기,A,노승철,
6193,1948,2026,2학기,A,이석민,
6194,1333,2026,2학기,A,이석민,
6195,1951,2026,2학기,A,노승철,
6196,1952,2026,2학기,A,이석민,
6197,1334,2026,2학기,A,이석민,
6198,1954,2026,2학기,A,노승철,
6199,1336,2026,2학기,A,노승철,
6200,1337,2026,2학기,A,노승철,
6201,1338,2026,2학기,A,노승철,
6202,1339,2026,2학기,A,노승철,
6203,1955,2026,2학기,A,정희진,
6204,1955,2026,2학기,B,정재현,
6205,1956,2026,2학기,A,"유은하, 황선미",
6206,1956,2026,2학기,B,"유은하, 황선미",
6207,1957,2026,2학기,A,주장환,
6208,688,2026,2학기,A,조성대,
6209,688,2026,2학기,B,조성대,
6210,1308,2026,2학기,A,노승철,
6211,1341,2026,2학기,A,유현미,
6212,1341,2026,2학기,B,유현미,
6213,1342,2026,2학기,A,이건범,
6214,2104,2026,2학기,A,김경민,
6215,1343,2026,2학기,A,김경민,
6216,1344,2026,2학기,A,최지환,
6217,1344,2026,2학기,B,최지환,
6218,82,2026,2학기,A,염건,
6219,1346,2026,2학기,A,정의범,
6220,1346,2026,2학기,B,정의범,
6221,1347,2026,2학기,A,김병조,
6222,1347,2026,2학기,B,김병조,
6223,1958,2026,2학기,A,손정현,
6224,2105,2026,2학기,A,홍원의,
6225,2106,2026,2학기,A,박규호,
6226,1349,2026,2학기,A,손정현,
6227,2107,2026,2학기,A,이건범,
6228,1352,2026,2학기,A,정의범,
6229,731,2026,2학기,A,최지환,
6230,1354,2026,2학기,A,최지환,
6231,2108,2026,2학기,A,김재국,
6232,1355,2026,2학기,A,김재국,
6233,1356,2026,2학기,A,김권수,
6234,1357,2026,2학기,A,이남연,
6235,740,2026,2학기,A,신재우,
6236,1358,2026,2학기,A,신재우,
6237,1359,2026,2학기,A,이남연,
6238,1360,2026,2학기,A,한광희,
6239,1361,2026,2학기,A,김상욱,
6240,1362,2026,2학기,A,김권수,
6241,1363,2026,2학기,A,한광희,
6242,744,2026,2학기,A,신재우,
6243,1364,2026,2학기,A,신재우,
6244,1365,2026,2학기,A,신재우,
6245,1366,2026,2학기,A,신재우,
6246,1367,2026,2학기,A,장종익,
6247,1369,2026,2학기,A,유한나,
6248,1371,2026,2학기,A,장종익,
6249,1372,2026,2학기,A,유한나,
6250,1961,2026,2학기,A,유한나,
6251,755,2026,2학기,A,장종익,
6252,755,2026,2학기,B,유한나,
6253,1374,2026,2학기,A,미정-신규,
6254,1375,2026,2학기,A,박규호,
6255,1376,2026,2학기,A,이건범,
6256,1377,2026,2학기,A,양영수,
6257,1962,2026,2학기,A,고기영,
6258,1706,2026,2학기,A,양영수,
6259,71,2026,2학기,A,양영수,
6260,71,2026,2학기,B,유한나,
6261,1378,2026,2학기,A,정휘관,
6262,1378,2026,2학기,B,정휘관,
6263,1379,2026,2학기,A,정재선,
6264,73,2026,2학기,A,이성미,
6265,73,2026,2학기,B,이성미,
6266,2109,2026,2학기,A,정휘관,
6267,74,2026,2학기,A,김민철,
6268,1381,2026,2학기,A,박혜영,
6269,1381,2026,2학기,B,정기현,
6270,75,2026,2학기,A,미정-신규,
6271,1382,2026,2학기,A,지원배,
6272,1382,2026,2학기,B,지원배,
6273,1383,2026,2학기,A,이수호,
6274,1384,2026,2학기,A,박혜영,
6275,1385,2026,2학기,A,미정-신규,
6276,1385,2026,2학기,B,미정-신규,
6277,1964,2026,2학기,A,김민철,
6278,1964,2026,2학기,B,미정-신규,
6279,1386,2026,2학기,A,김민철,
6280,1386,2026,2학기,B,김민철,
6281,1387,2026,2학기,A,류근환,
6282,1387,2026,2학기,B,류근환,
6283,1388,2026,2학기,A,이성미,
6284,1390,2026,2학기,A,황선태,
6285,1390,2026,2학기,B,황선태,
6286,1965,2026,2학기,A,정일건,
6287,1965,2026,2학기,B,정일건,
6288,78,2026,2학기,A,김민철,
6289,2110,2026,2학기,A,양영수,
6290,2110,2026,2학기,B,신재우,
6291,2110,2026,2학기,C,박규호,
6292,2111,2026,2학기,A,김병조,
6293,2111,2026,2학기,B,최지환,
6294,2111,2026,2학기,C,김병조,
6295,2112,2026,2학기,A,이남연,
6296,2113,2026,2학기,A,미정-신규,
6297,2114,2026,2학기,A,지원배,
6298,1392,2026,2학기,A,주경희,
6299,1392,2026,2학기,B,주경희,
6300,1392,2026,2학기,C,미정-신규,
6301,1393,2026,2학기,A,백변경희,
6302,2115,2026,2학기,A,이성미,
6303,2116,2026,2학기,A,김종엽,
6304,1395,2026,2학기,A,미정-신규,
6305,1966,2026,2학기,A,박서재,
6306,1397,2026,2학기,A,권오용,
6307,1398,2026,2학기,A,김종엽,
6308,1968,2026,2학기,A,정찬대,
6309,1969,2026,2학기,A,정찬대,
6310,1401,2026,2학기,A,미정-신규,
6311,1402,2026,2학기,A,권오용,
6312,2117,2026,2학기,A,미정-신규,
6313,1403,2026,2학기,A,김민환,
6314,2118,2026,2학기,A,박서재,
6315,786,2026,2학기,A,김종엽,
6316,2119,2026,2학기,A,미정-신규,
6317,1404,2026,2학기,A,이미선,
6318,1406,2026,2학기,A,남세현,
6319,1406,2026,2학기,B,장홍영,
6320,1407,2026,2학기,A,이인재,
6321,1408,2026,2학기,A,"김선형, 이인재",
6322,1409,2026,2학기,A,김선형,
6323,1410,2026,2학기,A,김용훈,
6324,1411,2026,2학기,A,이인재,
6325,1412,2026,2학기,A,김용훈,
6326,1413,2026,2학기,A,김선형,
6327,1414,2026,2학기,A,홍정은,
6328,1972,2026,2학기,A,홍정은,
6329,796,2026,2학기,A,백변경희,
6330,1415,2026,2학기,A,김용훈,
6331,1416,2026,2학기,A,최종태,
6332,1417,2026,2학기,A,남용현,
6333,2120,2026,2학기,A,,
6334,1421,2026,2학기,A,유희정,
6335,1422,2026,2학기,A,조영원,
6336,1423,2026,2학기,A,황창주,
6337,1425,2026,2학기,A,오현숙,
6338,1425,2026,2학기,B,오현숙,
6339,1426,2026,2학기,A,미정-신규,
6340,1427,2026,2학기,A,안도연,
6341,1976,2026,2학기,A,김미경,
6342,123,2026,2학기,A,안도연,
6343,1429,2026,2학기,A,하창현,
6344,1430,2026,2학기,A,이은선,
6345,1977,2026,2학기,A,이영진,
6346,1431,2026,2학기,A,김영주,
6347,1432,2026,2학기,A,"김상원, 유희정",
6348,810,2026,2학기,A,김영주,
6349,812,2026,2학기,A,문주형,
6350,813,2026,2학기,A,김상원,
6351,1436,2026,2학기,A,유희정,
6352,816,2026,2학기,A,안도연,
6353,2121,2026,2학기,A,김상원,
6354,2122,2026,2학기,A,,
6355,2123,2026,2학기,A,정현성,
6356,2124,2026,2학기,A,배재윤,
6357,2125,2026,2학기,A,조규청,
6358,1442,2026,2학기,A,전유나,
6359,1442,2026,2학기,B,박현미,
6360,2126,2026,2학기,A,,
6361,1443,2026,2학기,A,조규청,
6362,1444,2026,2학기,A,김수겸,
6363,1445,2026,2학기,A,강이용,
6364,1446,2026,2학기,A,이성미,
6365,1447,2026,2학기,A,배재윤,
6366,1448,2026,2학기,A,조석준,
6367,1979,2026,2학기,A,박상현,
6368,1449,2026,2학기,A,전유나,
6369,1450,2026,2학기,A,김수겸,
6370,1452,2026,2학기,A,명왕성,
6371,829,2026,2학기,A,명왕성,
6372,1453,2026,2학기,A,명왕성,
6373,1477,2026,2학기,A,김선만,
6374,1477,2026,2학기,B,이경옥,
6375,1477,2026,2학기,C,이경옥,
6376,1477,2026,2학기,D,나경욱,
6377,1477,2026,2학기,E,나경욱,
6378,1477,2026,2학기,F,한근식,
6379,1478,2026,2학기,A,이용걸,
6380,1478,2026,2학기,B,안현,
6381,1478,2026,2학기,C,이형우,
6382,1478,2026,2학기,D,강영경,
6383,1478,2026,2학기,E,강영경,
6384,1478,2026,2학기,F,연문숙,
6385,1478,2026,2학기,G,고병수,
6386,1478,2026,2학기,H,성낙준,
6387,1479,2026,2학기,A,손승일,
6388,1479,2026,2학기,B,백수진,
6389,1479,2026,2학기,C,조성호,
6390,1479,2026,2학기,D,조성호,
6391,1479,2026,2학기,E,이애본,
6392,1479,2026,2학기,F,미정-신규,
6393,1479,2026,2학기,G,윤효석,
6394,1479,2026,2학기,H,성낙준,
6395,1480,2026,2학기,A,손승일,
6396,1480,2026,2학기,B,손승일,
6397,1480,2026,2학기,C,여협구,
6398,1480,2026,2학기,D,여협구,
6399,1480,2026,2학기,E,남진문,
6400,1480,2026,2학기,F,남진문,
6401,1481,2026,2학기,A,윤효석,
6402,1481,2026,2학기,B,조성호,
6403,1481,2026,2학기,C,조성호,
6404,1481,2026,2학기,D,김경아,
6405,1481,2026,2학기,E,최창원,
6406,1481,2026,2학기,F,윤효석,
6407,1482,2026,2학기,A,박성진,
6408,1482,2026,2학기,B,박성진,
6409,1482,2026,2학기,C,이경호,
6410,1482,2026,2학기,D,오윤식,
6411,1482,2026,2학기,E,고병수,
6412,1482,2026,2학기,F,미정-신규,
6413,2127,2026,2학기,A,이양선,
6414,1993,2026,2학기,A,미정-신규,
6415,1994,2026,2학기,A,성낙준,
6416,1994,2026,2학기,B,김선만,
6417,1994,2026,2학기,C,김선만,
6418,2128,2026,2학기,A,이양선,
6419,2129,2026,2학기,A,이양선,
6420,2130,2026,2학기,A,김선만,
6421,1997,2026,2학기,A,이경옥,
6422,1998,2026,2학기,A,박기홍,
6423,1998,2026,2학기,B,이용걸,
6424,2131,2026,2학기,A,이용걸,
6425,1999,2026,2학기,A,이형우,
6426,2000,2026,2학기,A,류승택,
6427,2132,2026,2학기,A,오석희,
6428,2133,2026,2학기,A,임익수,
6429,2134,2026,2학기,A,홍경표,
6430,1456,2026,2학기,A,홍경표,
6431,1980,2026,2학기,A,정재웅,
6432,1980,2026,2학기,B,정재웅,
6433,1457,2026,2학기,A,윤성식,
6434,1458,2026,2학기,A,엄원미,
6435,840,2026,2학기,A,엄원미,
6436,1463,2026,2학기,A,윤성식,
6437,1982,2026,2학기,A,정재웅,
6438,1466,2026,2학기,A,정재웅,
6439,1466,2026,2학기,B,정재웅,
6440,845,2026,2학기,A,정재웅,
6441,1983,2026,2학기,A,윤성식,
6442,1467,2026,2학기,A,유한나,
6443,846,2026,2학기,A,변종석,
6444,846,2026,2학기,B,박동련,
6445,1469,2026,2학기,A,박동련,
6446,1471,2026,2학기,A,박동련,
6447,2135,2026,2학기,A,유한나,
6448,1475,2026,2학기,A,유한나,
6449,1476,2026,2학기,A,김유신,
6450,2136,2026,2학기,A,변종석,
6451,854,2026,2학기,A,변종석,
6452,2137,2026,2학기,A,,
6453,2138,2026,2학기,A,,
6454,2139,2026,2학기,A,,
6455,1483,2026,2학기,A,이형우,
6456,1483,2026,2학기,B,이형우,
6457,1483,2026,2학기,C,미정-신규,
6458,1483,2026,2학기,D,한성훈,
6459,2005,2026,2학기,A,안현,
6460,2140,2026,2학기,A,오석희,
6461,1484,2026,2학기,A,미정-신규,
6462,1484,2026,2학기,B,이용걸,
6463,2141,2026,2학기,A,최창원,
6464,1990,2026,2학기,A,이경호,
6465,1990,2026,2학기,B,오윤식,
6466,1990,2026,2학기,C,한성훈,
6467,1991,2026,2학기,A,조성호,
6468,1992,2026,2학기,A,미정-신규,
6469,1992,2026,2학기,B,임익수,
6470,2006,2026,2학기,A,안현,
6471,2007,2026,2학기,A,최창원,
6472,1995,2026,2학기,A,신대진,
6473,1996,2026,2학기,A,홍승필,
6474,2008,2026,2학기,A,오석희,
6475,2009,2026,2학기,A,이양선,
6476,2142,2026,2학기,A,이양선,
6477,2010,2026,2학기,A,미정-신규,
6478,2011,2026,2학기,A,미정-신규,
6479,2143,2026,2학기,A,이성구,
6480,2143,2026,2학기,B,이성구,
6481,2012,2026,2학기,A,홍승필,
6482,2012,2026,2학기,B,강민구,
6483,2012,2026,2학기,C,고병수,
6484,2012,2026,2학기,D,미정-신규,
6485,2012,2026,2학기,E,미정-신규,
6486,2012,2026,2학기,F,미정-신규,
6487,2144,2026,2학기,A,박기홍,
6488,1486,2026,2학기,A,임익수,
6489,1486,2026,2학기,B,임익수,
6490,1490,2026,2학기,A,정승민,
6491,2013,2026,2학기,A,정승민,
6492,2014,2026,2학기,A,정승민,
6493,2015,2026,2학기,A,백수진,
6494,2016,2026,2학기,A,여협구,
6495,2017,2026,2학기,A,연문숙,
6496,2145,2026,2학기,A,남진문,
6497,2146,2026,2학기,A,남진문,
6498,2147,2026,2학기,A,손승일,
6499,2148,2026,2학기,A,백수진,
6500,2149,2026,2학기,A,여협구,
6501,2150,2026,2학기,A,정승민,
6502,1454,2026,2학기,A,정재웅,
6503,1454,2026,2학기,B,정재웅,
6504,2018,2026,2학기,A,김유신,
6505,2018,2026,2학기,B,김유신,
6506,18,2026,여름계절,A,정준훈,
6507,30,2026,여름계절,A,"순혜란, 차윤정",
6508,51,2026,여름계절,A,"김가영, 김종엽",
6509,52,2026,여름계절,A,박원식,
6510,53,2026,여름계절,A,박원식,
6511,55,2026,여름계절,A,"차윤정, 황애양",
6512,111,2026,여름계절,A,강석원,
6513,2151,2026,여름계절,A,박원식,
6514,2152,2026,여름계절,A,박원식,
6515,107,2026,여름계절,A,김남희,
6516,65,2026,여름계절,A,전춘명,
6517,313,2026,여름계절,A,민병록,
6518,93,2026,여름계절,A,OCU컨소시엄,
6519,515,2026,여름계절,A,OCU컨소시엄,
6520,2153,2026,여름계절,A,OCU컨소시엄,
6521,518,2026,여름계절,A,OCU컨소시엄,
6522,1169,2026,여름계절,A,오동식,
6523,101,2026,여름계절,A,전춘명,
6524,1503,2026,여름계절,A,전춘명,
6525,103,2026,여름계절,A,전춘명,
6526,104,2026,여름계절,A,전춘명,
6527,1181,2026,여름계절,A,정유선,
6528,1493,2026,여름계절,A,정한아,
6529,1491,2026,여름계절,A,신광철,
6530,64,2026,여름계절,A,,
6531,2154,2026,여름계절,A,정희진,
6532,79,2026,여름계절,A,한재명,
6533,2155,2026,여름계절,A,황선미,
6534,711,2026,여름계절,A,노승철,
6535,1501,2026,여름계절,A,노승철,
6536,723,2026,여름계절,A,정의범,
6537,81,2026,여름계절,A,김병조,
6538,82,2026,여름계절,A,염건,
6539,83,2026,여름계절,A,최지환,
6540,2156,2026,여름계절,A,유현미,
6541,99,2026,여름계절,A,신재우,
6542,70,2026,여름계절,A,유한나,
6543,75,2026,여름계절,A,채희상,
6544,2157,2026,여름계절,A,채희상,
6545,1421,2026,여름계절,A,유희정,
6546,2025,2026,여름계절,A,어유경,
6547,2158,2026,여름계절,A,정재웅,
6548,2159,2026,여름계절,A,이양선,
6549,2026,2026,여름계절,A,"오윤식, 이경호",
6550,2160,2026,여름계절,A,,
