ESTB_SBJT_CD,ESTB_SBJT_NM,SHYR,SMST_GBCD,COURSE_CD,COURSE_NM,CLAS,COPL_GBNM,LISTAGG_GRADE,PNT,LISTAGG_TEHIN,LISTAGG_ROOM,LISTAGG_PESN_GEND_NM,PESN_NO,INWON,NOTE,MMDIST_GBNM,PLAN_YN,BUID_NM,CYBER_GBCD,NOW_DEPT_CD,NOW_DEPT_NM,_academic_year,_semester_code,_semester_name
400000,교양과정,2023,1,*KY021,사이버한국여행1,A,교양선택,"1, 2, 3, 4",3,"화요일(13:00~14:15), 화요일(14:30~15:45)","3308, 3308",PANG LI,20120123,35/35,외국인학생 전용강의,글로벌,1,,대면,,,2023,1,1학기
400000,교양과정,2023,1,*KY032,초급한국어문법Ⅱ,A,교양선택,1,3,"화요일(11:00~12:15), 목요일(09:30~10:45)","18211-1, 18211-1",최승희,20210140,35/35,외국인학생 전용강의,글로벌,1,,대면,,,2023,1,1학기
400000,교양과정,2023,1,*KY032,초급한국어문법Ⅱ,B,교양선택,1,3,"목요일(13:00~14:15), 목요일(14:30~15:45)","3505, 3505",김연숙,20220165,33/35,외국인학생 전용강의,글로벌,1,,대면,,,2023,1,1학기
400000,교양과정,2023,1,*KY033,초급한국어회화Ⅱ,A,교양선택,1,3,"목요일(13:00~14:15), 목요일(14:30~15:45)","18211-1, 18211-1",최현실,20220145,12/20,외국인학생전용강의,글로벌,1,,대면,,,2023,1,1학기
400000,교양과정,2023,1,*KY033,초급한국어회화Ⅱ,B,교양선택,1,3,"목요일(13:00~14:15), 목요일(14:30~15:45)","18212-1, 18212-1",김민정,20210060,14/20,외국인학생전용강의,글로벌,1,,대면,,,2023,1,1학기
400000,교양과정,2023,1,*KY033,초급한국어회화Ⅱ,C,교양선택,1,3,"목요일(13:00~14:15), 목요일(14:30~15:45)","18420-1, 18420-1",신남미,20220143,14/20,외국인학생 전용강의,글로벌,1,,대면,,,2023,1,1학기
400000,교양과정,2023,1,*KY034,중급한국어문법Ⅱ,A,교양선택,"1, 2, 3, 4",3,"화요일(13:00~14:15), 화요일(14:30~15:45)","18211-1, 18211-1",임지숙,20210141,18/35,외국인학생전용강의,글로벌,1,,대면,,,2023,1,1학기
400000,교양과정,2023,1,*KY034,중급한국어문법Ⅱ,B,교양선택,"1, 2, 3, 4",3,"화요일(13:00~14:15), 화요일(14:30~15:45)","18212-1, 18212-1",김연숙,20220165,31/35,외국인학생전용강의,글로벌,1,,대면,,,2023,1,1학기
400000,교양과정,2023,1,*KY035,중급한국어회화Ⅱ,A,교양선택,"1, 2, 3, 4",3,"금요일(09:30~10:45), 금요일(11:00~12:15)","18103, 18103",최현실,20220145,20/20,외국인교환학생전용강의,글로벌,1,,대면,,,2023,1,1학기
400000,교양과정,2023,1,*KY035,중급한국어회화Ⅱ,B,교양선택,"1, 2, 3, 4",3,"금요일(09:30~10:45), 금요일(11:00~12:15)","18104, 18104",신남미,20220143,19/20,외국인학생 전용강의,글로벌,1,,대면,,,2023,1,1학기
400000,교양과정,2023,1,*KY036,한국의음식문화,A,교양선택,"1, 2, 3, 4",3,"금요일(13:00~14:15), 금요일(14:30~15:45)","3308, 3308",PANG LI,20120123,34/35,외국인학생 전용강의,글로벌,1,,대면,,,2023,1,1학기
400000,교양과정,2023,1,*KY037,한류문화의이해,A,교양선택,"1, 2, 3, 4",3,"금요일(16:00~17:15), 금요일(17:30~18:45)","3308, 3308",PANG LI,20120123,32/35,외국인학생 전용강의,글로벌,1,,대면,,,2023,1,1학기
400000,교양과정,2023,1,*KY110,고급한국어회화2,A,교양선택,"1, 2, 3, 4",2,목요일(11:00~12:40),18211-1,최승희,20210140,13/20,외국인학생전용강의/토픽4-5급 / 강의실변경(3505 > 18211-1),글로벌,1,,대면,,,2023,1,1학기
400000,교양과정,2023,1,*KY112,고급한국어문법2,A,교양선택,"1, 2, 3, 4",2,화요일(11:00~12:40),3505,정근희,20220151,28/35,외국인학생전용강의/토픽3급,글로벌,1,,대면,,,2023,1,1학기
400000,교양과정,2023,1,*KY114,한국어듣기기초2,A,교양선택,1,3,"월요일(11:00~12:15), 수요일(09:30~10:45)","18211-1, 18211-1",김혜련,20210139,32/35,외국인학생 전용강의,창의융합,1,,대면,,,2023,1,1학기
400000,교양과정,2023,1,*KY114,한국어듣기기초2,B,교양선택,1,3,"월요일(11:00~12:15), 수요일(09:30~10:45)","18212-1, 18212-1",김민정,20210060,34/35,외국인학생 전용강의,창의융합,1,,대면,,,2023,1,1학기
400000,교양과정,2023,1,*KY117,한국어쓰기기초2,A,교양선택,1,3,"금요일(09:30~10:45), 금요일(11:00~12:15)","18211-1, 18211-1",정근희,20220151,27/35,외국인학생 전용강의,창의융합,1,,대면,,,2023,1,1학기
400000,교양과정,2023,1,*KY117,한국어쓰기기초2,B,교양선택,1,3,"금요일(09:30~10:45), 금요일(11:00~12:15)","18212-1, 18212-1",김연숙,20220165,33/35,외국인학생 전용강의,창의융합,1,,대면,,,2023,1,1학기
400000,교양과정,2023,1,*KY119,한국어말하기기초2,A,교양선택,"1, 2",3,"월요일(09:30~10:45), 수요일(11:00~12:15)","18211-1, 18211-1",김혜련,20210139,19/20,외국인학생 전용강의,창의융합,1,,대면,,,2023,1,1학기
400000,교양과정,2023,1,*KY119,한국어말하기기초2,B,교양선택,"1, 2",3,"월요일(09:30~10:45), 수요일(11:00~12:15)","18212-1, 18212-1",김민정,20210060,20/20,외국인학생 전용강의,창의융합,1,,대면,,,2023,1,1학기
400000,교양과정,2023,1,*KY121,한국생활배우기2,B,교양선택,1,3,"월요일(13:00~14:15), 수요일(13:00~14:15)","3505, 3505",정예수,20208014,27/35,외국인학생 전용강의,창의융합,1,,대면,,,2023,1,1학기
400000,교양과정,2023,1,*KY123,K-art실습,A,교양선택,"1, 2, 3, 4",3,"금요일(09:30~10:45), 금요일(11:00~12:15)","10206, 10206",정연수,20220191,18/30,외국인학생 전용강의,글로벌,1,,대면,,,2023,1,1학기
400000,교양과정,2023,1,*KY123,K-art실습,B,교양선택,"1, 2, 3, 4",3,"금요일(13:00~14:15), 금요일(14:30~15:45)","10206, 10206",정연수,20220191,31/31,외국인학생 전용강의,글로벌,1,,대면,,,2023,1,1학기
400000,교양과정,2023,1,*KYC71,스포츠실습,A,교양선택,1,3,"금요일(13:00~14:15), 금요일(14:30~15:45)","10301, 10301",이영훈,20230045,29/30,외국인학생 전용강의,,1,,대면,,,2023,1,1학기
400000,교양과정,2023,1,*KYC71,스포츠실습,B,교양선택,1,3,"금요일(16:00~17:15), 금요일(17:30~18:45)","10301, 10301",이영훈,20230045,23/30,외국인학생 전용강의,,1,,대면,,,2023,1,1학기
400000,교양과정,2023,1,*KYC72,신체표현활동,A,교양선택,1,3,"화요일(16:00~17:15), 화요일(17:30~18:45)","10206, 10206",김환희,20230047,27/30,외국인학생 전용강의,,1,,대면,,,2023,1,1학기
400000,교양과정,2023,1,*KYC72,신체표현활동,B,교양선택,1,3,"목요일(13:00~14:15), 목요일(14:30~15:45)","10206, 10206",김환희,20230047,25/30,외국인학생 전용강의,,1,,대면,,,2023,1,1학기
400000,교양과정,2023,1,KY100,채플,A,교양필수,"1, 2",(1),월요일(17:30~18:20),4107,"나현기, 박충만, 진형섭",20180057,74/200,"신학대학 1,2학년 수강, 채플실 수강 / 블랜디드 수업",,1,,블랜디드,,,2023,1,1학기
400000,교양과정,2023,1,KY101,채플,A,교양필수,"1, 2",.5,,,"나현기, 박충만, 진형섭",20180057,685/700,"2023-1 교내온라인 / 이공계융합(수리,응통),AI·SW계열(컴공, 소웨융, IT영상콘텐츠) // 교내온라인",,1,,교내온라인,,,2023,1,1학기
400000,교양과정,2023,1,KY101,채플,B,교양필수,"1, 2",.5,,,"강은미, 나현기, 박충만",20180057,686/700,"2023-1 교내온라인 / 인문융합(국문,종교,철학,독일어,영미,문예,한국사,중문,한중문콘,디영문콘) // 교내온라인",,1,,교내온라인,,,2023,1,1학기
400000,교양과정,2023,1,KY201,채플,A,교양필수,"1, 2",.5,,,"나현기, 박충만, 진형섭",20180057,683/700,"2023-1 교내온라인 / 경영·미디어계열(경영,IT경영,글비,미영), 휴먼서비스계열(사회학과,사복,재활,심아), 특수체육학계열(특체) // 교내온라인",,1,,교내온라인,,,2023,1,1학기
400000,교양과정,2023,1,KY201,채플,B,교양필수,"1, 2",.5,,,"강은미, 나현기, 박충만",20180057,621/700,"2023-1 교내온라인 / 경제·국제지역융합(중국,일본,국경,경제), 글로벌·공공인재융합(글인, 공공인재) // 교내온라인",,1,,교내온라인,,,2023,1,1학기
400000,교양과정,2023,1,KY209,기업가정신및창업실무,A,교양선택,"2, 3, 4",2,,,한광희,19960006,198/200,"창업지원단문의 , P/NP, 교내온라인 // 교내온라인",창의융합,1,,교내온라인,,,2023,1,1학기
400000,교양과정,2023,1,KY217,성서의세계,A,교양필수,"2, 3, 4",2,월요일(11:00~12:40),18420,진형섭,20209150,85/90,"교필과목/2,3,4학년 성서관련 과목 미이수자",,1,,대면,,,2023,1,1학기
400000,교양과정,2023,1,KY241,노벨상으로보는과학의역사,A,교양선택,1,3,"화요일(16:00~17:15), 화요일(17:30~18:45)","18421, 18421",정태성,20080106,90/90,,지식정보,1,,대면,,,2023,1,1학기
400000,교양과정,2023,1,KY245,수재수학:수포자를위한재미있는수학,A,교양선택,1,3,"월요일(13:00~14:15), 수요일(13:00~14:15)","18519, 18519",나경욱,20080158,85/90,,지식정보,1,,대면,,,2023,1,1학기
400000,교양과정,2023,1,KY286,서양사의이해,A,교양선택,1,3,"금요일(13:00~14:15), 금요일(14:30~15:45)","18421, 18421",이시연,20220138,64/90,,인문,1,,대면,,,2023,1,1학기
400000,교양과정,2023,1,KY304,채플,A,교양필수,"3, 4",(1),월요일(17:30~18:20),채플실,"나현기, 박충만, 진형섭",20180057,44/200,"신학대학 3,4학년 수강(복수전공자 포함), P/NP",,1,,대면,,,2023,1,1학기
400000,교양과정,2023,1,KY309,생활속의실용금융,A,교양선택,1,3,"금요일(13:00~14:15), 금요일(14:30~15:45)","18212, 18212",장순택,20210143,37/50,수강생 전원 교재 지원 / 외부기관 지원사업,지식정보,1,,대면,,,2023,1,1학기
400000,교양과정,2023,1,KY313,기독교와문화,A,교양필수,1,2,목요일(11:00~12:40),18420,진형섭,20209150,86/90,교필과목/기독교과목,,1,,대면,,,2023,1,1학기
400000,교양과정,2023,1,KY313,기독교와문화,B,교양필수,1,2,월요일(11:00~12:40),18211,정용택,20220057,86/90,교필과목/기독교과목,,1,,대면,,,2023,1,1학기
400000,교양과정,2023,1,KY313,기독교와문화,C,교양필수,1,2,목요일(17:30~19:10),18420,진형섭,20209150,88/90,교필과목/기독교과목,,1,,대면,,,2023,1,1학기
400000,교양과정,2023,1,KY361,문학과성,A,교양선택,1,3,"화요일(13:00~14:15), 화요일(14:30~15:45)","18106, 18106",박미선,20090009,45/80,,인문,1,,대면,,,2023,1,1학기
400000,교양과정,2023,1,KY382,종교와인간,A,교양선택,1,3,"화요일(13:00~14:15), 화요일(14:30~15:45)","7215, 7215",류성민,20210167,88/90,종교문화학과 수강금지(1학년 허용),인문,1,,대면,,,2023,1,1학기
400000,교양과정,2023,1,KY410,진로와상담,A1,교양필수,"2, 3",(0),,,이영미,20050062,14/50,,,1,,N,,,2023,1,1학기
400000,교양과정,2023,1,KY410,진로와상담,A2,교양필수,"2, 3",(0),,,이향명,20000147,9/50,,,1,,N,,,2023,1,1학기
400000,교양과정,2023,1,KY410,진로와상담,A3,교양필수,"2, 3",(0),,,김창주,20080161,5/50,,,0,,N,,,2023,1,1학기
400000,교양과정,2023,1,KY410,진로와상담,A6,교양필수,"2, 3",(0),,,이서영,20220036,20/50,,,1,,N,,,2023,1,1학기
400000,교양과정,2023,1,KY410,진로와상담,A7,교양필수,"2, 3",(0),,,김희선,20220035,11/50,,,1,,N,,,2023,1,1학기
400000,교양과정,2023,1,KY410,진로와상담,B1,교양필수,"2, 3",(0),,,유문선,19950014,39/50,"[교필] 2016학번부터 필수/ 국어국문학과 수강/ 학번 끝자리 7,8,9,0 수강신청/ P/NP",,1,,N,,,2023,1,1학기
400000,교양과정,2023,1,KY410,진로와상담,B2,교양필수,"2, 3",(0),,,유형동,20220034,36/50,"[교필] 2016학번부터 필수/ 국어국문학과 수강/ 학번 끝자리 1,2,3, 수강신청/ P/NP",,1,,N,,,2023,1,1학기
400000,교양과정,2023,1,KY410,진로와상담,B3,교양필수,"2, 3",(0),,,김수영,20220221,30/50,"[교필]2016학번부터 필수/ 국어국문학과 수강/학번 끝자리 4,5,6 수강신청/ P/NP",,1,,N,,,2023,1,1학기
400000,교양과정,2023,1,KY410,진로와상담,B4,교양필수,"2, 3",(0),,,서강목,19950011,17/45,[교양필수]대생길 때 수강했던 지도교수와 동일하게 신청,,1,,N,,,2023,1,1학기
400000,교양과정,2023,1,KY410,진로와상담,B5,교양필수,"2, 3",(0),,,김지혜,20210073,16/40,[교양필수]대생길 때 수강했던 지도교수와 동일하게 신청,,0,,N,,,2023,1,1학기
400000,교양과정,2023,1,KY410,진로와상담,B6,교양필수,"2, 3",(0),,,이향미,20200051,27/40,[교양필수]대생길 때 수강했던 지도교수와 동일하게 신청,,1,,N,,,2023,1,1학기
400000,교양과정,2023,1,KY410,진로와상담,B7,교양필수,"2, 3",(0),,,박미선,20090009,5/45,,,1,,N,,,2023,1,1학기
400000,교양과정,2023,1,KY410,진로와상담,C1,교양필수,"2, 3",(0),,,이형원,20210030,24/60,,,1,,N,,,2023,1,1학기
400000,교양과정,2023,1,KY410,진로와상담,C2,교양필수,"2, 3",(0),,,정해득,20140042,22/60,,,1,,N,,,2023,1,1학기
400000,교양과정,2023,1,KY410,진로와상담,C3,교양필수,"2, 3",(0),,,정무용,20230010,22/60,,,1,,N,,,2023,1,1학기
400000,교양과정,2023,1,KY410,진로와상담,C5,교양필수,"2, 3",(0),,,최수철,19970006,27/28,"학과에 상담지도교수 안내 받고 직접 수강 신청함,[교필]문예창작",,1,,N,,,2023,1,1학기
400000,교양과정,2023,1,KY410,진로와상담,C7,교양필수,"2, 3",(0),,,정한아,20220222,28/28,"학과에 상담지도교수 안내 받고 직접 수강 신청함,[교필]문예창작",,0,,N,,,2023,1,1학기
400000,교양과정,2023,1,KY410,진로와상담,C8,교양필수,"2, 3",(0),,,강지희,20190189,29/30,"학과에 상담지도교수 안내 받고 직접 수강 신청함,[교필]문예창작",,0,,N,,,2023,1,1학기
400000,교양과정,2023,1,KY410,진로와상담,D1,교양필수,"2, 3",(0),,,전춘명,19960084,27/30,학과에서 상담교수  지정후 공지 및 개별신청,,1,,N,,,2023,1,1학기
400000,교양과정,2023,1,KY410,진로와상담,D2,교양필수,"2, 3",(0),,,오동식,20100188,24/30,학과에서 상담교수  지정후 공지 및 개별신청,,1,,N,,,2023,1,1학기
400000,교양과정,2023,1,KY410,진로와상담,D3,교양필수,"2, 3",(0),,,김대오,19970107,19/50,[교양필수]대생길 때 수강했던 지도교수와 동일하게 신청,,1,,N,,,2023,1,1학기
400000,교양과정,2023,1,KY410,진로와상담,D6,교양필수,"2, 3",(0),,,김희정,20080164,18/25,[교양필수]대생길 때 수강했던 지도교수와 동일하게 신청,,1,,N,,,2023,1,1학기
400000,교양과정,2023,1,KY410,진로와상담,E1,교양필수,"2, 3",(0),,,강인철,19970005,6/30,[교필]종교문화학. 상담지도교수 안내 받고 직접 신청요함.,,0,,N,,,2023,1,1학기
400000,교양과정,2023,1,KY410,진로와상담,E2,교양필수,"2, 3",(0),,,김항섭,20010016,6/30,[교필]종교문화학. 상담지도교수 안내 받고 직접 신청요함.,,1,,N,,,2023,1,1학기
400000,교양과정,2023,1,KY410,진로와상담,E6,교양필수,"2, 3",(0),,,김윤성,20060020,36/80,디지털영상문화콘텐츠학 한국인(20학번)/디지털문화콘텐츠학/영상문화학,,1,,N,,,2023,1,1학기
400000,교양과정,2023,1,KY410,진로와상담,E7,교양필수,"2, 3",(0),,,이종현,20230011,42/80,"디지털영상문화콘텐츠학 한국인(21, 22학번)",,1,,N,,,2023,1,1학기
400000,교양과정,2023,1,KY410,진로와상담,E8,교양필수,"2, 3",(0),,,김윤성,20060020,17/50,디지털영상문화콘텐츠학 외국인,,1,,N,,,2023,1,1학기
400000,교양과정,2023,1,KY410,진로와상담,F1,교양필수,"2, 3",(0),,,류기수,19950013,31/50,"학과에 상담지도교수 안내 받고 직접 수강 신청함, 중국어문화학과",,1,,N,,,2023,1,1학기
400000,교양과정,2023,1,KY410,진로와상담,F2,교양필수,"2, 3",(0),,,장정해,19930050,17/25,"학과에 상담지도교수 안내 받고 직접 수강 신청함, 중국어문화학과",,1,,N,,,2023,1,1학기
400000,교양과정,2023,1,KY410,진로와상담,F3,교양필수,"2, 3",(0),,,최민성,20090008,14/30,짝수 학번 수강생 신청,,1,,N,,,2023,1,1학기
400000,교양과정,2023,1,KY410,진로와상담,F4,교양필수,"2, 3",(0),,,김남희,20200038,15/30,홀수 학번 수강생 신청,,1,,N,,,2023,1,1학기
400000,교양과정,2023,1,KY410,진로와상담,F5,교양필수,"2, 3",(0),,,서정욱,20200078,35/40,,,1,,N,,,2023,1,1학기
400000,교양과정,2023,1,KY410,진로와상담,G1,교양필수,"2, 3",(0),,,이해영,19960013,12/20,본인 지도교수 확인후 수강신청할 것.,,0,,N,,,2023,1,1학기
400000,교양과정,2023,1,KY410,진로와상담,G2,교양필수,"2, 3",(0),,,백준기,19990060,7/20,본인 지도교수 확인후 수강신청할 것.,,0,,N,,,2023,1,1학기
400000,교양과정,2023,1,KY410,진로와상담,G3,교양필수,"2, 3",(0),,,조성대,20020021,21/22,본인 지도교수 확인후 수강신청할 것.,,0,,N,,,2023,1,1학기
400000,교양과정,2023,1,KY410,진로와상담,G4,교양필수,"2, 3",(0),,,박상남,20060141,18/20,본인 지도교수 확인후 수강신청할 것.,,0,,N,,,2023,1,1학기
400000,교양과정,2023,1,KY410,진로와상담,G6,교양필수,"2, 3",(0),,,양우진,19950069,20/20,,,1,,N,,,2023,1,1학기
400000,교양과정,2023,1,KY410,진로와상담,G7,교양필수,"2, 3",(0),,,정건화,19940038,24/20,,,0,,N,,,2023,1,1학기
400000,교양과정,2023,1,KY410,진로와상담,G8,교양필수,"2, 3",(0),,,성락선,19960085,20/20,,,1,,N,,,2023,1,1학기
400000,교양과정,2023,1,KY410,진로와상담,H2,교양필수,"2, 3",(0),,,윤상철,20000149,9/20,대학행정팀에서 지도교수 안내 받은 후 수강신청,,1,,N,,,2023,1,1학기
400000,교양과정,2023,1,KY410,진로와상담,H3,교양필수,"2, 3",(0),,,김종엽,19990047,14/20,학과사무실에서 지도교수 안내 받은 후 수강신청,,1,,N,,,2023,1,1학기
400000,교양과정,2023,1,KY410,진로와상담,H4,교양필수,"2, 3",(0),,,노중기,19970047,12/20,학과사무실에서 지도교수 안내 받은 후 수강신청,,1,,N,,,2023,1,1학기
400000,교양과정,2023,1,KY410,진로와상담,I1,교양필수,"2, 3",(0),,,채희상,20130174,45/33,,,1,,N,,,2023,1,1학기
400000,교양과정,2023,1,KY410,진로와상담,I2,교양필수,"2, 3",(0),,,지원배,20170127,46/33,,,1,,N,,,2023,1,1학기
400000,교양과정,2023,1,KY410,진로와상담,I3,교양필수,"2, 3",(0),,,이성미,20170128,43/33,,,1,,N,,,2023,1,1학기
400000,교양과정,2023,1,KY410,진로와상담,I4,교양필수,"2, 3",(0),,,박혜영,20210072,41/33,,,0,,N,,,2023,1,1학기
400000,교양과정,2023,1,KY410,진로와상담,J1,교양필수,"2, 3",(0),,,홍선미,19960088,19/50,학번 마지막 숫자 0~1 수강 신청,,1,,N,,,2023,1,1학기
400000,교양과정,2023,1,KY410,진로와상담,J2,교양필수,"2, 3",(0),,,김예랑,20080163,21/50,학번 마지막 숫자 2~3 수강 신청,,1,,N,,,2023,1,1학기
400000,교양과정,2023,1,KY410,진로와상담,J4,교양필수,"2, 3",(0),,,남세현,20170011,20/20,"학과 상담지도교수 안내받고 직접 수강신청,[2016학번부터필수]재활학과/P/NP과목",,1,,N,,,2023,1,1학기
400000,교양과정,2023,1,KY410,진로와상담,J5,교양필수,"2, 3",(0),,,백변경희,20010014,17/20,"학과 상담지도교수 안내받고 직접 수강신청,[2016학번부터필수]재활학과/P/NP과목",,0,,N,,,2023,1,1학기
400000,교양과정,2023,1,KY410,진로와상담,J6,교양필수,"2, 3",(0),,,이인재,19940025,16/20,"학과 상담지도교수 안내받고 직접 수강신청,[2016학번부터필수]재활학과/P/NP과목",,1,,N,,,2023,1,1학기
400000,교양과정,2023,1,KY410,진로와상담,J7,교양필수,"2, 3",(0),,,주경희,20180047,22/50,학번 마지막 숫자 4~5 수강 신청,,1,,N,,,2023,1,1학기
400000,교양과정,2023,1,KY410,진로와상담,J8,교양필수,"2, 3",(0),,,장익현,20200052,17/50,학번 마지막 숫자 6~7 수강 신청,,0,,N,,,2023,1,1학기
400000,교양과정,2023,1,KY410,진로와상담,J9,교양필수,"2, 3",(0),,,김수경,20210022,24/50,학번 마지막 숫자 8~9 수강 신청,,1,,N,,,2023,1,1학기
400000,교양과정,2023,1,KY410,진로와상담,K1,교양필수,"2, 3",(0),,,임종민,20210031,62/70,,,1,,N,,,2023,1,1학기
400000,교양과정,2023,1,KY410,진로와상담,K4,교양필수,"2, 3",(0),,,구훈정,20150127,29/30,,,1,,N,,,2023,1,1학기
400000,교양과정,2023,1,KY410,진로와상담,K5,교양필수,"2, 3",(0),,,오현숙,20040021,33/33,학과에 상담지도교수 안내 받고 직접 수강 신청,,0,,N,,,2023,1,1학기
400000,교양과정,2023,1,KY410,진로와상담,K7,교양필수,"2, 3",(0),,,유희정,20170124,23/30,학과에 상담지도교수 안내 받고 직접 수강 신청,,1,,N,,,2023,1,1학기
400000,교양과정,2023,1,KY410,진로와상담,K8,교양필수,"2, 3",(0),,,안도연,20210035,34/35,학과에 상담지도교수 안내 받고 직접 수강 신청,,1,,N,,,2023,1,1학기
400000,교양과정,2023,1,KY410,진로와상담,L1,교양필수,"2, 3",(0),,,장종익,20120119,21/50,포털메인 상담현황 상담사(=지도교수) 확인후 신청,,0,,N,,,2023,1,1학기
400000,교양과정,2023,1,KY410,진로와상담,L2,교양필수,"2, 3",(0),,,염건,19860028,35/35,"학과에 상담지도교수 안내 받고 직접 수강 신청함,[교필]경영학과",,1,,N,,,2023,1,1학기
400000,교양과정,2023,1,KY410,진로와상담,L3,교양필수,"2, 3",(0),,,정의범,20210033,36/37,"학과에 상담지도교수 안내 받고 직접 수강 신청함,[교필]경영학과",,1,,N,,,2023,1,1학기
400000,교양과정,2023,1,KY410,진로와상담,L4,교양필수,"2, 3",(0),,,이건범,20090026,37/35,"학과에 상담지도교수 안내 받고 직접 수강 신청함,[교필]경영학과",,1,,N,,,2023,1,1학기
400000,교양과정,2023,1,KY410,진로와상담,L5,교양필수,"2, 3",(0),,,박규호,20120084,38/35,"학과에 상담지도교수 안내 받고 직접 수강 신청함,[교필]경영학과",,1,,N,,,2023,1,1학기
400000,교양과정,2023,1,KY410,진로와상담,L6,교양필수,"2, 3",(0),,,양영수,20210032,34/50,포털메인 상담현황 상담사(=지도교수) 확인후 신청,,1,,N,,,2023,1,1학기
400000,교양과정,2023,1,KY410,진로와상담,L7,교양필수,"2, 3",(0),,,오창호,19950009,16/50,포털메인 상담현황 상담사(=지도교수) 확인후 신청,,1,,N,,,2023,1,1학기
400000,교양과정,2023,1,KY410,진로와상담,L8,교양필수,"2, 3",(0),,,유한나,20220223,12/50,포털메인 상담현황 상담사(=지도교수) 확인후 신청,,1,,N,,,2023,1,1학기
400000,교양과정,2023,1,KY410,진로와상담,M1,교양필수,"2, 3",(0),,,한광희,19960006,18/21,학과사무실에서 안내받고 직접 신청.,,1,,N,,,2023,1,1학기
400000,교양과정,2023,1,KY410,진로와상담,M2,교양필수,"2, 3",(0),,,장용식,20030233,7/20,학과사무실에서 안내받고 직접 신청.,,1,,N,,,2023,1,1학기
400000,교양과정,2023,1,KY410,진로와상담,M3,교양필수,"2, 3",(0),,,김상욱,20030021,14/30,학과사무실에서 안내받고 직접 신청.,,1,,N,,,2023,1,1학기
400000,교양과정,2023,1,KY410,진로와상담,M4,교양필수,"2, 3",(0),,,이남연,20170129,25/30,학과사무실에서 안내받고 직접 신청.,,1,,N,,,2023,1,1학기
400000,교양과정,2023,1,KY410,진로와상담,M5,교양필수,"2, 3",(0),,,주장환,20080160,30/30,"학과에 상담지도교수 안내 받고 직접 수강 신청함,[교필]중국학과",,0,,N,,,2023,1,1학기
400000,교양과정,2023,1,KY410,진로와상담,M6,교양필수,"2, 3",(0),,,김도희,20050055,30/30,"학과에 상담지도교수 안내 받고 직접 수강 신청함,[교필]중국학과",,1,,N,,,2023,1,1학기
400000,교양과정,2023,1,KY410,진로와상담,N1,교양필수,"2, 3",(0),,,송주명,19990049,20/40,"학과에 상담지도교수 안내 받고 직접 수강 신청함,[교필]일본학과",,1,,N,,,2023,1,1학기
400000,교양과정,2023,1,KY410,진로와상담,N2,교양필수,"2, 3",(0),,,오미정,20100011,33/40,"학과에 상담지도교수 안내 받고 직접 수강 신청함,[교필]일본학과",,1,,N,,,2023,1,1학기
400000,교양과정,2023,1,KY410,진로와상담,N5,교양필수,"2, 3",(0),,,전창환,19970038,15/30,[교필]국제경제학과 (학과 내 지도교수 확인 후 해당하는 교과목으로 신청),,1,,N,,,2023,1,1학기
400000,교양과정,2023,1,KY410,진로와상담,N6,교양필수,"2, 3",(0),,,정지영,20190192,15,[교필]국제경제학과 (학과 내 지도교수 확인 후 해당하는 교과목으로 신청),,1,,N,,,2023,1,1학기
400000,교양과정,2023,1,KY410,진로와상담,N7,교양필수,"2, 3",(0),,,정희진,20230012,17/25,[교필]국제경제학과 (학과 내 지도교수 확인 후 해당하는 교과목으로 신청),,1,,N,,,2023,1,1학기
400000,교양과정,2023,1,KY410,진로와상담,O1,교양필수,"2, 3",(0),,,박기현,19940031,24/25,,,1,,N,,,2023,1,1학기
400000,교양과정,2023,1,KY410,진로와상담,O2,교양필수,"2, 3",(0),,,윤성식,19960015,20/25,,,0,,N,,,2023,1,1학기
400000,교양과정,2023,1,KY410,진로와상담,O3,교양필수,"2, 3",(0),,,양춘우,19940027,13/25,,,1,,N,,,2023,1,1학기
400000,교양과정,2023,1,KY410,진로와상담,O4,교양필수,"2, 3",(0),,,정재웅,20210034,19/20,,,1,,N,,,2023,1,1학기
400000,교양과정,2023,1,KY410,진로와상담,O5,교양필수,"2, 3",(0),,,박동련,19960011,27/27,"학과에 상담지도교수 안내 받고 직접 수강 신청함,[교필]응용통계학과",,1,,N,,,2023,1,1학기
400000,교양과정,2023,1,KY410,진로와상담,O6,교양필수,"2, 3",(0),,,이승천,19930049,24/27,"학과에 상담지도교수 안내 받고 직접 수강 신청함,[교필]응용통계학과",,1,,N,,,2023,1,1학기
400000,교양과정,2023,1,KY410,진로와상담,O7,교양필수,"2, 3",(0),,,유한나,20220033,19/27,"학과에 상담지도교수 안내 받고 직접 수강 신청함,[교필]응용통계학과",,1,,N,,,2023,1,1학기
400000,교양과정,2023,1,KY410,진로와상담,P1,교양필수,"2, 3",(0),,,윤효석,20190207,31/35,"[2016학번부터필수]컴퓨터공학부/P/NP과목/학번끝3자리001~010,21,48",,1,,N,,,2023,1,1학기
400000,교양과정,2023,1,KY410,진로와상담,P2,교양필수,"2, 3",(0),,,나근식,19920037,31/35,"[2016학번부터필수]컴퓨터공학부/P/NP과목/학번끝3자리011~020,22",,1,,N,,,2023,1,1학기
400000,교양과정,2023,1,KY410,진로와상담,P3,교양필수,"2, 3",(0),,,김성기,19930045,31/35,"[2016학번부터필수]컴퓨터공학부/P/NP과목/학번끝3자리031~040,23",,1,,N,,,2023,1,1학기
400000,교양과정,2023,1,KY410,진로와상담,P4,교양필수,"2, 3",(0),,,최창원,19960009,26/35,"[2016학번부터필수]컴퓨터공학부/P/NP과목/학번끝3자리051~060,25,47",,1,,N,,,2023,1,1학기
400000,교양과정,2023,1,KY410,진로와상담,P5,교양필수,"2, 3",(0),,,장재건,19970017,24/35,"[2016학번부터필수]컴퓨터공학부/P/NP과목/학번끝3자리061~070,26",,1,,N,,,2023,1,1학기
400000,교양과정,2023,1,KY410,진로와상담,P6,교양필수,"2, 3",(0),,,이성구,19990055,22/35,"[2016학번부터필수]컴퓨터공학부/P/NP과목/학번끝3자리081~090,27",,1,,N,,,2023,1,1학기
400000,교양과정,2023,1,KY410,진로와상담,P7,교양필수,"2, 3",(0),,,박성진,20000021,29/35,"[2016학번부터필수]컴퓨터공학부/P/NP과목/학번끝3자리091~100,28,46",,1,,N,,,2023,1,1학기
400000,교양과정,2023,1,KY410,진로와상담,P8,교양필수,"2, 3",(0),,,이형우,20030008,25/35,"[2016학번부터필수]컴퓨터공학부/P/NP과목/학번끝3자리101~110,29,45",,1,,N,,,2023,1,1학기
400000,교양과정,2023,1,KY410,진로와상담,P9,교양필수,"2, 3",(0),,,류승택,20040026,19/35,"[2016학번부터필수]컴퓨터공학부/P/NP과목/학번끝3자리111~120,30,44",,1,,N,,,2023,1,1학기
400000,교양과정,2023,1,KY410,진로와상담,Q1,교양필수,"2, 3",(0),,,임익수,20230014,20/35,"[2016학번부터필수]컴퓨터공학부/P/NP과목/학번끝3자리121~130,71~72,43,24",,1,,N,,,2023,1,1학기
400000,교양과정,2023,2,*KY015,영상으로보는한국사회,A,교양선택,"1, 2, 3, 4",3,"금요일(13:00~14:15), 금요일(14:30~15:45)","3308, 3308",PANG LI,20120123,34/35,외국인학생 교과목/일반학생불가,리더십,1,,대면,,,2023,2,2학기
400000,교양과정,2023,2,*KY02,한국문화지리,A,교양선택,"1, 2, 3, 4",3,"화요일(13:00~14:15), 화요일(14:30~15:45)","3308, 3308",PANG LI,20120123,34/35,외국인학생 교과목/일반학생불가,인문,1,,대면,,,2023,2,2학기
400000,교양과정,2023,2,*KY020,한국의전통문화,A,교양선택,"1, 2, 3, 4",3,"금요일(16:00~17:15), 금요일(17:30~18:45)","3308, 3308",PANG LI,20120123,23/35,외국인학생 교과목/일반학생불가,인문,1,,대면,,,2023,2,2학기
400000,교양과정,2023,2,*KY038,초급한국어문법1,A,교양선택,"1, 2, 3, 4",3,"금요일(13:00~14:15), 금요일(14:30~15:45)","20502, 20502",김연숙,20220165,30/35,외국인학생 교과목/일반학생불가,글로벌,1,,대면,,,2023,2,2학기
400000,교양과정,2023,2,*KY039,초급한국어회화1,A,교양선택,"1, 2, 3, 4",3,"목요일(13:00~14:15), 목요일(14:30~15:45)","3406, 3406",최현실,20220145,19/20,외국인학생 교과목/일반학생불가,글로벌,1,,대면,,,2023,2,2학기
400000,교양과정,2023,2,*KY039,초급한국어회화1,B,교양선택,"1, 2, 3, 4",3,"목요일(13:00~14:15), 목요일(14:30~15:45)","3405, 3405",신남미,20220143,19/20,외국인학생 교과목/일반학생불가,글로벌,1,,대면,,,2023,2,2학기
400000,교양과정,2023,2,*KY040,중급한국어문법1,A,교양선택,"1, 2, 3, 4",3,"화요일(13:00~14:15), 화요일(14:30~15:45)","20506, 20506",신남미,20220143,23/35,외국인학생 교과목/일반학생불가,글로벌,1,,대면,,,2023,2,2학기
400000,교양과정,2023,2,*KY041,중급한국어회화1,A,교양선택,"1, 2, 3, 4",3,"금요일(09:30~10:45), 금요일(11:00~12:15)","3406, 3406",최현실,20220145,16/20,외국인학생 교과목/일반학생불가,글로벌,1,,대면,,,2023,2,2학기
400000,교양과정,2023,2,*KY113,한국어듣기기초1,A,교양선택,1,3,"월요일(11:00~12:15), 수요일(09:30~10:45)","20502, 20502",김혜련,20210139,35/35,외국인학생 교과목/일반학생불가,창의융합,1,,대면,,,2023,2,2학기
400000,교양과정,2023,2,*KY116,한국어쓰기기초1,A,교양선택,1,3,"금요일(09:30~10:45), 금요일(11:00~12:15)","20502, 20502",정근희,20220151,24/35,외국인학생 교과목/일반학생불가,창의융합,1,,대면,,,2023,2,2학기
400000,교양과정,2023,2,*KY116,한국어쓰기기초1,B,교양선택,1,3,"화요일(11:00~12:15), 목요일(09:30~10:45)","20506, 20506",최승희,20210140,17/35,TOPIK 3급 자격증반,창의융합,1,,대면,,,2023,2,2학기
400000,교양과정,2023,2,*KY118,한국어말하기기초1,A,교양선택,1,3,"월요일(09:30~10:45), 수요일(11:00~12:15)","20502, 20502",김혜련,20210139,17/20,외국인학생 교과목/일반학생불가,창의융합,1,,대면,,,2023,2,2학기
400000,교양과정,2023,2,*KY120,한국생활배우기1,B,교양선택,1,3,"목요일(13:00~14:15), 목요일(14:30~15:45)","3505, 3505",정예수,20208014,19/35,외국인학생 교과목/일반학생불가,창의융합,1,,대면,,,2023,2,2학기
400000,교양과정,2023,2,*KY122,K-culture의이해,A,교양선택,1,3,"금요일(13:00~14:15), 금요일(14:30~15:45)","10206, 10206",정연수,20220191,30/30,외국인학생 교과목/일반학생불가,글로벌,1,,대면,,,2023,2,2학기
400000,교양과정,2023,2,*KY124,신체표현활동2,A,교양선택,1,3,"화요일(13:00~14:15), 화요일(14:30~15:45)","10206, 10206",김환희,20230047,22/30,외국인학생 교과목/일반학생불가,글로벌,1,,대면,,,2023,2,2학기
400000,교양과정,2023,2,*KY124,신체표현활동2,B,교양선택,1,3,"화요일(16:00~17:15), 화요일(17:30~18:45)","10206, 10206",김환희,20230047,26/30,외국인학생 교과목/일반학생불가,글로벌,1,,대면,,,2023,2,2학기
400000,교양과정,2023,2,*KY125,스포츠실습2,A,교양선택,1,3,"금요일(09:30~10:45), 금요일(11:00~12:15)","10301, 10301",이영훈,20230045,30/30,외국인학생 교과목/일반학생불가,글로벌,1,,대면,,,2023,2,2학기
400000,교양과정,2023,2,*KY125,스포츠실습2,B,교양선택,1,3,"금요일(16:00~17:15), 금요일(17:30~18:45)","10301, 10301",이영훈,20230045,16/30,외국인학생 교과목/일반학생불가,글로벌,1,,대면,,,2023,2,2학기
400000,교양과정,2023,2,*KY126,K문화예술경영개론,A,교양선택,1,3,"월요일(13:00~14:15), 수요일(13:00~14:15)","10206, 10206",이승원,20230131,30/30,외국인학생 교과목/일반학생불가,글로벌,1,,대면,,,2023,2,2학기
400000,교양과정,2023,2,*KY126,K문화예술경영개론,B,교양선택,1,3,"월요일(14:30~15:45), 수요일(14:30~15:45)","10206, 10206",이승원,20230131,17/30,외국인학생 교과목/일반학생불가,글로벌,1,,대면,,,2023,2,2학기
400000,교양과정,2023,2,*KY127,K-뮤직활동,A,교양선택,1,3,"월요일(13:00~14:15), 수요일(13:00~14:15)","3424, 3424",강형모,20230137,30/30,외국인학생 교과목/일반학생불가,글로벌,1,,대면,,,2023,2,2학기
400000,교양과정,2023,2,*KY127,K-뮤직활동,B,교양선택,1,3,"월요일(14:30~15:45), 수요일(14:30~15:45)","3424, 3424",강형모,20230137,19/30,외국인학생 교과목/일반학생불가,글로벌,1,,대면,,,2023,2,2학기
400000,교양과정,2023,2,*KY128,뮤지컬의이해,A,교양선택,1,3,"월요일(09:30~10:45), 수요일(11:00~12:15)","3424, 3424",노준성,20230130,16/30,외국인학생 교과목/일반학생불가,글로벌,1,,대면,,,2023,2,2학기
400000,교양과정,2023,2,*KY128,뮤지컬의이해,B,교양선택,1,3,"월요일(11:00~12:15), 수요일(09:30~10:45)","3424, 3424",노준성,20230130,28/30,외국인학생 교과목/일반학생불가,글로벌,1,,대면,,,2023,2,2학기
400000,교양과정,2023,2,*KY131,고급한국어문법1,A,교양선택,1,3,"화요일(13:00~14:15), 화요일(14:30~15:45)","20502, 20502",정근희,20220151,16/35,외국인학생 교과목/일반학생불가/*KY111 수강생 수강금지,소통,1,,대면,,,2023,2,2학기
400000,교양과정,2023,2,KY100,채플,A,교양필수,1,(1),"월요일(17:30~18:20), 수요일(16:00~16:50)","4105, 4105","강은미, 나현기, 박충만",20180057,28/200,"신학대학채플 / 신학2학년 수강 / 채플실 진행 / 월,수요일 모두 출석 / P/NP",,1,,대면,,,2023,2,2학기
400000,교양과정,2023,2,KY101,채플,A,교양필수,"1, 2",.5,월요일(14:30~15:20),채플실,"강은미, 나현기, 박충만",20180057,497/550,"이공계융합(수리,응통),AI·SW계열(컴공, 소웨융, IT영상콘텐츠)",,1,,대면,,,2023,2,2학기
400000,교양과정,2023,2,KY101,채플,B,교양필수,"1, 2",.5,수요일(14:30~15:20),채플실,"나현기, 박충만, 진형섭",20180057,416/550,"인문계열(국문,종교,철학,독일어,영미,문예,한국사,중문,한중문콘,디영문콘)",,1,,대면,,,2023,2,2학기
400000,교양과정,2023,2,KY201,채플,A,교양필수,"1, 2",.5,월요일(16:00~16:50),채플실,"강은미, 나현기, 박충만",20180057,529/550,"경영·미디어계열(경영,IT경영,글비,미영), 휴먼서비스계열(사회학과,사복,재활,심아), 특수체육학계열(특체)",,1,,대면,,,2023,2,2학기
400000,교양과정,2023,2,KY201,채플,B,교양필수,"1, 2",.5,수요일(16:00~16:50),채플실,"나현기, 박충만, 진형섭",20180057,532/550,"경제·국제지역 계열(중국,일본,국경,경제), 글로벌·공공인재 계열(글인, 공공인재)",,1,,대면,,,2023,2,2학기
400000,교양과정,2023,2,KY205,초급일본어회화Ⅱ,A,교양선택,1,1,화요일(11:00~12:40),3321,이혜원,20220149,23/30,일본학과 수강금지(1학년허용),글로벌,1,,대면,,,2023,2,2학기
400000,교양과정,2023,2,KY206,현대서양사상의길잡이,A,교양선택,1,3,"월요일(17:30~18:45), 수요일(16:00~17:15)","20507, 20507",이문교,20220135,55/90,,인문,1,,대면,,,2023,2,2학기
400000,교양과정,2023,2,KY209,기업가정신및창업실무,A,교양선택,"2, 3, 4",2,,,한광희,19960006,89/90,"온라인,대학일자리센터문의,P/NP // 교내온라인 // 교내온라인",창의융합,1,,교내온라인,,,2023,2,2학기
400000,교양과정,2023,2,KY217,성서의세계,A,교양필수,1,2,월요일(11:00~12:40),18519,박재형,20220058,89/90,교필(성서교과목),,1,,대면,,,2023,2,2학기
400000,교양과정,2023,2,KY217,성서의세계,B,교양필수,1,2,월요일(17:30~19:10),18519,박재형,20220058,89/90,교필(성서교과목),,1,,대면,,,2023,2,2학기
400000,교양과정,2023,2,KY217,성서의세계,C,교양필수,1,2,화요일(11:00~12:40),18421,정용택,20220057,90/90,교필(성서교과목),,1,,대면,,,2023,2,2학기
400000,교양과정,2023,2,KY217,성서의세계,D,교양필수,1,2,화요일(17:30~19:10),18421,정용택,20220057,90/90,교필(성서교과목),,1,,대면,,,2023,2,2학기
400000,교양과정,2023,2,KY217,성서의세계,E,교양필수,1,2,화요일(17:30~19:10),18519,진형섭,20209150,90/90,교필(성서교과목),,1,,대면,,,2023,2,2학기
400000,교양과정,2023,2,KY217,성서의세계,F,교양필수,1,2,수요일(11:00~12:40),18421,진형섭,20209150,89/90,교필(성서교과목),,1,,대면,,,2023,2,2학기
400000,교양과정,2023,2,KY217,성서의세계,G,교양필수,1,2,수요일(17:30~19:10),18421,진형섭,20209150,88/90,교필(성서교과목),,1,,대면,,,2023,2,2학기
400000,교양과정,2023,2,KY217,성서의세계,H,교양필수,1,2,금요일(11:00~12:40),18421,진형섭,20209150,89/90,교필(성서교과목),,1,,대면,,,2023,2,2학기
400000,교양과정,2023,2,KY217,성서의세계,I,교양필수,1,2,금요일(13:00~14:40),18421,진형섭,20209150,60/90,교필(성서교과목),,1,,대면,,,2023,2,2학기
400000,교양과정,2023,2,KY304,채플,A,교양필수,"3, 4",(1),월요일(17:30~18:20),4107,"강은미, 나현기, 박충만",20180057,49/100,"신학대학채플 / 신학 3,4학년수강 / 채플실 진행 / P/NP ",,1,,대면,,,2023,2,2학기
400000,교양과정,2023,2,KY304,채플,B,교양필수,1,(1),월요일(17:30~18:20),채플실,"강은미, 나현기, 박충만",20180057,31/100,신학대학채플 / 신학전공예정 1학년 / P/NP ,,1,,대면,,,2023,2,2학기
400000,교양과정,2023,2,KY309,생활속의실용금융,A,교양선택,1,3,"금요일(13:00~14:15), 금요일(14:30~15:45)","18420, 18420",장순택,20210143,48/50,수강생 전원 교재 지원 / 외부기관 지원사업,지식정보,1,,대면,,,2023,2,2학기
400000,교양과정,2023,2,KY313,기독교와문화,A,교양필수,"2, 3, 4",2,금요일(13:00~14:40),7215,나현기,20180057,31/90,"2,3,4학년 기독교관련 과목 미이수자",,1,,대면,,,2023,2,2학기
400000,교양과정,2023,2,KY410,진로와상담,A2,교양필수,"1, 3",(0),,,이서영,20220036,7/20,[2016학번부터필수]/ P/NP과목 / 학과에 상담지도교수 안내받고 직접 수강신청,,1,,N,,,2023,2,2학기
400000,교양과정,2023,2,KY410,진로와상담,A4,교양필수,"1, 3",(0),,,김주한,20080110,8/20,[2016학번부터필수]/ P/NP과목 / 학과에 상담지도교수 안내받고 직접 수강신청,,1,,N,,,2023,2,2학기
400000,교양과정,2023,2,KY410,진로와상담,A6,교양필수,"1, 3",(0),,,연규홍,20000038,8/20,[2016학번부터필수]/ P/NP과목 / 학과에 상담지도교수 안내받고 직접 수강신청,,0,,N,,,2023,2,2학기
400000,교양과정,2023,2,KY410,진로와상담,AA,교양필수,1,(0),,,이양선,20210020,30/30,AI·SW계열 수강신청,,1,,N,,,2023,2,2학기
400000,교양과정,2023,2,KY410,진로와상담,AB,교양필수,1,(0),,,임익수,20230014,30/30,AI·SW계열 수강신청,,1,,N,,,2023,2,2학기
400000,교양과정,2023,2,KY410,진로와상담,AC,교양필수,1,(0),,,양영욱,20210021,30/30,AI·SW계열 수강신청,,1,,N,,,2023,2,2학기
400000,교양과정,2023,2,KY410,진로와상담,AD,교양필수,1,(0),,,윤효석,20190207,30/30,AI·SW계열 수강신청,,1,,N,,,2023,2,2학기
400000,교양과정,2023,2,KY410,진로와상담,AE,교양필수,1,(0),,,안현,20210024,29/30,AI·SW계열 수강신청,,0,,N,,,2023,2,2학기
400000,교양과정,2023,2,KY410,진로와상담,AF,교양필수,1,(0),,,이용걸,20210023,25/30,AI·SW계열 수강신청,,0,,N,,,2023,2,2학기
400000,교양과정,2023,2,KY410,진로와상담,AG,교양필수,1,(0),,,백수진,20230139,26/30,AI·SW계열 수강신청,,1,,N,,,2023,2,2학기
400000,교양과정,2023,2,KY410,진로와상담,AM,교양필수,1,(0),,,이영미,20050062,24/25,신학·인문융합계열 수강신청,,1,,N,,,2023,2,2학기
400000,교양과정,2023,2,KY410,진로와상담,AN,교양필수,1,(0),,,김창주,20080161,18/25,신학·인문융합계열 수강신청,,0,,N,,,2023,2,2학기
400000,교양과정,2023,2,KY410,진로와상담,AQ,교양필수,1,(0),,,김항섭,20010016,17/17,신학·인문융합계열 수강신청,,0,,N,,,2023,2,2학기
400000,교양과정,2023,2,KY410,진로와상담,AR,교양필수,1,(0),,,강인철,19970005,10/17,신학·인문융합계열 수강신청,,0,,N,,,2023,2,2학기
400000,교양과정,2023,2,KY410,진로와상담,AS,교양필수,1,(0),,,김희정,20080164,16/17,신학·인문융합계열 수강신청,,1,,N,,,2023,2,2학기
400000,교양과정,2023,2,KY410,진로와상담,AT,교양필수,1,(0),,,김대오,19970107,14/17,신학·인문융합계열 수강신청,,1,,N,,,2023,2,2학기
400000,교양과정,2023,2,KY410,진로와상담,AW,교양필수,1,(0),,,전춘명,19960084,16/17,신학·인문융합계열 수강신청,,1,,N,,,2023,2,2학기
400000,교양과정,2023,2,KY410,진로와상담,AX,교양필수,1,(0),,,오동식,20100188,11/17,신학·인문융합계열 수강신청,,1,,N,,,2023,2,2학기
400000,교양과정,2023,2,KY410,진로와상담,B1,교양필수,"1, 3",(0),,,유문선,19950014,16/50,"[교필] 16학번부터 교양필수/ 국어국문학과 수강/ 학번 맨 끝자리 7,8,9,0 수강/ P/NP",,1,,N,,,2023,2,2학기
400000,교양과정,2023,2,KY410,진로와상담,B2,교양필수,"1, 3",(0),,,유형동,20220034,20/50,"[교필] 16학번부터 교양필수/ 국어국문학과 수강/ 학번 맨 끝자리 1,2,3 수강/ P/NP",,1,,N,,,2023,2,2학기
400000,교양과정,2023,2,KY410,진로와상담,B3,교양필수,"1, 3",(0),,,김수영,20220221,16/50,"[교필] 16학번부터 교양필수/ 국어국문학과 수강/ 학번 맨 끝자리 4,5,6 수강/ P/NP",,1,,N,,,2023,2,2학기
400000,교양과정,2023,2,KY410,진로와상담,B4,교양필수,"1, 3",(0),,,서강목,19950011,10/40,"[2016학번부터필수]영문/P/NP과목,학과 상담지도교수 안내받고 직접 수강신청",,0,,N,,,2023,2,2학기
400000,교양과정,2023,2,KY410,진로와상담,B5,교양필수,"1, 3",(0),,,김지혜,20210073,7/30,"[2016학번부터필수]영문/P/NP과목,학과 상담지도교수 안내받고 직접 수강신청",,1,,N,,,2023,2,2학기
400000,교양과정,2023,2,KY410,진로와상담,B6,교양필수,"1, 3",(0),,,이향미,20200051,16/30,"[2016학번부터필수]영문/P/NP과목,학과 상담지도교수 안내받고 직접 수강신청",,1,,N,,,2023,2,2학기
400000,교양과정,2023,2,KY410,진로와상담,B7,교양필수,"1, 3",(0),,,박미선,20090009,4/30,"[2016학번부터필수]영문/P/NP과목,학과 상담지도교수 안내받고 직접 수강신청",,1,,N,,,2023,2,2학기
400000,교양과정,2023,2,KY410,진로와상담,BA,교양필수,1,(0),,,이향미,20200051,8/9,신학·인문융합계열 수강신청,,1,,N,,,2023,2,2학기
400000,교양과정,2023,2,KY410,진로와상담,BB,교양필수,1,(0),,,서강목,19950011,7/9,신학·인문융합계열 수강신청,,0,,N,,,2023,2,2학기
400000,교양과정,2023,2,KY410,진로와상담,BC,교양필수,1,(0),,,김지혜,20210073,8/8,신학·인문융합계열 수강신청,,1,,N,,,2023,2,2학기
400000,교양과정,2023,2,KY410,진로와상담,BD,교양필수,1,(0),,,박미선,20090009,8/8,신학·인문융합계열 수강신청,,1,,N,,,2023,2,2학기
400000,교양과정,2023,2,KY410,진로와상담,BF,교양필수,1,(0),,,강지희,20190189,14/11,신학·인문융합계열 수강신청,,0,,N,,,2023,2,2학기
400000,교양과정,2023,2,KY410,진로와상담,BH,교양필수,1,(0),,,정한아,20220222,15/11,신학·인문융합계열 수강신청,,0,,N,,,2023,2,2학기
400000,교양과정,2023,2,KY410,진로와상담,BJ,교양필수,1,(0),,,유문선,19950014,7/11,신학·인문융합계열 수강신청,,1,,N,,,2023,2,2학기
400000,교양과정,2023,2,KY410,진로와상담,BK,교양필수,1,(0),,,유형동,20220034,11/11,신학·인문융합계열 수강신청,,1,,N,,,2023,2,2학기
400000,교양과정,2023,2,KY410,진로와상담,BL,교양필수,1,(0),,,김수영,20220221,11/11,신학·인문융합계열 수강신청,,1,,N,,,2023,2,2학기
400000,교양과정,2023,2,KY410,진로와상담,BN,교양필수,1,(0),,,이형원,20210030,10/10,신학·인문융합계열 수강신청,,1,,N,,,2023,2,2학기
400000,교양과정,2023,2,KY410,진로와상담,BO,교양필수,1,(0),,,정해득,20140042,6/10,신학·인문융합계열 수강신청,,0,,N,,,2023,2,2학기
400000,교양과정,2023,2,KY410,진로와상담,BP,교양필수,1,(0),,,정무용,20230010,10/10,신학·인문융합계열 수강신청,,1,,N,,,2023,2,2학기
400000,교양과정,2023,2,KY410,진로와상담,BR,교양필수,1,(0),,,류기수,19950013,5/9,신학·인문융합계열 수강신청,,0,,N,,,2023,2,2학기
400000,교양과정,2023,2,KY410,진로와상담,BS,교양필수,1,(0),,,장정해,19930050,10/10,신학·인문융합계열 수강신청,,0,,N,,,2023,2,2학기
400000,교양과정,2023,2,KY410,진로와상담,BT,교양필수,1,(0),,,최민성,20090008,8/9,신학·인문융합계열 수강신청,,1,,N,,,2023,2,2학기
400000,교양과정,2023,2,KY410,진로와상담,BU,교양필수,1,(0),,,김남희,20200038,10/10,신학·인문융합계열 수강신청,,1,,N,,,2023,2,2학기
400000,교양과정,2023,2,KY410,진로와상담,BW,교양필수,1,(0),,,신광철,19960087,8/8,신학·인문융합계열 수강신청,,1,,N,,,2023,2,2학기
400000,교양과정,2023,2,KY410,진로와상담,BX,교양필수,1,(0),,,김윤성,20060020,7/8,신학·인문융합계열 수강신청,,1,,N,,,2023,2,2학기
400000,교양과정,2023,2,KY410,진로와상담,BY,교양필수,1,(0),,,이종현,20230011,8/8,신학·인문융합계열 수강신청,,1,,N,,,2023,2,2학기
400000,교양과정,2023,2,KY410,진로와상담,BZ,교양필수,1,(0),,,이종현,20230011,5/6,외국인 디지털영상문화콘텐츠 전공예약 학생 신청 / 신학·인문융합계열,,1,,N,,,2023,2,2학기
400000,교양과정,2023,2,KY410,진로와상담,C1,교양필수,"1, 3",(0),,,정무용,20230010,15/20,,,1,,N,,,2023,2,2학기
400000,교양과정,2023,2,KY410,진로와상담,C2,교양필수,"1, 3",(0),,,이형원,20210030,12/20,,,1,,N,,,2023,2,2학기
400000,교양과정,2023,2,KY410,진로와상담,C3,교양필수,"1, 3",(0),,,정해득,20140042,7/20,,,1,,N,,,2023,2,2학기
400000,교양과정,2023,2,KY410,진로와상담,C5,교양필수,"1, 3",(0),,,강지희,20190189,23/40,,,0,,N,,,2023,2,2학기
400000,교양과정,2023,2,KY410,진로와상담,C7,교양필수,"1, 3",(0),,,정한아,20220222,14/40,,,0,,N,,,2023,2,2학기
400000,교양과정,2023,2,KY410,진로와상담,D1,교양필수,"1, 3",(0),,,전춘명,19960084,9/20,독일어문화학과 학번 끝자리 홀수 신청,,1,,N,,,2023,2,2학기
400000,교양과정,2023,2,KY410,진로와상담,D2,교양필수,"1, 3",(0),,,오동식,20100188,12/20,독일어문화학과 학번 끝자리 짝수 신청,,1,,N,,,2023,2,2학기
400000,교양과정,2023,2,KY410,진로와상담,D4,교양필수,"1, 3",(0),,,김희정,20080164,8/40,"[2016학번부터필수]인문콘텐츠학부(철학전공)/P/NP과목, 학과 상담지도교수 안내받고 직접 수강신청",,1,,N,,,2023,2,2학기
400000,교양과정,2023,2,KY410,진로와상담,D6,교양필수,"1, 3",(0),,,김대오,19970107,13/40,"[2016학번부터필수]인문콘텐츠학부(철학전공)/P/NP과목, 학과 상담지도교수 안내받고 직접 수강신청",,1,,N,,,2023,2,2학기
400000,교양과정,2023,2,KY410,진로와상담,E1,교양필수,"1, 3",(0),,,강인철,19970005,2/40,,,0,,N,,,2023,2,2학기
400000,교양과정,2023,2,KY410,진로와상담,E2,교양필수,"1, 3",(0),,,김항섭,20010016,4/40,,,1,,N,,,2023,2,2학기
400000,교양과정,2023,2,KY410,진로와상담,E4,교양필수,"1, 3",(0),,,신광철,19960087,12/30,디지털영상문화콘텐츠학(한국인 4학년)/디지털문화콘텐츠학,,1,,N,,,2023,2,2학기
400000,교양과정,2023,2,KY410,진로와상담,E5,교양필수,"1, 3",(0),,,김윤성,20060020,15/30,디지털영상문화콘텐츠학(한국인 2-3학년 홀수번호)/영상문화학,,1,,N,,,2023,2,2학기
400000,교양과정,2023,2,KY410,진로와상담,E6,교양필수,"1, 3",(0),,,이종현,20230011,15/30,디지털영상문화콘텐츠학(한국인 2-3학년 짝수번호),,1,,N,,,2023,2,2학기
400000,교양과정,2023,2,KY410,진로와상담,E8,교양필수,"1, 3",(0),,,김윤성,20060020,9/20,디지털영상문화콘텐츠학(외국인 2-3학년),,1,,N,,,2023,2,2학기
400000,교양과정,2023,2,KY410,진로와상담,F1,교양필수,"1, 3",(0),,,류기수,19950013,14/35,"[2016학번부터필수]중국어문화학과/P/NP과목, 지도교수 확인 후 신청",,1,,N,,,2023,2,2학기
400000,교양과정,2023,2,KY410,진로와상담,F2,교양필수,"1, 3",(0),,,장정해,19930050,8/35,"[2016학번부터필수]중국어문화학과/P/NP과목, 지도교수 확인 후 신청",,1,,N,,,2023,2,2학기
400000,교양과정,2023,2,KY410,진로와상담,F3,교양필수,"1, 3",(0),,,최민성,20090008,6/21,"[2016학번부터필수]한중문화콘텐츠학과 P/NP과목, 학과 상담지도교수 안내받고 직접 수강",,1,,N,,,2023,2,2학기
400000,교양과정,2023,2,KY410,진로와상담,F4,교양필수,"1, 3",(0),,,김남희,20200038,8/20,"[2016학번부터필수]한중문화콘텐츠학과 P/NP과목, 학과 상담지도교수 안내받고 직접 수강",,1,,N,,,2023,2,2학기
400000,교양과정,2023,2,KY410,진로와상담,F5,교양필수,"1, 3",(0),,,강민구,20000145,24/30,"[2016학번부터필수]IT콘텐츠학과/P/NP과목, 학과 상담지도교수 안내받고 직접 수강신청",,1,,N,,,2023,2,2학기
400000,교양과정,2023,2,KY410,진로와상담,G1,교양필수,"1, 3",(0),,,이해영,19960013,6/25,"[2016부터필수] 글로벌인재학부(국제관계학부)/ P/NP과목, 학과 상담지도교수 확인 필수",,1,,N,,,2023,2,2학기
400000,교양과정,2023,2,KY410,진로와상담,G2,교양필수,"1, 3",(0),,,백준기,19990060,7/25,"[2016부터필수] 글로벌인재학부(국제관계학부)/ P/NP과목, 학과 상담지도교수 확인 필수",,1,,N,,,2023,2,2학기
400000,교양과정,2023,2,KY410,진로와상담,G3,교양필수,"1, 3",(0),,,조성대,20020021,11/25,"[2016부터필수] 글로벌인재학부(국제관계학부)/ P/NP과목, 학과 상담지도교수 확인 필수",,1,,N,,,2023,2,2학기
400000,교양과정,2023,2,KY410,진로와상담,G5,교양필수,"1, 3",(0),,,박상남,20060141,11/25,"[2016부터필수] 글로벌인재학부(국제관계학부)/ P/NP과목, 학과 상담지도교수 확인 필수",,1,,N,,,2023,2,2학기
400000,교양과정,2023,2,KY410,진로와상담,G6,교양필수,"1, 3",(0),,,성락선,19960085,11/20,학과 사무실에서 별도 신청,,1,,N,,,2023,2,2학기
400000,교양과정,2023,2,KY410,진로와상담,G7,교양필수,"1, 3",(0),,,양우진,19950069,20/20,학과 사무실에서 별도 신청,,0,,N,,,2023,2,2학기
400000,교양과정,2023,2,KY410,진로와상담,H1,교양필수,"1, 3",(0),,,김종엽,19990047,8/30,대학행정팀에서 지도교수 안내 받은 후 수강신청,,1,,N,,,2023,2,2학기
400000,교양과정,2023,2,KY410,진로와상담,H2,교양필수,"1, 3",(0),,,노중기,19970047,5/30,대학행정팀에서 지도교수 안내 받은 후 수강신청,,1,,N,,,2023,2,2학기
400000,교양과정,2023,2,KY410,진로와상담,H3,교양필수,"1, 3",(0),,,윤상철,20000149,10/30,대학행정팀에서 지도교수 안내 받은 후 수강신청,,1,,N,,,2023,2,2학기
400000,교양과정,2023,2,KY410,진로와상담,I1,교양필수,"1, 3",(0),,,문철수,20010229,19/30,,,1,,N,,,2023,2,2학기
400000,교양과정,2023,2,KY410,진로와상담,I2,교양필수,"1, 3",(0),,,채희상,20130174,31/30,,,1,,N,,,2023,2,2학기
400000,교양과정,2023,2,KY410,진로와상담,I3,교양필수,"1, 3",(0),,,지원배,20170127,31/30,,,1,,N,,,2023,2,2학기
400000,교양과정,2023,2,KY410,진로와상담,I5,교양필수,"1, 3",(0),,,박혜영,20210072,29/30,,,0,,N,,,2023,2,2학기
400000,교양과정,2023,2,KY410,진로와상담,J1,교양필수,"1, 3",(0),,,홍선미,19960088,19/20,"계열 자유신청, 전공생 학번 끝자리 0~1 수강신청 가능, [2016학번부터 필수] 사회복지학 P/NP과목",,1,,N,,,2023,2,2학기
400000,교양과정,2023,2,KY410,진로와상담,J2,교양필수,"1, 3",(0),,,김예랑,20080163,13/20,"계열 자유신청, 전공생 학번 끝자리 2~3 수강신청 가능, [2016학번부터 필수] 사회복지학 P/NP과목",,1,,N,,,2023,2,2학기
400000,교양과정,2023,2,KY410,진로와상담,J3,교양필수,"1, 3",(0),,,주경희,20180047,17/20,"계열 자유신청, 전공생 학번 끝자리 4~5 수강신청 가능, [2016학번부터 필수] 사회복지학 P/NP과목",,1,,N,,,2023,2,2학기
400000,교양과정,2023,2,KY410,진로와상담,J4,교양필수,"1, 3",(0),,,장익현,20200052,9/20,"계열 자유신청, 전공생 학번 끝자리 6-7 수강신청 가능, [2016학번부터 필수] 사회복지학 P/NP과목",,0,,N,,,2023,2,2학기
400000,교양과정,2023,2,KY410,진로와상담,J5,교양필수,"1, 3",(0),,,남세현,20170011,8/14,"학과 상담지도교수 안내받고 직접 수강신청,[2016학번부터필수]재활학과/P/NP과목",,1,,N,,,2023,2,2학기
400000,교양과정,2023,2,KY410,진로와상담,J6,교양필수,"1, 3",(0),,,백변경희,20010014,9/14,"학과 상담지도교수 안내받고 직접 수강신청,[2016학번부터필수]재활학과/P/NP과목",,1,,N,,,2023,2,2학기
400000,교양과정,2023,2,KY410,진로와상담,J7,교양필수,"1, 3",(0),,,이경숙,19990077,4/14,"학과 상담지도교수 안내받고 직접 수강신청,[2016학번부터필수]재활학과/P/NP과목",,1,,N,,,2023,2,2학기
400000,교양과정,2023,2,KY410,진로와상담,J8,교양필수,"1, 3",(0),,,이인재,19940025,4/14,"학과 상담지도교수 안내받고 직접 수강신청,[2016학번부터필수]재활학과/P/NP과목",,1,,N,,,2023,2,2학기
400000,교양과정,2023,2,KY410,진로와상담,K1,교양필수,"1, 3",(0),,,임종민,20210031,32/30,특수체육학과 / 특수체육학계열 / 학과 지도교수 확인 후 신청,,1,,N,,,2023,2,2학기
400000,교양과정,2023,2,KY410,진로와상담,K2,교양필수,"1, 3",(0),,,박상현,20210074,22/30,특수체육학과 / 특수체육학계열 / 학과 지도교수 확인 후 신청,,1,,N,,,2023,2,2학기
400000,교양과정,2023,2,KY410,진로와상담,K3,교양필수,"1, 3",(0),,,조규청,20080107,16/30,특수체육학과 / 특수체육학계열 / 학과 지도교수 확인 후 신청,,0,,N,,,2023,2,2학기
400000,교양과정,2023,2,KY410,진로와상담,K5,교양필수,"1, 3",(0),,,"구훈정, 안도연, 오현숙",20150127,14/20,대학행정팀에서 별도 공지[2016학번부터필수]심리아동학부/P/NP과목,,1,,N,,,2023,2,2학기
400000,교양과정,2023,2,KY410,진로와상담,K6,교양필수,"1, 3",(0),,,구훈정,20150127,20/20,대학행정팀에서 별도 공지[2016학번부터필수]심리아동학부/P/NP과목,,1,,N,,,2023,2,2학기
400000,교양과정,2023,2,KY410,진로와상담,K7,교양필수,"1, 3",(0),,,안도연,20210035,19/20,대학행정팀에서 별도 공지[2016학번부터필수]심리아동학부/P/NP과목,,1,,N,,,2023,2,2학기
400000,교양과정,2023,3,KY410,진로와상담,A,교양필수,4,(0),,,"김상욱, 신수정",20030021,44/70,4학년만 수강신청가능 // 외부온라인,,1,,외부온라인,,,2023,3,여름계절
400000,교양과정,2023,3,KY677,대학생활길잡이,A,교양필수,4,1,,,"김상욱, 박가현",20030021,7/70,4학년만 수강신청가능 // 외부온라인,,1,,외부온라인,,,2023,3,여름계절
400000,교양과정,2023,3,KY909,사이버영어토익(초급),A,교양선택,"2, 3, 4",2,,,안혜영,20010015,24/100,온라인강의(YBM운영교과목) // 외부온라인,,1,,외부온라인,,,2023,3,여름계절
400000,교양과정,2023,3,KY910,사이버영어토익(중급),A,교양선택,"2, 3, 4",2,,,안혜영,20010015,1/100,온라인강의(YBM운영교과목) // 외부온라인,,1,,외부온라인,,,2023,3,여름계절
400000,교양과정,2023,3,KY917,해외봉사활동,A,교양선택,"1, 2, 3, 4",2,,,"김재욱, 최민성",20090008,18/18,2023여름 해외봉사단 선발확정학생만 신청가능(대상자아닐시 강제취소됨),,0,,N,,,2023,3,여름계절
400000,교양과정,2023,3,KY921,사회생활길잡이,A,교양필수,4,1,,,"김상욱, 박가현",20030021,14/70,4학년만 수강신청가능 // 외부온라인,,1,,외부온라인,,,2023,3,여름계절
400000,교양과정,2023,3,KY949,유럽속의독일문화,A,교양선택,"2, 3, 4",3,,,오동식,20100188,23/25,  // 교내온라인,,1,,교내온라인,,,2023,3,여름계절
400000,교양과정,2023,3,KYC01,좋은기업찾기프로젝트,A,교양선택,"2, 3, 4",3,,,김용희,20220224,6/70,  // 교내온라인,,1,,교내온라인,,,2023,3,여름계절
400000,교양과정,2023,3,KYC03,컴퓨터활용능력을위한엑셀2016,A,교양선택,"2, 3, 4",2,,,안혜영,20010015,27/100,온라인강의(YBM운영교과목) // 외부온라인,,1,,외부온라인,,,2023,3,여름계절
400000,교양과정,2023,3,KYC04,컴퓨터활용능력을위한파워포인트2016,A,교양선택,"2, 3, 4",2,,,안혜영,20010015,4/100,온라인강의(YBM운영교과목) // 외부온라인,,1,,외부온라인,,,2023,3,여름계절
400000,교양과정,2023,3,KYC53,미래사회를위한시민교육,A,교양선택,"2, 3, 4",3,,,옥장흠,20060143,6/90,  // 교내온라인,,1,,교내온라인,,,2023,3,여름계절
401010,신학과,2023,3,TT416,졸업논문,A,전공필수,4,(3),,,김희선,20220035,1/5,전공(복수포함)자,,0,,N,,,2023,3,여름계절
402043,중국어문화학과,2023,3,HC468,OJT2,A,전공선택,4,3,,,류기수,19950013,3/30,2023년 IPP형 일학습병행 참여 학생만 수강 가능 // 전공(복수포함)자,,0,,N,,,2023,3,여름계절
402044,한중문화콘텐츠학과,2023,3,DC616,OJT2,A,전공선택,4,3,,,김남희,20200038,3/30,2023년 IPP형 일학습병행 참여 학생만 수강 가능 // 전공(복수포함)자,,0,,N,,,2023,3,여름계절
402096,디지털영상문화콘텐츠학과,2023,3,DV422,OJT2,A,전공선택,4,3,,,김윤성,20060020,2/20,2023년 IPP형 일학습병행 참여 학생만 수강 가능 // 전공(복수포함)자,,0,,N,,,2023,3,여름계절
402962,독일어문화학과,2023,3,HD901,현지독일어실습,A,전공선택,"2, 3, 4",3,,,전춘명,19960084,7/20,현지교류학생 확정자만 신청 공지참조후 국제교류원으로 문의 https://url.kr/x8qgr6,,1,,N,,,2023,3,여름계절
403032,재활상담학과,2023,3,TR347,집단상담,A,전공선택,"3, 4",3,,,김용훈,20210025,15/15,블랜디드강의(LMS+MSTeams실시간강의) 실시간강의는  9시30분~12시15분에 진행함.,,1,,블랜디드,,,2023,3,여름계절
403062,중국학과,2023,3,HN473,타이완지역연구Ⅱ,A,전공선택,"2, 3, 4",3,,,황선미,20190193,28/28,"해외계절학기, 중국학과에 사전신청학생들만 신청가능",,1,,N,,,2023,3,여름계절
403072,일본학과,2023,3,HJ451,일본현지연수및실습Ⅰ,A,전공선택,"1, 2, 3, 4",3,,,나카무라 모모코,20200012,22/23,"해외계절학기, 일본학과에 신청서 접수한 학생에 한해 수강신청가능(신청서 미접수시 수강신청취소됨)",,1,,N,,,2023,3,여름계절
403960,글로벌비즈니스학부,2023,3,EH103,경제원론,A,전공선택,"2, 3, 4",3,,,장종익,20120119,26/70,  // 교내온라인,,1,,교내온라인,,,2023,3,여름계절
403960,글로벌비즈니스학부,2023,3,EH421,OJT2,A,전공선택,4,3,,,양영수,20210032,2/20,2023년 IPP형 일학습병행 참여 학생만 수강 가능 // 전공(복수포함)자,,0,,N,,,2023,3,여름계절
403960,글로벌비즈니스학부,2023,3,EK419,졸업논문,A,전공필수,4,(3),,,유한나,20220223,1/10,전공(복수포함)자,,0,,N,,,2023,3,여름계절
403980,미디어영상광고홍보학부,2023,3,EA335,소셜마케팅커뮤니케이션,A,전공선택,"3, 4",3,,,박혜영,20210072,21/30,  // 교내온라인,,0,,교내온라인,,,2023,3,여름계절
403980,미디어영상광고홍보학부,2023,3,EA337,브랜딩트렌드,A,전공선택,"3, 4",3,,,이성미,20170128,31/31,  // 교내온라인,,1,,교내온라인,,,2023,3,여름계절
403980,미디어영상광고홍보학부,2023,3,EA409,졸업논문,A,전공필수,4,(3),,,박혜영,20210072,16/50,4학년만 신청가능,,0,,N,,,2023,3,여름계절
403980,미디어영상광고홍보학부,2023,3,EM104,영상의이해,A,공통선택,"2, 3, 4",3,,,채희상,20130174,10/20,  // 교내온라인,,1,,교내온라인,,,2023,3,여름계절
403980,미디어영상광고홍보학부,2023,3,EM412,캡스톤디자인I,A,전공선택,"2, 3, 4",3,,,지원배,20170127,14/15,"외부기업실습과목, 학과에 신청된 수강신청 허용 학생들만 신청가능(협의대상아닐시 취소됨)",,1,,N,,,2023,3,여름계절
403980,미디어영상광고홍보학부,2023,3,EM413,캡스톤디자인II,A,전공선택,"2, 3, 4",3,,,지원배,20170127,15/15,"외부기업실습과목, 학과에 신청된 수강신청 허용 학생들만 신청가능(협의대상아닐시 취소됨)",,1,,N,,,2023,3,여름계절
403980,미디어영상광고홍보학부,2023,3,EM419,졸업논문,A,전공필수,4,(3),,,박혜영,20210072,10/50,4학년만 신청가능 // 전공(복수포함)자,,0,,N,,,2023,3,여름계절
404010,경제학과,2023,3,EE476,OJT2,A,전공선택,4,3,,,성락선,19960085,3/10,2023년 IPP형 일학습병행 참여 학생만 수강 가능 // 전공(복수포함)자,,0,,N,,,2023,3,여름계절
404030,경영학과,2023,3,EB101,경영학원론,A,전공필수,"2, 3, 4",3,,,박규호,20120084,20/20,  // 교내온라인,,1,,교내온라인,,,2023,3,여름계절
404030,경영학과,2023,3,EB212,회계원리,A,전공필수,"2, 3, 4",3,,,김병조,20140011,20/20,  // 교내온라인,,1,,교내온라인,,,2023,3,여름계절
404030,경영학과,2023,3,EB249,경영전산처리,A,전공선택,"2, 3, 4",3,,,염건,19860028,17/20,  // 교내온라인,,0,,교내온라인,,,2023,3,여름계절
404030,경영학과,2023,3,EB479,OJT2,A,전공선택,4,3,,,박규호,20120084,3/10,2023년 IPP형 일학습병행 참여 학생만 수강 가능,,0,,N,,,2023,3,여름계절
405011,수리금융학과,2023,3,NM460,OJT2,A,전공선택,4,3,,,윤성식,19960015,1/20,2023년 IPP형 일학습병행 참여 학생만 수강 가능 // 전공(복수포함)자,,0,,N,,,2023,3,여름계절
405940,컴퓨터공학부,2023,3,NE202,고급프로그래밍,A,전공선택,"2, 3, 4",3,,,강혁,20230044,10/45,"블랜디드 수업 , 강의실 18314 3,4블럭(수업시간 13시00분~15시45분)",,1,,블랜디드,,,2023,3,여름계절
405940,컴퓨터공학부,2023,3,NE444,IPP3(장기현장실습),A,전공선택,"3, 4",3,,,이양선,20210020,6,2023-여름계절학기 표준현장실습학기 컴공만 수강가능 // 전공(복수포함)자,,0,,N,,,2023,3,여름계절
405940,컴퓨터공학부,2023,3,NE445,IPP4(장기현장실습),A,전공선택,"3, 4",3,,,이양선,20210020,5,2023-여름계절학기 표준현장실습학기 컴공만 수강가능 // 전공(복수포함)자,,0,,N,,,2023,3,여름계절
405940,컴퓨터공학부,2023,3,NE450,OJT2,A,전공선택,"3, 4",3,,,이양선,20210020,22/30,2023년 IPP형 일학습병행 참여 학생만 수강 가능 // 전공(복수포함)자,,0,,N,,,2023,3,여름계절
405960,정보통신학부,2023,3,NI500,OJT2,A,전공선택,4,3,,,안현,20210024,24/20,2023년 IPP형 일학습병행 참여 학생만 수강 가능 // 전공(복수포함)자,,0,,N,,,2023,3,여름계절
405970,소프트웨어융합학부,2023,3,NI510,IPP3(장기현장실습),A,전공선택,"3, 4",3,,,안현,20210024,5,"2023-여름계절학기 표준현장실습학기 정보통신,소프트웨어융합만 수강가능 // 전공(복수포함)자",,0,,N,,,2023,3,여름계절
405970,소프트웨어융합학부,2023,3,NI511,IPP4(장기현장실습),A,전공선택,"3, 4",3,,,안현,20210024,,"2023-여름계절학기 표준현장실습학기 정보통신,소프트웨어융합만 수강가능 // 전공(복수포함)자",,0,,N,,,2023,3,여름계절
409010,학점교류,2023,3,OC108,범죄와범죄심리,A,교양선택,"1, 2, 3, 4",3,,,OCU컨소시엄,20150091,1/1,2023-1학기 군복무자 수강 과목 // 외부온라인,,0,,외부온라인,,,2023,3,여름계절
409010,학점교류,2023,3,OC112,생활속의심리학,A,교양선택,"1, 2, 3, 4",3,,,OCU컨소시엄,20150091,6/6,2023-1학기 군복무자 수강 과목 // 외부온라인,,0,,외부온라인,,,2023,3,여름계절
409010,학점교류,2023,3,OC129,TED로배우는영화속바이오테크놀로지,A,교양선택,"1, 2, 3, 4",3,,,OCU컨소시엄,20150091,7/7,2023-1학기 군복무자 수강 과목 // 외부온라인,,0,,외부온라인,,,2023,3,여름계절
409010,학점교류,2023,3,OC134,몸매만들기와보디빌딩,A,교양선택,"1, 2, 3, 4",3,,,OCU컨소시엄,20150091,4/4,2023-1학기 군복무자 수강 과목 // 외부온라인,,0,,외부온라인,,,2023,3,여름계절
409010,학점교류,2023,3,OC159,마음을읽어주는미술치료,A,교양선택,"1, 2, 3, 4",3,,,OCU컨소시엄,20150091,3/3,2023-1학기 군복무자 수강 과목 // 외부온라인,,0,,외부온라인,,,2023,3,여름계절
409010,학점교류,2023,3,OC217,e스포츠의세계,A,교양선택,"1, 2, 3, 4",3,,,OCU컨소시엄,20150091,9/9,2023-1학기 군복무자 수강 과목 // 외부온라인,,0,,외부온라인,,,2023,3,여름계절
411010,IT경영학과,2023,3,EZ212,전산회계,A,전공선택,"3, 4",3,,,"김병조, 남궁혜영",20140011,106/100,"고용노동부 사업, 타대학 학생 수강가능 // 교내온라인",,1,,교내온라인,,,2023,3,여름계절
411010,IT경영학과,2023,3,EZ441,OJT2,A,전공선택,4,3,,,이남연,20170129,2/20,2023년 IPP형 일학습병행 참여 학생만 수강 가능 // 전공(복수포함)자,,0,,N,,,2023,3,여름계절
418020,글로벌인재학부,2023,3,HI116,정치학입문,A,전공선택,"2, 3, 4",3,,,박상남,20060141,2/10,"외국인유학생만 수강가능, 강의계획서 수업시간 확인 // 교내온라인",,0,,교내온라인,,,2023,3,여름계절
422140,독일어문화학,2023,3,HD624,독일의여가문화와맥주,A,전공선택,"2, 3, 4",3,,,전춘명,19960084,30/30,  // 교내온라인,,1,,교내온라인,422140,독일어문화학,2023,3,여름계절
422140,독일어문화학,2023,3,HD637,스포츠와문화,A,전공선택,"3, 4",3,,,오동식,20100188,7/25,  // 교내온라인,,1,,교내온라인,422140,독일어문화학,2023,3,여름계절
422140,독일어문화학,2023,3,HD904,손짓언어와글로벌커뮤니케이션,A,전공선택,"2, 3, 4",3,,,전춘명,19960084,34/35,  // 교내온라인,,1,,교내온라인,422140,독일어문화학,2023,3,여름계절
422140,독일어문화학,2023,3,HD906,독일히든챔피언과창업,A,전공선택,"2, 3, 4",3,,,전춘명,19960084,30/30,  // 교내온라인,,1,,교내온라인,422140,독일어문화학,2023,3,여름계절
422190,중국어문화콘텐츠학,2023,3,DC134,동아시아의전통문화,A,전공선택,"2, 3, 4",3,,,김용표,20190301,5/100,  // 교내온라인,,1,,교내온라인,422190,중국어문화콘텐츠학,2023,3,여름계절
422190,중국어문화콘텐츠학,2023,3,DC565,차마고도사이버여행,A,전공선택,"2, 3, 4",3,,,김용표,20190301,3/100,  // 교내온라인,,1,,교내온라인,422190,중국어문화콘텐츠학,2023,3,여름계절
422190,중국어문화콘텐츠학,2023,3,DC604,중국언어문화탐사,A,전공선택,"1, 2, 3, 4",3,,,김남희,20200038,7/15,"해외계절학기, 중국어문화콘텐츠학에 사전신청학생들만 신청가능",,1,,N,422190,중국어문화콘텐츠학,2023,3,여름계절
422190,중국어문화콘텐츠학,2023,3,DC902,젊은이를위한맹자,A,전공선택,"2, 3, 4",3,,,최민성,20090008,9/100,  // 교내온라인,,1,,교내온라인,422190,중국어문화콘텐츠학,2023,3,여름계절
422190,중국어문화콘텐츠학,2023,3,HC609,중국음식문화의이해,A,전공선택,"2, 3, 4",2,,,문미진,20190194,19/30,  // 교내온라인,,1,,교내온라인,422190,중국어문화콘텐츠학,2023,3,여름계절
422190,중국어문화콘텐츠학,2023,3,HC909,중국어기초한자,A,전공선택,"2, 3, 4",2,,,문미진,20190194,14/30,  // 교내온라인,,1,,교내온라인,422190,중국어문화콘텐츠학,2023,3,여름계절
400000,교양과정,2023,4,KY410,진로와상담,A,교양필수,4,(0),,,"강종곤, 김용희",20220224,31/100,  // 외부온라인,,1,,외부온라인,,,2023,4,겨울계절
400000,교양과정,2023,4,KY677,대학생활길잡이,A,교양필수,4,1,,,"김용희, 박가현",20220224,6/100,  // 외부온라인,,1,,외부온라인,,,2023,4,겨울계절
400000,교양과정,2023,4,KY909,사이버영어토익(초급),A,교양선택,"2, 3, 4",2,,,류수윤,20210009,18/50,  // 외부온라인,,1,,외부온라인,,,2023,4,겨울계절
400000,교양과정,2023,4,KY910,사이버영어토익(중급),A,교양선택,"2, 3, 4",2,,,류수윤,20210009,4/50,  // 외부온라인,,1,,외부온라인,,,2023,4,겨울계절
400000,교양과정,2023,4,KY921,사회생활길잡이,A,교양필수,4,1,,,"김용희, 박가현",20220224,10/100,  // 외부온라인,,1,,외부온라인,,,2023,4,겨울계절
400000,교양과정,2023,4,KYC03,컴퓨터활용능력을위한엑셀2016,A,교양선택,"2, 3, 4",2,,,류수윤,20210009,22/50,  // 외부온라인,,1,,외부온라인,,,2023,4,겨울계절
400000,교양과정,2023,4,KYC04,컴퓨터활용능력을위한파워포인트2016,A,교양선택,"2, 3, 4",2,,,류수윤,20210009,10/50,  // 외부온라인,,1,,외부온라인,,,2023,4,겨울계절
400000,교양과정,2023,4,KYC84,브랜드인문학,A,교양선택,"2, 3, 4",3,,,강석원,20130152,20/90,  // 교내온라인,,1,,교내온라인,,,2023,4,겨울계절
401010,신학과,2023,4,TT416,졸업논문,A,전공필수,4,(3),,,김희선,20220035,1/5,,,0,,N,,,2023,4,겨울계절
402010,국어국문학과,2023,4,HK530,IPP3(장기현장실습),A,전공선택,"3, 4",3,,,유형동,20220034,1/20,,,0,,N,,,2023,4,겨울계절
402010,국어국문학과,2023,4,HK531,IPP4(장기현장실습),A,전공선택,"3, 4",3,,,유형동,20220034,1/20,,,0,,N,,,2023,4,겨울계절
402030,독어독문학과,2023,4,HD904,손짓언어와글로벌커뮤니케이션,A,전공선택,"2, 3, 4",3,,,전춘명,19960084,24/30,  // 교내온라인,,1,,교내온라인,,,2023,4,겨울계절
402032,독어독문화학,2023,4,HD637,스포츠와문화,A,전공선택,"2, 3, 4",3,,,오동식,20100188,22/30,  // 교내온라인,,1,,교내온라인,,,2023,4,겨울계절
402032,독어독문화학,2023,4,HD641,IPP3(장기현장실습),A,전공선택,"3, 4",3,,,전춘명,19960084,1/20,,,0,,N,,,2023,4,겨울계절
402032,독어독문화학,2023,4,HD642,IPP4(장기현장실습),A,전공선택,"3, 4",3,,,전춘명,19960084,1/20,,,0,,N,,,2023,4,겨울계절
402044,한중문화콘텐츠학과,2023,4,DC228,스토리를가진사자성어,A,전공선택,"2, 3, 4",3,,,문미진,20190194,1/30,  // 교내온라인,,1,,교내온라인,,,2023,4,겨울계절
402100,영상문화학,2023,4,HM420,SF영화와미래사회,A,전공선택,"2, 3, 4",3,,,신광철,19960087,15/40,  // 교내온라인,,1,,교내온라인,,,2023,4,겨울계절
402960,독일어문화학부,2023,4,HD624,독일의여가문화와맥주,A,전공선택,"2, 3, 4",3,,,전춘명,19960084,29/30,  // 교내온라인,,1,,교내온라인,,,2023,4,겨울계절
402962,독일어문화학과,2023,4,HD906,독일히든챔피언과창업,A,전공선택,"2, 3, 4",3,,,전춘명,19960084,23/30,  // 교내온라인,,1,,교내온라인,,,2023,4,겨울계절
403011,사회학과,2023,4,HS420,IPP3(장기현장실습),A,전공선택,"3, 4",3,,,윤상철,20000149,1/9,,,0,,N,,,2023,4,겨울계절
403011,사회학과,2023,4,HS421,IPP4(장기현장실습),A,전공선택,"3, 4",3,,,윤상철,20000149,1/9,,,0,,N,,,2023,4,겨울계절
403020,사회복지학과,2023,4,TS479,국제사회복지론,A,전공선택,"2, 3, 4",3,,,박진우,20230028,8/15,  // 교내온라인,,2,,교내온라인,,,2023,4,겨울계절
403032,재활상담학과,2023,4,TR372,장애의진단과평가,A,전공선택,"2, 3, 4",3,,,남세현,20170011,20/20,  // 교내온라인,,0,,교내온라인,,,2023,4,겨울계절
403960,글로벌비즈니스학부,2023,4,EH103,경제원론,A,전공선택,"2, 3, 4",3,,,장종익,20120119,21/30,  // 교내온라인,,1,,교내온라인,,,2023,4,겨울계절
403980,미디어영상광고홍보학부,2023,4,EA335,소셜마케팅커뮤니케이션,A,전공선택,"3, 4",3,,,박혜영,20210072,31/30,  // 교내온라인,,1,,교내온라인,,,2023,4,겨울계절
403980,미디어영상광고홍보학부,2023,4,EA336,비즈니스모델과마케팅전략,A,전공선택,"3, 4",3,,,지원배,20170127,26/25,  // 교내온라인,,1,,교내온라인,,,2023,4,겨울계절
403980,미디어영상광고홍보학부,2023,4,EM104,영상의이해,A,전공선택,"3, 4",3,,,채희상,20130174,2/15,  // 교내온라인,,1,,교내온라인,,,2023,4,겨울계절
403990,심리·아동학부,2023,4,SB419,졸업논문,A,전공필수,4,(3),,,구훈정,20150127,1/1,,,0,,N,,,2023,4,겨울계절
403990,심리·아동학부,2023,4,SC325,가족관계론,A,전공선택,"3, 4",3,,,김영주,20210018,20/20,원격화상수업->LMS변경(2023.12.12_학생실습사유로변경_학생협의되었음) // 교내온라인,,1,,교내온라인,,,2023,4,겨울계절
404010,경제학과,2023,4,EE473,IPP3(장기현장실습),A,전공선택,"3, 4",3,,,성락선,19960085,1/20,,,0,,N,,,2023,4,겨울계절
404030,경영학과,2023,4,EB101,경영학원론,A,전공선택,"2, 3, 4",3,,,박규호,20120084,19/20,  // 교내온라인,,1,,교내온라인,,,2023,4,겨울계절
404030,경영학과,2023,4,EB212,회계원리,A,전공선택,"2, 3, 4",3,,,김병조,20140011,17/20,  // 교내온라인,,1,,교내온라인,,,2023,4,겨울계절
404030,경영학과,2023,4,EB333,경영정보시스템,A,전공선택,"3, 4",3,,,정의범,20210033,21/22,  // 교내온라인,,1,,교내온라인,,,2023,4,겨울계절
405940,컴퓨터공학부,2023,4,NE444,IPP3(장기현장실습),A,전공선택,"3, 4",3,,,이양선,20210020,9/20,,,0,,N,,,2023,4,겨울계절
405940,컴퓨터공학부,2023,4,NE445,IPP4(장기현장실습),A,전공선택,"3, 4",3,,,이양선,20210020,9/20,,,0,,N,,,2023,4,겨울계절
405960,정보통신학부,2023,4,NI510,IPP3(장기현장실습),A,전공선택,"3, 4",3,,,안현,20210024,4/20,,,0,,N,,,2023,4,겨울계절
405960,정보통신학부,2023,4,NI511,IPP4(장기현장실습),A,전공선택,"3, 4",3,,,안현,20210024,6,,,0,,N,,,2023,4,겨울계절
408010,국외교환,2023,4,EX060,*일본어Ⅱ,A,전공선택,,3,,,,,/1,,,0,,N,,,2023,4,겨울계절
408010,국외교환,2023,4,EX069,*일본문화론,A,교양선택,,3,,,,,/1,,,0,,N,,,2023,4,겨울계절
408010,국외교환,2023,4,EX223,*생산관리,A,전공선택,,3,,,,,/1,,,0,,N,,,2023,4,겨울계절
408010,국외교환,2023,4,EX846,*통계학,A,전공선택,,3,,,,,/1,,,0,,N,,,2023,4,겨울계절
408010,국외교환,2023,4,EX897,*정보수학Ⅰ,A,전공선택,,3,,,,,/1,,,0,,N,,,2023,4,겨울계절
408010,국외교환,2023,4,EX898,*국제정보분석,A,전공선택,,3,,,,,/1,,,0,,N,,,2023,4,겨울계절
408010,국외교환,2023,4,EX899,*고급영어회화Ⅱ,A,전공선택,,3,,,,,/1,,,0,,N,,,2023,4,겨울계절
409010,학점교류,2023,4,KH488,자료구조,A,일반선택,"3, 4",3,,,가천대,19800209,1/1,,,0,,N,,,2023,4,겨울계절
409010,학점교류,2023,4,OC106,뮤지컬영화감상과이해,A,교양선택,"2, 3, 4",3,,,"OCU컨소시엄, 류수윤",20150091,2,  // 외부온라인,,0,,외부온라인,,,2023,4,겨울계절
409010,학점교류,2023,4,OC108,범죄와범죄심리,A,교양선택,"2, 3, 4",3,,,OCU컨소시엄,20150091,4/100,  // 외부온라인,,0,,외부온라인,,,2023,4,겨울계절
409010,학점교류,2023,4,OC112,생활속의심리학,A,교양선택,"1, 2, 3, 4",3,,,"OCU컨소시엄, 류수윤",20150091,10/100,  // 외부온라인,,0,,외부온라인,,,2023,4,겨울계절
409010,학점교류,2023,4,OC129,TED로배우는영화속바이오테크놀로지,A,교양선택,"2, 3, 4",3,,,OCU컨소시엄,20150091,3/100,  // 외부온라인,,0,,외부온라인,,,2023,4,겨울계절
409010,학점교류,2023,4,OC159,마음을읽어주는미술치료,A,교양선택,"2, 3, 4",3,,,OCU컨소시엄,20150091,7/100,  // 외부온라인,,0,,외부온라인,,,2023,4,겨울계절
409010,학점교류,2023,4,OC192,생활과화학,A,교양선택,"2, 3, 4",3,,,OCU컨소시엄,20150091,2/100,  // 외부온라인,,0,,외부온라인,,,2023,4,겨울계절
411010,IT경영학과,2023,4,EZ253,전산회계Ⅰ,A,전공선택,"2, 3, 4",3,,,"김병조, 남궁혜영",20140011,50/50,여름계절학기 '전산회계 EZ212-A' 수강생은 수강 불가. // 교내온라인,,1,,교내온라인,,,2023,4,겨울계절
411010,IT경영학과,2023,4,EZ429,IPP3(장기현장실습),A,전공선택,"3, 4",3,,,이남연,20170129,2/20,,,0,,N,,,2023,4,겨울계절
411010,IT경영학과,2023,4,EZ430,IPP4(장기현장실습),A,전공선택,"3, 4",3,,,이남연,20170129,1/20,,,0,,N,,,2023,4,겨울계절
416010,IT콘텐츠학과,2023,4,IT515,IPP3(장기현장실습),A,전공선택,"3, 4",3,,,서정욱,20200078,/20,,,0,,N,,,2023,4,겨울계절
416010,IT콘텐츠학과,2023,4,IT516,IPP4(장기현장실습),A,전공선택,"3, 4",3,,,서정욱,20200078,1/20,,,0,,N,,,2023,4,겨울계절
419010,중국어문화영상융합학과,2023,4,HC219,HSK4급Ⅱ,A,전공선택,"2, 3, 4",3,,,장정해,19930050,15/30,  // 교내온라인,,1,,교내온라인,,,2023,4,겨울계절
419010,중국어문화영상융합학과,2023,4,HC910,영화로배우는매너와에티켓,A,전공선택,"2, 3, 4",2,,,문미진,20190194,17/30,  // 교내온라인,,1,,교내온라인,,,2023,4,겨울계절
423220,공공인재빅데이터융합학,2023,4,PS419,IPP3(장기현장실습),A,전공선택,"3, 4",3,,,노승철,20210027,2/9,,,0,,N,423220,공공인재빅데이터융합학,2023,4,겨울계절
423220,공공인재빅데이터융합학,2023,4,PS420,IPP4(장기현장실습),A,전공선택,"3, 4",3,,,노승철,20210027,1/8,,,0,,N,423220,공공인재빅데이터융합학,2023,4,겨울계절
400000,교양과정,2024,1,*KY021,사이버한국여행1,A,교양선택,"1, 2, 3, 4",3,"화요일(13:00~14:15), 화요일(14:30~15:45)","3308, 3308",PANG LI,20120123,35/35,외국인학생 전용강의,,1,,대면,,,2024,1,1학기
400000,교양과정,2024,1,*KY032,초급한국어문법Ⅱ,B,교양선택,1,3,"목요일(13:00~14:15), 목요일(14:30~15:45)","3503, 3503",김연숙,20220165,14/20,외국인학생 전용강의 / 강의실변경 3411 > 3503,,1,,대면,,,2024,1,1학기
400000,교양과정,2024,1,*KY033,초급한국어회화Ⅱ,A,교양선택,1,3,"금요일(13:00~14:15), 금요일(14:30~15:45)","3405, 3405",최현실,20220145,20/20,외국인학생 전용강의,,1,,대면,,,2024,1,1학기
400000,교양과정,2024,1,*KY033,초급한국어회화Ⅱ,B,교양선택,1,3,"목요일(13:00~14:15), 목요일(14:30~15:45)","3405, 3405",신남미,20220143,12/20,외국인학생 전용강의,,1,,대면,,,2024,1,1학기
400000,교양과정,2024,1,*KY034,중급한국어문법Ⅱ,A,교양선택,1,3,"화요일(13:00~14:15), 화요일(14:30~15:45)","3405, 3405",신남미,20220143,17/30,외국인학생 전용강의,,1,,대면,,,2024,1,1학기
400000,교양과정,2024,1,*KY034,중급한국어문법Ⅱ,B,교양선택,1,3,"화요일(13:00~14:15), 화요일(14:30~15:45)","3411, 3411",김연숙,20220165,21/30,외국인학생 전용강의,,1,,대면,,,2024,1,1학기
400000,교양과정,2024,1,*KY035,중급한국어회화Ⅱ,A,교양선택,1,3,"금요일(09:30~10:45), 금요일(11:00~12:15)","3405, 3405",최현실,20220145,20/20,외국인학생 전용강의,,1,,대면,,,2024,1,1학기
400000,교양과정,2024,1,*KY035,중급한국어회화Ⅱ,B,교양선택,1,3,"화요일(13:00~14:15), 화요일(14:30~15:45)","3406, 3406",정근희,20220151,12/20,외국인학생 전용강의,,1,,대면,,,2024,1,1학기
400000,교양과정,2024,1,*KY036,한국의음식문화,A,교양선택,"1, 2, 3, 4",3,"금요일(13:00~14:15), 금요일(14:30~15:45)","3308, 3308",PANG LI,20120123,31/35,외국인학생 전용강의,,1,,대면,,,2024,1,1학기
400000,교양과정,2024,1,*KY037,한류문화의이해,A,교양선택,"1, 2, 3, 4",3,"금요일(16:00~17:15), 금요일(17:30~18:45)","3308, 3308",PANG LI,20120123,21/35,외국인학생 전용강의,,1,,대면,,,2024,1,1학기
400000,교양과정,2024,1,*KY114,한국어듣기기초2,A,교양선택,1,3,"화요일(11:00~12:15), 목요일(09:30~10:45)","3408, 3408",김혜련,20210139,14/20,외국인학생 전용강의 / TOPIK 3급 자격증반,,1,,대면,,,2024,1,1학기
400000,교양과정,2024,1,*KY117,한국어쓰기기초2,A,교양선택,1,3,"금요일(09:30~10:45), 금요일(11:00~12:15)","3411, 3411",김연숙,20220165,20/20,외국인학생 전용강의,,1,,대면,,,2024,1,1학기
400000,교양과정,2024,1,*KY119,한국어말하기기초2,A,교양선택,1,3,"화요일(09:30~10:45), 목요일(11:00~12:15)","3408, 3408",김혜련,20210139,17/20,외국인학생 전용강의 / TOPIK 말하기반,,1,,대면,,,2024,1,1학기
400000,교양과정,2024,1,*KY121,한국생활배우기2,A,교양선택,1,3,"목요일(13:00~14:15), 목요일(14:30~15:45)","3505, 3505",정예수,20208014,21/35,외국인학생 전용강의,,1,,대면,,,2024,1,1학기
400000,교양과정,2024,1,*KY130,고급한국어회화2,A,교양선택,1,3,"화요일(11:00~12:15), 목요일(09:30~10:45)","3410, 3410",최승희,20210140,18/20,외국인학생 전용강의,,1,,대면,,,2024,1,1학기
400000,교양과정,2024,1,*KY132,고급한국어문법2,A,교양선택,1,3,"금요일(09:30~10:45), 금요일(11:00~12:15)","3412, 3412",정근희,20220151,23/30,외국인학생 전용강의,,1,,대면,,,2024,1,1학기
400000,교양과정,2024,1,*KY133,소통의기술,A,교양선택,1,3,"화요일(09:30~10:45), 목요일(11:00~12:15)","3505, 3505",정예수,20208014,32/35,외국인학생 전용강의,,1,,대면,,,2024,1,1학기
400000,교양과정,2024,1,*KY134,K-POP실습,A,교양선택,1,3,"월요일(13:00~14:15), 수요일(13:00~14:15)","10203, 10203",강형모,20230137,23/30,외국인학생 전용강의,,1,,대면,,,2024,1,1학기
400000,교양과정,2024,1,*KY134,K-POP실습,B,교양선택,1,3,"월요일(11:00~12:15), 수요일(09:30~10:45)","10203, 10203",강형모,20230137,30/30,외국인학생 전용강의,,1,,대면,,,2024,1,1학기
400000,교양과정,2024,1,*KY135,기타교실,A,교양선택,1,3,"월요일(13:00~14:15), 수요일(13:00~14:15)","10205, 10205",이승원,20230131,19/30,외국인학생 전용강의 / 준비물 : 개인 기타 구비 필수,,1,,대면,,,2024,1,1학기
400000,교양과정,2024,1,*KYC71,스포츠실습,A,교양선택,1,3,"월요일(13:00~14:15), 수요일(13:00~14:15)","10301, 10301",이영훈,20230045,27/30,외국인학생 전용강의,,1,,대면,,,2024,1,1학기
400000,교양과정,2024,1,*KYC71,스포츠실습,B,교양선택,1,3,"월요일(14:30~15:45), 수요일(14:30~15:45)","10301, 10301",이영훈,20230045,20/30,외국인학생 전용강의,,1,,대면,,,2024,1,1학기
400000,교양과정,2024,1,*KYC72,신체표현활동,A,교양선택,1,3,"목요일(13:00~14:15), 목요일(14:30~15:45)","10205, 10205",김환희,20230047,15/30,외국인학생 전용강의,,1,,대면,,,2024,1,1학기
400000,교양과정,2024,1,KY100,채플,A,교양필수,"1, 2",(1),"월요일(17:30~18:20), 수요일(16:00~16:50)","4105, 4105","나현기, 박충만",20180057,7/100,~22학번 신학대학 2학년 복학생,,1,,대면,,,2024,1,1학기
400000,교양과정,2024,1,KY101,채플,A,교양필수,"1, 2",.5,월요일(14:30~15:20),채플실,"나현기, 박충만, 진형섭",20180057,549/550,"이공계융합(수리,응통),AI·SW계열(컴공, 소웨융, IT영상콘텐츠), AI시스템반도체",,1,,대면,,,2024,1,1학기
400000,교양과정,2024,1,KY101,채플,B,교양필수,"1, 2",.5,수요일(14:30~15:20),채플실,"강은미, 나현기, 박충만",20180057,546/550,"인문융합(국문,종교,철학,독일어,영미,문예,한국사,중문,한중문콘,디영문콘)",,1,,대면,,,2024,1,1학기
400000,교양과정,2024,1,KY201,채플,A,교양필수,"1, 2",.5,월요일(16:00~16:50),채플실,"나현기, 박충만, 진형섭",20180057,548/551,"경영·미디어계열(경영,IT경영,글비,미영), 휴먼서비스계열(사회학과,사복,재활,심아), 특수체육학계열(특체)",,1,,대면,,,2024,1,1학기
400000,교양과정,2024,1,KY201,채플,B,교양필수,"1, 2",.5,수요일(16:00~16:50),채플실,"강은미, 나현기, 박충만",20180057,492/500,"경제·국제지역융합(중국,일본,국경,경제), 글로벌·공공인재융합(국관, 글인, 공공인재)",,1,,대면,,,2024,1,1학기
400000,교양과정,2024,1,KY217,성서의세계,A,교양필수,"2, 3, 4",2,화요일(17:30~19:10),18420,정용택,20220057,59/90,"교필과목/2,3,4학년 성서관련 과목 미이수자",,1,,대면,,,2024,1,1학기
400000,교양과정,2024,1,KY241,노벨상으로보는과학의역사,A,교양선택,1,3,"화요일(16:00~17:15), 화요일(17:30~18:45)","18421, 18421",정태성,20080106,90/90,강의실변경 18523 > 18421,,1,,대면,,,2024,1,1학기
400000,교양과정,2024,1,KY245,수재수학:수포자를위한재미있는수학,A,교양선택,1,3,"화요일(13:00~14:15), 화요일(14:30~15:45)","18520, 18520",나경욱,20080158,80/80,,,1,,대면,,,2024,1,1학기
400000,교양과정,2024,1,KY286,서양사의이해,A,교양선택,1,3,"금요일(13:00~14:15), 금요일(14:30~15:45)","18421, 18421",이시연,20220138,77/90,,,1,,대면,,,2024,1,1학기
400000,교양과정,2024,1,KY304,채플,A,교양필수,"2, 3, 4",(1),월요일(17:30~18:20),채플실,"나현기, 박충만, 진형섭",20180057,83/200,"신학대학 2~4학년 수강(복수전공자 포함), P/NP",,1,,대면,,,2024,1,1학기
400000,교양과정,2024,1,KY304,채플,B,교양필수,1,(1),월요일(17:30~18:20),4107,"나현기, 박충만, 진형섭",20180057,23/50,"신학 1학년, 신학전공 예정자",,1,,대면,,,2024,1,1학기
400000,교양과정,2024,1,KY309,생활속의실용금융,A,교양선택,1,3,"금요일(13:00~14:15), 금요일(14:30~15:45)","18212, 18212",장순택,20210143,49/50,수강생 전원 교재 지원 / 외부기관 지원사업,,1,,대면,,,2024,1,1학기
400000,교양과정,2024,1,KY313,기독교와문화,A,교양필수,1,2,목요일(11:00~12:40),18212,박재형,20220058,90/90,교필과목/기독교과목,,1,,대면,,,2024,1,1학기
400000,교양과정,2024,1,KY313,기독교와문화,B,교양필수,1,2,목요일(17:30~19:10),18212,박재형,20220058,90/90,교필과목/기독교과목,,1,,대면,,,2024,1,1학기
400000,교양과정,2024,1,KY313,기독교와문화,C,교양필수,1,2,목요일(11:00~12:40),18420,진형섭,20209150,90/90,교필과목/기독교과목,,1,,대면,,,2024,1,1학기
400000,교양과정,2024,1,KY313,기독교와문화,D,교양필수,1,2,목요일(17:30~19:10),18420,진형섭,20209150,90/90,교필과목/기독교과목,,1,,대면,,,2024,1,1학기
400000,교양과정,2024,1,KY313,기독교와문화,E,교양필수,1,2,금요일(13:00~14:40),7215,나현기,20180057,79/80,교필과목/기독교과목,,1,,대면,,,2024,1,1학기
400000,교양과정,2024,1,KY361,문학과성,A,교양선택,1,3,"화요일(13:00~14:15), 화요일(14:30~15:45)","18418, 18418",박미선,20090009,43/48,,,1,,대면,,,2024,1,1학기
400000,교양과정,2024,1,KY382,종교와인간,A,교양선택,1,3,"화요일(13:00~14:15), 화요일(14:30~15:45)","7215, 7215",류성민,20210167,89/90,종교문화학과 수강금지(1학년 허용),,1,,대면,,,2024,1,1학기
400000,교양과정,2024,1,KY410,진로와상담,A1,교양필수,"2, 3",(0),,,이영미,20050062,12/50,수강신청 변경기간에 조교안내 후 신청,,1,,N,,,2024,1,1학기
400000,교양과정,2024,1,KY410,진로와상담,A2,교양필수,"2, 3",(0),,,김주한,20080110,13/50,수강신청 변경기간에 조교안내 후 신청,,1,,N,,,2024,1,1학기
400000,교양과정,2024,1,KY410,진로와상담,A3,교양필수,"2, 3",(0),,,김창주,20080161,9/50,수강신청 변경기간에 조교안내 후 신청,,0,,N,,,2024,1,1학기
400000,교양과정,2024,1,KY410,진로와상담,A6,교양필수,"2, 3",(0),,,연규홍,20000038,13/50,수강신청 변경기간에 조교안내 후 신청,,0,,N,,,2024,1,1학기
400000,교양과정,2024,1,KY410,진로와상담,A7,교양필수,"2, 3",(0),,,김희선,20220035,18/50,수강신청 변경기간에 조교안내 후 신청,,1,,N,,,2024,1,1학기
400000,교양과정,2024,1,KY410,진로와상담,B1,교양필수,"2, 3",(0),,,김지혜,20230138,19/50,"[교필] 2016학번부터 필수/ 국어국문학과 수강/ 학번 끝자리 7,8,9 수강신청/ P/NP",,1,,N,,,2024,1,1학기
400000,교양과정,2024,1,KY410,진로와상담,B2,교양필수,"2, 3",(0),,,유형동,20220034,34/50,"[교필]2016학번부터 필수/ 국어국문학과 수강/학번 끝자리 0,1,2,3 수강/ p/np",,1,,N,,,2024,1,1학기
400000,교양과정,2024,1,KY410,진로와상담,B3,교양필수,"2, 3",(0),,,김수영,20220221,23/50,"[교필]2016학번부터 필수/ 국어국문학과 수강/학번 끝자리 4,5,6 수강/ p/np",,1,,N,,,2024,1,1학기
400000,교양과정,2024,1,KY410,진로와상담,B4,교양필수,"2, 3",(0),,,김지혜,20210073,17/40,[교양필수]대생길 때 수강했던 지도교수와 동일하게 신청,,1,,N,,,2024,1,1학기
400000,교양과정,2024,1,KY410,진로와상담,B5,교양필수,"2, 3",(0),,,이향미,20200051,33/40,[교양필수]대생길 때 수강했던 지도교수와 동일하게 신청,,1,,N,,,2024,1,1학기
400000,교양과정,2024,1,KY410,진로와상담,B6,교양필수,"2, 3",(0),,,박미선,20090009,14/40,[교양필수]대생길 때 수강했던 지도교수와 동일하게 신청,,1,,N,,,2024,1,1학기
400000,교양과정,2024,1,KY410,진로와상담,C1,교양필수,"2, 3",(0),,,이형원,20210030,20/20,,,1,,N,,,2024,1,1학기
400000,교양과정,2024,1,KY410,진로와상담,C2,교양필수,"2, 3",(0),,,정해득,20140042,17/20,,,1,,N,,,2024,1,1학기
400000,교양과정,2024,1,KY410,진로와상담,C3,교양필수,"2, 3",(0),,,정무용,20230010,20/20,,,1,,N,,,2024,1,1학기
400000,교양과정,2024,1,KY410,진로와상담,C4,교양필수,"2, 3",(0),,,이영남,20170017,19/20,,,0,,N,,,2024,1,1학기
400000,교양과정,2024,1,KY410,진로와상담,C5,교양필수,"2, 3",(0),,,백수린,20240068,23/28,"학과에 상담지도교수 안내 받고 직접 수강 신청함,[교필]문예창작",,1,,N,,,2024,1,1학기
400000,교양과정,2024,1,KY410,진로와상담,C7,교양필수,"2, 3",(0),,,정한아,20220222,28/28,"학과에 상담지도교수 안내 받고 직접 수강 신청함,[교필]문예창작",,1,,N,,,2024,1,1학기
400000,교양과정,2024,1,KY410,진로와상담,C8,교양필수,"2, 3",(0),,,강지희,20190189,30/30,"학과에 상담지도교수 안내 받고 직접 수강 신청함,[교필]문예창작",,1,,N,,,2024,1,1학기
400000,교양과정,2024,1,KY410,진로와상담,D1,교양필수,"2, 3",(0),,,전춘명,19960084,29/30,학과에서 상담교수  지정후 공지 및 개별신청,,1,,N,,,2024,1,1학기
400000,교양과정,2024,1,KY410,진로와상담,D2,교양필수,"2, 3",(0),,,오동식,20100188,17/30,학과에서 상담교수  지정후 공지 및 개별신청,,1,,N,,,2024,1,1학기
400000,교양과정,2024,1,KY410,진로와상담,D3,교양필수,"2, 3",(0),,,김대오,19970107,22/50,[교양필수]대생길 때 수강했던 지도교수와 동일하게 신청,,1,,N,,,2024,1,1학기
400000,교양과정,2024,1,KY410,진로와상담,D6,교양필수,"2, 3",(0),,,김희정,20080164,17/25,[교양필수]대생길 때 수강했던 지도교수와 동일하게 신청,,1,,N,,,2024,1,1학기
400000,교양과정,2024,1,KY410,진로와상담,E1,교양필수,"2, 3",(0),,,강인철,19970005,17/40,[교필]종교문화학. 상담지도교수 안내 받고 직접 신청요함.,,0,,N,,,2024,1,1학기
400000,교양과정,2024,1,KY410,진로와상담,E6,교양필수,"2, 3",(0),,,김윤성,20060020,44/44,디지털영상문화콘텐츠학(한국인 2-3학년 짝수번호/외국인 2학년)/영상문화학,,1,,N,,,2024,1,1학기
400000,교양과정,2024,1,KY410,진로와상담,E7,교양필수,"2, 3",(0),,,이종현,20230011,36/40,디지털영상문화콘텐츠학(한국인 2-3학년 홀수번호/외국인 3학년),,1,,N,,,2024,1,1학기
400000,교양과정,2024,1,KY410,진로와상담,E8,교양필수,"2, 3",(0),,,신광철,19960087,16/40,디지털영상문화콘텐츠학(한국인 4학년/외국인 4학년)/디지털문화콘텐츠학,,1,,N,,,2024,1,1학기
400000,교양과정,2024,1,KY410,진로와상담,F1,교양필수,"2, 3",(0),,,류기수,19950013,18/50,"학과에 상담지도교수 안내 받고 직접 수강 신청함, 중국어문화학과",,1,,N,,,2024,1,1학기
400000,교양과정,2024,1,KY410,진로와상담,F2,교양필수,"2, 3",(0),,,장정해,19930050,9/25,"학과에 상담지도교수 안내 받고 직접 수강 신청함, 중국어문화학과",,1,,N,,,2024,1,1학기
400000,교양과정,2024,1,KY410,진로와상담,F3,교양필수,"2, 3",(0),,,최민성,20090008,24/30,짝수 학번 수강생 신청,,1,,N,,,2024,1,1학기
400000,교양과정,2024,1,KY410,진로와상담,F4,교양필수,"2, 3",(0),,,김남희,20200038,24/30,홀수 학번 수강생 신청,,1,,N,,,2024,1,1학기
400000,교양과정,2024,1,KY410,진로와상담,F5,교양필수,"2, 3",(0),,,임익수,20230014,37/31,IT영상콘텐츠학과 / AISW계열 학번/학번끝자리 225~240,,2,,N,,,2024,1,1학기
400000,교양과정,2024,1,KY410,진로와상담,G1,교양필수,"2, 3",(0),,,이해영,19960013,20/20,본인 지도교수 확인후 수강신청할 것.,,0,,N,,,2024,1,1학기
400000,교양과정,2024,1,KY410,진로와상담,G2,교양필수,"2, 3",(0),,,백준기,19990060,20/20,본인 지도교수 확인후 수강신청할 것.,,0,,N,,,2024,1,1학기
400000,교양과정,2024,1,KY410,진로와상담,G4,교양필수,"2, 3",(0),,,최형익,20040020,8/20,본인 지도교수 확인후 수강신청할 것.,,1,,N,,,2024,1,1학기
400000,교양과정,2024,1,KY410,진로와상담,G5,교양필수,"2, 3",(0),,,박상남,20060141,26/26,본인 지도교수 확인후 수강신청할 것.,,1,,N,,,2024,1,1학기
400000,교양과정,2024,1,KY410,진로와상담,G6,교양필수,"2, 3",(0),,,양우진,19950069,23/20,,,1,,N,,,2024,1,1학기
400000,교양과정,2024,1,KY410,진로와상담,G7,교양필수,"2, 3",(0),,,한재명,20240069,20/20,,,0,,N,,,2024,1,1학기
400000,교양과정,2024,1,KY410,진로와상담,G8,교양필수,"2, 3",(0),,,성락선,19960085,21/21,,,1,,N,,,2024,1,1학기
400000,교양과정,2024,1,KY410,진로와상담,H2,교양필수,"2, 3",(0),,,윤상철,20000149,16/25,포털시스템에서 상담 지도교수 확인 후 수강신청,,1,,N,,,2024,1,1학기
400000,교양과정,2024,1,KY410,진로와상담,H3,교양필수,"2, 3",(0),,,노중기,19970047,19/25,포털시스템에서 상담 지도교수 확인 후 수강신청,,1,,N,,,2024,1,1학기
400000,교양과정,2024,1,KY410,진로와상담,I1,교양필수,"2, 3",(0),,,문철수,20010229,38/33,,,1,,N,,,2024,1,1학기
400000,교양과정,2024,1,KY410,진로와상담,I2,교양필수,"2, 3",(0),,,채희상,20130174,41/33,,,1,,N,,,2024,1,1학기
400000,교양과정,2024,1,KY410,진로와상담,I3,교양필수,"2, 3",(0),,,지원배,20170127,37/33,,,1,,N,,,2024,1,1학기
400000,교양과정,2024,1,KY410,진로와상담,I4,교양필수,"2, 3",(0),,,박혜영,20210072,39/33,,,0,,N,,,2024,1,1학기
400000,교양과정,2024,1,KY410,진로와상담,J1,교양필수,"2, 3",(0),,,홍선미,19960088,22/20,학번 마지막 숫자 0~1 수강 신청,,0,,N,,,2024,1,1학기
400000,교양과정,2024,1,KY410,진로와상담,J2,교양필수,"2, 3",(0),,,김예랑,20080163,22/20,학번 마지막 숫자 2~3 수강 신청,,1,,N,,,2024,1,1학기
400000,교양과정,2024,1,KY410,진로와상담,J4,교양필수,"2, 3",(0),,,이경숙,19990077,20/20,"학과 상담지도교수 안내받고 직접 수강신청,[2016학번부터필수]재활학과/P/NP과목",,1,,N,,,2024,1,1학기
400000,교양과정,2024,1,KY410,진로와상담,J5,교양필수,"2, 3",(0),,,백변경희,20010014,25/20,"학과 상담지도교수 안내받고 직접 수강신청,[2016학번부터필수]재활학과/P/NP과목",,0,,N,,,2024,1,1학기
400000,교양과정,2024,1,KY410,진로와상담,J6,교양필수,"2, 3",(0),,,이인재,19940025,23/20,"학과 상담지도교수 안내받고 직접 수강신청,[2016학번부터필수]재활학과/P/NP과목",,0,,N,,,2024,1,1학기
400000,교양과정,2024,1,KY410,진로와상담,J7,교양필수,"2, 3",(0),,,주경희,20180047,25/25,학번 마지막 숫자 4~5 수강 신청,,1,,N,,,2024,1,1학기
400000,교양과정,2024,1,KY410,진로와상담,J8,교양필수,"2, 3",(0),,,장익현,20200052,25/25,학번 마지막 숫자 6~7 수강 신청,,1,,N,,,2024,1,1학기
400000,교양과정,2024,1,KY410,진로와상담,K2,교양필수,"2, 3",(0),,,조규청,20080107,39/45,,,1,,N,,,2024,1,1학기
400000,교양과정,2024,1,KY410,진로와상담,K3,교양필수,"2, 3",(0),,,박상현,20210074,29/45,,,1,,N,,,2024,1,1학기
400000,교양과정,2024,1,KY410,진로와상담,K4,교양필수,"2, 3",(0),,,구훈정,20150127,40/40,포털시스템에서 상담 지도교수 확인 후 수강 신청,,1,,N,,,2024,1,1학기
400000,교양과정,2024,1,KY410,진로와상담,K5,교양필수,"2, 3",(0),,,김상원,20230013,34/30,포털시스템에서 상담 지도교수 확인 후 수강 신청,,1,,N,,,2024,1,1학기
400000,교양과정,2024,1,KY410,진로와상담,K8,교양필수,"2, 3",(0),,,안도연,20210035,37/37,포털시스템에서 상담 지도교수 확인 후 수강 신청,,1,,N,,,2024,1,1학기
400000,교양과정,2024,1,KY410,진로와상담,L1,교양필수,"2, 3",(0),,,이남연,20170129,9/35,"희망 상담지도교수로 직접 수강 신청, 인원 초과시 신청 가능한 타 상담지도교수로 신청할 것",,1,,N,,,2024,1,1학기
400000,교양과정,2024,1,KY410,진로와상담,L2,교양필수,"2, 3",(0),,,김경민,20160030,35/35,"희망 상담지도교수로 직접 수강 신청, 인원 초과시 신청 가능한 타 상담지도교수로 신청할 것",,0,,N,,,2024,1,1학기
400000,교양과정,2024,1,KY410,진로와상담,L3,교양필수,"2, 3",(0),,,정의범,20210033,37/37,"희망 상담지도교수로 직접 수강 신청, 인원 초과시 신청 가능한 타 상담지도교수로 신청할 것",,1,,N,,,2024,1,1학기
400000,교양과정,2024,1,KY410,진로와상담,L4,교양필수,"2, 3",(0),,,이건범,20090026,29/35,"희망 상담지도교수로 직접 수강 신청, 인원 초과시 신청 가능한 타 상담지도교수로 신청할 것",,1,,N,,,2024,1,1학기
400000,교양과정,2024,1,KY410,진로와상담,L5,교양필수,"2, 3",(0),,,박규호,20120084,26/35,"희망 상담지도교수로 직접 수강 신청, 인원 초과시 신청 가능한 타 상담지도교수로 신청할 것",,1,,N,,,2024,1,1학기
400000,교양과정,2024,1,KY410,진로와상담,L6,교양필수,"2, 3",(0),,,양영수,20210032,34/50,포털메인 상담현황 상담사(=지도교수) 확인후 신청,,1,,N,,,2024,1,1학기
400000,교양과정,2024,1,KY410,진로와상담,L7,교양필수,"2, 3",(0),,,장종익,20120119,7/50,포털메인 상담현황 상담사(=지도교수) 확인후 신청,,0,,N,,,2024,1,1학기
400000,교양과정,2024,1,KY410,진로와상담,L8,교양필수,"2, 3",(0),,,유한나,20220223,18/50,포털메인 상담현황 상담사(=지도교수) 확인후 신청,,1,,N,,,2024,1,1학기
400000,교양과정,2024,1,KY410,진로와상담,M1,교양필수,"2, 3",(0),,,신재우,20240071,11/35,학과사무실에서 안내받고 직접 신청.,,2,,N,,,2024,1,1학기
400000,교양과정,2024,1,KY410,진로와상담,M3,교양필수,"2, 3",(0),,,김상욱,20030021,12/30,학과사무실에서 안내받고 직접 신청.,,1,,N,,,2024,1,1학기
400000,교양과정,2024,1,KY410,진로와상담,M4,교양필수,"2, 3",(0),,,이남연,20170129,26/35,학과사무실에서 안내받고 직접 신청.,,1,,N,,,2024,1,1학기
400000,교양과정,2024,1,KY410,진로와상담,M6,교양필수,"2, 3",(0),,,이일영,19970044,17/45,"학과에 상담지도교수 안내 받고 직접 수강 신청함,[교필]중국학과",,1,,N,,,2024,1,1학기
400000,교양과정,2024,1,KY410,진로와상담,M7,교양필수,"2, 3",(0),,,김도희,20050055,13/45,"학과에 상담지도교수 안내 받고 직접 수강 신청함,[교필]중국학과",,1,,N,,,2024,1,1학기
400000,교양과정,2024,1,KY410,진로와상담,N1,교양필수,"2, 3",(0),,,송주명,19990049,28/40,"학과에 상담지도교수 안내 받고 직접 수강 신청함,[교필]일본학과",,1,,N,,,2024,1,1학기
400000,교양과정,2024,1,KY410,진로와상담,N2,교양필수,"2, 3",(0),,,오미정,20100011,27/40,"학과에 상담지도교수 안내 받고 직접 수강 신청함,[교필]일본학과",,1,,N,,,2024,1,1학기
400000,교양과정,2024,1,KY410,진로와상담,N5,교양필수,"2, 3",(0),,,전창환,19970038,17/20,"[교필]국제경제학과 (학번 끝 뒷자리 0, 1, 2, 3 수강 신청)",,1,,N,,,2024,1,1학기
400000,교양과정,2024,1,KY410,진로와상담,N6,교양필수,"2, 3",(0),,,정지영,20190192,20/20,"[교필]국제경제학과 (학번 끝 뒷자리 4, 5, 6 수강 신청)",,1,,N,,,2024,1,1학기
400000,교양과정,2024,1,KY410,진로와상담,N7,교양필수,"2, 3",(0),,,정희진,20230012,19/20,"[교필]국제경제학과 (학번 끝 뒷자리 7, 8, 9 수강 신청)",,1,,N,,,2024,1,1학기
400000,교양과정,2024,1,KY410,진로와상담,O1,교양필수,"2, 3",(0),,,박기현,19940031,25/25,,,1,,N,,,2024,1,1학기
400000,교양과정,2024,1,KY410,진로와상담,O2,교양필수,"2, 3",(0),,,양춘우,19940027,25/25,,,1,,N,,,2024,1,1학기
400000,교양과정,2024,1,KY410,진로와상담,O3,교양필수,"2, 3",(0),,,정재웅,20210034,27/25,,,1,,N,,,2024,1,1학기
400000,교양과정,2024,1,KY410,진로와상담,O5,교양필수,"2, 3",(0),,,박동련,19960011,42/42,"학과에 상담지도교수 안내 받고 직접 수강 신청함,[교필]응용통계학과",,1,,N,,,2024,1,1학기
400000,교양과정,2024,1,KY410,진로와상담,O6,교양필수,"2, 3",(0),,,유한나,20220033,28/41,"학과에 상담지도교수 안내 받고 직접 수강 신청함,[교필]응용통계학과",,1,,N,,,2024,1,1학기
400000,교양과정,2024,1,KY410,진로와상담,P1,교양필수,"2, 3",(0),,,윤효석,20190207,32/35,"[2016학번부터필수]컴퓨터공학부/P/NP과목/학번끝3자리001~010,21//AISW계열 학번/학번끝자리 001~014",,1,,N,,,2024,1,1학기
400000,교양과정,2024,1,KY410,진로와상담,P2,교양필수,"2, 3",(0),,,나근식,19920037,27/35,"[2016학번부터필수]컴퓨터공학부/P/NP과목/학번끝3자리011~020,22",,1,,N,,,2024,1,1학기
400000,교양과정,2024,1,KY410,진로와상담,P3,교양필수,"2, 3",(0),,,김성기,19930045,23/35,"[2016학번부터필수]컴퓨터공학부/P/NP과목/학번끝3자리031~040,23",,1,,N,,,2024,1,1학기
400000,교양과정,2024,1,KY410,진로와상담,P4,교양필수,"2, 3",(0),,,강영경,19970108,27/35,"[2016학번부터필수]컴퓨터공학부/P/NP과목/학번끝3자리041~050,24//AISW계열 학번/학번끝자리 015~029",,0,,N,,,2024,1,1학기
400000,교양과정,2024,1,KY410,진로와상담,P5,교양필수,"2, 3",(0),,,최창원,19960009,16/35,"[2016학번부터필수]컴퓨터공학부/P/NP과목/학번끝3자리051~060,25",,0,,N,,,2024,1,1학기
400000,교양과정,2024,1,KY410,진로와상담,P6,교양필수,"2, 3",(0),,,장재건,19970017,26/35,"[2016학번부터필수]컴퓨터공학부/P/NP과목/학번끝3자리061~070,26//AISW계열 학번/학번끝자리 030~044",,0,,N,,,2024,1,1학기
400000,교양과정,2024,1,KY410,진로와상담,P7,교양필수,"2, 3",(0),,,이성구,19990055,14/35,"[2016학번부터필수]컴퓨터공학부/P/NP과목/학번끝3자리081~090,27",,0,,N,,,2024,1,1학기
400000,교양과정,2024,1,KY410,진로와상담,P8,교양필수,"2, 3",(0),,,박성진,20000021,23/35,"[2016학번부터필수]컴퓨터공학부/P/NP과목/학번끝3자리091~100,28//AISW계열 학번/학번끝자리 045~059",,0,,N,,,2024,1,1학기
400000,교양과정,2024,1,KY410,진로와상담,P9,교양필수,"2, 3",(0),,,이형우,20030008,24/35,"[2016학번부터필수]컴퓨터공학부/P/NP과목/학번끝3자리101~110,29//AISW계열 학번/학번끝자리 060~074",,1,,N,,,2024,1,1학기
400000,교양과정,2024,1,KY410,진로와상담,Q1,교양필수,"2, 3",(0),,,류승택,20040026,26/35,"[2016학번부터필수]컴퓨터공학부/P/NP과목/학번끝3자리111~120,30//AISW계열 학번/학번끝자리 075~089",,0,,N,,,2024,1,1학기
400000,교양과정,2024,1,KY410,진로와상담,Q2,교양필수,"2, 3",(0),,,이양선,20210020,23/35,"[2016학번부터필수]컴퓨터공학부/P/NP과목/학번끝3자리121~130,71~72//AISW계열 학번/학번끝자리 090~104",,1,,N,,,2024,1,1학기
400000,교양과정,2024,1,KY410,진로와상담,Q3,교양필수,"2, 3",(0),,,임익수,20230014,22/35,"[2016학번부터필수]컴퓨터공학부/P/NP과목/학번끝3자리131~140, 73~75//AISW계열 학번/학번끝자리 105~119",,1,,N,,,2024,1,1학기
400000,교양과정,2024,1,KY410,진로와상담,Q4,교양필수,"2, 3",(0),,,박기홍,20240073,24/35,"2016학번부터필수]컴퓨터공학부/P/NP과목/학번끝3자리141~, 76~80//AISW계열 학번/학번끝자리 120~134",,1,,N,,,2024,1,1학기
400000,교양과정,2024,1,KY410,진로와상담,R1,교양필수,"2, 3",(0),,,조성호,20020194,32/35,"[2016학번부터필수]소프트웨어융합학부/P/NP과목, 학번의 끝자리가 0~1인 학생 / AISW계열 학번/학번끝자리 135~149",,1,,N,,,2024,1,1학기
400000,교양과정,2024,1,KY410,진로와상담,R2,교양필수,"2, 3",(0),,,안현,20210024,36/35,"[2016학번부터필수]소프트웨어융합학부/P/NP과목, 학번의 끝자리가 2~3인 학생 / AISW계열 학번/학번끝자리 150~164",,1,,N,,,2024,1,1학기
400000,교양과정,2024,1,KY410,진로와상담,R3,교양필수,"2, 3",(0),,,손승일,20020195,12/35,[2016학번부터필수] AISW계열 학번/학번끝자리 165~179,,1,,N,,,2024,1,1학기
400000,교양과정,2024,1,KY410,진로와상담,R4,교양필수,"2, 3",(0),,,이경옥,20000150,8/35,[2016학번부터필수] AISW계열 학번/학번끝자리 180~194,,1,,N,,,2024,1,1학기
400000,교양과정,2024,1,KY410,진로와상담,R5,교양필수,"2, 3",(0),,,이용걸,20210023,35/35,"[2016학번부터필수]소프트웨어융합학부/P/NP과목, 학번의 끝자리가 4~5인 학생 / AISW계열 학번/학번끝자리 195~209",,1,,N,,,2024,1,1학기
400000,교양과정,2024,1,KY410,진로와상담,R6,교양필수,"2, 3",(0),,,정승민,20060142,34/35,"[2016학번부터필수]소프트웨어융합학부/P/NP과목, 학번의 끝자리가 6~7인 학생 / AISW계열 학번/학번끝자리 210~224",,1,,N,,,2024,1,1학기
400000,교양과정,2024,1,KY410,진로와상담,R8,교양필수,"2, 3",(0),,,김현경,19970045,26/35,"[2016학번부터필수]소프트웨어융합학부/P/NP과목, 학번의 끝자리가 8~9인 학생",,1,,N,,,2024,1,1학기
400000,교양과정,2024,1,KY410,진로와상담,V1,교양필수,"2, 3",(0),,,이석민,20200034,11/30,학과에서 지도교수 확인 및 안내 받은 후 수강신청,,1,,N,,,2024,1,1학기
400000,교양과정,2024,1,KY410,진로와상담,V2,교양필수,"2, 3",(0),,,윤건,20200035,15/30,학과에서 지도교수 확인 및 안내 받은 후 수강신청,,0,,N,,,2024,1,1학기
400000,교양과정,2024,1,KY410,진로와상담,V3,교양필수,"2, 3",(0),,,노승철,20210027,26/30,학과에서 지도교수 확인 및 안내 받은 후 수강신청,,1,,N,,,2024,1,1학기
400000,교양과정,2024,1,KY410,진로와상담,Z1,교양필수,1,(0),,,신광철,19960087,2/30,"대학생활길잡이 이수 완료자 / 신학, 인문 융합 계열 수강",,1,,N,,,2024,1,1학기
400000,교양과정,2024,1,KY410,진로와상담,Z2,교양필수,1,(0),,,이일영,19970044,1/20,"대학생활길잡이 이수 완료자 / 경제통상, 국제지역 계열 수강",,1,,N,,,2024,1,1학기
400000,교양과정,2024,1,KY410,진로와상담,Z4,교양필수,1,(0),,,이건범,20090026,2/20,"대학생활길잡이 이수 완료자 / 경영, 미디어 계열 수강",,1,,N,,,2024,1,1학기
400000,교양과정,2024,1,KY410,진로와상담,Z5,교양필수,1,(0),,,홍선미,19960088,2/20,대학생활길잡이 이수 완료자 / 휴먼서비스 계열 수강,,0,,N,,,2024,1,1학기
400000,교양과정,2024,1,KY410,진로와상담,Z6,교양필수,1,(0),,,강민구,20000145,1/20,대학생활길잡이 이수 완료자 / 이공계 융합 계열 수강,,1,,N,,,2024,1,1학기
400000,교양과정,2024,1,KY419,현대사회와복지,A,교양선택,1,3,"화요일(11:00~12:15), 목요일(09:30~10:45)","18519, 18519",주경희,20180047,69/90,,,1,,대면,,,2024,1,1학기
400000,교양과정,2024,1,KY448,한국사회와사회문제,A,교양선택,1,3,,,이미애,20230110,49/50,교내온라인으로 변경 // 교내온라인,,1,,교내온라인,,,2024,1,1학기
400000,교양과정,2024,1,KY471,논리와비판적사고,A,교양선택,1,3,"월요일(14:30~15:45), 수요일(14:30~15:45)","18211, 18211",조현진,20220201,56/90,,,1,,대면,,,2024,1,1학기
400000,교양과정,2024,1,KY472,생활법률,A,교양선택,1,3,"화요일(13:00~14:15), 화요일(14:30~15:45)","18211, 18211",최영호,20220019,86/90,,,1,,대면,,,2024,1,1학기
400000,교양과정,2024,1,KY508,1인미디어만들기,A,교양선택,1,3,,,최은경,20210026,30/30,교내온라인 // 교내온라인,,1,,교내온라인,,,2024,1,1학기
400000,교양과정,2024,1,KY509,채플,A,교양필수,"1, 2, 3, 4",(1),,,"나현기, 박충만",20180057,6/20,"신학대학 NP대상자 수강, 교목실과 상담 후 수강신청, P/NP",,1,,대면,,,2024,1,1학기
400000,교양과정,2024,1,KY532,한신탐구,A,교양선택,1,2,수요일(11:00~12:40),4107,이상철,20220188,48/50,,,1,,대면,,,2024,1,1학기
400000,교양과정,2024,1,KY554,e-비즈니스의이해,A,교양선택,1,3,"화요일(13:00~14:15), 화요일(14:30~15:45)","18523, 18523",한광희,20240064,89/90,IT경영학과/e-비즈니스학과 수강불가,,1,,대면,,,2024,1,1학기
400000,교양과정,2024,1,KY588,생활속의수학,A,교양선택,1,3,,,이호규,20220156,89/90,LMS 온라인 수업  // 교내온라인,,1,,교내온라인,,,2024,1,1학기
400000,교양과정,2024,1,KY593,진로선택과취업준비,A,교양선택,"3, 4",3,,,"김용희, 박가현",20220224,198/200,"3,4학년만 수강/온라인수업/P/NP교과목, 외부온라인 // 외부온라인",,1,,외부온라인,,,2024,1,1학기
400000,교양과정,2024,1,KY612,성서입문,A,교양필수,1,2,목요일(11:00~12:40),4107,이영미,20050062,25/50,신학부 교양필수과목,,1,,대면,,,2024,1,1학기
400000,교양과정,2024,1,KY620,드라마속의기독교,A,교양필수,1,2,수요일(11:00~12:40),18211,강은미,20209151,90/90,교필과목/기독교과목,,1,,대면,,,2024,1,1학기
400000,교양과정,2024,1,KY620,드라마속의기독교,B,교양필수,1,2,수요일(17:30~19:10),18211,강은미,20209151,90/90,교필과목/기독교과목,,1,,대면,,,2024,1,1학기
400000,교양과정,2024,1,KY646,프랑스어회화및실습Ⅰ,A,교양선택,1,2,"월요일(16:00~17:15), 수요일(17:30~18:45)","18418, 18418",이익주,20150010,30/30,,,1,,대면,,,2024,1,1학기
400000,교양과정,2024,1,KY661,취창업스쿨1,A,교양선택,"2, 3, 4",3,,,홍창기,20130034,30/30,"P/NP, 2,3,4학년, 비대면, 역량>경험>STAR화법 // 교내온라인",,1,,교내온라인,,,2024,1,1학기
400000,교양과정,2024,1,KY661,취창업스쿨1,B,교양선택,"2, 3, 4",3,,,박선화,20200089,29/30,"P/NP 2,3,4학년, 인간 심리와 커뮤니케이션, 교내온라인 // 교내온라인",,1,,교내온라인,,,2024,1,1학기
400000,교양과정,2024,1,KY661,취창업스쿨1,D,교양선택,"2, 3, 4",3,,,김흥기,20130154,29/30,"P/NP 2,3,4학년, 교내온라인 // 교내온라인",,1,,교내온라인,,,2024,1,1학기
400000,교양과정,2024,1,KY661,취창업스쿨1,E,교양선택,"2, 3, 4",3,,,유동석,20130142,30/30,"P/NP 2,3,4학년, 교내온라인, 취업성공비법 소개 // 교내온라인",,1,,교내온라인,,,2024,1,1학기
400000,교양과정,2024,1,KY661,취창업스쿨1,F,교양선택,"2, 3, 4",3,,,김대숙,20200075,30/30,"P/NP 2,3,4학년, 교내온라인 // 교내온라인",,1,,교내온라인,,,2024,1,1학기
400000,교양과정,2024,1,KY661,취창업스쿨1,G,교양선택,"2, 3, 4",3,,,김대숙,20200075,30/30,"P/NP 2,3,4학년, 교내온라인 // 교내온라인",,1,,교내온라인,,,2024,1,1학기
400000,교양과정,2024,1,KY661,취창업스쿨1,H,교양선택,"2, 3, 4",3,,,강석원,20130152,30/30,"P/NP 2,3,4학년, 교내온라인 // 교내온라인",,1,,교내온라인,,,2024,1,1학기
400000,교양과정,2024,1,KY661,취창업스쿨1,I,교양선택,"2, 3, 4",3,,,허태윤,20208015,30/30,"P/NP 2,3,4학년, 플랫폼시대의 취창업 전략 // 교내온라인",,1,,교내온라인,,,2024,1,1학기
400000,교양과정,2024,1,KY662,초급일본어Ⅰ,A,교양선택,1,2,"화요일(13:00~14:15), 목요일(13:00~14:15)","18103, 18103",이혜원,20220149,40/40,일본학과수강금지(1학년허용),,1,,대면,,,2024,1,1학기
400000,교양과정,2024,1,KY667,초급일본어회화Ⅰ,A,교양선택,1,1,화요일(11:00~12:40),18103,이혜원,20220149,29/30,일본학과수강금지(1학년허용),,1,,대면,,,2024,1,1학기
400000,교양과정,2024,1,KY677,대학생활길잡이,A1,교양필수,1,1,월요일(18:50~19:40),3321,김희선,20220035,27/35,"교양필수 / 신학·인문융합계열 A반 수강 /재학생, 편입생 : 신학부 신청",,1,,대면,,,2024,1,1학기
400000,교양과정,2024,1,KY677,대학생활길잡이,A2,교양필수,1,1,수요일(18:50~19:40),3321,이서영,20220036,23/35,"교양필수 / 신학·인문융합계열 A반 수강 /재학생, 편입생 : 신학부 신청",,1,,대면,,,2024,1,1학기
400000,교양과정,2024,1,KY677,대학생활길잡이,AA,교양필수,1,1,월요일(18:50~19:40),3409,이석민,20200034,17/20,"교양필수 / 글로벌·공공인재융합계열 B반 수강 / 재학생, 편입생 : 공공인재 신청",,0,,대면,,,2024,1,1학기
400000,교양과정,2024,1,KY677,대학생활길잡이,AB,교양필수,1,1,월요일(18:50~19:40),3410,윤건,20200035,13/20,"교양필수 / 글로벌·공공인재융합계열 B반 수강 / 재학생, 편입생 : 공공인재 신청",,0,,대면,,,2024,1,1학기
400000,교양과정,2024,1,KY677,대학생활길잡이,AC,교양필수,1,1,월요일(18:50~19:40),3411,노승철,20210027,11/20,"교양필수 / 글로벌·공공인재융합계열 B반 수강 / 재학생, 편입생 : 공공인재 신청",,1,,대면,,,2024,1,1학기
400000,교양과정,2024,1,KY677,대학생활길잡이,B2,교양필수,1,1,월요일(18:50~19:40),20402,유형동,20220034,12/20,"교양필수 / 신학·인문융합계열 G반 수강 / 재학생, 편입생 : 한국어문학 신청",,1,,대면,,,2024,1,1학기
400000,교양과정,2024,1,KY677,대학생활길잡이,B3,교양필수,1,1,월요일(18:50~19:40),20505,김수영,20220221,11/20,"교양필수 / 신학·인문융합계열 G반 수강 / 재학생, 편입생 : 한국어문학 신청",,1,,대면,,,2024,1,1학기
400000,교양과정,2024,1,KY677,대학생활길잡이,B4,교양필수,1,1,월요일(18:50~19:40),20506,김지혜,20230138,10/20,"교양필수 / 신학·인문융합계열 G반 수강 / 재학생, 편입생 : 한국어문학 신청",,1,,대면,,,2024,1,1학기
400000,교양과정,2024,1,KY677,대학생활길잡이,C1,교양필수,1,1,화요일(18:50~19:40),3203,박미선,20090009,13/17,"교양필수 / 신학·인문융합계열 E반 수강 / 재학생, 편입생 : 영미문화 신청",,1,,대면,,,2024,1,1학기
400000,교양과정,2024,1,KY677,대학생활길잡이,C2,교양필수,1,1,화요일(18:50~19:40),3201,이향미,20200051,17/17,"교양필수 / 신학·인문융합계열 E반 수강 / 재학생, 편입생 : 영미문화 신청",,1,,대면,,,2024,1,1학기
400000,교양과정,2024,1,KY677,대학생활길잡이,C3,교양필수,1,1,화요일(18:50~19:40),3202,김지혜,20210073,16/17,"교양필수 / 신학·인문융합계열 E반 수강 / 재학생, 편입생 : 영미문화 신청",,1,,대면,,,2024,1,1학기
400000,교양과정,2024,1,KY677,대학생활길잡이,D1,교양필수,1,1,월요일(18:50~19:40),3505,전춘명,19960084,15/20,"교양필수 / 신학·인문융합계열 D반 수강 / 재학생, 편입생 : 독일어문화 신청",,1,,대면,,,2024,1,1학기
400000,교양과정,2024,1,KY677,대학생활길잡이,D2,교양필수,1,1,월요일(18:50~19:40),3506,오동식,20100188,12/20,"교양필수 / 신학·인문융합계열 D반 수강 / 재학생, 편입생 : 독일어문화 신청",,1,,대면,,,2024,1,1학기
400000,교양과정,2024,1,KY677,대학생활길잡이,E1,교양필수,1,1,월요일(18:50~19:40),8101,김대오,19970107,14/20,"교양필수 / 신학·인문융합계열 C반 수강 / 재학생, 편입생 : 철학 신청",,1,,대면,,,2024,1,1학기
400000,교양과정,2024,1,KY677,대학생활길잡이,E2,교양필수,1,1,월요일(18:50~19:40),8110,김희정,20080164,17/20,"교양필수 / 신학·인문융합계열 C반 수강 / 재학생, 편입생 : 철학 신청",,1,,대면,,,2024,1,1학기
400000,교양과정,2024,1,KY677,대학생활길잡이,F1,교양필수,1,1,월요일(18:50~19:40),3405,이형원,20210030,8/15,"교양필수 / 신학·인문융합계열 H반 수강 / 재학생, 편입생 : 한국사학 신청",,1,,대면,,,2024,1,1학기
400000,교양과정,2024,1,KY677,대학생활길잡이,F2,교양필수,1,1,월요일(18:50~19:40),3406,정해득,20140042,14/15,"교양필수 / 신학·인문융합계열 H반 수강 / 재학생, 편입생 : 한국사학 신청",,1,,대면,,,2024,1,1학기
400000,교양과정,2024,1,KY677,대학생활길잡이,F3,교양필수,1,1,월요일(18:50~19:40),3407,정무용,20230010,10/15,"교양필수 / 신학·인문융합계열 H반 수강 / 재학생, 편입생 : 한국사학 신청",,1,,대면,,,2024,1,1학기
400000,교양과정,2024,1,KY677,대학생활길잡이,F4,교양필수,1,1,월요일(18:50~19:40),3408,이영남,20170017,8/15,"교양필수 / 신학·인문융합계열 H반 수강 / 재학생, 편입생 : 한국사학 신청",,0,,대면,,,2024,1,1학기
400000,교양과정,2024,1,KY677,대학생활길잡이,G1,교양필수,1,1,화요일(18:50~19:40),7106,강인철,19970005,34/35,"교양필수 / 신학·인문융합계열 B반 수강 / 재학생, 편입생 : 종교문화 신청",,0,,대면,,,2024,1,1학기
400000,교양과정,2024,1,KY677,대학생활길잡이,G3,교양필수,1,1,화요일(18:50~19:40),3409,김윤성,20060020,15/15,"신학 인문융합계열 j반 수강 / 재학생,편입생 : 디영문콘 신청",,1,,대면,,,2024,1,1학기
400000,교양과정,2024,1,KY677,대학생활길잡이,G4,교양필수,1,1,화요일(18:50~19:40),3410,이종현,20230011,8/9,"신학 인문융합계열 j반 수강 / 재학생,편입생 : 디영문콘 신청",,1,,대면,,,2024,1,1학기
400000,교양과정,2024,1,KY677,대학생활길잡이,G7,교양필수,1,1,화요일(18:50~19:40),3411,신광철,19960087,8/9,"신학 인문융합계열 j반 수강 / 재학생,편입생 : 디영문콘 신청",,1,,대면,,,2024,1,1학기
400000,교양과정,2024,1,KY677,대학생활길잡이,H1,교양필수,1,1,월요일(18:50~19:40),3204,백수린,20240068,12/20,"교양필수 / 신학·인문융합계열 F반 수강 / 재학생, 편입생 : 문예창작 신청",,1,,대면,,,2024,1,1학기
400000,교양과정,2024,1,KY677,대학생활길잡이,H3,교양필수,1,1,월요일(18:50~19:40),3207,정한아,20220222,18/20,"교양필수 / 신학·인문융합계열 F반 수강 / 재학생, 편입생 : 문예창작 신청",,1,,대면,,,2024,1,1학기
400000,교양과정,2024,1,KY677,대학생활길잡이,H4,교양필수,1,1,월요일(18:50~19:40),3308,강지희,20190189,11/20,"교양필수 / 신학·인문융합계열 F반 수강 / 재학생, 편입생 : 문예창작 신청",,1,,대면,,,2024,1,1학기
400000,교양과정,2024,1,KY677,대학생활길잡이,I2,교양필수,1,1,월요일(18:50~19:40),7107,장정해,19930050,21/35,"교양필수 / 신학·인문융합계열 I반 수강 / 재학생, 편입생 : 중국어문화 신청",,1,,대면,,,2024,1,1학기
400000,교양과정,2024,1,KY677,대학생활길잡이,I4,교양필수,1,1,화요일(18:50~19:40),18420-1,김남희,20200038,17/20,"교양필수 / 신학·인문융합계열 I반 수강 / 재학생, 편입생 : 중국어문화 신청",,1,,대면,,,2024,1,1학기
400000,교양과정,2024,1,KY677,대학생활길잡이,I5,교양필수,1,1,수요일(18:50~19:40),18307,강민구,20000145,21/25,"교양필수 / AI·SW계열(F) 수강 / 재학생, 편입생 : IT영상콘텐츠학과 신청",,1,,대면,,,2024,1,1학기
400000,교양과정,2024,1,KY677,대학생활길잡이,J1,교양필수,1,1,수요일(18:50~19:40),3407,성락선,19960085,15/15,"교양필수 / 경제통상·국제지역계열 D반 수강 / 재학생, 편입생 : 경제학 신청",,1,,대면,,,2024,1,1학기
400000,교양과정,2024,1,KY677,대학생활길잡이,J2,교양필수,1,1,수요일(18:50~19:40),3408,한재명,20240069,12/15,"교양필수 / 경제통상·국제지역계열 D반 수강 / 재학생, 편입생 : 경제학 신청",,1,,대면,,,2024,1,1학기
400000,교양과정,2024,1,KY677,대학생활길잡이,J3,교양필수,1,1,수요일(18:50~19:40),3409,양우진,19950069,10/15,"교양필수 / 경제통상·국제지역계열 D반 수강 / 재학생, 편입생 : 경제학 신청",,1,,대면,,,2024,1,1학기
400000,교양과정,2024,1,KY677,대학생활길잡이,K1,교양필수,1,1,화요일(18:50~19:40),3206,윤상철,20000149,15/20,"교양필수 / 휴먼서비스계열 A반 수강 / 재학생, 편입생 : 사회학 신청",,1,,대면,,,2024,1,1학기
400000,교양과정,2024,1,KY677,대학생활길잡이,K4,교양필수,1,1,월요일(18:50~19:40),3206,노중기,19970047,17/20,"교양필수 / 휴먼서비스계열 A반 수강 / 재학생, 편입생 : 사회학 신청",,1,,대면,,,2024,1,1학기
400000,교양과정,2024,1,KY677,대학생활길잡이,L1,교양필수,1,1,수요일(18:50~19:40),3405,송주명,19990049,16/24,"교양필수 / 경제통상·국제지역계열 B반 수강 / 재학생, 편입생 : 일본학 신청",,1,,대면,,,2024,1,1학기
400000,교양과정,2024,1,KY677,대학생활길잡이,L2,교양필수,1,1,수요일(18:50~19:40),3406,오미정,20100011,18/24,"교양필수 / 경제통상·국제지역계열 B반 수강 / 재학생, 편입생 : 일본학 신청",,1,,대면,,,2024,1,1학기
400000,교양과정,2024,1,KY677,대학생활길잡이,M1,교양필수,1,1,수요일(18:50~19:40),3201,이해영,19960013,12/12,"교양필수 / 글로벌·공공인재융합계열 A반 수강 / 재학생, 편입생 : 글로벌인재 신청",,0,,대면,,,2024,1,1학기
400000,교양과정,2024,1,KY677,대학생활길잡이,M2,교양필수,1,1,수요일(18:50~19:40),3202,백준기,19990060,9/12,"교양필수 / 글로벌·공공인재융합계열 A반 수강 / 재학생, 편입생 : 글로벌인재 신청",,0,,대면,,,2024,1,1학기
400000,교양과정,2024,1,KY677,대학생활길잡이,M4,교양필수,1,1,수요일(18:50~19:40),3204,최형익,20040020,9/12,"교양필수 / 글로벌·공공인재융합계열 A반 수강 / 재학생, 편입생 : 글로벌인재 신청",,0,,대면,,,2024,1,1학기
400000,교양과정,2024,1,KY677,대학생활길잡이,M5,교양필수,1,1,수요일(18:50~19:40),3206,박상남,20060141,12/12,"교양필수 / 글로벌·공공인재융합계열 A반 수강 / 재학생, 편입생 : 글로벌인재 신청",,1,,대면,,,2024,1,1학기
400000,교양과정,2024,1,KY677,대학생활길잡이,N2,교양필수,1,1,월요일(18:50~19:40),3202,이일영,19970044,18/20,"교양필수 / 경제통상·국제지역계열 A반 수강 / 재학생, 편입생 : 중국학 신청",,1,,대면,,,2024,1,1학기
400000,교양과정,2024,1,KY677,대학생활길잡이,N3,교양필수,1,1,월요일(18:50~19:40),3203,김도희,20050055,18/20,"교양필수 / 경제통상·국제지역계열 A반 수강 / 재학생, 편입생 : 중국학 신청",,1,,대면,,,2024,1,1학기
400000,교양과정,2024,1,KY677,대학생활길잡이,O1,교양필수,1,1,월요일(18:50~19:40),18101,김예랑,20080163,24/20,"교양필수 / 휴먼서비스계열 B반 수강 / 재학생, 편입생 : 사회복지학 신청",,1,,대면,,,2024,1,1학기
400000,교양과정,2024,1,KY677,대학생활길잡이,O2,교양필수,1,1,월요일(18:50~19:40),18102,장익현,20200052,19/26,"교양필수 / 휴먼서비스계열 B반 수강 / 재학생, 편입생 : 사회복지학 신청",,0,,대면,,,2024,1,1학기
400000,교양과정,2024,1,KY677,대학생활길잡이,O3,교양필수,1,1,월요일(18:50~19:40),18103,주경희,20180047,11/15,"교양필수 / 휴먼서비스계열 C반 수강 / 재학생, 편입생 : 재활상담학 신청",,1,,대면,,,2024,1,1학기
400000,교양과정,2024,1,KY677,대학생활길잡이,O4,교양필수,1,1,월요일(18:50~19:40),18211,이인재,19940025,8/15,"교양필수 / 휴먼서비스계열 C반 수강 / 재학생, 편입생 : 재활상담학 신청",,0,,대면,,,2024,1,1학기
400000,교양과정,2024,1,KY677,대학생활길잡이,O5,교양필수,1,1,월요일(18:50~19:40),18212,이경숙,19990077,11/15,"교양필수 / 휴먼서비스계열 C반 수강 / 재학생, 편입생 : 재활상담학 신청",,1,,대면,,,2024,1,1학기
400000,교양과정,2024,1,KY677,대학생활길잡이,O6,교양필수,1,1,월요일(18:50~19:40),18211-1,백변경희,20010014,8/15,"교양필수 / 휴먼서비스계열 C반 수강 / 재학생, 편입생 : 재활상담학 신청",,0,,대면,,,2024,1,1학기
400000,교양과정,2024,1,KY677,대학생활길잡이,P1,교양필수,1,1,수요일(18:50~19:40),3410,전창환,19970038,10/15,"교양필수 / 경제통상·국제지역계열 C반 수강 / 재학생, 편입생 : 국제경제학 신청",,1,,대면,,,2024,1,1학기
400000,교양과정,2024,1,KY677,대학생활길잡이,P2,교양필수,1,1,수요일(18:50~19:40),3411,정지영,20190192,15/15,"교양필수 / 경제통상·국제지역계열 C반 수강 / 재학생, 편입생 : 국제경제학 신청",,1,,대면,,,2024,1,1학기
400000,교양과정,2024,1,KY677,대학생활길잡이,P3,교양필수,1,1,수요일(18:50~19:40),3412,정희진,20230012,13/15,"교양필수 / 경제통상·국제지역계열 C반 수강 / 재학생, 편입생 : 국제경제학 신청",,1,,대면,,,2024,1,1학기
400000,교양과정,2024,1,KY677,대학생활길잡이,Q1,교양필수,1,1,수요일(18:50~19:40),18102,김경민,20160030,12/16,"교양필수 / 경영·미디어계열 A반 수강 / 재학생, 편입생 : 경영학 신청",,0,,대면,,,2024,1,1학기
400000,교양과정,2024,1,KY677,대학생활길잡이,Q3,교양필수,1,1,수요일(18:50~19:40),18103,이건범,20090026,10/15,"교양필수 / 경영·미디어계열 A반 수강 / 재학생, 편입생 : 경영학 신청",,1,,대면,,,2024,1,1학기
400000,교양과정,2024,1,KY677,대학생활길잡이,Q4,교양필수,1,1,수요일(18:50~19:40),18104,박규호,20120084,11/15,"교양필수 / 경영·미디어계열 A반 수강 / 재학생, 편입생 : 경영학 신청",,1,,대면,,,2024,1,1학기
400000,교양과정,2024,1,KY677,대학생활길잡이,Q5,교양필수,1,1,수요일(18:50~19:40),18101,정의범,20210033,8/15,"교양필수 / 경영·미디어계열 A반 수강 / 재학생, 편입생 : 경영학 신청",,1,,대면,,,2024,1,1학기
400000,교양과정,2024,1,KY677,대학생활길잡이,Q6,교양필수,1,1,수요일(18:50~19:40),18105,김경민,20160030,10/15,"교양필수 / 경영·미디어계열 A반 수강 / 재학생, 편입생 : 경영학 신청",,1,,대면,,,2024,1,1학기
400000,교양과정,2024,1,KY677,대학생활길잡이,R1,교양필수,1,1,수요일(18:50~19:40),18106,문철수,20010229,14/13,"교양필수 / 경영·미디어계열 D반 수강 / 재학생, 편입생 : 미영광홍 신청",,1,,대면,,,2024,1,1학기
400000,교양과정,2024,1,KY677,대학생활길잡이,R2,교양필수,1,1,수요일(18:50~19:40),18211-1,채희상,20130174,14/13,"교양필수 / 경영·미디어계열 D반 수강 / 재학생, 편입생 : 미영광홍 신청",,1,,대면,,,2024,1,1학기
400000,교양과정,2024,1,KY677,대학생활길잡이,R3,교양필수,1,1,수요일(18:50~19:40),18212,지원배,20170127,15/13,"교양필수 / 경영·미디어계열 D반 수강 / 재학생, 편입생 : 미영광홍 신청",,1,,대면,,,2024,1,1학기
400000,교양과정,2024,1,KY677,대학생활길잡이,R4,교양필수,1,1,수요일(18:50~19:40),18212-1,박혜영,20210072,22/13,"교양필수 / 경영·미디어계열 D반 수강 / 재학생, 편입생 : 미영광홍 신청",,0,,대면,,,2024,1,1학기
400000,교양과정,2024,1,KY677,대학생활길잡이,S1,교양필수,1,1,수요일(18:50~19:40),7305,김상욱,20030021,13/10,"교양필수 / 경영·미디어계열 B반 수강 / 재학생, 편입생 : IT경영학 신청",,1,,대면,,,2024,1,1학기
400000,교양과정,2024,1,KY677,대학생활길잡이,S2,교양필수,1,1,수요일(18:50~19:40),7106,신재우,20240071,9/20,"교양필수 / 경영·미디어계열 B반 수강 / 재학생, 편입생 : IT경영학 신청",,2,,대면,,,2024,1,1학기
400000,교양과정,2024,1,KY677,대학생활길잡이,S4,교양필수,1,1,수요일(18:50~19:40),7301,이남연,20170129,9/20,"교양필수 / 경영·미디어계열 B반 수강 / 재학생, 편입생 : IT경영학 신청",,1,,대면,,,2024,1,1학기
400000,교양과정,2024,1,KY677,대학생활길잡이,T1,교양필수,1,1,수요일(18:50~19:40),3207,장종익,20120119,8/15,"교양필수 / 경영·미디어계열 C반 수강 / 재학생, 편입생 : 글로벌비즈니스학 신청",,0,,대면,,,2024,1,1학기
400000,교양과정,2024,1,KY677,대학생활길잡이,T2,교양필수,1,1,수요일(18:50~19:40),3308,양영수,20210032,9/15,"교양필수 / 경영·미디어계열 C반 수강 / 재학생, 편입생 : 글로벌비즈니스학 신청",,1,,대면,,,2024,1,1학기
400000,교양과정,2024,1,KY677,대학생활길잡이,T3,교양필수,1,1,수요일(18:50~19:40),3505,유한나,20220223,10/15,"교양필수 / 경영·미디어계열 C반 수강 / 재학생, 편입생 : 글로벌비즈니스학 신청",,1,,대면,,,2024,1,1학기
400000,교양과정,2024,1,KY677,대학생활길잡이,T4,교양필수,1,1,수요일(18:50~19:40),3506,유현미,20240070,8/15,"교양필수 / 경영·미디어계열 C반 수강 / 재학생, 편입생 : 글로벌비즈니스학 신청",,1,,대면,,,2024,1,1학기
400000,교양과정,2024,1,KY677,대학생활길잡이,U1,교양필수,1,1,월요일(18:50~19:40),7215,박기현,19940031,10/18,"교양필수 / 이공계융합계열 A반 수강 / 재학생, 편입생 : 수리금융학 신청",,1,,대면,,,2024,1,1학기
400000,교양과정,2024,1,KY677,대학생활길잡이,U2,교양필수,1,1,월요일(18:50~19:40),7315,정재웅,20210034,13/18,"교양필수 / 이공계융합계열 A반 수강 / 재학생, 편입생 : 수리금융학 신청",,2,,대면,,,2024,1,1학기
400000,교양과정,2024,1,KY677,대학생활길잡이,U3,교양필수,1,1,월요일(18:50~19:40),7316,정재웅,20210034,18/18,"교양필수 / 이공계융합계열 A반 수강 / 재학생, 편입생 : 수리금융학 신청",,1,,대면,,,2024,1,1학기
400000,교양과정,2024,1,KY677,대학생활길잡이,V1,교양필수,1,1,수요일(18:50~19:40),7202,박동련,19960011,21/25,"교양필수 / 이공계융합계열 B반 수강 / 재학생, 편입생 : 응용통계학 신청",,1,,대면,,,2024,1,1학기
400000,교양과정,2024,1,KY677,대학생활길잡이,V3,교양필수,1,1,수요일(18:50~19:40),7215,유한나,20220033,24/25,"교양필수 / 이공계융합계열 B반 수강 / 재학생, 편입생 : 응용통계학 신청",,1,,대면,,,2024,1,1학기
400000,교양과정,2024,1,KY677,대학생활길잡이,W2,교양필수,1,1,월요일(18:50~19:40),10204,박상현,20210074,22/20,"교양필수 / 특수체육학계열 A반 수강 / 재학생, 편입생 : 특수체육학 신청",,1,,대면,,,2024,1,1학기
400000,교양과정,2024,1,KY677,대학생활길잡이,W3,교양필수,1,1,월요일(18:50~19:40),10201,조규청,20080107,16/20,"교양필수 / 특수체육학계열 A반 수강 / 재학생, 편입생 : 특수체육학 신청",,1,,대면,,,2024,1,1학기
400000,교양과정,2024,1,KY677,대학생활길잡이,X1,교양필수,1,1,수요일(18:50~19:40),18312,이성구,19990055,24/25,"교양필수 / AI·SW계열 수강 / 재학생, 편입생 : AISW계열(A), 컴퓨터공학부 신청",,1,,대면,,,2024,1,1학기
400000,교양과정,2024,1,KY677,대학생활길잡이,X2,교양필수,1,1,수요일(18:50~19:40),18314,박성진,20000021,25/25,"교양필수 / AI·SW계열 수강 / 재학생, 편입생 : AISW계열(A), 컴퓨터공학부 신청",,1,,대면,,,2024,1,1학기
400000,교양과정,2024,1,KY677,대학생활길잡이,X3,교양필수,1,1,수요일(18:50~19:40),18419,류승택,20040026,24/25,"교양필수 / AI·SW계열 수강 / 재학생, 편입생 : AISW계열(B), 컴퓨터공학부 신청",,1,,대면,,,2024,1,1학기
400000,교양과정,2024,1,KY677,대학생활길잡이,X4,교양필수,1,1,수요일(18:50~19:40),18422,윤효석,20190207,25/25,"교양필수 / AI·SW계열 수강 / 재학생, 편입생 : AISW계열(B), 컴퓨터공학부 신청",,1,,대면,,,2024,1,1학기
400000,교양과정,2024,1,KY677,대학생활길잡이,X5,교양필수,1,1,수요일(18:50~19:40),18424,이양선,20210020,16/25,"교양필수 / AI·SW계열 수강 / 재학생, 편입생 : AISW계열(C), 컴퓨터공학부 신청",,1,,대면,,,2024,1,1학기
400000,교양과정,2024,1,KY677,대학생활길잡이,X6,교양필수,1,1,월요일(18:50~19:40),18312,김성기,19930045,25/25,"교양필수 / AI·SW계열 수강 / 재학생, 편입생 : AISW계열(C), 컴퓨터공학부 신청",,2,,대면,,,2024,1,1학기
400000,교양과정,2024,1,KY677,대학생활길잡이,Y1,교양필수,1,1,월요일(18:50~19:40),18314,조성호,20020194,25/25,"교양필수 / AI·SW계열 수강 / 재학생, 편입생 : AISW계열(D), 소웨융 신청",,1,,대면,,,2024,1,1학기
400000,교양과정,2024,1,KY677,대학생활길잡이,Y2,교양필수,1,1,월요일(18:50~19:40),18419,안현,20210024,29/25,"교양필수 / AI·SW계열 수강 / 재학생, 편입생 : AISW계열(D), 소웨융 신청",,1,,대면,,,2024,1,1학기
400000,교양과정,2024,1,KY677,대학생활길잡이,Y3,교양필수,1,1,수요일(18:50~19:40),18521,손승일,20020195,19/25,"교양필수 / AI·SW계열 수강 / 재학생, 편입생 : AISW계열(E), 소웨융 신청",,1,,대면,,,2024,1,1학기
400000,교양과정,2024,1,KY677,대학생활길잡이,Y4,교양필수,1,1,월요일(18:50~19:40),18422,이경옥,20000150,17/25,"교양필수 / AI·SW계열 수강 / 재학생, 편입생 : AISW계열(E), 소웨융 신청",,1,,대면,,,2024,1,1학기
400000,교양과정,2024,1,KY677,대학생활길잡이,Y5,교양필수,1,1,월요일(18:50~19:40),18424,이용걸,20210023,19/25,"교양필수 / AI·SW계열 수강 / 재학생, 편입생 : AISW계열(F), 소웨융 신청",,1,,대면,,,2024,1,1학기
400000,교양과정,2024,1,KY677,대학생활길잡이,Y7,교양필수,1,1,월요일(18:50~19:40),18104,백수진,20230139,32/35,교양필수 / AI·SW계열 수강,,1,,대면,,,2024,1,1학기
400000,교양과정,2024,1,KY677,대학생활길잡이,Z1,교양필수,1,1,월요일(18:50~19:40),20307,김상원,20230013,17/18,"교양필수 / 휴먼서비스계열 D반 수강 / 재학생, 편입생 : 심리아동학 신청",,1,,대면,,,2024,1,1학기
400000,교양과정,2024,1,KY677,대학생활길잡이,Z3,교양필수,1,1,월요일(18:50~19:40),20301,안도연,20210035,15/18,"교양필수 / 휴먼서비스계열 D반 수강 / 재학생, 편입생 : 심리아동학 신청",,1,,대면,,,2024,1,1학기
400000,교양과정,2024,1,KY677,대학생활길잡이,Z4,교양필수,1,1,월요일(18:50~19:40),20306,구훈정,20150127,18/18,"교양필수 / 휴먼서비스계열 D반 수강 / 재학생, 편입생 : 심리아동학 신청",,1,,대면,,,2024,1,1학기
400000,교양과정,2024,1,KY692,쟁점으로본한국현대사,A,교양선택,1,3,"월요일(14:30~15:45), 수요일(14:30~15:45)","3203, 3203",정무용,20230010,57/60,,,1,,대면,,,2024,1,1학기
400000,교양과정,2024,1,KY693,광고와삶,A,교양선택,1,3,,,강석원,20130152,90/90,교내온라인 / 미디어영상광고홍보제외 // 교내온라인,,1,,교내온라인,,,2024,1,1학기
400000,교양과정,2024,1,KY696,문학과영화에서죽음의의미,A,교양선택,1,3,"금요일(16:00~17:15), 금요일(17:30~18:45)","18523, 18523",오동식,20100188,90/90,,,1,,대면,,,2024,1,1학기
400000,교양과정,2024,1,KY721,영어Ⅰ,A,교양필수,"3, 4",2,"월요일(14:30~15:45), 수요일(14:30~15:45)","3412, 3412",야니,20120086,18/20,교양필수 영어1 재수강반(2022학번까지 수강 가능) / 한시적개설,,1,,대면,,,2024,1,1학기
400000,교양과정,2024,1,KY724,드라마의이해,A,교양선택,1,3,"목요일(13:00~14:15), 목요일(14:30~15:45)","3506, 3506",김민수,20240009,48/48,,,1,,대면,,,2024,1,1학기
400000,교양과정,2024,1,KY734,영화입문,A,교양선택,1,3,"화요일(13:00~14:15), 화요일(14:30~15:45)","18421, 18421",이익주,20150010,90/90,,,1,,대면,,,2024,1,1학기
400000,교양과정,2024,1,KY747,중국사의이해,A,교양선택,1,3,"월요일(13:00~14:15), 수요일(13:00~14:15)","18519, 18519",유은하,20190136,88/90,,,1,,대면,,,2024,1,1학기
400000,교양과정,2024,1,KY755,철학이란무엇인가,A,교양선택,1,3,"월요일(16:00~17:15), 수요일(17:30~18:45)","18519, 18519",이문교,20220135,82/90,,,1,,대면,,,2024,1,1학기
400000,교양과정,2024,1,KY756,현대사회와윤리,A,교양선택,1,3,"화요일(16:00~17:15), 화요일(17:30~18:45)","3505, 3505",김대오,19970107,37/48,,,1,,대면,,,2024,1,1학기
400000,교양과정,2024,1,KY765,정치란무엇인가,A,교양선택,1,3,"목요일(16:00~17:15), 목요일(17:30~18:45)","3203, 3203",박상준,20220225,70/70,,,1,,대면,,,2024,1,1학기
400000,교양과정,2024,1,KY786,뉴턴과근대과학탄생의비밀,A,교양선택,1,3,"월요일(09:30~10:45), 수요일(11:00~12:15)","18520, 18520",정태성,20080106,71/90,,,1,,대면,,,2024,1,1학기
400000,교양과정,2024,1,KY793,우주의한마을:지구의이해,A,교양선택,1,3,"월요일(11:00~12:15), 수요일(09:30~10:45)","18418, 18418",정태성,20080106,48/48,,,1,,대면,,,2024,1,1학기
400000,교양과정,2024,1,KY800,구급과안전교육,A,교양선택,1,2,"금요일(09:30~10:45), 금요일(11:00~12:15)","18523, 18523",강지연,20230043,66/90,,,2,,대면,,,2024,1,1학기
400000,교양과정,2024,1,KY817,축구,A,교양선택,1,2,"수요일(16:00~17:15), 수요일(17:30~18:45)","10301, 10301",명왕성,20210019,30/30,특체과수강금지(1학년허용),,1,,대면,,,2024,1,1학기
400000,교양과정,2024,1,KY818,농구,A,교양선택,1,2,"목요일(13:00~14:15), 목요일(14:30~15:45)","10301, 10301",박상현,20210074,25/25,특체과수강금지(1학년허용),,1,,대면,,,2024,1,1학기
400000,교양과정,2024,1,KY820,테니스,A,교양선택,1,2,"목요일(09:30~10:45), 목요일(11:00~12:15)","10301, 10301",김수겸,20130148,30/30,특체과수강금지(1학년허용),,1,,대면,,,2024,1,1학기
400000,교양과정,2024,1,KY826,호신술,A,교양선택,1,2,"목요일(13:00~14:15), 목요일(14:30~15:45)","10206, 10206",김윤정,20220148,25/30,특체과수강금지(1학년허용),,1,,대면,,,2024,1,1학기
400000,교양과정,2024,1,KY828,등산과트래킹,A,교양선택,1,2,"금요일(13:00~14:15), 금요일(14:30~15:45)","10204, 10204",명왕성,20210019,30/30,특체과수강금지(1학년허용),,1,,대면,,,2024,1,1학기
400000,교양과정,2024,1,KY835,봉사활동Ⅰ,A,교양선택,1,1,,,"박원식, 차윤정",20090005,75/90,"P/N 교과목/오리엔테이션 필참,30시간이상 봉사활동 수행, 인증서 제출",,1,,N,,,2024,1,1학기
400000,교양과정,2024,1,KY842,중국어Ⅰ,A,교양선택,1,2,"화요일(14:30~15:45), 목요일(14:30~15:45)","7103, 7103",문미진,20190194,36/50,중국어문화콘텐츠학 2학년 이상 수강 금지,,1,,대면,,,2024,1,1학기
400000,교양과정,2024,1,KY844,중국어회화Ⅰ,A,교양선택,1,2,"월요일(13:00~14:15), 수요일(13:00~14:15)","3408, 3408",PANG LI,20120123,30/30,중국어문화콘텐츠학 2학년 이상 수강 금지,,1,,대면,,,2024,1,1학기
400000,교양과정,2024,1,KY861,올바른언어생활,A,교양선택,1,2,"화요일(16:00~17:15), 화요일(17:30~18:45)","7215, 7215",성은실,20220206,70/74,,,1,,대면,,,2024,1,1학기
400000,교양과정,2024,1,KY876,노동과인간,A,교양선택,1,3,"목요일(13:00~14:15), 목요일(14:30~15:45)","18106, 18106",노중기,19970047,50/50,외부지원사업교과목,,1,,대면,,,2024,1,1학기
400000,교양과정,2024,1,KY879,기독교와인문학,A,교양필수,1,2,화요일(11:00~12:40),18420,정용택,20220057,90/90,교필과목/기독교과목,,1,,대면,,,2024,1,1학기
400000,교양과정,2024,1,KY879,기독교와인문학,B,교양필수,1,2,수요일(11:00~12:40),18420,진형섭,20209150,90/90,교필과목/기독교과목,,1,,대면,,,2024,1,1학기
400000,교양과정,2024,1,KY879,기독교와인문학,C,교양필수,1,2,금요일(11:00~12:40),18420,진형섭,20209150,79/90,교필과목/기독교과목,,1,,대면,,,2024,1,1학기
400000,교양과정,2024,1,KY879,기독교와인문학,D,교양필수,1,2,금요일(13:00~14:40),18420,진형섭,20209150,80/90,교필과목/기독교과목,,1,,대면,,,2024,1,1학기
400000,교양과정,2024,1,KY882,기독교와세계종교,A,교양필수,1,2,월요일(11:00~12:40),18420,박재형,20220058,90/90,교필과목/기독교과목,,1,,대면,,,2024,1,1학기
400000,교양과정,2024,1,KY882,기독교와세계종교,B,교양필수,1,2,월요일(17:30~19:10),18420,박재형,20220058,90/90,교필과목/기독교과목,,1,,대면,,,2024,1,1학기
400000,교양과정,2024,1,KY883,영화속의기독교,A,교양필수,1,2,금요일(11:00~12:40),18211,강은미,20209151,90/90,교필과목/기독교과목,,1,,대면,,,2024,1,1학기
400000,교양과정,2024,1,KY883,영화속의기독교,B,교양필수,1,2,금요일(13:00~14:40),18211,강은미,20209151,90/90,교필과목/기독교과목,,1,,대면,,,2024,1,1학기
400000,교양과정,2024,1,KY890,교회음악Ⅰ,A,교양선택,1,2,화요일(11:00~12:40),4107,정춘,20220217,23/23,,,1,,대면,,,2024,1,1학기
400000,교양과정,2024,1,KY898,재미있는광고이야기,A,교양선택,1,3,,,최환진,20230031,90/90,교내온라인 / 미디어영상광고홍보학부 수강금지 // 교내온라인,,1,,교내온라인,,,2024,1,1학기
400000,교양과정,2024,1,KY949,유럽속의독일문화,A,교양선택,1,3,,,심혜경,20210029,60/60,교내온라인 // 교내온라인,,1,,교내온라인,,,2024,1,1학기
400000,교양과정,2024,1,KY952,한국미술의감상과이해,A,교양선택,1,3,,,공주형,20150011,90/90,교내 온라인 강좌 // 교내온라인,,1,,교내온라인,,,2024,1,1학기
400000,교양과정,2024,1,KY961,결혼과가족,A,교양선택,1,3,"목요일(13:00~14:15), 목요일(14:30~15:45)","18519, 18519",김영주,20210018,59/60,,,1,,대면,,,2024,1,1학기
400000,교양과정,2024,1,KY963,예술로말하기1,A,교양선택,1,3,"화요일(13:00~14:15), 화요일(14:30~15:45)","18212-1, 18212-1",유순혜,20230127,20/20,,,1,,대면,,,2024,1,1학기
400000,교양과정,2024,1,KY964,시각문화의역사,A,교양선택,1,3,"월요일(13:00~14:15), 수요일(13:00~14:15)","18421, 18421",이익주,20150010,90/90,,,1,,대면,,,2024,1,1학기
400000,교양과정,2024,1,KY965,언어와문화의이해,A,교양선택,1,3,"월요일(14:30~15:45), 수요일(14:30~15:45)","18421, 18421",이익주,20150010,90/90,,,1,,대면,,,2024,1,1학기
400000,교양과정,2024,1,KY967,명화의사회사,A,교양선택,1,3,,,공주형,20150011,90/90,교내온라인 강좌 // 교내온라인,,1,,교내온라인,,,2024,1,1학기
400000,교양과정,2024,1,KY968,미술로의초대,A,교양선택,1,3,"월요일(13:00~14:15), 수요일(13:00~14:15)","3204, 3204",공주형,20150011,73/73,,,1,,대면,,,2024,1,1학기
400000,교양과정,2024,1,KY983,시사영어,A,교양선택,1,3,"화요일(13:00~14:15), 화요일(14:30~15:45)","18106, 18106",고우경,20140010,30/30,,,1,,대면,,,2024,1,1학기
400000,교양과정,2024,1,KY991,기초영어회화1,A1,교양선택,1,2,"월요일(09:30~10:45), 수요일(11:00~12:15)","3412, 3412",야니,20120086,17/20,영문과수강금지(1학년허용) / 수강인원 5명 이상 개설,,1,,대면,,,2024,1,1학기
400000,교양과정,2024,1,KY991,기초영어회화1,A2,교양선택,1,2,"월요일(13:00~14:15), 수요일(13:00~14:15)","3412, 3412",야니,20120086,19/20,영문과수강금지(1학년허용) / 수강인원 5명 이상 개설,,1,,대면,,,2024,1,1학기
400000,교양과정,2024,1,KY991,기초영어회화1,A3,교양선택,1,2,"화요일(09:30~10:45), 목요일(11:00~12:15)","3412, 3412",야니,20120086,15/20,영문과수강금지(1학년허용) / 수강인원 5명 이상 개설,,1,,대면,,,2024,1,1학기
400000,교양과정,2024,1,KY991,기초영어회화1,A4,교양선택,1,2,"화요일(11:00~12:15), 목요일(09:30~10:45)","3412, 3412",야니,20120086,9/20,영문과수강금지(1학년허용) / 수강인원 5명 이상 개설,,1,,대면,,,2024,1,1학기
400000,교양과정,2024,1,KY991,기초영어회화1,B1,교양선택,1,2,"월요일(11:00~12:15), 수요일(09:30~10:45)","3411, 3411",모리스,20120085,18/20,영문과수강금지(1학년허용) / 수강인원 5명 이상 개설,,1,,대면,,,2024,1,1학기
400000,교양과정,2024,1,KY991,기초영어회화1,B2,교양선택,1,2,"월요일(13:00~14:15), 수요일(13:00~14:15)","3411, 3411",모리스,20120085,20/20,영문과수강금지(1학년허용) / 수강인원 5명 이상 개설,,1,,대면,,,2024,1,1학기
400000,교양과정,2024,1,KY991,기초영어회화1,B3,교양선택,1,2,"화요일(09:30~10:45), 목요일(11:00~12:15)","3411, 3411",모리스,20120085,13/20,"영문과수강금지(1학년허용) / 수강인원 5명 이상 개설, 15명이하절대평가",,1,,대면,,,2024,1,1학기
400000,교양과정,2024,1,KY991,기초영어회화1,B4,교양선택,1,2,"화요일(11:00~12:15), 목요일(09:30~10:45)","3411, 3411",모리스,20120085,10/20,"영문과수강금지(1학년허용) / 수강인원 5명 이상 개설, 15명이하절대평가",,1,,대면,,,2024,1,1학기
400000,교양과정,2024,1,KY991,기초영어회화1,C1,교양선택,1,2,"화요일(13:00~14:15), 목요일(13:00~14:15)","20506, 20506",매튜,20140043,20/20,"영문과수강금지(1학년허용) / 수강인원 5명 이상 개설, 15명이하절대평가",,1,,대면,,,2024,1,1학기
400000,교양과정,2024,1,KY993,중급영어회화1,A1,교양선택,1,2,"월요일(09:30~10:45), 수요일(11:00~12:15)","20506, 20506",매튜,20140043,15/15,영문과수강금지(1학년허용) / 수강인원 5명 이상 개설(절대평가),,1,,대면,,,2024,1,1학기
400000,교양과정,2024,1,KY993,중급영어회화1,A2,교양선택,1,2,"월요일(11:00~12:15), 수요일(09:30~10:45)","20506, 20506",매튜,20140043,15/15,영문과수강금지(1학년허용) / 수강인원 5명 이상 개설(절대평가),,1,,대면,,,2024,1,1학기
400000,교양과정,2024,1,KY993,중급영어회화1,A3,교양선택,1,2,"월요일(13:00~14:15), 수요일(13:00~14:15)","20506, 20506",매튜,20140043,15/15,영문과수강금지(1학년허용) / 수강인원 5명 이상 개설(절대평가),,1,,대면,,,2024,1,1학기
400000,교양과정,2024,1,KY993,중급영어회화1,A4,교양선택,1,2,"월요일(14:30~15:45), 수요일(14:30~15:45)","20506, 20506",매튜,20140043,14/15,영문과수강금지(1학년허용) / 수강인원 5명 이상 개설(절대평가),,1,,대면,,,2024,1,1학기
400000,교양과정,2024,1,KYA21,물리란무엇인가,A,교양선택,1,3,"월요일(13:00~14:15), 수요일(13:00~14:15)","18520, 18520",정태성,20080106,68/80,구) 물리및실험 이수자 수강 불가,,1,,대면,,,2024,1,1학기
400000,교양과정,2024,1,KYA22,인간과교육,A,교양선택,1,3,화요일(14:30~15:45),18103,옥장흠,20060143,47/49,블랜디드 수업,,1,,블랜디드,,,2024,1,1학기
400000,교양과정,2024,1,KYA24,중국문화길잡이,A,교양선택,1,3,,,류기수,19950013,70/70,온라인 수강. 중국 관련 전공(복수전공 포함)3-4학년 수강 불인정 // 교내온라인,,1,,교내온라인,,,2024,1,1학기
400000,교양과정,2024,1,KYA30,기초독일어실습Ⅰ,A,교양선택,1,2,,,전춘명,19960084,90/90,"교내온라인 / 독어독문학 수강금지(1학년허용), 구)독일어Ⅰ // 교내온라인",,1,,교내온라인,,,2024,1,1학기
400000,교양과정,2024,1,KYA47,북한의문화와일상생활,A,교양선택,1,3,"목요일(13:00~14:15), 목요일(14:30~15:45)","3308, 3308",이영수,20230022,35/70,,,1,,대면,,,2024,1,1학기
400000,교양과정,2024,1,KYA67,지혜로운소비와재테크,A,교양선택,1,3,"월요일(13:00~14:15), 수요일(13:00~14:15)","18211, 18211",염동호,20190191,90/90,,,1,,대면,,,2024,1,1학기
400000,교양과정,2024,1,KYA69,연기예술1:행동,A,교양선택,1,3,"목요일(13:00~14:15), 목요일(14:30~15:45)","18523, 18523",장우현,20220169,50/50,,,1,,대면,,,2024,1,1학기
400000,교양과정,2024,1,KYA70,감정수업:침묵과말,A,교양선택,1,3,"목요일(16:00~17:15), 목요일(17:30~18:45)","18523, 18523",장우현,20220169,48/50,,,1,,대면,,,2024,1,1학기
400000,교양과정,2024,1,KYA76,기술과인간의미래,A,교양선택,1,3,"화요일(16:00~17:15), 화요일(17:30~18:45)","18519, 18519",전병유,20090022,69/90,구)기계와인간의미래,,1,,대면,,,2024,1,1학기
400000,교양과정,2024,1,KYA77,도시와환경,A,교양선택,1,3,"목요일(13:00~14:15), 목요일(14:30~15:45)","18520, 18520",이상헌,20080165,90/90,구)생태론이란무엇인가,,1,,대면,,,2024,1,1학기
400000,교양과정,2024,1,KYA80,통일과북한의이해,A,교양선택,1,3,"화요일(13:00~14:15), 화요일(14:30~15:45)","3203, 3203",장창준,20240074,40/70,,,1,,대면,,,2024,1,1학기
400000,교양과정,2024,1,KYA81,금융과사회,A,교양선택,1,3,"월요일(09:30~10:45), 수요일(11:00~12:15)","3203, 3203",연제호,20240018,65/65,,,1,,대면,,,2024,1,1학기
400000,교양과정,2024,1,KYA82,아동발달과양육사의이해,A,교양선택,1,3,"화요일(13:00~14:15), 화요일(14:30~15:45)","18420, 18420",김용훈,20210025,89/90,발달재활서비스제공인력 놀이심리재활 공통선택 과목,,1,,대면,,,2024,1,1학기
400000,교양과정,2024,1,KYA88,기독교와음식문화,A,교양선택,1,3,,,옥장흠,20060143,90/90,"교양필수아님,일반교양선택과목 // 교내온라인",,1,,교내온라인,,,2024,1,1학기
400000,교양과정,2024,1,KYA89,4차산업기술의이해와미래,A,교양선택,1,3,"화요일(16:00~17:15), 화요일(17:30~18:45)","18211, 18211",염동호,20190191,37/90,,,1,,대면,,,2024,1,1학기
400000,교양과정,2024,1,KYA94,문학으로읽는동아시아의평화,A,교양선택,1,3,"월요일(13:00~14:15), 수요일(13:00~14:15)","3321, 3321",김계자,20190276,40/40,,,1,,대면,,,2024,1,1학기
400000,교양과정,2024,1,KYB24,빅데이터분석원리및분석방법론(중급),A,교양선택,1,3,"화요일(13:00~14:15), 화요일(14:30~15:45)","18308, 18308",염동호,20190191,28/40,"빅데이터분석 마이크로전공, 비이공계학생 우선수강신청",,1,,대면,,,2024,1,1학기
400000,교양과정,2024,1,KYC01,좋은기업찾기프로젝트,A,교양선택,"2, 3, 4",3,,,김용희,20220224,90/90,교내온라인 // 교내온라인,,1,,교내온라인,,,2024,1,1학기
400000,교양과정,2024,1,KYC21,오르간연주법1,A,교양선택,1,2,월요일(13:00~14:40),4105,정춘,20220217,20/20,,,1,,대면,,,2024,1,1학기
400000,교양과정,2024,1,KYC41,나를찾아떠나는여행,A,교양선택,1,2,금요일(17:30~19:10),4107,강은미,20209151,29/30,,,1,,대면,,,2024,1,1학기
400000,교양과정,2024,1,KYC45,게임과e스포츠영상의이해,A,교양선택,1,3,"월요일(13:00~14:15), 수요일(13:00~14:15)","3506, 3506",최은경,20210026,48/48,,,1,,대면,,,2024,1,1학기
400000,교양과정,2024,1,KYC46,국제개발협력과글로벌이슈,A,교양선택,1,3,"월요일(13:00~14:15), 수요일(13:00~14:15)","3505, 3505",이종운,20190145,45/45,글로벌인재학부 학생 수강금지,,1,,대면,,,2024,1,1학기
400000,교양과정,2024,1,KYC54,Essential English,A1,교양필수,1,3,"월요일(09:30~10:45), 수요일(11:00~12:15)","18102, 18102",강윤형,20220159,30/33,"경영/미디어, 휴먼서비스, 이공계, AISW 계열, AI시스템반도체 수강 / 2024학번 교양필수 / 말하기 수업",,1,,대면,,,2024,1,1학기
400000,교양과정,2024,1,KYC54,Essential English,A2,교양필수,1,3,"월요일(09:30~10:45), 수요일(11:00~12:15)","18106, 18106",차윤정,20090005,40/41,"경영/미디어, 휴먼서비스, 이공계, AISW 계열, AI시스템반도체 수강 / 2024학번 교양필수 / 독해수업",,1,,대면,,,2024,1,1학기
400000,교양과정,2024,1,KYC54,Essential English,A3,교양필수,1,3,"월요일(09:30~10:45), 수요일(11:00~12:15)","18103, 18103",목승혜,20220141,41/41,"경영/미디어, 휴먼서비스, 이공계, AISW 계열, AI시스템반도체 수강 / 2024학번 교양필수 / 독해수업",,1,,대면,,,2024,1,1학기
400000,교양과정,2024,1,KYC54,Essential English,A4,교양필수,1,3,"월요일(09:30~10:45), 수요일(11:00~12:15)","18104, 18104",고우경,20140010,40/41,"경영/미디어, 휴먼서비스, 이공계, AISW 계열, AI시스템반도체 수강 / 2024학번 교양필수 / 독해수업",,1,,대면,,,2024,1,1학기
400000,교양과정,2024,1,KYC54,Essential English,B1,교양필수,1,3,"월요일(11:00~12:15), 수요일(09:30~10:45)","18211-1, 18211-1",김나영,20230141,41/41,"경영/미디어, 휴먼서비스, 이공계, AISW 계열, AI시스템반도체 수강 / 2024학번 교양필수 / 독해수업",,1,,대면,,,2024,1,1학기
400000,교양과정,2024,1,KYC54,Essential English,B2,교양필수,1,3,"월요일(11:00~12:15), 수요일(09:30~10:45)","18104, 18104",심주연,20170023,33/33,"경영/미디어, 휴먼서비스, 이공계, AISW 계열, AI시스템반도체 수강 / 2024학번 교양필수 / 말하기 수업",,1,,대면,,,2024,1,1학기
400000,교양과정,2024,1,KYC54,Essential English,B3,교양필수,1,3,"월요일(11:00~12:15), 수요일(09:30~10:45)","18102, 18102",강윤형,20220159,32/33,"경영/미디어, 휴먼서비스, 이공계, AISW 계열, AI시스템반도체 수강 / 2024학번 교양필수 / 말하기 수업",,1,,대면,,,2024,1,1학기
400000,교양과정,2024,1,KYC54,Essential English,B4,교양필수,1,3,"월요일(11:00~12:15), 수요일(09:30~10:45)","18103, 18103",목승혜,20220141,41/41,"경영/미디어, 휴먼서비스, 이공계, AISW 계열, AI시스템반도체 수강 / 2024학번 교양필수 / 독해수업",,1,,대면,,,2024,1,1학기
400000,교양과정,2024,1,KYC54,Essential English,B5,교양필수,1,3,"월요일(11:00~12:15), 수요일(09:30~10:45)","18106, 18106",고우경,20140010,40/41,"경영/미디어, 휴먼서비스, 이공계, AISW 계열, AI시스템반도체 수강 / 2024학번 교양필수 / 독해수업",,1,,대면,,,2024,1,1학기
400000,교양과정,2024,1,KYC54,Essential English,C1,교양필수,1,3,"월요일(13:00~14:15), 수요일(13:00~14:15)","18104, 18104",심주연,20170023,32/33,"경영/미디어, 휴먼서비스, 이공계, AISW 계열, AI시스템반도체 수강 / 2024학번 교양필수 / 말하기 수업",,1,,대면,,,2024,1,1학기
400000,교양과정,2024,1,KYC54,Essential English,C2,교양필수,1,3,"월요일(13:00~14:15), 수요일(13:00~14:15)","18102, 18102",김나영,20230141,41/41,"경영/미디어, 휴먼서비스, 이공계, AISW 계열, AI시스템반도체 수강 / 2024학번 교양필수 / 독해수업",,1,,대면,,,2024,1,1학기
400000,교양과정,2024,1,KYC54,Essential English,C3,교양필수,1,3,"월요일(13:00~14:15), 수요일(13:00~14:15)","18103, 18103",이아름,20210138,40/41,"경영/미디어, 휴먼서비스, 이공계, AISW 계열, AI시스템반도체 수강 / 2024학번 교양필수 / 독해수업",,1,,대면,,,2024,1,1학기
400000,교양과정,2024,1,KYC54,Essential English,C4,교양필수,1,3,"월요일(13:00~14:15), 수요일(13:00~14:15)","18106, 18106",고우경,20140010,41/41,"경영/미디어, 휴먼서비스, 이공계, AISW 계열, AI시스템반도체 수강 / 2024학번 교양필수 / 독해수업",,1,,대면,,,2024,1,1학기
400000,교양과정,2024,1,KYC54,Essential English,D1,교양필수,1,3,"월요일(14:30~15:45), 수요일(14:30~15:45)","18103, 18103",이아름,20210138,41/41,"경영/미디어, 휴먼서비스, 이공계, AISW 계열, AI시스템반도체 수강 / 2024학번 교양필수 / 독해수업",,1,,대면,,,2024,1,1학기
400000,교양과정,2024,1,KYC54,Essential English,D2,교양필수,1,3,"월요일(14:30~15:45), 수요일(14:30~15:45)","18104, 18104",심주연,20170023,31/33,"경영/미디어, 휴먼서비스, 이공계, AISW 계열, AI시스템반도체 수강 / 2024학번 교양필수 / 말하기 수업",,1,,대면,,,2024,1,1학기
400000,교양과정,2024,1,KYC54,Essential English,D3,교양필수,1,3,"월요일(14:30~15:45), 수요일(14:30~15:45)","18102, 18102",김나영,20230141,41/41,"경영/미디어, 휴먼서비스, 이공계, AISW 계열, AI시스템반도체 수강 / 2024학번 교양필수 / 독해수업",,1,,대면,,,2024,1,1학기
400000,교양과정,2024,1,KYC55,글쓰기의기초,A1,교양필수,1,3,"화요일(13:00~14:15), 화요일(14:30~15:45)","20505, 20505",송주현,20130175,31/31,"경영/미디어, 휴먼서비스, 이공계, AISW 계열, AI시스템반도체 수강 / 2024학번 교양필수 / ~2022학번 수강X 기존 글쓰기의기초와 다른 교과목",,1,,대면,,,2024,1,1학기
400000,교양과정,2024,1,KYC55,글쓰기의기초,A2,교양필수,1,3,"화요일(13:00~14:15), 화요일(14:30~15:45)","3408, 3408",김민환,20160021,31/31,"경영/미디어, 휴먼서비스, 이공계, AISW 계열, AI시스템반도체 수강 / 2024학번 교양필수 / ~2022학번 수강X 기존 글쓰기의기초와 다른 교과목",,1,,대면,,,2024,1,1학기
400000,교양과정,2024,1,KYC55,글쓰기의기초,A3,교양필수,1,3,"화요일(13:00~14:15), 화요일(14:30~15:45)","3412, 3412",유예원,20220202,31/31,"경영/미디어, 휴먼서비스, 이공계, AISW 계열, AI시스템반도체 수강 / 2024학번 교양필수 / ~2022학번 수강X 기존 글쓰기의기초와 다른 교과목",,1,,대면,,,2024,1,1학기
400000,교양과정,2024,1,KYC55,글쓰기의기초,A4,교양필수,1,3,"화요일(13:00~14:15), 화요일(14:30~15:45)","3410, 3410",한정미,20220137,31/31,"경영/미디어, 휴먼서비스, 이공계, AISW 계열, AI시스템반도체 수강 / 2024학번 교양필수 / ~2022학번 수강X 기존 글쓰기의기초와 다른 교과목",,1,,대면,,,2024,1,1학기
400000,교양과정,2024,1,KYC55,글쓰기의기초,B1,교양필수,1,3,"화요일(16:00~17:15), 화요일(17:30~18:45)","20502, 20502",이은정,20120081,31/31,"경영/미디어, 휴먼서비스, 이공계, AISW 계열, AI시스템반도체 수강 / 2024학번 교양필수 / ~2022학번 수강X 기존 글쓰기의기초와 다른 교과목",,1,,대면,,,2024,1,1학기
400000,교양과정,2024,1,KYC55,글쓰기의기초,B2,교양필수,1,3,"금요일(13:00~14:15), 금요일(14:30~15:45)","20505, 20505",송주현,20130175,30/31,"경영/미디어, 휴먼서비스, 이공계, AISW 계열, AI시스템반도체 수강 / 2024학번 교양필수 / ~2022학번 수강X 기존 글쓰기의기초와 다른 교과목",,1,,대면,,,2024,1,1학기
400000,교양과정,2024,1,KYC55,글쓰기의기초,B3,교양필수,1,3,"화요일(16:00~17:15), 화요일(17:30~18:45)","3408, 3408",김민환,20160021,31/31,"경영/미디어, 휴먼서비스, 이공계, AISW 계열, AI시스템반도체 수강 / 2024학번 교양필수 / ~2022학번 수강X 기존 글쓰기의기초와 다른 교과목",,1,,대면,,,2024,1,1학기
400000,교양과정,2024,1,KYC55,글쓰기의기초,B4,교양필수,1,3,"화요일(16:00~17:15), 화요일(17:30~18:45)","3412, 3412",유예원,20220202,31/31,"경영/미디어, 휴먼서비스, 이공계, AISW 계열, AI시스템반도체 수강 / 2024학번 교양필수 / ~2022학번 수강X 기존 글쓰기의기초와 다른 교과목",,1,,대면,,,2024,1,1학기
400000,교양과정,2024,1,KYC55,글쓰기의기초,B5,교양필수,1,3,"화요일(16:00~17:15), 화요일(17:30~18:45)","3410, 3410",한정미,20220137,31/31,"경영/미디어, 휴먼서비스, 이공계, AISW 계열, AI시스템반도체 수강 / 2024학번 교양필수 / ~2022학번 수강X 기존 글쓰기의기초와 다른 교과목",,1,,대면,,,2024,1,1학기
400000,교양과정,2024,1,KYC55,글쓰기의기초,C1,교양필수,1,3,"목요일(13:00~14:15), 목요일(14:30~15:45)","3409, 3409",서경희,20120121,31/31,"경영/미디어, 휴먼서비스, 이공계, AISW 계열, AI시스템반도체 수강 / 2024학번 교양필수 / ~2022학번 수강X 기존 글쓰기의기초와 다른 교과목",,1,,대면,,,2024,1,1학기
400000,교양과정,2024,1,KYC55,글쓰기의기초,C2,교양필수,1,3,"목요일(13:00~14:15), 목요일(14:30~15:45)","20505, 20505",송주현,20130175,31/31,"경영/미디어, 휴먼서비스, 이공계, AISW 계열, AI시스템반도체 수강 / 2024학번 교양필수 / ~2022학번 수강X 기존 글쓰기의기초와 다른 교과목",,1,,대면,,,2024,1,1학기
400000,교양과정,2024,1,KYC55,글쓰기의기초,C3,교양필수,1,3,"목요일(13:00~14:15), 목요일(14:30~15:45)","3410, 3410",강아람,20220168,31/31,"경영/미디어, 휴먼서비스, 이공계, AISW 계열, AI시스템반도체 수강 / 2024학번 교양필수 / ~2022학번 수강X 기존 글쓰기의기초와 다른 교과목",,1,,대면,,,2024,1,1학기
400000,교양과정,2024,1,KYC55,글쓰기의기초,C4,교양필수,1,3,"목요일(13:00~14:15), 목요일(14:30~15:45)","3412, 3412",계광수,20220161,31/31,"경영/미디어, 휴먼서비스, 이공계, AISW 계열, AI시스템반도체 수강 / 2024학번 교양필수 / ~2022학번 수강X 기존 글쓰기의기초와 다른 교과목",,1,,대면,,,2024,1,1학기
400000,교양과정,2024,1,KYC55,글쓰기의기초,C5,교양필수,1,3,"목요일(13:00~14:15), 목요일(14:30~15:45)","3407, 3407",서영화,20220204,31/31,"경영/미디어, 휴먼서비스, 이공계, AISW 계열, AI시스템반도체 수강 / 2024학번 교양필수 / ~2022학번 수강X 기존 글쓰기의기초와 다른 교과목",,1,,대면,,,2024,1,1학기
400000,교양과정,2024,1,KYC55,글쓰기의기초,D1,교양필수,1,3,"목요일(16:00~17:15), 목요일(17:30~18:45)","3410, 3410",강아람,20220168,31/31,"경영/미디어, 휴먼서비스, 이공계, AISW 계열, AI시스템반도체 수강 / 2024학번 교양필수 / ~2022학번 수강X 기존 글쓰기의기초와 다른 교과목",,1,,대면,,,2024,1,1학기
400000,교양과정,2024,1,KYC55,글쓰기의기초,D2,교양필수,1,3,"목요일(16:00~17:15), 목요일(17:30~18:45)","3412, 3412",계광수,20220161,31/31,"경영/미디어, 휴먼서비스, 이공계, AISW 계열, AI시스템반도체 수강 / 2024학번 교양필수 / ~2022학번 수강X 기존 글쓰기의기초와 다른 교과목",,1,,대면,,,2024,1,1학기
400000,교양과정,2024,1,KYC55,글쓰기의기초,D3,교양필수,1,3,"목요일(16:00~17:15), 목요일(17:30~18:45)","3407, 3407",서영화,20220204,30/31,"경영/미디어, 휴먼서비스, 이공계, AISW 계열, AI시스템반도체 수강 / 2024학번 교양필수 / ~2022학번 수강X 기존 글쓰기의기초와 다른 교과목",,1,,대면,,,2024,1,1학기
400000,교양과정,2024,1,KYC55,글쓰기의기초,E1,교양필수,1,3,"금요일(09:30~10:45), 금요일(11:00~12:15)","20502, 20502",이은정,20120081,31/31,"경영/미디어, 휴먼서비스, 이공계, AISW 계열, AI시스템반도체 수강 / 2024학번 교양필수 / ~2022학번 수강X 기존 글쓰기의기초와 다른 교과목",,1,,대면,,,2024,1,1학기
400000,교양과정,2024,1,KYC55,글쓰기의기초,E2,교양필수,1,3,"금요일(09:30~10:45), 금요일(11:00~12:15)","3503, 3503",서경희,20120121,31/31,"강의실변경 : 3409 > 3503 / 경영/미디어, 휴먼서비스, 이공계, AISW 계열, AI시스템반도체 수강 / 2024학번 교양필수 / ~2022학번 수강X 기존 글쓰기의기초와 다른 교과목",,1,,대면,,,2024,1,1학기
400000,교양과정,2024,1,KYC55,글쓰기의기초,E3,교양필수,1,3,"금요일(09:30~10:45), 금요일(11:00~12:15)","3408, 3408",유영국,20240072,31/31,"경영/미디어, 휴먼서비스, 이공계, AISW 계열, AI시스템반도체 수강 / 2024학번 교양필수 / ~2022학번 수강X 기존 글쓰기의기초와 다른 교과목",,1,,대면,,,2024,1,1학기
400000,교양과정,2024,1,KYC56,컴퓨팅사고와SW코딩,A1,교양필수,1,3,화요일(09:30~10:45),18424,김보경,20220140,48/48,신학 / 인문 계열 수강 / 교양필수,,1,,블랜디드,,,2024,1,1학기
400000,교양과정,2024,1,KYC56,컴퓨팅사고와SW코딩,A2,교양필수,1,3,화요일(11:00~12:15),18309,김보경,20220140,55/55,신학 / 인문 계열 수강 / 교양필수,,1,,블랜디드,,,2024,1,1학기
400000,교양과정,2024,1,KYC56,컴퓨팅사고와SW코딩,A3,교양필수,1,3,화요일(11:00~12:15),18308,박종현,20180154,43/43,신학 / 인문 계열 수강 / 교양필수,,1,,블랜디드,,,2024,1,1학기
400000,교양과정,2024,1,KYC56,컴퓨팅사고와SW코딩,A4,교양필수,1,3,수요일(09:30~10:45),18309,강혁,20240085,54/55,신학 / 인문 계열 수강 / 교양필수,,2,,블랜디드,,,2024,1,1학기
400000,교양과정,2024,1,KYC56,컴퓨팅사고와SW코딩,A5,교양필수,1,3,수요일(11:00~12:15),18309,강혁,20240085,55/55,신학 / 인문 계열 수강 / 교양필수,,2,,블랜디드,,,2024,1,1학기
400000,교양과정,2024,1,KYC56,컴퓨팅사고와SW코딩,A6,교양필수,1,3,목요일(09:30~10:45),18309,윤정희,20230050,54/55,신학 / 인문 계열 수강 / 교양필수,,1,,블랜디드,,,2024,1,1학기
400000,교양과정,2024,1,KYC56,컴퓨팅사고와SW코딩,A7,교양필수,1,3,목요일(11:00~12:15),18424,윤정희,20230050,47/48,신학 / 인문 계열 수강 / 교양필수,,1,,블랜디드,,,2024,1,1학기
400000,교양과정,2024,1,KYC56,컴퓨팅사고와SW코딩,B1,교양필수,1,3,월요일(13:00~14:15),18309,박종현,20180154,49/50,"경제통상, 국제지역 계열 수강 / 교양필수",,1,,블랜디드,,,2024,1,1학기
400000,교양과정,2024,1,KYC56,컴퓨팅사고와SW코딩,B2,교양필수,1,3,수요일(13:00~14:15),18309,강혁,20240085,38/50,"경제통상, 국제지역 계열 수강 / 교양필수",,2,,블랜디드,,,2024,1,1학기
400000,교양과정,2024,1,KYC56,컴퓨팅사고와SW코딩,B3,교양필수,1,3,목요일(13:00~14:15),18309,윤정희,20230050,49/50,"경제통상, 국제지역 계열 수강 / 교양필수",,1,,블랜디드,,,2024,1,1학기
400000,교양과정,2024,1,KYC56,컴퓨팅사고와SW코딩,C1,교양필수,1,3,월요일(13:00~14:15),18308,나경욱,20080158,39/43,"글로벌, 공공인재 계열 수강 / 교양필수",,1,,블랜디드,,,2024,1,1학기
400000,교양과정,2024,1,KYC56,컴퓨팅사고와SW코딩,C2,교양필수,1,3,수요일(11:00~12:15),18308,박종현,20180154,40/43,"글로벌, 공공인재 계열 수강 / 교양필수",,1,,블랜디드,,,2024,1,1학기
400000,교양과정,2024,1,KYC56,컴퓨팅사고와SW코딩,D1,교양필수,1,3,월요일(11:00~12:15),18308,박종현,20180154,34/40,특수체육학 계열 수강 / 교양필수,,1,,블랜디드,,,2024,1,1학기
400000,교양과정,2024,1,KYC57,세계지역과글로벌이슈의이해,A,교양선택,1,3,"화요일(13:00~14:15), 화요일(14:30~15:45)","3505, 3505",이종운,20190145,45/45,글로벌인재학부 학생 수강금지,,1,,대면,,,2024,1,1학기
400000,교양과정,2024,1,KYC58,아시아도시문화탐방,A,교양선택,1,3,"목요일(13:00~14:15), 목요일(14:30~15:45)","3321, 3321",김계자,20190276,40/40,,,1,,대면,,,2024,1,1학기
400000,교양과정,2024,1,KYC60,먼나라이웃나라,A,교양선택,"1, 2, 3, 4",3,"월요일(09:30~10:45), 수요일(11:00~12:15)","3411, 3411",모리스,20120085,24/30,,,1,,대면,,,2024,1,1학기
400000,교양과정,2024,1,KYC61,어서와한국은처음이지,A,교양선택,"1, 2, 3, 4",3,"월요일(11:00~12:15), 수요일(09:30~10:45)","3412, 3412",야니,20120086,27/30,,,1,,대면,,,2024,1,1학기
400000,교양과정,2024,1,KYC63,책읽기와말하기,A,교양선택,"1, 2, 3, 4",3,"목요일(13:00~14:15), 목요일(14:30~15:45)","3408, 3408",김민환,20160021,29/30,,,1,,대면,,,2024,1,1학기
400000,교양과정,2024,1,KYC63,책읽기와말하기,B,교양선택,"1, 2, 3, 4",3,"화요일(13:00~14:15), 화요일(14:30~15:45)","3409, 3409",서경희,20120121,29/30,,,1,,대면,,,2024,1,1학기
400000,교양과정,2024,1,KYC63,책읽기와말하기,C,교양선택,"1, 2, 3, 4",3,"화요일(16:00~17:15), 화요일(17:30~18:45)","3409, 3409",서경희,20120121,30/30,,,1,,대면,,,2024,1,1학기
400000,교양과정,2024,1,KYC63,책읽기와말하기,D,교양선택,"1, 2, 3, 4",3,"화요일(13:00~14:15), 화요일(14:30~15:45)","20502, 20502",이은정,20120081,30/30,,,1,,대면,,,2024,1,1학기
400000,교양과정,2024,1,KYC63,책읽기와말하기,E,교양선택,"1, 2, 3, 4",3,"목요일(13:00~14:15), 목요일(14:30~15:45)","20502, 20502",이은정,20120081,29/30,,,1,,대면,,,2024,1,1학기
400000,교양과정,2024,1,KYC67,미디어일본어,A,교양선택,"1, 2, 3, 4",3,"월요일(16:00~17:15), 수요일(17:30~18:45)","3505, 3505",김계자,20190276,36/36,구)중급일본어1,,1,,대면,,,2024,1,1학기
400000,교양과정,2024,1,KYC68,디지털게임개발을통한컴퓨터의이해,A,교양선택,1,3,"화요일(13:00~14:15), 화요일(14:30~15:45)","18307, 18307",박종현,20180154,35/35,"컴공,정통 수강금지/ 3D콘텐츠제작 수강자는 수강불가",,1,,대면,,,2024,1,1학기
400000,교양과정,2024,1,KYC69,실용영어,A,교양선택,1,3,"화요일(13:00~14:15), 화요일(14:30~15:45)","18104, 18104",심주연,20170023,30/30,전학년 수강가능/구)비즈니스영어/구)실용영어연습,,1,,대면,,,2024,1,1학기
400000,교양과정,2024,1,KYC70,문화산업과콘텐츠,A,교양선택,1,3,,,배현주,20220205,90/90,기존 '문화산업과대중문화' 수강생 수강불가 / 교내온라인 // 교내온라인,,1,,교내온라인,,,2024,1,1학기
400000,교양과정,2024,1,KYC82,음악의이해와기악실습,A,교양선택,1,2,화요일(13:00~14:40),17202,정춘,20220217,20/20,,,1,,대면,,,2024,1,1학기
400000,교양과정,2024,1,KYC85,우리가몰랐던동남아시아,A,교양선택,1,3,"화요일(13:00~14:15), 화요일(14:30~15:45)","3204, 3204",유은하,20190136,50/50,,,1,,대면,,,2024,1,1학기
400000,교양과정,2024,1,KYC86,e스포츠경영의이해,A,교양선택,1,3,"월요일(14:30~15:45), 수요일(14:30~15:45)","3506, 3506",최은경,20210026,28/30,,,1,,대면,,,2024,1,1학기
400000,교양과정,2024,1,KYC87,인공지능시대말과글,A,교양선택,1,3,월요일(16:00~17:15),20404,최은경,20210026,29/30,블랜디드 수업,,1,,블랜디드,,,2024,1,1학기
400000,교양과정,2024,1,KYC88,인간관계와의사소통,A,교양선택,1,3,,,옥장흠,20060143,90/90,교내온라인 // 교내온라인,,1,,교내온라인,,,2024,1,1학기
400000,교양과정,2024,1,KYC89,세계의전쟁과평화,A,교양선택,1,3,"목요일(13:00~14:15), 목요일(14:30~15:45)","18101, 18101",유은하,20190136,49/50,,,1,,대면,,,2024,1,1학기
400000,교양과정,2024,1,KYC90,모두의AI교양수학,A,교양선택,1,3,"화요일(16:00~17:15), 화요일(17:30~18:45)","18520, 18520",나경욱,20080158,20/50,,,1,,대면,,,2024,1,1학기
400000,교양과정,2024,1,KYC91,중국사를통해본리더십,A,교양선택,1,3,,,류기수,19950013,88/90,교내온라인 // 교내온라인,,1,,교내온라인,,,2024,1,1학기
400000,교양과정,2024,1,KYC95,경제생활과법,A,교양선택,1,3,"화요일(16:00~17:15), 화요일(17:30~18:45)","18420-1, 18420-1",유영국,20240072,15/90,신규 교양교과목 / 강의실변경 18421 > 18420-1,,1,,대면,,,2024,1,1학기
400000,교양과정,2024,1,KYC96,공정거래와법정책이야기,A,교양선택,1,3,"월요일(13:00~14:15), 수요일(13:00~14:15)","3503, 3503",유영국,20240072,9/50,신규 교양교과목,,1,,대면,,,2024,1,1학기
401011,신학,2024,1,TT111,목회실습Ⅰ,A,전공필수,2,(1),,,"나현기, 박충만",20180057,42/60,,,1,,N,401910,신학부,2024,1,1학기
401011,신학,2024,1,TT112,목회실습Ⅱ,A,전공필수,2,(1),,,"나현기, 박충만",20180057,10/30,,,0,,N,401910,신학부,2024,1,1학기
401011,신학,2024,1,TT150,신앙수련회Ⅰ,A,전공선택,1,(1),,,김희선,20220035,3/30,,,1,,N,401910,신학부,2024,1,1학기
401011,신학,2024,1,TT151,신앙수련회Ⅱ,A,전공필수,2,(1),,,김희선,20220035,25/30,,,1,,N,401910,신학부,2024,1,1학기
401011,신학,2024,1,TT152,신앙수련회Ⅲ,A,전공필수,3,(1),,,김희선,20220035,30/30,,,1,,N,401910,신학부,2024,1,1학기
401011,신학,2024,1,TT153,신앙수련회Ⅳ,A,전공필수,4,(1),,,김희선,20220035,20/30,,,1,,N,401910,신학부,2024,1,1학기
401011,신학,2024,1,TT159,신앙수련회,A,전공필수,"1, 2, 3, 4",(1),,,김희선,20220035,10/30,,,1,,N,401910,신학부,2024,1,1학기
401011,신학,2024,1,TT217,목회실습Ⅲ,A,전공필수,4,(1),,,"나현기, 박충만",20180057,14/30,,,0,,N,401910,신학부,2024,1,1학기
401011,신학,2024,1,TT218,목회실습Ⅳ,A,전공필수,4,(1),,,"나현기, 박충만",20180057,9/30,,,0,,N,401910,신학부,2024,1,1학기
401011,신학,2024,1,TT416,졸업논문,A,전공필수,4,(3),,,김희선,20220035,11/30,,,1,,N,401910,신학부,2024,1,1학기
401011,신학,2024,1,TT501,요한복음이해,A,전공선택,3,3,월요일(11:00~12:15),4107,이서영,20220036,31/30,,,1,,블랜디드,401910,신학부,2024,1,1학기
401011,신학,2024,1,TT509,목회실습,A,전공필수,"3, 4",(1),,,"나현기, 박충만",20180057,8/30,,,1,,N,401910,신학부,2024,1,1학기
401011,신학,2024,1,TT510,기독교윤리학개론,A,전공선택,2,3,"월요일(14:30~15:45), 수요일(14:30~15:45)","3207, 3207",이상철,20220188,31/30,,,1,,대면,401910,신학부,2024,1,1학기
401011,신학,2024,1,TT566,성서헬라어문법,A,전공선택,2,3,"목요일(13:00~14:15), 목요일(14:30~15:45)","3207, 3207",이종철,20220185,29/30,,,1,,대면,401910,신학부,2024,1,1학기
401011,신학,2024,1,TT577,구약학개론,A,전공선택,2,3,"금요일(13:00~14:15), 금요일(14:30~15:45)","4107, 4107",김성언,20210155,18/30,,,1,,대면,401910,신학부,2024,1,1학기
401011,신학,2024,1,TT588,어린이ㆍ청소년교육,A,전공선택,3,3,"화요일(13:00~14:15), 화요일(14:30~15:45)","4107, 4107",이은주,20220235,30/30,,,1,,대면,401910,신학부,2024,1,1학기
401011,신학,2024,1,TT611,조직신학개론,A,전공선택,2,3,"화요일(13:00~14:15), 화요일(14:30~15:45)","3207, 3207",류장현,20210118,30/30,,,1,,대면,401910,신학부,2024,1,1학기
401011,신학,2024,1,TT632,그리스도교신학과문화 ,A,전공필수,2,3,월요일(11:00~12:15),3207,김주한,20080110,40/40,,,1,,블랜디드,401910,신학부,2024,1,1학기
401011,신학,2024,1,TT638,발달심리학,A,전공선택,2,3,"목요일(16:00~17:15), 목요일(17:30~18:45)","4107, 4107",김정수,20220186,30/30,,,1,,대면,401910,신학부,2024,1,1학기
401011,신학,2024,1,TT647,목회신학개론,A,전공선택,2,3,"월요일(13:00~14:15), 수요일(13:00~14:15)","3207, 3207",김희선,20220035,31/30,신학-229(2024.5.3.)절대평가요청,,1,,대면,401910,신학부,2024,1,1학기
401011,신학,2024,1,TT912,한국교회선교역사,A,전공선택,3,3,"화요일(16:00~17:15), 화요일(17:30~18:45)","4107, 4107",한강희,20220236,20/30,,,1,,대면,401910,신학부,2024,1,1학기
401011,신학,2024,1,TT923,한국교회논쟁사,A,전공선택,4,3,월요일(13:00~14:15),4107,나현기,20180057,28/30,,,1,,블랜디드,401910,신학부,2024,1,1학기
401011,신학,2024,1,TT931,목회와상담의실제,A,전공선택,3,3,"목요일(13:00~14:15), 목요일(14:30~15:45)","4107, 4107",김정수,20220186,26/30,,,1,,대면,401910,신학부,2024,1,1학기
401011,신학,2024,1,TT957,오경연구,A,전공선택,3,3,"목요일(16:00~17:15), 목요일(17:30~18:45)","3207, 3207",이영미,20050062,10/30,,,1,,대면,401910,신학부,2024,1,1학기
402044,한중문화콘텐츠학과,2024,1,DC419,졸업논문,A,전공필수,4,(3),,,김남희,20200038,5/30,,,1,,N,,,2024,1,1학기
402044,한중문화콘텐츠학과,2024,1,DC579,한중문화관광기획,A,전공선택,"3, 4",3,"목요일(16:00~17:15), 목요일(17:30~18:45)","18110, 18110",최정규,20220178,9/30,한중문화콘텐츠학과 전공(복수포함)자/ 부전공 수강가능,,1,,대면,,,2024,1,1학기
402044,한중문화콘텐츠학과,2024,1,DC594,한중전시콘텐츠실습,A,전공선택,"3, 4",3,"목요일(13:00~14:15), 목요일(14:30~15:45)","18311, 18311",공주형,20150011,9/30,한중문화콘텐츠학과 전공(복수포함)자/ 부전공 수강가능,,1,,대면,,,2024,1,1학기
402044,한중문화콘텐츠학과,2024,1,DC605,콘텐츠중국어Ⅰ,A,전공선택,"3, 4",3,"월요일(11:00~12:15), 수요일(09:30~10:45)","18110, 18110",김남희,20200038,17/30,"한중문화콘텐츠학과 전공(복수포함)자/ 부전공 수강가능, 중문콘-169(2024.4.26.)절대평가요청",,1,,대면,,,2024,1,1학기
402051,철학,2024,1,HP137,철학여행Ⅰ,A,전공필수,2,1,수요일(09:30~10:20),20307,김희정,20080164,22/30,,,1,,대면,402051,철학,2024,1,1학기
402051,철학,2024,1,HP141,서양고중세철학사,A,전공필수,2,3,"화요일(09:30~10:45), 목요일(11:00~12:15)","20307, 20307",김대오,19970107,19/30,,,1,,대면,402051,철학,2024,1,1학기
402051,철학,2024,1,HP150,철학개론,A,전공필수,2,3,"금요일(09:30~10:45), 금요일(11:00~12:15)","20307, 20307",김대오,19970107,21/30,,,1,,대면,402051,철학,2024,1,1학기
402051,철학,2024,1,HP204,미학의기초,A,전공선택,2,3,"화요일(16:00~17:15), 화요일(17:30~18:45)","3506, 3506",김희정,20080164,35/45,,,1,,대면,402051,철학,2024,1,1학기
402051,철학,2024,1,HP208,형이상학과인식론,A,전공선택,2,3,"월요일(17:30~18:45), 수요일(16:00~17:15)","18104, 18104",이문교,20220135,29/30,,,1,,대면,402051,철학,2024,1,1학기
402051,철학,2024,1,HP221,서양근세철학사,A,전공선택,2,3,"화요일(13:00~14:15), 화요일(14:30~15:45)","20307, 20307",조현진,20220201,29/30,,,1,,대면,402051,철학,2024,1,1학기
402051,철학,2024,1,HP287,철학여행Ⅱ,A,전공필수,3,1,목요일(09:30~10:20),20307,김대오,19970107,20/30,,,1,,대면,402051,철학,2024,1,1학기
402051,철학,2024,1,HP309,과학과문화,A,전공선택,3,3,"월요일(13:00~14:15), 수요일(13:00~14:15)","20307, 20307",김희정,20080164,30/30,,,1,,대면,402051,철학,2024,1,1학기
402051,철학,2024,1,HP327,노장사상,A,전공선택,3,3,"목요일(16:00~17:15), 목요일(17:30~18:45)","20307, 20307",최천식,20210142,5/30,,,1,,대면,402051,철학,2024,1,1학기
402051,철학,2024,1,HP419,졸업논문,A,전공필수,4,(3),,,김희정,20080164,21/30,,,1,,N,402051,철학,2024,1,1학기
402051,철학,2024,1,HP496,논문작성법,A,전공필수,4,(1),수요일(11:00~11:50),20307,"김대오, 김희정",20080164,14/30,,,1,,대면,402051,철학,2024,1,1학기
402051,철학,2024,1,HP507,문학철학,A,전공선택,3,3,"월요일(14:30~15:45), 수요일(14:30~15:45)","20307, 20307",김대오,19970107,28/30,철학-185(2024.4.24)학과절대평가요청,,1,,대면,402051,철학,2024,1,1학기
402051,철학,2024,1,HP518,한국사상,A,전공선택,3,3,"목요일(13:00~14:15), 목요일(14:30~15:45)","20307, 20307",최천식,20210142,20/30,,,1,,대면,402051,철학,2024,1,1학기
402060,종교문화학,2024,1,HR102,종교학개론,A,전공필수,2,3,"화요일(09:30~10:45), 목요일(11:00~12:15)","7106, 7106",류성민,20210167,12/20,,,1,,대면,402061,종교문화학과,2024,1,1학기
402060,종교문화학,2024,1,HR239,종교상상력예술,A,전공선택,2,3,"목요일(16:00~17:15), 목요일(17:30~18:45)","7106, 7106",이창익,20220170,11/20,,,1,,대면,402061,종교문화학과,2024,1,1학기
402060,종교문화학,2024,1,HR254,한국종교문화사,A,전공선택,2,3,"화요일(13:00~14:15), 화요일(14:30~15:45)","7106, 7106",이창익,20220170,13/20,,,1,,대면,402061,종교문화학과,2024,1,1학기
402060,종교문화학,2024,1,HR270,영화로읽는종교갈등사,A,전공선택,"2, 3, 4",3,"화요일(16:00~17:15), 화요일(17:30~18:45)","7106, 7106",박현준,20220160,14/20,,,1,,대면,402061,종교문화학과,2024,1,1학기
402060,종교문화학,2024,1,HR273,악마의문화사,A,전공선택,"2, 3, 4",3,,,박현준,20220160,26/26,  // 교내온라인,,1,,교내온라인,402061,종교문화학과,2024,1,1학기
402060,종교문화학,2024,1,HR314,종교문화유산답사Ⅱ,A,전공필수,2,1,수요일(17:30~18:20),7106,강인철,19970005,7/20,,,1,,대면,402061,종교문화학과,2024,1,1학기
402060,종교문화학,2024,1,HR371,종교문화워크숍3,A,전공필수,3,(1),,,강인철,19970005,4/20,,,0,,N,402061,종교문화학과,2024,1,1학기
402060,종교문화학,2024,1,HR406,종교문화유산답사Ⅲ,A,전공필수,3,1,수요일(17:30~18:20),7104,김항섭,20240062,4/20,,,1,,대면,402061,종교문화학과,2024,1,1학기
402060,종교문화학,2024,1,HR419,졸업논문,A,전공필수,4,(3),,,강인철,19970005,3/30,,,0,,N,402061,종교문화학과,2024,1,1학기
402060,종교문화학,2024,1,HR434,논문지도,A,전공필수,4,3,"월요일(11:00~12:15), 수요일(09:30~10:45)","7106, 7106",강인철,19970005,5/20,,,1,,대면,402061,종교문화학과,2024,1,1학기
402095,디지털문화콘텐츠학,2024,1,DR419,졸업논문,A,전공필수,4,(3),,,김윤성,20060020,4/50,디지털문화콘텐츠학 전공에 한함,,1,,N,,,2024,1,1학기
402100,영상문화학,2024,1,HM419,졸업논문,A,전공필수,4,(3),,,김윤성,20060020,5/50,영상문화학 전공에 한함,,1,,N,,,2024,1,1학기
403021,사회복지학,2024,1,TS117,사회복지학개론,A,전공선택,2,3,"목요일(13:00~14:15), 목요일(14:30~15:45)","18210, 18210",이유철,20240017,54/50,사회복지사 1·2급 필수 과목,,1,,대면,403021,사회복지학,2024,1,1학기
403021,사회복지학,2024,1,TS269,사회복지와인권,A,전공선택,2,3,"목요일(16:00~17:15), 목요일(17:30~18:45)","18210, 18210",이유철,20240017,44/50,사회복지사 1·2급 선택 과목,,1,,대면,403021,사회복지학,2024,1,1학기
403021,사회복지학,2024,1,TS352,사회복지실천론,A,전공선택,3,3,"금요일(13:00~14:15), 금요일(14:30~15:45)","18210, 18210",이아영,20240022,44/42,사회복지사 1·2급 필수 과목,,1,,대면,403021,사회복지학,2024,1,1학기
403021,사회복지학,2024,1,TS352,사회복지실천론,B,전공선택,3,3,"목요일(16:00~17:15), 목요일(17:30~18:45)","18106, 18106",서동미,20220193,24/40,사회복지사 1·2급 필수 과목,,1,,대면,403021,사회복지학,2024,1,1학기
403021,사회복지학,2024,1,TS353,지역사회복지론,A,전공선택,3,3,"월요일(13:00~14:15), 수요일(13:00~14:15)","18210, 18210",주경희,20180047,36/40,사회복지사 1·2급 필수 과목,,1,,대면,403021,사회복지학,2024,1,1학기
403021,사회복지학,2024,1,TS353,지역사회복지론,B,전공선택,3,3,"월요일(14:30~15:45), 수요일(14:30~15:45)","18210, 18210",주경희,20180047,29/40,사회복지사 1·2급 필수 과목,,1,,대면,403021,사회복지학,2024,1,1학기
403021,사회복지학,2024,1,TS354,사회복지정책론,A,전공선택,3,3,"금요일(09:30~10:45), 금요일(11:00~12:15)","18210, 18210",장익현,20200052,51/40,사회복지사 1·2급 필수 과목,,1,,대면,403021,사회복지학,2024,1,1학기
403021,사회복지학,2024,1,TS354,사회복지정책론,B,전공선택,3,3,"화요일(16:00~17:15), 화요일(17:30~18:45)","18210, 18210",제갈현숙,20220162,31/40,사회복지사 1·2급 필수 과목,,1,,대면,403021,사회복지학,2024,1,1학기
403021,사회복지학,2024,1,TS356,사회복지자료분석론,A,전공선택,3,3,"화요일(13:00~14:15), 화요일(14:30~15:45)","20404, 20404",김동심,20180010,25/25,사회복지사 1·2급 선택 과목,,1,,대면,403021,사회복지학,2024,1,1학기
403021,사회복지학,2024,1,TS362,의료사회복지론,B,전공선택,3,3,"목요일(13:00~14:15), 목요일(14:30~15:45)","3423, 3423",김유진,20240042,47/50,,,1,,대면,403021,사회복지학,2024,1,1학기
403021,사회복지학,2024,1,TS363,사회복지현장실습의이해Ⅰ,A,전공선택,3,2,월요일(11:00~12:40),8101,홍선미,19960088,27/35,"실습전 필수 선수과목//전공생만 신청가능 (복수전공, 부전공 제외)// 전과, 편입 및 복전생의 경우 학적변동 후 2학기째부터 이수 가능//23학년도 하계실습 및 2학기중실습 진행 예정이며, 1학기 수강과목 포함하여 8개 기초과목중(사회복지학과 졸시과목) 4과목 이상 이수한 자에 한함, 학과절대평가요청  // 전공(복수포함)자",,1,,대면,403021,사회복지학,2024,1,1학기
403021,사회복지학,2024,1,TS363,사회복지현장실습의이해Ⅰ,B,전공선택,3,2,수요일(11:00~12:40),8101,홍선미,19960088,21/35,"실습전 필수 선수과목//전공생만 신청가능 (복수전공, 부전공 제외)// 전과, 편입 및 복전생의 경우 학적변동 후 2학기째부터 이수 가능//23학년도 하계실습 및 2학기중실습 진행 예정이며, 1학기 수강과목 포함하여 8개 기초과목중(사회복지학과 졸시과목) 4과목 이상 이수한 자에 한함, 학과절대평가요청  // 전공(복수포함)자",,1,,대면,403021,사회복지학,2024,1,1학기
403021,사회복지학,2024,1,TS419,졸업논문,A,전공필수,4,(3),,,김예랑,20080163,11/70,전공(복수포함)자만 수강신청 가능// 졸업기준 충족(수강신청 학기 포함하여 학점 및 필수과목 이수 등)시 수강신청 가능 // 전공(복수포함)자,,1,,N,403021,사회복지학,2024,1,1학기
403021,사회복지학,2024,1,TS455,사회복지현장실습Ⅱ,A,전공선택,4,3,"금요일(16:00~17:15), 금요일(17:30~18:45)","18210, 18210",홍선미,19960088,17/30,LMS 진행//실습의이해 과목(실습 선수과목)을 이수했으며 동계실습 진행했거나 1학기중 실습예정자만 신청 가능,,1,,대면,403021,사회복지학,2024,1,1학기
403021,사회복지학,2024,1,TS455,사회복지현장실습Ⅱ,B,전공선택,4,3,"금요일(13:00~14:15), 금요일(14:30~15:45)","8110, 8110",홍선미,19960088,16/30,LMS 진행//실습의이해 과목(실습 선수과목)을 이수했으며 동계실습 진행했거나 1학기중 실습예정자만 신청 가능,,1,,대면,403021,사회복지학,2024,1,1학기
403021,사회복지학,2024,1,TS459,프로그램개발과평가,A,전공선택,3,3,"화요일(09:30~10:45), 목요일(11:00~12:15)","18210, 18210",김예랑,20080163,21/40,사회복지사 1·2급 선택 과목,,1,,대면,403021,사회복지학,2024,1,1학기
403021,사회복지학,2024,1,TS459,프로그램개발과평가,B,전공선택,3,3,"화요일(11:00~12:15), 목요일(09:30~10:45)","18210, 18210",김예랑,20080163,24/40,사회복지사 1·2급 선택 과목,,1,,대면,403021,사회복지학,2024,1,1학기
403021,사회복지학,2024,1,TS473,가족상담및가족치료,A,전공선택,4,3,"월요일(14:30~15:45), 수요일(14:30~15:45)","18106, 18106",김은영,20060025,39/40,,,1,,대면,403021,사회복지학,2024,1,1학기
403021,사회복지학,2024,1,TS502,사회문제론,A,전공선택,2,3,"화요일(13:00~14:15), 화요일(14:30~15:45)","18210, 18210",제갈현숙,20220162,46/50,사회복지사 1·2급 선택 과목,,1,,대면,403021,사회복지학,2024,1,1학기
403021,사회복지학,2024,1,TS516,사회복지법제,A,전공선택,4,3,"월요일(09:30~10:45), 수요일(11:00~12:15)","17201, 17201",장익현,20200052,30/40,사회복지사 1·2급 필수 과목,,1,,대면,403021,사회복지학,2024,1,1학기
403021,사회복지학,2024,1,TS516,사회복지법제,B,전공선택,4,3,"월요일(11:00~12:15), 수요일(09:30~10:45)","17201, 17201",장익현,20200052,40/40,사회복지사 1·2급 필수 과목,,1,,대면,403021,사회복지학,2024,1,1학기
403021,사회복지학,2024,1,TS519,아동복지론,A,전공선택,2,3,"월요일(09:30~10:45), 수요일(11:00~12:15)","18210, 18210",김은영,20060025,11/40,사회복지사 1·2급 선택 과목,,1,,대면,403021,사회복지학,2024,1,1학기
403021,사회복지학,2024,1,TS519,아동복지론,B,전공선택,2,3,"월요일(11:00~12:15), 수요일(09:30~10:45)","18210, 18210",김은영,20060025,39/39,사회복지사 1·2급 선택 과목,,1,,대면,403021,사회복지학,2024,1,1학기
403980,미디어영상광고홍보학부,2024,1,PD001,자기설계기초,D1,일반선택,"2, 3, 4",3,,,박혜영,20210072,2/2,지정된 학생외 수강금지,,0,,N,,,2024,1,1학기
403980,미디어영상광고홍보학부,2024,1,PD001,자기설계기초,F1,일반선택,"2, 3, 4",3,,,채희상,20130174,5/5,지정된 학생외 수강금지,,0,,N,,,2024,1,1학기
403980,미디어영상광고홍보학부,2024,1,PD004,도전설계기초,B1,일반선택,"2, 3, 4",3,,,박혜영,20210072,2/2,지정된 학생회 수강금지(신청시 추후 삭제),,0,,N,,,2024,1,1학기
403990,심리·아동학부,2024,1,PD001,자기설계기초,C1,일반선택,"2, 3, 4",3,,,김용훈,20210025,2/2,지정된 학생외 수강금지,,0,,N,,,2024,1,1학기
405940,컴퓨터공학부,2024,1,GP668,XR콘텐츠특론,A,학석연계,4,3,"수요일(16:00~17:15), 수요일(17:30~18:45)","18208, 18208",임익수,20230014,3/10,"(실수업진행:2302, 15:50~18:30)학석사연계과정외 수강불가, 15명이하절대평가",,1,,대면,,,2024,1,1학기
405940,컴퓨터공학부,2024,1,NE302,알고리즘,A,전공선택,"3, 4",3,"월요일(13:00~14:15), 수요일(13:00~14:15)","18418, 18418",강영경,19970108,67/50,[컴퓨터공학부]컴퓨터공학부전공(복수)자 수강가능 // 전공(복수포함)자,,1,,대면,,,2024,1,1학기
405940,컴퓨터공학부,2024,1,NE302,알고리즘,B,전공선택,"3, 4",3,"월요일(14:30~15:45), 수요일(14:30~15:45)","18418, 18418",강영경,19970108,67/50,[컴퓨터공학부]컴퓨터공학부전공(복수)자 수강가능 // 전공(복수포함)자,,1,,대면,,,2024,1,1학기
405940,컴퓨터공학부,2024,1,NE306,인터넷프로토콜,A,전공선택,"3, 4",3,"월요일(17:30~18:45), 수요일(16:00~17:15)","18422, 18422",최창원,19960009,35/48,[컴퓨터공학부]컴퓨터공학부전공(복수)자 수강가능 // 전공(복수포함)자,,1,,대면,,,2024,1,1학기
405940,컴퓨터공학부,2024,1,NE306,인터넷프로토콜,B,전공선택,"3, 4",3,"목요일(13:00~14:15), 목요일(14:30~15:45)","18422, 18422",이찬행,20220199,30/48,[컴퓨터공학부]컴퓨터공학부전공(복수)자 수강가능 // 전공(복수포함)자,,1,,대면,,,2024,1,1학기
405940,컴퓨터공학부,2024,1,NE309,인공지능,A,전공선택,"3, 4",3,"월요일(16:00~17:15), 수요일(17:30~18:45)","18422, 18422",박기홍,20240073,47/48,[컴퓨터공학부]컴퓨터공학부전공(복수)자 수강가능 // 전공(복수포함)자,,2,,대면,,,2024,1,1학기
405940,컴퓨터공학부,2024,1,NE309,인공지능,B,전공선택,"3, 4",3,"월요일(17:30~18:45), 수요일(16:00~17:15)","18314, 18314",박기홍,20240073,47/50,[컴퓨터공학부]컴퓨터공학부전공(복수)자 수강가능 // 전공(복수포함)자,,2,,대면,,,2024,1,1학기
405940,컴퓨터공학부,2024,1,NE317,소프트웨어공학,A,전공선택,"3, 4",3,"월요일(11:00~12:15), 수요일(09:30~10:45)","18212, 18212",이성구,19990055,63/55,[컴퓨터공학부]컴퓨터공학부전공(복수)자 수강가능 // 전공(복수포함)자,,1,,대면,,,2024,1,1학기
405940,컴퓨터공학부,2024,1,NE317,소프트웨어공학,B,전공선택,"3, 4",3,"월요일(09:30~10:45), 수요일(11:00~12:15)","18212, 18212",이성구,19990055,57/55,[컴퓨터공학부]컴퓨터공학부전공(복수)자 수강가능 // 전공(복수포함)자,,1,,대면,,,2024,1,1학기
405940,컴퓨터공학부,2024,1,NE320,정보보호론,A,전공선택,"3, 4",3,"화요일(16:00~17:15), 화요일(17:30~18:45)","18422, 18422",김애영,20210071,44/48,[컴퓨터공학부]컴퓨터공학부전공(복수)자 수강가능 // 전공(복수포함)자,,1,,대면,,,2024,1,1학기
405940,컴퓨터공학부,2024,1,NE320,정보보호론,B,전공선택,"3, 4",3,"월요일(13:00~14:15), 수요일(13:00~14:15)","18422, 18422",이형우,20030008,48/48,[컴퓨터공학부]컴퓨터공학부전공(복수)자 수강가능 // 전공(복수포함)자,,1,,대면,,,2024,1,1학기
405940,컴퓨터공학부,2024,1,NE325,데이터베이스프로그래밍,A,전공선택,"3, 4",3,"화요일(11:00~12:15), 목요일(09:30~10:45)","18424, 18424",김성기,19930045,46/50,[컴퓨터공학부]컴퓨터공학부전공(복수)자 수강가능 // 전공(복수포함)자,,1,,대면,,,2024,1,1학기
405940,컴퓨터공학부,2024,1,NE325,데이터베이스프로그래밍,B,전공선택,"3, 4",3,"월요일(16:00~17:15), 수요일(17:30~18:45)","18424, 18424",박성진,20000021,51/50,[컴퓨터공학부]컴퓨터공학부전공(복수)자 수강가능 // 전공(복수포함)자,,1,,대면,,,2024,1,1학기
405940,컴퓨터공학부,2024,1,NE329,리눅스프로그래밍,A,전공선택,"3, 4",3,"월요일(09:30~10:45), 수요일(11:00~12:15)","18422, 18422",나근식,19920037,50/48,[컴퓨터공학부]컴퓨터공학부전공(복수)자 수강가능 // 전공(복수포함)자,,1,,대면,,,2024,1,1학기
405940,컴퓨터공학부,2024,1,NE329,리눅스프로그래밍,B,전공선택,"3, 4",3,"월요일(11:00~12:15), 수요일(09:30~10:45)","18422, 18422",나근식,19920037,50/48,[컴퓨터공학부]컴퓨터공학부전공(복수)자 수강가능 // 전공(복수포함)자,,1,,대면,,,2024,1,1학기
405940,컴퓨터공학부,2024,1,NE339,인간-컴퓨터상호작용,A,전공선택,"3, 4",3,"월요일(14:30~15:45), 수요일(14:30~15:45)","18519, 18519",윤효석,20190207,69/60,[컴퓨터공학부]컴퓨터공학부전공(복수)자 수강가능 // 전공(복수포함)자,,1,,대면,,,2024,1,1학기
405940,컴퓨터공학부,2024,1,NE403,게임프로그래밍,A,전공선택,"3, 4",3,"화요일(09:30~10:45), 목요일(11:00~12:15)","18309, 18309",류승택,20040026,54/55,[컴퓨터공학부]컴퓨터공학부전공(복수)자 수강가능 // 전공(복수포함)자,,1,,대면,,,2024,1,1학기
405940,컴퓨터공학부,2024,1,NE419,졸업논문,A,전공필수,4,(3),,,이형우,20030008,19/99,[컴퓨터공학부]컴퓨터공학부전공(복수)자 수강가능 // 전공(복수포함)자,,1,,N,,,2024,1,1학기
405940,컴퓨터공학부,2024,1,NE447,캡스톤디자인1,A,전공선택,4,3,"화요일(13:00~14:15), 화요일(14:30~15:45)","18424, 18424",김성기,19930045,41/40,"[컴퓨터공학부]컴퓨터공학부전공(복수)자 수강가능, AI.SW대학-877(2024.5.13.)학과절대평가요청 // 전공(복수포함)자",,1,,대면,,,2024,1,1학기
405940,컴퓨터공학부,2024,1,NE447,캡스톤디자인1,B,전공선택,4,3,"화요일(13:00~14:15), 화요일(14:30~15:45)","18314, 18314",윤효석,20190207,43/40,"[컴퓨터공학부]컴퓨터공학부전공(복수)자 수강가능, AI.SW대학-877(2024.5.13.)학과절대평가요청 // 전공(복수포함)자",,1,,대면,,,2024,1,1학기
405940,컴퓨터공학부,2024,1,NE447,캡스톤디자인1,C,전공선택,4,3,"화요일(13:00~14:15), 화요일(14:30~15:45)","18422, 18422",김유신,20240048,38/40,"[컴퓨터공학부]컴퓨터공학부전공(복수)자 수강가능, 양영욱->김유신, AI.SW대학-877(2024.5.13.)학과절대평가요청 // 전공(복수포함)자",,2,,대면,,,2024,1,1학기
405940,컴퓨터공학부,2024,1,NE448,캡스톤디자인2,A,전공선택,4,3,"화요일(13:00~14:15), 화요일(14:30~15:45)","18208, 18208",이형우,20030008,15/36,[컴퓨터공학부]컴퓨터공학부전공(복수)자 수강가능 // 전공(복수포함)자,,1,,대면,,,2024,1,1학기
405940,컴퓨터공학부,2024,1,NE457,데이터베이스와NoSQL_NCS,A,전공선택,4,3,"화요일(13:00~14:15), 화요일(14:30~15:45)","18209, 18209",박성진,20000021,22/35,[컴퓨터공학부]표준현장실습제 참여학생만 수강가능 // 전공(복수포함)자,,1,,대면,,,2024,1,1학기
405940,컴퓨터공학부,2024,1,NE507,통합구현_NCS,A,전공선택,"3, 4",3,"화요일(13:00~14:15), 화요일(14:30~15:45)","18207, 18207",장재건,19970017,19/35,[컴퓨터공학부]일학습병행 참여학생만 수강가능 // 전공(복수포함)자,,1,,대면,,,2024,1,1학기
405940,컴퓨터공학부,2024,1,PD001,자기설계기초,E1,일반선택,"2, 3, 4",3,,,이양선,20210020,3/3,지정된 학생외 수강금지,,0,,N,,,2024,1,1학기
405940,컴퓨터공학부,2024,1,PD004,도전설계기초,C1,일반선택,"2, 3, 4",3,,,이양선,20210020,1/1,지정된 학생회 수강금지(신청시 추후 삭제),,0,,N,,,2024,1,1학기
405960,정보통신학부,2024,1,PD004,도전설계기초,A1,일반선택,"2, 3, 4",3,,,김애영,20210071,1/1,"지정된 학생 외 수강금지(신청시 추후삭제), 15명 이하 절대평가",,0,,N,,,2024,1,1학기
405970,소프트웨어융합학부,2024,1,NI302,빅데이터개론,A,전공선택,3,3,"월요일(09:30~10:45), 수요일(11:00~12:15)","18521, 18521",안현,20210024,46/40,[소프트웨어융합학부]소프트웨어융합학부 전공(복수)자 수강가능 // 전공(복수포함)자,,1,,대면,,,2024,1,1학기
405970,소프트웨어융합학부,2024,1,NI302,빅데이터개론,B,전공선택,3,3,"월요일(11:00~12:15), 수요일(09:30~10:45)","18521, 18521",안현,20210024,44/40,[소프트웨어융합학부]소프트웨어융합학부 전공(복수)자 수강가능 // 전공(복수포함)자,,1,,대면,,,2024,1,1학기
405970,소프트웨어융합학부,2024,1,NI305,암호이론및보안,A,전공선택,"3, 4",3,"월요일(13:00~14:15), 수요일(13:00~14:15)","18312, 18312",김애영,20210071,35/40,[소프트웨어융합학부]소프트웨어융합학부 전공(복수)자 수강가능 // 전공(복수포함)자,,1,,대면,,,2024,1,1학기
405970,소프트웨어융합학부,2024,1,NI317,디지털시스템설계및실험,A,전공선택,3,3,"화요일(09:30~10:45), 목요일(11:00~12:15)","18521, 18521",손승일,20020195,29/40,[소프트웨어융합학부]소프트웨어융합학부 전공(복수)자 수강가능 // 전공(복수포함)자,,1,,대면,,,2024,1,1학기
405970,소프트웨어융합학부,2024,1,NI317,디지털시스템설계및실험,B,전공선택,3,3,"화요일(11:00~12:15), 목요일(09:30~10:45)","18521, 18521",손승일,20020195,36/40,[소프트웨어융합학부]소프트웨어융합학부 전공(복수)자 수강가능 // 전공(복수포함)자,,1,,대면,,,2024,1,1학기
405970,소프트웨어융합학부,2024,1,NI386,컴퓨터비전,A,전공선택,3,3,"월요일(13:00~14:15), 수요일(14:30~15:45)","18419, 18419",이용걸,20210023,37/40,[소프트웨어융합학부]소프트웨어융합학부 전공(복수)자 수강가능 // 전공(복수포함)자,,1,,대면,,,2024,1,1학기
405970,소프트웨어융합학부,2024,1,NI386,컴퓨터비전,B,전공선택,3,3,"월요일(14:30~15:45), 수요일(13:00~14:15)","18419, 18419",이용걸,20210023,39/40,[소프트웨어융합학부]소프트웨어융합학부 전공(복수)자 수강가능 // 전공(복수포함)자,,1,,대면,,,2024,1,1학기
405970,소프트웨어융합학부,2024,1,NI400,졸업논문,A,전공필수,4,(3),,,이용걸,20210023,8/40,"P/NP, 반드시 소프트웨어종합설계 1,2 이수 후 신청가능 (IPP,OJT,RnD 참여학생은 종합설계 1,2 미이수 신청 가능) // 전공(복수포함)자",,1,,N,,,2024,1,1학기
405970,소프트웨어융합학부,2024,1,NI421,객체지향프로그래밍,A,전공선택,3,3,"금요일(09:30~10:45), 금요일(11:00~12:15)","18521, 18521",김현경,19970045,40/40,[소프트웨어융합학부]소프트웨어융합학부 전공(복수)자 수강가능 // 전공(복수포함)자,,1,,대면,,,2024,1,1학기
405970,소프트웨어융합학부,2024,1,NI451,VLSI설계입문,A,전공선택,4,3,"화요일(11:00~12:15), 목요일(09:30~10:45)","18425, 18425",정승민,20060142,27/40,[소프트웨어융합학부]소프트웨어융합학부 전공(복수)자 수강가능 // 전공(복수포함)자,,1,,대면,,,2024,1,1학기
405970,소프트웨어융합학부,2024,1,NI470,컴퓨터네트워크,A,전공선택,3,3,"월요일(09:30~10:45), 수요일(11:00~12:15)","18519, 18519",조성호,20020194,44/40,[소프트웨어융합학부]소프트웨어융합학부 전공(복수)자 수강가능 // 전공(복수포함)자,,1,,대면,,,2024,1,1학기
405970,소프트웨어융합학부,2024,1,NI470,컴퓨터네트워크,B,전공선택,3,3,"월요일(11:00~12:15), 수요일(09:30~10:45)","18519, 18519",조성호,20020194,44/40,[소프트웨어융합학부]소프트웨어융합학부 전공(복수)자 수강가능 // 전공(복수포함)자,,1,,대면,,,2024,1,1학기
405970,소프트웨어융합학부,2024,1,NI513,응용SW설계_NCS,A,전공선택,"3, 4",3,"금요일(13:00~14:15), 금요일(14:30~15:45)","18419, 18419",임익수,20230014,19/40,2024년 IPP형 일학습병행 참여학생(학습근로자) 대상 수업,,1,,대면,,,2024,1,1학기
405970,소프트웨어융합학부,2024,1,NI514,프로그래밍언어활용_NCS,A,전공선택,"3, 4",3,"화요일(16:00~17:15), 화요일(17:30~18:45)","18425, 18425",정승민,20060142,20/35,일학습병행참여만 수강가능,,1,,대면,,,2024,1,1학기
405970,소프트웨어융합학부,2024,1,NI523,소프트웨어융합종합설계1,A,전공선택,4,3,"금요일(16:00~17:15), 금요일(17:30~18:45)","18312, 18312",조문신,20240047,15/40,"[소프트웨어융합학부]소프트웨어융합학부 전공(복수)자 수강가능, 이용걸->조문신, 학과절대평가요청 // 전공(복수포함)자",,2,,대면,,,2024,1,1학기
405970,소프트웨어융합학부,2024,1,NI523,소프트웨어융합종합설계1,B,전공선택,4,3,"금요일(16:00~17:15), 금요일(17:30~18:45)","18419, 18419",정의성,20240046,38/40,"[소프트웨어융합학부]소프트웨어융합학부 전공(복수)자 수강가능, 안현->정의성, AI.SW대학-859(2024.5.10.)학과절대평가요청 // 전공(복수포함)자",,2,,대면,,,2024,1,1학기
405970,소프트웨어융합학부,2024,1,NI524,소프트웨어융합종합설계2,A,전공선택,4,3,"화요일(16:00~17:15), 화요일(17:30~18:45)","18521, 18521",조성호,20020194,7/40,[소프트웨어융합학부]소프트웨어융합학부 전공(복수)자 수강가능 // 전공(복수포함)자,,1,,대면,,,2024,1,1학기
405970,소프트웨어융합학부,2024,1,NI526,빅데이터플랫폼_NCS,A,전공선택,4,3,"화요일(16:00~17:15), 화요일(17:30~18:45)","3404, 3404",안현,20210024,22/27,[소프트웨어융합학부]일학습병행참여만 수강가능,,1,,대면,,,2024,1,1학기
405970,소프트웨어융합학부,2024,1,PD001,자기설계기초,B1,일반선택,"2, 3, 4",3,,,김애영,20210071,1/1,지정된 학생외 수강금지,,0,,N,,,2024,1,1학기
405970,소프트웨어융합학부,2024,1,PD004,도전설계기초,D1,일반선택,"2, 3, 4",3,,,임익수,20230014,2/2,지정된 학생회 수강금지(신청시 추후 삭제),,1,,N,,,2024,1,1학기
406030,동북아국제통상학,2024,1,NA419,졸업논문,1,전공필수,4,(3),,,박규호,20120084,6/20,동북아국제통상학 연계전공자,,1,,N,,,2024,1,1학기
406060,마케팅사회조사학,2024,1,MO419,졸업논문,A,전공필수,4,(3),,,유한나,20220033,1/50,마케팅사회조사학 연계전공자,,1,,N,,,2024,1,1학기
406100,평생교육학·HRD,2024,1,KS205,평생교육론,A,평생교육,"2, 3, 4",3,수요일(13:00~14:15),3410,백상현,20230140,32/34,블랜디드(온‧오프라인 병행)수업은 교내 LMS강의와 대면강의 중 어느 하나라도 3/4(75%)이상 수강하지 않으면 출석실격으로 해당과목 성적을 인정받지 못합니다.,,1,,블랜디드,,,2024,1,1학기
406100,평생교육학·HRD,2024,1,KS206,성인학습및상담,A,평생교육,"1, 2, 3, 4",3,,,김남희,20220181,53/50,  // 교내온라인,,1,,교내온라인,,,2024,1,1학기
406100,평생교육학·HRD,2024,1,KS209,시민교육론,A,평생교육,"2, 3, 4",3,화요일(11:00~12:15),3321,옥장흠,20060143,29/40,블랜디드(온‧오프라인 병행)수업은 교내 LMS강의와 대면강의 중 어느 하나라도 3/4(75%)이상 수강하지 않으면 출석실격으로 해당과목 성적을 인정받지 못합니다.,,1,,블랜디드,,,2024,1,1학기
406100,평생교육학·HRD,2024,1,KS305,평생교육경영론,A,평생교육,"2, 3, 4",3,월요일(13:00~14:15),20505,옥장흠,20060143,31/38,블랜디드(온‧오프라인 병행)수업은 교내 LMS강의와 대면강의 중 어느 하나라도 3/4(75%)이상 수강하지 않으면 출석실격으로 해당과목 성적을 인정받지 못합니다.,,1,,블랜디드,,,2024,1,1학기
406100,평생교육학·HRD,2024,1,KS309,인적자원개발론,A,평생교육,"2, 3, 4",3,수요일(11:00~12:15),3321,김동심,20180010,32/33,블랜디드(온‧오프라인 병행)수업은 교내 LMS강의와 대면강의 중 어느 하나라도 3/4(75%)이상 수강하지 않으면 출석실격으로 해당과목 성적을 인정받지 못합니다. // 전공(복수포함)자,,1,,블랜디드,,,2024,1,1학기
406100,평생교육학·HRD,2024,1,KS310,교육사회학,A,평생교육,"2, 3, 4",3,목요일(13:00~14:15),20507,김윤정,20220142,26/34,블랜디드(온‧오프라인 병행)수업은 교내 LMS강의와 대면강의 중 어느 하나라도 3/4(75%)이상 수강하지 않으면 출석실격으로 해당과목 성적을 인정받지 못합니다.,,1,,블랜디드,,,2024,1,1학기
406100,평생교육학·HRD,2024,1,KS412,평생교육실습,A,평생교육,"2, 3, 4",3,"월요일(14:30~15:45), 수요일(14:30~15:45)","3201, 3201",옥장흠,20060143,1/20,"필수선수과목 4과목 이수자만 신청가능, 실습 학기중 160시간 이수 // 전공(복수포함)자",,1,,N,,,2024,1,1학기
406100,평생교육학·HRD,2024,1,KS419,졸업논문,A,전공필수,4,(3),,,김동심,20180010,1/30,,,1,,N,,,2024,1,1학기
406100,평생교육학·HRD,2024,1,KS420,교육공학,A,평생교육,"2, 3, 4",3,월요일(11:00~12:15),3321,김동심,20180010,30/30,블랜디드(온‧오프라인 병행)수업은 교내 LMS강의와 대면강의 중 어느 하나라도 3/4(75%)이상 수강하지 않으면 출석실격으로 해당과목 성적을 인정받지 못합니다.,,1,,블랜디드,,,2024,1,1학기
408010,국외교환,2024,1,CX401,*초급한어청력Ⅱ,A,일반선택,"2, 3, 4",3,,,북경공업대학,20209144,1/6,,,0,,N,,,2024,1,1학기
408010,국외교환,2024,1,CX425,*기초중국어Ⅲ,A,전공선택,"2, 3, 4",4,,,대만장영대,20209140,0/8,,,0,,N,,,2024,1,1학기
408010,국외교환,2024,1,CX426,*중급영어Ⅱ,A,전공선택,"2, 3, 4",2,,,대만장영대,20209140,2/6,,,0,,N,,,2024,1,1학기
408010,국외교환,2024,1,CX434,*HSKⅢ,A,전공선택,"2, 3, 4",4,,,목단강사범대학교,20209121,2/8,,,0,,N,,,2024,1,1학기
408010,국외교환,2024,1,CX484,*중국어1,A,전공선택,"2, 3, 4",4,,,산동여자대학,20249901,2/6,,,0,,N,,,2024,1,1학기
408010,국외교환,2024,1,CX485,*중국어2,A,전공선택,"2, 3, 4",4,,,산동여자대학,20249901,2/7,,,0,,N,,,2024,1,1학기
408010,국외교환,2024,1,CX489,*한국어(기본)Ⅱ,A,일반선택,"2, 3, 4",2,,,대만장영대,20209140,2/7,,,0,,N,,,2024,1,1학기
408010,국외교환,2024,1,CX491,*영어회화(Ⅱ),A,일반선택,"2, 3, 4",1,,,대만장영대,20209140,1/6,,,0,,N,,,2024,1,1학기
408010,국외교환,2024,1,CX492,*영어회화및듣기Ⅱ,A,일반선택,"2, 3, 4",2,,,대만장영대,20209140,1/8,,,0,,N,,,2024,1,1학기
408010,국외교환,2024,1,CX496,*배드민턴,A,일반선택,"2, 3, 4",2,,,산동여자대학,20249901,2/8,,,0,,N,,,2024,1,1학기
408010,국외교환,2024,1,CX509,*기초중국어 Ⅰ,A,일반선택,"2, 3, 4",3,,,대만장영대,20209140,1/8,,,0,,N,,,2024,1,1학기
408010,국외교환,2024,1,CX520,*어휘및문법,A,전공선택,"2, 3, 4",6,,,목단강사범대학교,20209121,2/6,,,0,,N,,,2024,1,1학기
408010,국외교환,2024,1,CX531,*에어로빅운동지도실습,A,전공선택,"2, 3, 4",2,,,대만장영대,20209140,2/8,,,0,,N,,,2024,1,1학기
408010,국외교환,2024,1,CX532,*탁구Ⅳ,A,전공선택,"2, 3, 4",0,,,대만장영대,20209140,1/8,,,0,,N,,,2024,1,1학기
408010,국외교환,2024,1,CX533,*스포츠감사,A,전공선택,"2, 3, 4",2,,,대만장영대,20209140,1/8,,,0,,N,,,2024,1,1학기
408010,국외교환,2024,1,CX534,*스포트특기Ⅱ,A,전공선택,"2, 3, 4",3,,,대만장영대,20209140,1/9,,,0,,N,,,2024,1,1학기
408010,국외교환,2024,1,CX535,*기초중국어말하기Ⅱ,A,전공선택,"2, 3, 4",4,,,북경공업대학,20209144,1/6,,,0,,N,,,2024,1,1학기
408010,국외교환,2024,1,CX536,*기초중국어듣기Ⅱ,A,일반선택,"2, 3, 4",4,,,북경공업대학,20209144,1/7,,,0,,N,,,2024,1,1학기
408010,국외교환,2024,1,CX537,*기초중국어종합Ⅱ,A,전공선택,"2, 3, 4",10,,,북경공업대학,20209144,1/6,,,0,,N,,,2024,1,1학기
408010,국외교환,2024,1,CX538,*기초중국어읽기/쓰기Ⅱ,A,일반선택,"2, 3, 4",4,,,북경공업대학,20209144,1/7,,,0,,N,,,2024,1,1학기
408010,국외교환,2024,1,CX539,*초등중국어통합과정Ⅱ,A,전공선택,"2, 3, 4",10,,,북경공업대학,20209144,1/7,,,0,,N,,,2024,1,1학기
408010,국외교환,2024,1,CX540,*초등중국어읽기와쓰기Ⅱ,A,전공선택,"2, 3, 4",4,,,북경공업대학,20209144,1/8,,,0,,N,,,2024,1,1학기
408010,국외교환,2024,1,CX541,*기초중국어Ⅲ,A,일반선택,"2, 3, 4",3,,,대만장영대,20209140,1/7,,,0,,N,,,2024,1,1학기
408010,국외교환,2024,1,CX542,*홀치기염색저(전통침염),A,교양선택,"2, 3, 4",2,,,산동여자대학,20249901,2/6,,,0,,N,,,2024,1,1학기
408010,국외교환,2024,1,CX543,*수공자수,A,전공선택,"2, 3, 4",2,,,산동여자대학,20249901,1/8,,,0,,N,,,2024,1,1학기
408010,국외교환,2024,1,CX544,*도예,A,교양선택,"2, 3, 4",3,,,산동여자대학,20249901,2/6,,,0,,N,,,2024,1,1학기
408010,국외교환,2024,1,CX545,*인물촬영,A,교양선택,"2, 3, 4",2,,,산동여자대학,20249901,2/7,,,0,,N,,,2024,1,1학기
408010,국외교환,2024,1,CX546,*풍경사생,A,교양선택,"2, 3, 4",2,,,산동여자대학,20249901,1/6,,,0,,N,,,2024,1,1학기
408010,국외교환,2024,1,CX547,*중국소수민족복식,A,전공선택,"2, 3, 4",2,,,산동여자대학,20249901,1/6,,,0,,N,,,2024,1,1학기
408010,국외교환,2024,1,CX548,*IELTS준비Ⅰ,A,전공선택,"2, 3, 4",2,,,대만장영대,20209140,1/7,,,0,,N,,,2024,1,1학기
408010,국외교환,2024,1,CX549,*TOEIC준비Ⅰ,A,전공선택,"2, 3, 4",2,,,대만장영대,20209140,1/8,,,0,,N,,,2024,1,1학기
408010,국외교환,2024,1,CX550,*영어어휘&독해Ⅱ,A,전공선택,"2, 3, 4",2,,,대만장영대,20209140,2/7,,,0,,N,,,2024,1,1학기
408010,국외교환,2024,1,CX551,*영어커뮤니케이션,A,전공선택,"2, 3, 4",2,,,대만장영대,20209140,1/8,,,0,,N,,,2024,1,1학기
408010,국외교환,2024,1,CX552,*환대영어Ⅳ,A,전공선택,"2, 3, 4",2,,,대만장영대,20209140,1/8,,,0,,N,,,2024,1,1학기
408010,국외교환,2024,1,CX553,*일본문화소개Ⅱ,A,전공선택,"2, 3, 4",2,,,대만장영대,20209140,1/6,,,0,,N,,,2024,1,1학기
408010,국외교환,2024,1,CX554,*영어화화와듣기이해 Ⅳ,A,전공선택,"2, 3, 4",2,,,대만장영대,20209140,1/6,,,0,,N,,,2024,1,1학기
408010,국외교환,2024,1,CX555,*비즈니스프레젠테이션,A,전공선택,"2, 3, 4",2,,,대만장영대,20209140,1/7,,,0,,N,,,2024,1,1학기
408010,국외교환,2024,1,CX556,*제2외국어-일본Ⅱ,A,전공선택,"2, 3, 4",2,,,대만장영대,20209140,1/8,,,0,,N,,,2024,1,1학기
408010,국외교환,2024,1,CX557,*관광일본어Ⅱ,A,전공선택,"2, 3, 4",2,,,대만장영대,20209140,1/8,,,0,,N,,,2024,1,1학기
408010,국외교환,2024,1,CX558,*영어듣기능력:상거래 Ⅱ,A,일반선택,"2, 3, 4",2,,,대만장영대,20209140,1/7,,,0,,N,,,2024,1,1학기
408010,국외교환,2024,1,CX559,*인터넷마케팅,A,일반선택,"2, 3, 4",3,,,대만장영대,20209140,1/7,,,0,,N,,,2024,1,1학기
408010,국외교환,2024,1,CX560,*고전중국어Ⅱ,A,전공선택,"2, 3, 4",2,,,화동사범대학,20209103,1/6,,,0,,N,,,2024,1,1학기
408010,국외교환,2024,1,CX561,*중국사Ⅱ,A,전공선택,"2, 3, 4",2,,,화동사범대학,20209103,1/8,,,0,,N,,,2024,1,1학기
408010,국외교환,2024,1,CX562,*고급중국어시청각-구어중국어Ⅱ,A,전공선택,"2, 3, 4",2,,,화동사범대학,20209103,1/7,,,0,,N,,,2024,1,1학기
408010,국외교환,2024,1,CX563,*한자교육,A,전공선택,"2, 3, 4",2,,,화동사범대학,20209103,1/9,,,0,,N,,,2024,1,1학기
408010,국외교환,2024,1,CX564,*중국어어휘의가르침,A,전공선택,"2, 3, 4",2,,,화동사범대학,20209103,1/9,,,0,,N,,,2024,1,1학기
408010,국외교환,2024,1,CX565,*언어학입문,A,전공선택,"2, 3, 4",2,,,화동사범대학,20209103,1/9,,,0,,N,,,2024,1,1학기
408010,국외교환,2024,1,CX566,*제2외국어로중국어를가르침,A,전공선택,"2, 3, 4",2,,,화동사범대학,20209103,1/9,,,0,,N,,,2024,1,1학기
408010,국외교환,2024,1,CX567,*현대중국어Ⅱ,A,전공선택,"2, 3, 4",2,,,화동사범대학,20209103,1/9,,,0,,N,,,2024,1,1학기
408010,국외교환,2024,1,CX568,*중국가요의배경이되는언어와문화,A,교양선택,"2, 3, 4",2,,,화동사범대학,20209103,1/8,,,0,,N,,,2024,1,1학기
408010,국외교환,2024,1,DX046,*Reading & Writing,A,일반선택,"2, 3, 4",2,,,목단강사범대학교,20209121,2/7,,,0,,N,,,2024,1,1학기
408010,국외교환,2024,1,DX697,*DaF-B2.2,A,전공선택,"2, 3, 4",3,,,독일뷔르츠부르크,20209141,1/7,,,0,,N,,,2024,1,1학기
408010,국외교환,2024,1,DX771,*외국어로서의독일어B1-어휘,A,전공선택,"2, 3, 4",2,,,독일뷔르츠부르크,20209141,1/7,,,0,,N,,,2024,1,1학기
408010,국외교환,2024,1,DX780,*외국어로서의독일어B1.2,A,전공선택,"2, 3, 4",3,,,독일뷔르츠부르크,20209141,1/7,,,0,,N,,,2024,1,1학기
408010,국외교환,2024,1,DX784,*창의적글쓰기2(B2),A,전공선택,"2, 3, 4",5,,,독일하이델베르크,20209122,3/7,,,0,,N,,,2024,1,1학기
408010,국외교환,2024,1,DX785,*독일역사를통한여행독일어실습(B2),A,전공선택,"2, 3, 4",3,,,독일하이델베르크,20209122,1/8,,,0,,N,,,2024,1,1학기
408010,국외교환,2024,1,DX786,*제2외국어로서독일어입문,A,전공선택,"2, 3, 4",0,,,독일하이델베르크,20209122,1/8,,,0,,N,,,2024,1,1학기
408010,국외교환,2024,1,DX787,*비즈니스방법론,A,전공선택,"2, 3, 4",0,,,독일하이델베르크,20209122,1/9,,,0,,N,,,2024,1,1학기
408010,국외교환,2024,1,DX788,*훈련과학에대한입문,A,전공선택,"2, 3, 4",1,,,독일하이델베르크,20209122,1/9,,,0,,N,,,2024,1,1학기
408010,국외교환,2024,1,DX789,*운동학에대한입문,A,전공선택,"2, 3, 4",1,,,독일하이델베르크,20209122,2/9,,,0,,N,,,2024,1,1학기
408010,국외교환,2024,1,DX790,*독일역사의이해(B2/B1),A,전공선택,"2, 3, 4",3,,,독일하이델베르크,20209122,2/7,,,0,,N,,,2024,1,1학기
408010,국외교환,2024,1,DX791,*독일역사를통한여행독일어실습,A,전공선택,"2, 3, 4",3,,,독일하이델베르크,20209122,1/8,,,0,,N,,,2024,1,1학기
408010,국외교환,2024,1,DX793,"*일반독일어 코스,CERR레벨 B1.2",A,전공선택,"2, 3, 4",8,,,독일하이델베르크,20209122,0/7,,,0,,N,,,2024,1,1학기
408010,국외교환,2024,1,DX795,*외국어로서의독일어B2.1,A,전공선택,"2, 3, 4",3,,,독일뷔르츠부르크,20209141,2/7,,,0,,N,,,2024,1,1학기
408010,국외교환,2024,1,DX796,*교차-문화경영1,A,전공선택,"2, 3, 4",3,,,독일뷔르츠부르크,20209141,1/7,,,0,,N,,,2024,1,1학기
408010,국외교환,2024,1,DX797,*교차-문화경영2,A,전공선택,"2, 3, 4",3,,,독일뷔르츠부르크,20209141,2/7,,,0,,N,,,2024,1,1학기
408010,국외교환,2024,1,DX798,*외국어로서의독일어B2-어휘(vhb),A,전공선택,"2, 3, 4",2,,,독일뷔르츠부르크,20209141,2/7,,,0,,N,,,2024,1,1학기
408010,국외교환,2024,1,DX801,*DaF B2-학술적읽기(vhb),A,전공선택,"2, 3, 4",2,,,독일뷔르츠부르크,20209141,1/7,,,0,,N,,,2024,1,1학기
408010,국외교환,2024,1,DX802,*DaF B2-어휘(vhb),A,전공선택,"2, 3, 4",2,,,독일뷔르츠부르크,20209141,1/7,,,0,,N,,,2024,1,1학기
408010,국외교환,2024,1,DX803,*독일연구의본질:독일연방의회Ⅱ,A,전공선택,"2, 3, 4",2,,,독일뷔르츠부르크,20209141,1/7,,,0,,N,,,2024,1,1학기
408010,국외교환,2024,1,DX804,*DaF B2.1(집중과정),A,전공선택,"2, 3, 4",3,,,독일뷔르츠부르크,20209141,1/7,,,0,,N,,,2024,1,1학기
408010,국외교환,2024,1,DX805,"*일반독일어코스,CERR레벨B1.2",A,전공선택,"2, 3, 4",4,,,독일하이델베르크,20209122,1/7,,,0,,N,,,2024,1,1학기
408010,국외교환,2024,1,DX806,*특수교육에대한국제적고찰2,A,전공선택,"2, 3, 4",3,,,독일뷔르츠부르크,20209141,1/7,,,0,,N,,,2024,1,1학기
408010,국외교환,2024,1,DX807,*국제성인교육,A,전공선택,"2, 3, 4",3,,,독일뷔르츠부르크,20209141,1/7,,,0,,,,,2024,1,1학기
408010,국외교환,2024,1,DX808,*문화경제교류2–다문화경제선도,A,전공선택,"2, 3, 4",3,,,독일뷔르츠부르크,20209141,1/7,,,0,,,,,2024,1,1학기
408010,국외교환,2024,1,DX809,*외국어로서의독일어B1.2(집중 과정),A,전공선택,"2, 3, 4",3,,,독일뷔르츠부르크,20209141,1/7,,,0,,N,,,2024,1,1학기
408010,국외교환,2024,1,DX810,*외국어로서의독일어A2소통구조(vhb),A,전공선택,"2, 3, 4",2,,,독일뷔르츠부르크,20209141,1/7,,,0,,N,,,2024,1,1학기
408010,국외교환,2024,1,DX811,*외국어로서의독일어(vhb),A,전공선택,"2, 3, 4",2,,,독일뷔르츠부르크,20209141,0/7,,,0,,N,,,2024,1,1학기
408010,국외교환,2024,1,DX812,*독일연방의회Ⅱ,A,전공선택,"2, 3, 4",2,,,독일뷔르츠부르크,20209141,1/7,,,0,,N,,,2024,1,1학기
408010,국외교환,2024,1,DX813,*외국어로서의독일어B2-학문읽기(vhb),A,전공선택,"2, 3, 4",2,,,독일뷔르츠부르크,20209141,1/7,,,0,,N,,,2024,1,1학기
408010,국외교환,2024,1,EX161,*종합영어,A,일반선택,"2, 3, 4",3,,,일본구주정보대,20209120,1/7,,,0,,N,,,2024,1,1학기
408010,국외교환,2024,1,EX166,*일본어Ⅲ,A,전공선택,"3, 4",2,,,게이센여자대학,20209124,2/6,,,0,,N,,,2024,1,1학기
408010,국외교환,2024,1,EX252,*생활원예Ⅰ,A,교양선택,"3, 4",1,,,게이센여자대학,20209124,2/6,,,0,,N,,,2024,1,1학기
408010,국외교환,2024,1,EX269,*국제정치학,A,전공선택,"2, 3, 4",2,,,일본나가사키대학,20209132,1/4,,,0,,N,,,2024,1,1학기
408010,국외교환,2024,1,EX778,*일본어학,A,전공선택,"2, 3, 4",2,,,일본나가사키대학,20209132,2/4,,,0,,N,,,2024,1,1학기
408010,국외교환,2024,1,EX791,*사상과종교연구입문,A,일반선택,"2, 3, 4",1,,,일본나가사키대학,20209132,1/4,,,0,,N,,,2024,1,1학기
408010,국외교환,2024,1,EX817,*일본어언어학입문(1),A,전공선택,,2,,,게이센여자대학,20209124,0/6,,,0,,N,,,2024,1,1학기
408010,국외교환,2024,1,EX850,*종교문화론,A,일반선택,"2, 3, 4",2,,,일본나가사키대학,20209132,1/4,,,0,,N,,,2024,1,1학기
408010,국외교환,2024,1,EX873,*글로벌역량개발입문,A,전공선택,"2, 3, 4",1,,,일본나가사키대학,20209132,1/4,,,0,,N,,,2024,1,1학기
408010,국외교환,2024,1,EX881,*기독교입문Ⅰ,A,교양선택,"3, 4",2,,,게이센여자대학,20209124,2/6,,,0,,N,,,2024,1,1학기
408010,국외교환,2024,1,EX882,*평화연구입문Ⅰ,A,교양선택,"3, 4",2,,,게이센여자대학,20209124,1/6,,,0,,N,,,2024,1,1학기
408010,국외교환,2024,1,EX883,*인문학기초세미나Ⅰ,A,교양선택,"3, 4",1,,,게이센여자대학,20209124,2/6,,,0,,N,,,2024,1,1학기
408010,국외교환,2024,1,EX884,*일본어능력Ⅰ,A,교양선택,"3, 4",1,,,게이센여자대학,20209124,1/6,,,0,,N,,,2024,1,1학기
408010,국외교환,2024,1,EX885,*일본어Ⅰ,A,교양선택,"3, 4",2,,,게이센여자대학,20209124,2/6,,,0,,N,,,2024,1,1학기
408010,국외교환,2024,1,EX901,*커리어개발,A,교양선택,"2, 3, 4",2,,,일본나가사키대학,20209132,2/4,,,0,,N,,,2024,1,1학기
408010,국외교환,2024,1,EX902,*인류학기초(생태와사회),A,일반선택,"2, 3, 4",1,,,일본나가사키대학,20209132,2/4,,,0,,N,,,2024,1,1학기
408010,국외교환,2024,1,EX903,*언어학기초A,A,전공선택,"2, 3, 4",1,,,일본나가사키대학,20209132,1/4,,,0,,N,,,2024,1,1학기
408010,국외교환,2024,1,EX934,*정보리터리시연습,A,전공선택,"2, 3, 4",3,,,일본구주정보대,20209120,1/6,,,0,,N,,,2024,1,1학기
408010,국외교환,2024,1,EX935,*초급중국어,A,일반선택,"2, 3, 4",3,,,일본구주정보대,20209120,1/8,,,0,,N,,,2024,1,1학기
408010,국외교환,2024,1,EX936,*기초영어회화,A,일반선택,"2, 3, 4",3,,,일본구주정보대,20209120,1/5,,,0,,N,,,2024,1,1학기
408010,국외교환,2024,1,EX937,*글쓰기614,A,전공선택,"2, 3, 4",1,,,도쿄외국어대학,20209129,1/7,,,0,,N,,,2024,1,1학기
408010,국외교환,2024,1,EX938,*국제비즈니스와JETRO의역할(JETRO의옴니버스강의시리즈),A,교양선택,"2, 3, 4",2,,,도쿄외국어대학,20209129,1/7,,,0,,N,,,2024,1,1학기
408010,국외교환,2024,1,EX939,*다문화사회와언어,A,전공선택,"2, 3, 4",2,,,도쿄외국어대학,20209129,1/7,,,0,,N,,,2024,1,1학기
408010,국외교환,2024,1,EX940,*인류학기초(민속학),A,전공선택,"2, 3, 4",1,,,일본나가사키대학,20209132,1/4,,,0,,N,,,2024,1,1학기
408010,국외교환,2024,1,EX941,*문화표상론,A,전공선택,"2, 3, 4",2,,,일본나가사키대학,20209132,2/4,,,0,,N,,,2024,1,1학기
408010,국외교환,2024,1,EX942,"*지역사료론(구,일란교류사)",A,전공선택,"2, 3, 4",2,,,일본나가사키대학,20209132,1/4,,,0,,N,,,2024,1,1학기
408010,국외교환,2024,1,EX943,*중급일본어Ⅱ한자,A,전공선택,"2, 3, 4",1,,,일본나가사키대학,20209132,1/4,,,0,,N,,,2024,1,1학기
408010,국외교환,2024,1,EX944,*리서치기초(촬영),A,전공필수,"2, 3, 4",2,,,일본나가사키대학,20209132,1/4,,,0,,N,,,2024,1,1학기
408010,국외교환,2024,1,EX945,*다문화사회학의문제들,A,일반선택,"2, 3, 4",1,,,일본나가사키대학,20209132,1/4,,,0,,N,,,2024,1,1학기
408010,국외교환,2024,1,HX107,*중국어정독,A,전공선택,"2, 3, 4",4,,,하얼빈상업대,20209136,3/5,,,0,,N,,,2024,1,1학기
408010,국외교환,2024,1,HX108,*중국어말하기,A,전공선택,"2, 3, 4",4,,,하얼빈상업대,20209136,3/5,,,0,,N,,,2024,1,1학기
408010,국외교환,2024,1,HX343,*문화체험,A,전공선택,"2, 3, 4",2,,,목단강사범대학교,20209121,2/8,,,0,,N,,,2024,1,1학기
408010,국외교환,2024,1,HX404,*중국어작문,A,전공선택,"1, 2, 3, 4",4,,,하얼빈상업대,20209136,3/5,,,0,,N,,,2024,1,1학기
408010,국외교환,2024,1,HX414,*초급회화중국어2,A,일반선택,"2, 3, 4",3,,,북경공업대학,20209144,1/5,,,0,,N,,,2024,1,1학기
408010,국외교환,2024,1,HX439,*중국당대국정,A,교양선택,"2, 3, 4",2,,,화동사범대학,20209103,2/6,,,0,,N,,,2024,1,1학기
408010,국외교환,2024,1,HX440,*중국어작문,A,교양선택,"2, 3, 4",2,,,화동사범대학,20209103,2/6,,,0,,N,,,2024,1,1학기
408010,국외교환,2024,1,HX441,*고급중국어듣고말하기2,A,전공선택,"2, 3, 4",8,,,화동사범대학,20209103,4/8,,,0,,N,,,2024,1,1학기
408010,국외교환,2024,1,HX442,*HSK6급,A,전공선택,"2, 3, 4",2,,,화동사범대학,20209103,1/7,,,0,,N,,,2024,1,1학기
408010,국외교환,2024,1,HX443,*고급중국어읽고쓰기2,A,전공선택,"2, 3, 4",8,,,화동사범대학,20209103,4/7,,,0,,N,,,2024,1,1학기
408010,국외교환,2024,1,HX444,*언어실천4,A,교양선택,"2, 3, 4",.5,,,화동사범대학,20209103,4/8,,,0,,N,,,2024,1,1학기
408010,국외교환,2024,1,HX446,*종합중국어,A,일반선택,"2, 3, 4",4,,,하얼빈상업대,20209136,3/5,,,0,,N,,,2024,1,1학기
408010,국외교환,2024,1,HX449,*중국문화체험,A,전공선택,"2, 3, 4",2,,,하얼빈상업대,20209136,3/5,,,0,,N,,,2024,1,1학기
408010,국외교환,2024,1,HX450,*듣기,A,일반선택,"2, 3, 4",3,,,목단강사범대학교,20209121,2/8,,,0,,N,,,2024,1,1학기
408010,국외교환,2024,1,HX451,*말하기,A,전공선택,"2, 3, 4",4,,,목단강사범대학교,20209121,1/8,,,0,,N,,,2024,1,1학기
408010,국외교환,2024,1,HZ225,*일본학입문,A,전공선택,"2, 3, 4",2,,,게이센여자대학,20209124,2/6,,,0,,N,,,2024,1,1학기
408010,국외교환,2024,1,HZ702,*영어말하기,A,전공선택,"2, 3, 4",1,,,흐라데츠클라로베,20209142,1/5,,,0,,N,,,2024,1,1학기
408010,국외교환,2024,1,HZ877,*외국인을위한체코어,A,일반선택,"2, 3, 4",3,,,흐라데츠클라로베,20209142,5/6,,,0,,N,,,2024,1,1학기
408010,국외교환,2024,1,HZ884,*효과적인교수법 ,A,일반선택,"2, 3, 4",3,,,흐라데츠클라로베,20209142,1/7,,,0,,N,,,2024,1,1학기
408010,국외교환,2024,1,HZ889,*보빈레이스만들기,A,일반선택,"2, 3, 4",1,,,흐라데츠클라로베,20209142,0/5,,,0,,N,,,2024,1,1학기
408010,국외교환,2024,1,HZ912,*여가교육학,A,일반선택,"2, 3, 4",2,,,흐라데츠클라로베,20209142,3/7,,,0,,N,,,2024,1,1학기
408010,국외교환,2024,1,HZ918,*초등교사를위한영어2,A,전공선택,"3, 4",1,,,흐라데츠클라로베,20209142,3/5,,,0,,N,,,2024,1,1학기
408010,국외교환,2024,1,HZ943,*통합일본어601a,A,전공선택,"2, 3, 4",3,,,도쿄외국어대학,20209129,1/7,,,0,,N,,,2024,1,1학기
408010,국외교환,2024,1,HZ949,*비즈니스영어Ⅱ,A,전공선택,"3, 4",1,,,흐라데츠클라로베,20209142,3/6,,,0,,N,,,2024,1,1학기
408010,국외교환,2024,1,HZ950,*근대사,A,전공선택,"3, 4",2,,,흐라데츠클라로베,20209142,4/6,,,0,,N,,,2024,1,1학기
408010,국외교환,2024,1,HZ951,*초보자용독일어,A,일반선택,"3, 4",1,,,흐라데츠클라로베,20209142,1/5,,,0,,N,,,2024,1,1학기
408010,국외교환,2024,1,HZ952,*문화론2:가족과친족의인류학,A,일반선택,"3, 4",3,,,흐라데츠클라로베,20209142,1/5,,,0,,N,,,2024,1,1학기
408010,국외교환,2024,1,HZ953,*보빈레이스제작2,A,일반선택,"3, 4",1,,,흐라데츠클라로베,20209142,1/5,,,0,,N,,,2024,1,1학기
408010,국외교환,2024,1,HZ954,*전형적인스포츠경기(초등교육용),A,일반선택,"2, 3, 4",1,,,흐라데츠클라로베,20209142,2/8,,,0,,N,,,2024,1,1학기
408010,국외교환,2024,1,HZ955,*인지언어학과언어학적세계해석학개론,A,일반선택,"2, 3, 4",1,,,흐라데츠클라로베,20209142,1/7,,,0,,N,,,2024,1,1학기
408010,국외교환,2024,1,HZ956,*주류교실에서의언어와언어의개입,A,일반선택,"2, 3, 4",2,,,흐라데츠클라로베,20209142,1/8,,,0,,N,,,2024,1,1학기
408010,국외교환,2024,1,HZ957,*일본문화고급연구2,A,전공선택,"3, 4",2,,,게이센여자대학,20209124,1/6,,,0,,N,,,2024,1,1학기
408010,국외교환,2024,1,HZ958,*일본문화고급연구7,A,전공선택,"3, 4",2,,,게이센여자대학,20209124,2/6,,,0,,,,,2024,1,1학기
408010,국외교환,2024,1,HZ959,*젠더연구입문Ⅰ,A,일반선택,"3, 4",2,,,게이센여자대학,20209124,1/6,,,0,,N,,,2024,1,1학기
408010,국외교환,2024,1,HZ976,*일본어문법411,A,일반선택,"2, 3, 4",1,,,도쿄외국어대학,20209129,1/6,,,0,,N,,,2024,1,1학기
408010,국외교환,2024,1,HZ977,*일본어독해312,A,일반선택,"2, 3, 4",1,,,도쿄외국어대학,20209129,1/6,,,0,,N,,,2024,1,1학기
408010,국외교환,2024,1,HZ978,*일본어청해413,A,일반선택,"2, 3, 4",1,,,도쿄외국어대학,20209129,1/6,,,0,,N,,,2024,1,1학기
408010,국외교환,2024,1,HZ979,*일본어작문314,A,일반선택,"2, 3, 4",1,,,도쿄외국어대학,20209129,1/6,,,0,,N,,,2024,1,1학기
408010,국외교환,2024,1,HZ980,*일본어커뮤니케이션415,A,일반선택,"2, 3, 4",1,,,도쿄외국어대학,20209129,1/6,,,0,,N,,,2024,1,1학기
408010,국외교환,2024,1,HZ981,*한자901,A,전공선택,"2, 3, 4",1,,,도쿄외국어대학,20209129,1/6,,,0,,N,,,2024,1,1학기
408010,국외교환,2024,1,HZ982,*일본어입문(1),A,일반선택,"2, 3, 4",2,,,도쿄외국어대학,20209129,1/6,,,0,,N,,,2024,1,1학기
408010,국외교환,2024,1,RS101,*대학성공영어:대학독해기법,A,일반선택,"3, 4",3,,,레니슨대학교,20239901,1/6,,,0,,N,,,2024,1,1학기
408010,국외교환,2024,1,RS102,*대학성공영어:대학청해기법,A,일반선택,"3, 4",3,,,레니슨대학교,20239901,1/5,,,0,,N,,,2024,1,1학기
408010,국외교환,2024,1,RS103,*대학성공영어:대학구술기법,A,일반선택,"3, 4",3,,,레니슨대학교,20239901,1/6,,,0,,N,,,2024,1,1학기
408010,국외교환,2024,1,RS104,*대학성공영어:구술의사소통기법,A,일반선택,"3, 4",3,,,레니슨대학교,20239901,1/7,,,0,,N,,,2024,1,1학기
408010,국외교환,2024,1,RS105,*대학성공영어:대학작문기법,A,일반선택,"3, 4",3,,,레니슨대학교,20239901,1/6,,,0,,N,,,2024,1,1학기
409010,학점교류,2024,1,KH570,사회문제론,A,일반선택,"2, 3, 4",3,,,경기대,19800022,1/1,,,0,,N,,,2024,1,1학기
409010,학점교류,2024,1,KH668,평생교육방법론,A,평생교육,"2, 3, 4",3,,,경기대,19800022,1/1,,,0,,N,,,2024,1,1학기
409010,학점교류,2024,1,KM015,심리학START,A,전공선택,3,3,,,최성혜,20120196,1/1,아노덴인재학부 수강교과목 // 외부온라인,,0,,외부온라인,,,2024,1,1학기
409010,학점교류,2024,1,OC106,뮤지컬영화감상과이해,A,교양선택,"1, 2, 3, 4",3,,,"OCU컨소시엄, 류수윤",20150091,89/90,"사이버대학교(OCU)강의/교양과목/별도수강료납부(24,000원)/강의계획서는 OCU에서 확인 // 외부온라인",,0,,외부온라인,,,2024,1,1학기
409010,학점교류,2024,1,OC108,범죄와범죄심리,A,교양선택,"1, 2, 3, 4",3,,,"OCU컨소시엄, 류수윤",20150091,89/90,"사이버대학교(OCU)강의/교양과목/별도수강료납부(24,000원)/강의계획서는 OCU에서 확인 // 외부온라인",,0,,외부온라인,,,2024,1,1학기
409010,학점교류,2024,1,OC112,생활속의심리학,A,교양선택,"1, 2, 3, 4",3,,,"OCU컨소시엄, 류수윤",20150091,89/90,"사이버대학교(OCU)강의/교양과목/별도수강료납부(24,000원)/강의계획서는 OCU에서 확인 // 외부온라인",,0,,외부온라인,,,2024,1,1학기
409010,학점교류,2024,1,OC122,호신술과자기방어,A,교양선택,"1, 2, 3, 4",3,,,"OCU컨소시엄, 류수윤",20150091,53/90,"사이버대학교(OCU)강의/교양과목/별도수강료납부(24,000원)/강의계획서는 OCU에서 확인 // 외부온라인",,0,,외부온라인,,,2024,1,1학기
409010,학점교류,2024,1,OC129,TED로배우는영화속바이오테크놀로지,A,교양선택,"1, 2, 3, 4",3,,,"OCU컨소시엄, 류수윤",20150091,90/90,"사이버대학교(OCU)강의/교양과목/별도수강료납부(24,000원)/강의계획서는 OCU에서 확인 // 외부온라인",,0,,외부온라인,,,2024,1,1학기
409010,학점교류,2024,1,OC159,마음을읽어주는미술치료,A,교양선택,"1, 2, 3, 4",3,,,"OCU컨소시엄, 류수윤",20150091,90/90,"사이버대학교(OCU)강의/교양과목/별도수강료납부(24,000원)/강의계획서는 OCU에서 확인 // 외부온라인",,0,,외부온라인,,,2024,1,1학기
409010,학점교류,2024,1,OC160,식생활과건강,A,교양선택,"1, 2, 3, 4",3,,,"OCU컨소시엄, 류수윤",20150091,89/90,"사이버대학교(OCU)강의/교양과목/별도수강료납부(24,000원)/강의계획서는 OCU에서 확인 // 외부온라인",,0,,외부온라인,,,2024,1,1학기
409010,학점교류,2024,1,OC206,모두의인공지능,A,교양선택,"1, 2, 3, 4",3,,,"OCU컨소시엄, 류수윤",20150091,59/90,"사이버대학교(OCU)강의/교양과목/별도수강료납부(24,000원)/강의계획서는 OCU에서 확인 // 외부온라인",,0,,외부온라인,,,2024,1,1학기
409010,학점교류,2024,1,OC233,이야기로치유하기,A,교양선택,"1, 2, 3, 4",3,,,"OCU컨소시엄, 류수윤",20150091,90/90,"사이버대학교(OCU)강의/교양과목/별도수강료납부(24,000원)/강의계획서는 OCU에서 확인 // 외부온라인",,0,,외부온라인,,,2024,1,1학기
409010,학점교류,2024,1,OC235,나를찾는행복레슨,A,교양선택,"1, 2, 3, 4",3,,,"OCU컨소시엄, 류수윤",20150091,90/90,"사이버대학교(OCU)강의/교양과목/별도수강료납부(24,000원)/강의계획서는 OCU에서 확인 // 외부온라인",,0,,외부온라인,,,2024,1,1학기
416010,IT콘텐츠학과,2024,1,PD001,자기설계기초,A1,일반선택,"2, 3, 4",3,,,강민구,20000145,3/3,지정된 학생회 수강금지(신청시 추후 삭제),,0,,N,,,2024,1,1학기
419010,중국어문화영상융합학과,2024,1,HC224,고사성어,A,전공선택,"2, 3, 4",3,,,문미진,20190194,35/36,교내온라인 // 전공(복수포함)자 // 교내온라인,,1,,교내온라인,,,2024,1,1학기
419010,중국어문화영상융합학과,2024,1,HC294,고급중국어회화Ⅰ,A,전공선택,"2, 3, 4",3,"월요일(14:30~15:45), 수요일(14:30~15:45)","3408, 3408",PANG LI,20120123,17/30,"전공자, 복수전공자에 한해 수강허용",,1,,대면,,,2024,1,1학기
419010,중국어문화영상융합학과,2024,1,HC313,HSK5급Ⅰ,A,전공선택,"3, 4",3,"화요일(13:00~14:15), 목요일(13:00~14:15)","7107, 7107",류기수,19950013,10/30,"중국어문화영상융합학과,중국어문화학과 전공자 / 복수전공, 부전공 수강가능/ 전공(복수포함)자",,1,,대면,,,2024,1,1학기
419010,중국어문화영상융합학과,2024,1,HC419,졸업논문,A,전공필수,4,(3),,,장정해,19930050,9/30,,,1,,N,,,2024,1,1학기
419020,IT영상콘텐츠학과,2024,1,IT213,게임플랫폼실습,A,전공선택,"2, 3, 4",3,"화요일(16:00~17:15), 화요일(17:30~18:45)","18309, 18309",강명구,20230018,12/40,전공(복수포함)자,,1,,대면,,,2024,1,1학기
419020,IT영상콘텐츠학과,2024,1,IT231,IT스마트관광플랫폼,A,전공선택,"2, 3, 4",3,"목요일(16:00~17:15), 목요일(17:30~18:45)","18309, 18309",최명일,20230019,11/40,,,1,,대면,,,2024,1,1학기
419020,IT영상콘텐츠학과,2024,1,IT302,웹DB와빅데이터실습,A,전공선택,3,3,"금요일(13:00~14:15), 금요일(14:30~15:45)","18307, 18307",이경호,20220237,22/40,전공(복수포함)자,,1,,대면,,,2024,1,1학기
419020,IT영상콘텐츠학과,2024,1,IT310,스마트네트워크실습,A,전공필수,3,3,"화요일(09:30~10:45), 목요일(11:00~12:15)","18308, 18308",강민구,20000145,19/40,전공(복수포함)자,,1,,대면,,,2024,1,1학기
419020,IT영상콘텐츠학과,2024,1,IT319,IoT콘텐츠플랫폼,A,전공선택,"3, 4",3,"월요일(13:00~14:15), 수요일(13:00~14:15)","18212-1, 18212-1",서정욱,20200078,36/27,AI.SW대학-861(2024.5.10.)학과절대평가요청 // 전공(복수포함)자,,1,,대면,,,2024,1,1학기
419020,IT영상콘텐츠학과,2024,1,IT401,개인미디어실습,A,전공선택,4,3,"화요일(13:00~14:15), 화요일(14:30~15:45)","18309, 18309",강명구,20230018,27/40,전공(복수포함)자,,1,,대면,,,2024,1,1학기
419020,IT영상콘텐츠학과,2024,1,IT413,딥러닝응용,A,전공선택,"3, 4",3,"목요일(13:00~14:15), 목요일(14:30~15:45)","18307, 18307",최명일,20230019,14/40,전공(복수포함)자,,1,,대면,,,2024,1,1학기
419020,IT영상콘텐츠학과,2024,1,IT419,졸업논문,A,전공필수,4,(3),,,서정욱,20200078,4/30,마지막 학기생 수강신청 가능 // 전공(복수포함)자,,1,,N,,,2024,1,1학기
422100,신학·인문융합계열,2024,1,TH001,유럽문화와비전,A,계열공통,1,3,"목요일(16:00~17:15), 목요일(17:30~18:45)","20403, 20403","심혜경, 오동식, 전춘명",19960084,35/30,,,1,,대면,422100,신학·인문융합계열,2024,1,1학기
422100,신학·인문융합계열,2024,1,TH001,유럽문화와비전,B,계열공통,1,3,"목요일(16:00~17:15), 목요일(17:30~18:45)","20502, 20502","심혜경, 오동식, 전춘명",20100188,31/30,,,1,,대면,422100,신학·인문융합계열,2024,1,1학기
422100,신학·인문융합계열,2024,1,TH001,유럽문화와비전,C,계열공통,1,3,"목요일(16:00~17:15), 목요일(17:30~18:45)","20505, 20505","심혜경, 오동식, 전춘명",20210029,30/30,,,1,,대면,422100,신학·인문융합계열,2024,1,1학기
422100,신학·인문융합계열,2024,1,TH004,중국문화와스토리텔링,A,계열공통,1,3,"월요일(16:00~17:15), 수요일(17:30~18:45)","7107, 7107",최민성,20090008,47/45,,,1,,대면,422100,신학·인문융합계열,2024,1,1학기
422100,신학·인문융합계열,2024,1,TH004,중국문화와스토리텔링,B,계열공통,1,3,"월요일(17:30~18:45), 수요일(16:00~17:15)","7107, 7107",최민성,20090008,46/45,,,1,,대면,422100,신학·인문융합계열,2024,1,1학기
422100,신학·인문융합계열,2024,1,TH005,철학으로생각하기,A,계열공통,1,3,"월요일(17:30~18:45), 수요일(16:00~17:15)","7106, 7106",김대오,19970107,34/38,,,1,,대면,422100,신학·인문융합계열,2024,1,1학기
422100,신학·인문융합계열,2024,1,TH005,철학으로생각하기,B,계열공통,1,3,"월요일(17:30~18:45), 수요일(16:00~17:15)","20306, 20306",김희정,20080164,46/55,,,1,,대면,422100,신학·인문융합계열,2024,1,1학기
422100,신학·인문융합계열,2024,1,TH009,문학과나의만남:동시대문학읽기와쓰기,A,계열공통,1,3,"월요일(17:30~18:45), 수요일(16:00~17:15)","20308, 20308",강지희,20190189,38/35,,,1,,대면,422100,신학·인문융합계열,2024,1,1학기
422100,신학·인문융합계열,2024,1,TH009,문학과나의만남:동시대문학읽기와쓰기,B,계열공통,1,3,"월요일(16:00~17:15), 수요일(17:30~18:45)","20308, 20308",정한아,20220222,37/35,,,1,,대면,422100,신학·인문융합계열,2024,1,1학기
422100,신학·인문융합계열,2024,1,TH011,기독교와세계문명,A,계열공통,1,3,"월요일(16:00~17:15), 수요일(17:30~18:45)","18520, 18520",김주한,20080110,54/50,,,1,,대면,422100,신학·인문융합계열,2024,1,1학기
422110,K-문화예술학계열,2024,1,KA017,K-pop전공실기Ⅱ,A,전공선택,"1, 2, 3, 4",3,"월요일(14:30~15:45), 수요일(14:30~15:45)","10203, 10203",이승원,20230131,19/30,내국인/외국인 수강신청 가능,,1,,대면,,,2024,1,1학기
422140,독일어문화학,2024,1,GP202,유럽문화콘텐츠산업연구,A,학석연계,4,3,화요일(09:30~12:10),2206,전춘명,19960084,5/10,"(실수업진행:2305,15;50~18:30)학석사연계과정외 수강불가, 15명이하절대평가",,1,,대면,422140,독일어문화학,2024,1,1학기
422140,독일어문화학,2024,1,HB101,총괄세미나,A,전공필수,"1, 2, 3, 4",(1),,,전춘명,19960084,5/35,총괄세미나 행사 참석 필수,,1,,N,422140,독일어문화학,2024,1,1학기
422140,독일어문화학,2024,1,HD158,한-EU문화콘텐츠산업의이해,A,전공선택,2,3,"금요일(09:30~10:45), 금요일(11:00~12:15)","20403, 20403",전춘명,19960084,9/30,,,1,,대면,422140,독일어문화학,2024,1,1학기
422140,독일어문화학,2024,1,HD222,독일문학과영상문화,A,전공선택,2,3,"월요일(13:00~14:15), 수요일(13:00~14:15)","20403, 20403",오동식,20100188,43/30,,,1,,대면,422140,독일어문화학,2024,1,1학기
422140,독일어문화학,2024,1,HD377,독일역사와언어변화,A,전공선택,"3, 4",3,수요일(11:00~12:15),20403,전춘명,19960084,36/30,,,1,,블랜디드,422140,독일어문화학,2024,1,1학기
422140,독일어문화학,2024,1,HD417,독일어어휘의이해,A,전공선택,"3, 4",3,,,오동식,20100188,39/40,  // 교내온라인,,1,,교내온라인,422140,독일어문화학,2024,1,1학기
422140,독일어문화학,2024,1,HD419,졸업논문,A,전공필수,4,(3),,,전춘명,19960084,5/30,,,1,,N,422140,독일어문화학,2024,1,1학기
422140,독일어문화학,2024,1,HD629,독일어듣기말하기실습A2-2,A,전공선택,"3, 4",3,"화요일(16:00~17:15), 화요일(17:30~18:45)","20403, 20403",발렌틴 안더르트,20230029,7/35,,,0,,대면,422140,독일어문화학,2024,1,1학기
422140,독일어문화학,2024,1,HD649,독일역사로보는문학이야기I,A,전공선택,"3, 4",3,"월요일(14:30~15:45), 수요일(14:30~15:45)","20403, 20403",오동식,20100188,31/30,독일어문화학-186(2024.5.2.)학과절대평가요청,,1,,대면,422140,독일어문화학,2024,1,1학기
422140,독일어문화학,2024,1,HD653,문화텍스트로보는유럽의젠더,A,전공선택,3,3,화요일(14:30~15:45),20403,심혜경,20210029,28/30,,,1,,블랜디드,422140,독일어문화학,2024,1,1학기
422140,독일어문화학,2024,1,HD657,영화이해의길잡이,A,전공선택,2,3,화요일(11:00~12:15),20403,심혜경,20210029,30/30,경삼관 소극장(3423),,1,,블랜디드,422140,독일어문화학,2024,1,1학기
422140,독일어문화학,2024,1,HD658,유럽영화축제기행,A,전공선택,2,3,수요일(14:30~15:45),20502,심혜경,20210029,30/30,,,1,,블랜디드,422140,독일어문화학,2024,1,1학기
422140,독일어문화학,2024,1,HD659,영상콘텐츠제작실습2,A,전공선택,"3, 4",3,"목요일(13:00~14:15), 목요일(14:30~15:45)","18308, 18308",이혁상,20220203,15/30,개인노트북 필참,,1,,대면,422140,독일어문화학,2024,1,1학기
422140,독일어문화학,2024,1,HD662,독일어듣기말하기실습A1-0 ,A,전공선택,2,3,"월요일(11:00~12:15), 수요일(09:30~10:45)","20403, 20403",오동식,20100188,27/30,,,1,,대면,422140,독일어문화학,2024,1,1학기
422140,독일어문화학,2024,1,HD665,기본독일어실습Ⅰ,A,전공선택,2,3,화요일(13:00~14:15),20403,전춘명,19960084,38/30,,,1,,블랜디드,422140,독일어문화학,2024,1,1학기
422140,독일어문화학,2024,1,HD906,독일히든챔피언과창업,A,전공선택,2,3,,,전춘명,19960084,97/90,  // 교내온라인,,1,,교내온라인,422140,독일어문화학,2024,1,1학기
422150,영미문화학,2024,1,HE219,영문학개관,B,전공필수,2,3,"월요일(14:30~15:45), 수요일(14:30~15:45)","18101, 18101",이향미,20200051,31/35,,,1,,대면,422150,영미문화학,2024,1,1학기
422150,영미문화학,2024,1,HE264,영어문법,A,전공선택,"3, 4",3,"목요일(13:00~14:15), 목요일(14:30~15:45)","18211-1, 18211-1",홍승진,20240044,35/35,,,2,,대면,422150,영미문화학,2024,1,1학기
422150,영미문화학,2024,1,HE270,영어작문,A,전공선택,2,2,수요일(11:00~12:40),20405,LUCIER PETER,20240051,30/35,,,1,,대면,422150,영미문화학,2024,1,1학기
422150,영미문화학,2024,1,HE271,고급영어Ⅰ,A,전공선택,2,3,"월요일(13:00~14:15), 수요일(13:00~14:15)","20405, 20405",박미선,20090009,34/35,,,1,,대면,422150,영미문화학,2024,1,1학기
422150,영미문화학,2024,1,HE274,영어토론,A,전공선택,"3, 4",3,"화요일(11:00~12:15), 목요일(09:30~10:45)","20405, 20405",LUCIER PETER,20240051,12/35,,,1,,대면,422150,영미문화학,2024,1,1학기
422150,영미문화학,2024,1,HE275,영미문화의이해,A,전공필수,2,3,"화요일(16:00~17:15), 화요일(17:30~18:45)","20405, 20405",이향미,20200051,20/35,,,1,,대면,422150,영미문화학,2024,1,1학기
422150,영미문화학,2024,1,HE275,영미문화의이해,B,전공필수,2,3,"화요일(13:00~14:15), 화요일(14:30~15:45)","18211-1, 18211-1",정선아,20220173,34/35,,,1,,대면,422150,영미문화학,2024,1,1학기
422150,영미문화학,2024,1,HE276,영어회화실습,A,전공선택,2,2,"화요일(09:30~10:45), 목요일(11:00~12:15)","20405, 20405",LUCIER PETER,20240051,14/35,,,1,,대면,422150,영미문화학,2024,1,1학기
422150,영미문화학,2024,1,HE313,근대영문학,A,전공선택,"3, 4",3,"화요일(16:00~17:15), 화요일(17:30~18:45)","18211-1, 18211-1",정선아,20220173,10/40,,,1,,대면,422150,영미문화학,2024,1,1학기
422150,영미문화학,2024,1,HE314,현대영미소설,A,전공선택,"3, 4",3,"월요일(13:00~14:15), 수요일(13:00~14:15)","18101, 18101",이향미,20200051,33/35,,,1,,대면,422150,영미문화학,2024,1,1학기
422150,영미문화학,2024,1,HE315,영어연설강독및실습,A,전공선택,2,3,"월요일(11:00~12:15), 수요일(09:30~10:45)","20405, 20405",박미선,20090009,20/35,영미문화학-215(2024.4.30.)절대평가요청,,1,,대면,422150,영미문화학,2024,1,1학기
422150,영미문화학,2024,1,HE332,현대영미시,A,전공선택,"3, 4",3,"화요일(13:00~14:15), 화요일(14:30~15:45)","20405, 20405",서강목,20240061,28/35,,,1,,대면,422150,영미문화학,2024,1,1학기
422150,영미문화학,2024,1,HE358,영어통사론,A,전공선택,"3, 4",3,"목요일(16:00~17:15), 목요일(17:30~18:45)","18211-1, 18211-1",홍승진,20240044,17/35,,,2,,대면,422150,영미문화학,2024,1,1학기
422150,영미문화학,2024,1,HE412,졸업논문,A,전공필수,4,(3),,,김지혜,20210073,14/40,,,1,,N,422150,영미문화학,2024,1,1학기
422150,영미문화학,2024,1,HE435,영문학특강,A,전공선택,"3, 4",3,"월요일(16:00~17:15), 수요일(17:30~18:45)","18212-1, 18212-1",김지혜,20210073,21/35,,,1,,대면,422150,영미문화학,2024,1,1학기
422150,영미문화학,2024,1,HE440,현대영미희곡,A,전공선택,"3, 4",3,"월요일(14:30~15:45), 수요일(14:30~15:45)","18212-1, 18212-1",김지혜,20210073,31/40,,,1,,대면,422150,영미문화학,2024,1,1학기
422160,문예창작학,2024,1,HW228,현대소설연구,A,전공선택,2,3,"월요일(16:00~17:15), 수요일(17:30~18:45)","20401, 20401",백수린,20240068,30/25,전공(복수포함)자,,1,,대면,422160,문예창작학,2024,1,1학기
422160,문예창작학,2024,1,HW238,동시대시강독Ⅰ,A,전공선택,2,3,"화요일(09:30~10:45), 목요일(11:00~12:15)","20308, 20308",임지은,20230052,27/25,전공(복수포함)자,,1,,대면,422160,문예창작학,2024,1,1학기
422160,문예창작학,2024,1,HW240,서사학입문,A,전공선택,2,3,"금요일(13:00~14:15), 금요일(14:30~15:45)","20308, 20308",이은선,20230051,27/27,전공(복수포함)자,,1,,대면,422160,문예창작학,2024,1,1학기
422160,문예창작학,2024,1,HW243,드라마작법Ⅰ,A,전공선택,2,3,"목요일(16:00~17:15), 목요일(17:30~18:45)","20308, 20308",김민수,20240009,16/25,문예창작학 2학년 학생만 수강. // 전공(복수포함)자,,1,,대면,422160,문예창작학,2024,1,1학기
422160,문예창작학,2024,1,HW301,시창작실습Ⅰ,A,전공선택,2,3,"화요일(11:00~12:15), 목요일(09:30~10:45)","20308, 20308",임지은,20230052,26/25,전공(복수포함)자,,1,,대면,422160,문예창작학,2024,1,1학기
422160,문예창작학,2024,1,HW302,소설창작실습Ⅰ,A,전공선택,2,3,"월요일(09:30~10:45), 수요일(11:00~12:15)","20308, 20308",이미선,20220154,25/25,전공(복수포함)자,,1,,대면,422160,문예창작학,2024,1,1학기
422160,문예창작학,2024,1,HW328,아동문학창작실습Ⅰ,A,전공선택,3,3,"화요일(13:00~14:15), 화요일(14:30~15:45)","20308, 20308",류재향,20240010,30/25,전공(복수포함)자,,1,,대면,422160,문예창작학,2024,1,1학기
422160,문예창작학,2024,1,HW332,드라마창작의기초-영화,A,전공선택,3,3,"금요일(16:00~17:15), 금요일(17:30~18:45)","20308, 20308",이은선,20230051,26/25,전공(복수포함)자,,1,,대면,422160,문예창작학,2024,1,1학기
422160,문예창작학,2024,1,HW337,시창작특강Ⅰ,A,전공선택,3,3,"월요일(17:30~18:45), 수요일(16:00~17:15)","20401, 20401",정한아,20220222,26/25,전공(복수포함)자,,1,,대면,422160,문예창작학,2024,1,1학기
422160,문예창작학,2024,1,HW340,아동문학작품연구,A,전공선택,3,3,"화요일(16:00~17:15), 화요일(17:30~18:45)","20308, 20308",류재향,20240010,34/25,전공(복수포함)자,,1,,대면,422160,문예창작학,2024,1,1학기
422160,문예창작학,2024,1,HW402,소설창작실습Ⅲ,A,전공선택,3,3,"월요일(11:00~12:15), 수요일(09:30~10:45)","20308, 20308",이미선,20220154,20/25,전공(복수포함)자,,1,,대면,422160,문예창작학,2024,1,1학기
422160,문예창작학,2024,1,HW405,비평이론,A,전공선택,4,3,"월요일(14:30~15:45), 수요일(14:30~15:45)","20308, 20308",강지희,20190189,23/25,전공(복수포함)자,,1,,대면,422160,문예창작학,2024,1,1학기
422160,문예창작학,2024,1,HW418,소설창작특강Ⅱ,A,전공선택,4,3,"월요일(13:00~14:15), 수요일(13:00~14:15)","20308, 20308",백수린,20240068,25/25,전공(복수포함)자,,1,,대면,422160,문예창작학,2024,1,1학기
422160,문예창작학,2024,1,HW419,졸업논문,A,전공필수,4,(3),,,강지희,20190189,13/40,전공(복수포함)자,,1,,N,422160,문예창작학,2024,1,1학기
422170,한국어문학,2024,1,HK105,한국문학개론,A,전공선택,2,3,"금요일(09:30~10:45), 금요일(11:00~12:15)","20401, 20401",유형동,20220034,20/38,,,1,,대면,422170,한국어문학,2024,1,1학기
422170,한국어문학,2024,1,HK105,한국문학개론,B,전공선택,2,3,"목요일(13:00~14:15), 목요일(14:30~15:45)","20401, 20401",유형동,20220034,13/38,외국인전용반,,1,,대면,422170,한국어문학,2024,1,1학기
422170,한국어문학,2024,1,HK241,중세국어강독,A,전공선택,3,3,"목요일(13:00~14:15), 목요일(14:30~15:45)","20308, 20308",김수영,20220221,29/38,,,1,,대면,422170,한국어문학,2024,1,1학기
422170,한국어문학,2024,1,HK273,국어국문학현장답사2,A,전공선택,"3, 4",1,화요일(11:00~12:40),20401,심동수,20220209,18/38,,,2,,대면,422170,한국어문학,2024,1,1학기
422170,한국어문학,2024,1,HK274,한국어음운의이해,A,전공선택,2,3,"화요일(11:00~12:15), 목요일(09:30~10:45)","3203, 3203",김수영,20220221,31/45,,,1,,대면,422170,한국어문학,2024,1,1학기
422170,한국어문학,2024,1,HK275,한국어통사의이해,A,전공선택,2,3,"월요일(13:00~14:15), 수요일(13:00~14:15)","3203, 3203",김지혜,20230138,45/45,,,1,,대면,422170,한국어문학,2024,1,1학기
422170,한국어문학,2024,1,HK276,현대소설탐구,A,전공선택,2,3,"화요일(13:00~14:15), 화요일(14:30~15:45)","20401, 20401",심동수,20220209,22/38,,,1,,대면,422170,한국어문학,2024,1,1학기
422170,한국어문학,2024,1,HK277,고전시가탐구 ,A,전공선택,2,3,"화요일(16:00~17:15), 화요일(17:30~18:45)","3321, 3321",김혜진,20230041,35/38,,,1,,대면,422170,한국어문학,2024,1,1학기
422170,한국어문학,2024,1,HK320,한국어사전의이해,A,전공선택,"3, 4",3,"월요일(14:30~15:45), 수요일(14:30~15:45)","20301, 20301",김지혜,20230138,29/38,,,1,,대면,422170,한국어문학,2024,1,1학기
422170,한국어문학,2024,1,HK334,현대시인론,A,전공선택,3,3,"월요일(11:00~12:15), 수요일(09:30~10:45)","3506, 3506",유문선,19950014,24/38,,,1,,대면,422170,한국어문학,2024,1,1학기
422170,한국어문학,2024,1,HK360,한국한문학의이해,A,전공필수,3,3,"월요일(13:00~14:15), 수요일(13:00~14:15)","3308, 3308",하지영,20220038,20/45,,,1,,대면,422170,한국어문학,2024,1,1학기
422170,한국어문학,2024,1,HK360,한국한문학의이해,B,전공필수,3,3,"월요일(14:30~15:45), 수요일(14:30~15:45)","3308, 3308",하지영,20220038,9/45,외국인학생 전용 수업,,1,,대면,422170,한국어문학,2024,1,1학기
422170,한국어문학,2024,1,HK381,한국민속의이해,A,전공선택,"3, 4",3,"화요일(09:30~10:45), 목요일(11:00~12:15)","20306, 20306",유형동,20220034,38/38,,,1,,대면,422170,한국어문학,2024,1,1학기
422170,한국어문학,2024,1,HK419,졸업논문,A,전공필수,4,(3),,,유형동,20220034,41/60,,,1,,N,422170,한국어문학,2024,1,1학기
422170,한국어문학,2024,1,HK440,논문연습,A,전공선택,4,3,"화요일(13:00~14:15), 화요일(14:30~15:45)","3407, 3407",유문선,19950014,20/45,한국어문학-106(2024.4.25.)학과절대평가요청,,1,,대면,422170,한국어문학,2024,1,1학기
422170,한국어문학,2024,1,HK516,현대산문강독,A,전공선택,"3, 4",3,"화요일(16:00~17:15), 화요일(17:30~18:45)","20401, 20401",심동수,20220209,18/45,,,1,,대면,422170,한국어문학,2024,1,1학기
422170,한국어문학,2024,1,HK521,한국문학과테마,A,전공선택,"3, 4",3,"월요일(09:30~10:45), 수요일(11:00~12:15)","3506, 3506",유문선,19950014,40/48,,,1,,대면,422170,한국어문학,2024,1,1학기
422180,한국사학,2024,1,HH116,한국사학입문,A,전공필수,2,3,"월요일(16:00~17:15), 수요일(17:30~18:45)","20402, 20402",정무용,20230010,45/50,,,1,,대면,422180,한국사학,2024,1,1학기
422180,한국사학,2024,1,HH205,관광고고학,A,전공선택,"2, 3, 4",3,"월요일(17:30~18:45), 수요일(16:00~17:15)","20402, 20402",이형원,20210030,18/50,,,1,,대면,422180,한국사학,2024,1,1학기
422180,한국사학,2024,1,HH263,고고학입문,A,전공필수,"2, 3",3,"월요일(09:30~10:45), 수요일(11:00~12:15)","20402, 20402",이형원,20210030,41/50,,,1,,대면,422180,한국사학,2024,1,1학기
422180,한국사학,2024,1,HH272,기록학입문,A,전공필수,2,3,"월요일(11:00~12:15), 수요일(09:30~10:45)","20402, 20402",이영남,20170017,50/50,,,1,,대면,422180,한국사학,2024,1,1학기
422180,한국사학,2024,1,HH303,아카이브와콘텐츠,A,전공선택,"2, 3, 4",3,"목요일(13:00~14:15), 목요일(14:30~15:45)","20402, 20402",조민지,20220174,27/60,,,1,,대면,422180,한국사학,2024,1,1학기
422180,한국사학,2024,1,HH304,서양사특강,A,전공선택,3,3,"금요일(09:30~10:45), 금요일(11:00~12:15)","18212, 18212",이시연,20220138,28/60,,,1,,대면,422180,한국사학,2024,1,1학기
422180,한국사학,2024,1,HH344,한국사특강Ⅰ,A,전공선택,"2, 3",3,"목요일(16:00~17:15), 목요일(17:30~18:45)","20402, 20402",이미선,20220247,37/50,,,1,,대면,422180,한국사학,2024,1,1학기
422180,한국사학,2024,1,HH390,동아시아근현대사,A,전공선택,"3, 4",3,"목요일(13:00~14:15), 목요일(14:30~15:45)","18211, 18211",안건호,20220208,59/60,,,1,,대면,422180,한국사학,2024,1,1학기
422180,한국사학,2024,1,HH393,고고학이론과방법론,A,전공선택,3,3,"화요일(13:00~14:15), 화요일(14:30~15:45)","20402, 20402",김한상,20240045,28/50,,,1,,대면,422180,한국사학,2024,1,1학기
422180,한국사학,2024,1,HH401,임상역사,A,전공선택,"3, 4",3,"화요일(16:00~17:15), 화요일(17:30~18:45)","20402, 20402",이영남,20170017,32/50,,,1,,대면,422180,한국사학,2024,1,1학기
422180,한국사학,2024,1,HH403,문화유산과박물관전시,A,전공선택,"1, 2, 3, 4",3,"금요일(16:00~17:15), 금요일(17:30~18:45)","20402, 20402",박현욱,20230115,7/50,,,1,,대면,422180,한국사학,2024,1,1학기
422180,한국사학,2024,1,HH406,한국사사료읽기1,A,전공필수,2,2,"화요일(09:30~10:45), 목요일(11:00~12:15)","20402, 20402",정해득,20140042,14/50,"홀수 학번 신청, 변동을 원할 경우 담당 교수 확인 필요.",,1,,대면,422180,한국사학,2024,1,1학기
422180,한국사학,2024,1,HH406,한국사사료읽기1,B,전공필수,2,2,"화요일(11:00~12:15), 목요일(09:30~10:45)","20402, 20402",정해득,20140042,21/50,"짝수 학번 신청, 변동을 원할 경우 담당 교수 확인 필요.",,1,,대면,422180,한국사학,2024,1,1학기
422180,한국사학,2024,1,HH411,졸업논문,A,전공필수,4,(3),,,이형원,20210030,23/60,,,1,,N,422180,한국사학,2024,1,1학기
422180,한국사학,2024,1,HH463,한국사논문연습,A,전공선택,4,3,"월요일(13:00~14:15), 수요일(13:00~14:15)","20402, 20402","이영남, 이형원, 정무용",20210030,33/50,"구) 한국사연습 수강자 신청 불가, 7학기 이상자 수강 가능 / 분리 운영, 한국사학-276(2024.4.25)절대평가요청 // 전공(복수포함)자",,1,,대면,422180,한국사학,2024,1,1학기
422180,한국사학,2024,1,HH466,학술답사C,A,전공필수,3,1,금요일(14:30~15:20),20402,정무용,20230010,39/50,"구) 학술답사Ⅳ 수강자 신청 불가, 학술답사Ⅳ와 같음",,1,,대면,422180,한국사학,2024,1,1학기
422180,한국사학,2024,1,HH470,학술답사A,A,전공필수,2,.5,금요일(13:00~13:50),20402,이형원,20210030,31/50,"구) 학술답사Ⅱ 수강자 신청 불가, 학술답사Ⅱ와 같음",,1,,대면,422180,한국사학,2024,1,1학기
422190,중국어문화콘텐츠학,2024,1,DC164,현대중국사회와문화,A,전공선택,2,3,"월요일(14:30~15:45), 수요일(14:30~15:45)","18110, 18110",김남희,20200038,17/30,중국어문화콘텐츠학 / 한중문화콘텐츠학과 전공(복수포함)자,,1,,대면,422190,중국어문화콘텐츠학,2024,1,1학기
422190,중국어문화콘텐츠학,2024,1,DC456,사랑과중국문학,A,전공선택,2,3,,,김용표,20190301,53/60,중국어문화콘텐츠학 / 한중문화콘텐츠학과 전공(복수포함)자 // 교내온라인,,1,,교내온라인,422190,중국어문화콘텐츠학,2024,1,1학기
422190,중국어문화콘텐츠학,2024,1,DC462,중국고전과스토리텔링,A,전공선택,2,3,"월요일(13:00~14:15), 수요일(13:00~14:15)","18110, 18110",최민성,20090008,20/30,중국어문화콘텐츠학 / 한중문화콘텐츠학과 전공(복수포함)자,,1,,대면,422190,중국어문화콘텐츠학,2024,1,1학기
422190,중국어문화콘텐츠학,2024,1,DC603,한중콘텐츠스토리텔링,A,전공선택,2,3,"화요일(11:00~12:15), 목요일(09:30~10:45)","18110, 18110",송주현,20130175,26/30,중국어문화콘텐츠학 / 한중문화콘텐츠학과 전공(복수포함)자,,1,,대면,422190,중국어문화콘텐츠학,2024,1,1학기
422190,중국어문화콘텐츠학,2024,1,DC607,전공중국어Ⅰ,A,전공선택,2,3,"월요일(17:30~18:45), 수요일(16:00~17:15)","18110, 18110",김남희,20200038,13/30,중국어문화콘텐츠학 / 한중문화콘텐츠학과 전공(복수포함)자,,1,,대면,422190,중국어문화콘텐츠학,2024,1,1학기
422190,중국어문화콘텐츠학,2024,1,HC216,HSK4급Ⅰ,A,전공선택,"2, 3, 4",3,"월요일(13:00~14:15), 수요일(13:00~14:15)","7107, 7107",장정해,19930050,14/30,"전공자(복수포함)에 한해 수강 허용( 중국체류 및 교환학생 6개월 이상 / 新HSK 5급 이상/ 재수강생을 제외한 중문과, 중국학과 3학년 이상, 복수전공 4학년 이상 학생은 수강을 불허함)",,1,,대면,422190,중국어문화콘텐츠학,2024,1,1학기
422190,중국어문화콘텐츠학,2024,1,HC216,HSK4급Ⅰ,C,전공선택,"2, 3, 4",3,목요일(11:00~12:15),7107,장정해,19930050,6/30,외국인 학생만 수강신청 가능,,1,,블랜디드,422190,중국어문화콘텐츠학,2024,1,1학기
422190,중국어문화콘텐츠학,2024,1,HC293,중국문화의이해Ⅰ,A,전공선택,"2, 3, 4",3,목요일(13:00~14:15),7203,장정해,19930050,20/40,"전공자, 복수전공자에 한해 수강허용/화(온라인 동영상), 목(대면)",,1,,블랜디드,422190,중국어문화콘텐츠학,2024,1,1학기
422190,중국어문화콘텐츠학,2024,1,HC296,HSK실습Ⅰ,A,전공선택,"2, 3, 4",3,수요일(16:00~17:15),7103,진연,20230038,21/40,중국어문화콘텐츠학 / 중국어문화영상융합학과 전공(복수포함)자,,1,,블랜디드,422190,중국어문화콘텐츠학,2024,1,1학기
422190,중국어문화콘텐츠학,2024,1,HC396,글로벌비즈니스예절,A,전공선택,"2, 3, 4",3,,,문미진,20190194,41/40,"교내온라인 /중국어문화콘텐츠학, 중국어문화영상융합학과(복수전공, 부전공)에 한하여 수강 가능/ P/NP // 전공(복수포함)자 // 교내온라인",,1,,교내온라인,422190,중국어문화콘텐츠학,2024,1,1학기
422190,중국어문화콘텐츠학,2024,1,HC540,무역중국어,A,전공선택,"2, 3, 4",3,"목요일(16:00~17:15), 목요일(17:30~18:45)","7107, 7107",진연,20230038,7/38,중국어문화콘텐츠학 / 중국어문화영상융합학과 전공(복수포함)자,,1,,대면,422190,중국어문화콘텐츠학,2024,1,1학기
422190,중국어문화콘텐츠학,2024,1,HC548,중국어문법,A,전공선택,"2, 3, 4",3,"화요일(16:00~17:15), 화요일(17:30~18:45)","7107, 7107",문미진,20190194,22/40,중국어문화콘텐츠학 / 중국어문화영상융합학과 전공(복수포함)자 // 전공(복수포함)자,,1,,대면,422190,중국어문화콘텐츠학,2024,1,1학기
422190,중국어문화콘텐츠학,2024,1,HC548,중국어문법,B,전공선택,"2, 3, 4",3,"월요일(09:30~10:45), 수요일(11:00~12:15)","7107, 7107",문미진,20190194,6/30,외국인 학생만 수강신청 가능,,1,,대면,422190,중국어문화콘텐츠학,2024,1,1학기
422190,중국어문화콘텐츠학,2024,1,HC591,초급중국어회화Ⅰ,A,전공선택,2,3,"화요일(14:30~15:45), 목요일(14:30~15:45)","7107, 7107",류기수,19950013,33/40,"중국어문화콘텐츠학 전공생 (2학년) ,복수전공 희망자의 경우 수강가능, 중문콘-169(2024.4.26)절대평가요청",,1,,대면,422190,중국어문화콘텐츠학,2024,1,1학기
422200,디지털영상문화콘텐츠학,2024,1,DV101,문화콘텐츠학,A,전공필수,2,3,"월요일(11:00~12:15), 수요일(09:30~10:45)","18105, 18105",이종현,20230011,34/50,디영문콘/디문콘/영상문화 소속 전공자에 한함 / 복수전공자 및 타과생 수강금지 / 문화콘텐츠학입문(DR101) 수강생 수강금지 // 전공(복수포함)자,,1,,대면,422200,디지털영상문화콘텐츠학,2024,1,1학기
422200,디지털영상문화콘텐츠학,2024,1,DV101,문화콘텐츠학,B,전공필수,2,3,"화요일(13:00~14:15), 화요일(14:30~15:45)","18105, 18105",박민하,20220207,54/55,디영문콘/디문콘/영상문화 복수전공자 및 타과생 수강 / 문화콘텐츠학입문(DR101) 수강생 수강금지,,1,,대면,422200,디지털영상문화콘텐츠학,2024,1,1학기
422200,디지털영상문화콘텐츠학,2024,1,DV101,문화콘텐츠학,C,전공필수,2,3,"월요일(11:00~12:15), 수요일(09:30~10:45)","18211, 18211",김윤성,20060020,17/30,외국인 전용 강좌. 한국인 수강금지,,1,,대면,422200,디지털영상문화콘텐츠학,2024,1,1학기
422200,디지털영상문화콘텐츠학,2024,1,DV102,영상문화학,A,전공필수,2,3,"월요일(13:00~14:15), 수요일(13:00~14:15)","18105, 18105",김윤성,20060020,39/50,디영문콘/디문콘/영상문화 소속 전공자에 한함 / 복수전공자 및 타과생 수강금지 / 영상문화학입문(HM101) 수강생 수강금지  // 전공(복수포함)자,,1,,대면,422200,디지털영상문화콘텐츠학,2024,1,1학기
422200,디지털영상문화콘텐츠학,2024,1,DV102,영상문화학,B,전공필수,2,3,"화요일(16:00~17:15), 화요일(17:30~18:45)","18105, 18105",김윤성,20060020,50/50,"디영문콘,디문콘,영상문화 복수전공자 및 타과생 수강 / 영상문화학입문(HM101) 수강생 수강금지",,1,,대면,422200,디지털영상문화콘텐츠학,2024,1,1학기
422200,디지털영상문화콘텐츠학,2024,1,DV102,영상문화학,C,전공필수,2,3,"월요일(13:00~14:15), 수요일(13:00~14:15)","18310, 18310",신광철,19960087,13/30,외국인 전용 강좌. 한국인 수강금지,,1,,대면,422200,디지털영상문화콘텐츠학,2024,1,1학기
422200,디지털영상문화콘텐츠학,2024,1,DV206,영화학,A,전공선택,2,3,"목요일(13:00~14:15), 목요일(14:30~15:45)","18420, 18420",박미영,20220146,71/60,영화학개론(HM203) 수강생 수강금지,,1,,대면,422200,디지털영상문화콘텐츠학,2024,1,1학기
422200,디지털영상문화콘텐츠학,2024,1,DV207,한류와문화콘텐츠,A,전공선택,2,3,"금요일(09:30~10:45), 금요일(11:00~12:15)","18105, 18105",장해라,20220136,58/60,,,1,,대면,422200,디지털영상문화콘텐츠학,2024,1,1학기
422200,디지털영상문화콘텐츠학,2024,1,DV209,영화제탐사1,A,전공선택,2,2,화요일(11:00~12:40),18105,이종현,20230011,33/50,P/NP. 디영문콘/디문콘/영상문화 전공자(한국인) 신청. 타과생 수강금지 // 전공(복수포함)자,,1,,대면,422200,디지털영상문화콘텐츠학,2024,1,1학기
422200,디지털영상문화콘텐츠학,2024,1,DV209,영화제탐사1,B,전공선택,2,2,화요일(11:00~12:40),18212,김윤성,20060020,27/50,P/NP. 디영문콘/디문콘/영상문화 전공자(외국인) 및 복수전공자 신청. 타과생 수강금지 // 전공(복수포함)자,,1,,대면,422200,디지털영상문화콘텐츠학,2024,1,1학기
422200,디지털영상문화콘텐츠학,2024,1,DV214,공연예술콘텐츠분석및기획실습,A,전공선택,2,3,"월요일(16:00~17:15), 수요일(17:30~18:45)","18105, 18105",이종현,20230011,28/40,"디영문콘/디문콘/영상문화 전공자(복수포함)자에 한함,디영문콘-521(2024.4.25.)절대평가요청 // 전공(복수포함)자",,1,,대면,422200,디지털영상문화콘텐츠학,2024,1,1학기
422200,디지털영상문화콘텐츠학,2024,1,DV235,"K-pop의과거,현재,미래",A,전공선택,2,3,"월요일(14:30~15:45), 수요일(14:30~15:45)","18212, 18212",신광철,19960087,76/40,,,1,,대면,422200,디지털영상문화콘텐츠학,2024,1,1학기
422200,디지털영상문화콘텐츠학,2024,1,DV301,문화콘텐츠비즈니스의이론과실제,A,전공선택,3,3,"화요일(13:00~14:15), 화요일(14:30~15:45)","18519, 18519",배현주,20220205,54/60,,,1,,대면,422200,디지털영상문화콘텐츠학,2024,1,1학기
422200,디지털영상문화콘텐츠학,2024,1,DV302,테마공간스토리텔링,A,전공선택,3,3,"금요일(13:00~14:15), 금요일(14:30~15:45)","18105, 18105",장해라,20220136,40/60,,,1,,대면,422200,디지털영상문화콘텐츠학,2024,1,1학기
422200,디지털영상문화콘텐츠학,2024,1,DV303,다큐멘터리분석및제작워크숍,A,전공선택,3,3,"목요일(13:00~14:15), 목요일(14:30~15:45)","18105, 18105",신정아,20240040,20/40,디영문콘/디문콘/영상문화 전공자(복수포함)자에 한함 / 다큐멘터리만들기(DR211) 수강생 수강금지 // 전공(복수포함)자,,1,,대면,422200,디지털영상문화콘텐츠학,2024,1,1학기
422200,디지털영상문화콘텐츠학,2024,1,DV304,방송영상콘텐츠분석및제작워크숍,A,전공선택,3,3,"목요일(16:00~17:15), 목요일(17:30~18:45)","18105, 18105",신정아,20240040,39/40,디영문콘/디문콘/영상문화 전공자(복수포함)자에 한함 / 방송영상콘텐츠분석및제작실습(HM215) 수강생 수강금지 // 전공(복수포함)자,,1,,대면,422200,디지털영상문화콘텐츠학,2024,1,1학기
422200,디지털영상문화콘텐츠학,2024,1,DV307,지역문화콘텐츠디자인,A,전공선택,3,3,"화요일(16:00~17:15), 화요일(17:30~18:45)","18212, 18212",박민하,20220207,30/40,디영문콘/디문콘/영상문화 전공자(복수포함)자에 한함 // 전공(복수포함)자,,1,,대면,422200,디지털영상문화콘텐츠학,2024,1,1학기
422200,디지털영상문화콘텐츠학,2024,1,DV310,글로벌문화콘텐츠인프라탐사Ⅱ,A,전공선택,3,2,수요일(11:00~12:40),18105,신광철,19960087,32/40,디영문콘/디문콘/영상문화 소속 전공자에 한함 / 복수전공자 및 타과생 수강금지 // 전공(복수포함)자,,1,,대면,422200,디지털영상문화콘텐츠학,2024,1,1학기
422200,디지털영상문화콘텐츠학,2024,1,DV402,문화콘텐츠조사연구의이론과실제,A,전공선택,4,3,"월요일(14:30~15:45), 수요일(14:30~15:45)","18310, 18310",이종현,20230011,18/40,디영문콘/디문콘/영상문화 전공자(복수포함)자에 한함 // 전공(복수포함)자,,1,,대면,422200,디지털영상문화콘텐츠학,2024,1,1학기
422200,디지털영상문화콘텐츠학,2024,1,DV419,졸업논문,A,전공필수,4,(3),,,김윤성,20060020,12/50,전공(복수포함)자,,1,,N,422200,디지털영상문화콘텐츠학,2024,1,1학기
423100,경제통상·국제지역계열,2024,1,EN001,경제학의기초,A,계열공통,1,3,"목요일(16:00~17:15), 목요일(17:30~18:45)","20301, 20301",성락선,19960085,49/50,경제통상·국제지역계열 1학년만 수강,,1,,대면,423100,경제통상·국제지역계열,2024,1,1학기
423100,경제통상·국제지역계열,2024,1,EN001,경제학의기초,B,계열공통,1,3,"화요일(16:00~17:15), 화요일(17:30~18:45)","20301, 20301",정동진,20230116,54/55,경제통상·국제지역계열 1학년만 수강,,1,,대면,423100,경제통상·국제지역계열,2024,1,1학기
423100,경제통상·국제지역계열,2024,1,EN003,국제지역의이해,A,계열공통,1,3,"월요일(16:00~17:15), 수요일(17:30~18:45)","7103, 7103",오미정,20100011,53/50,경제통상·국제지역계열 1학년만 수강(일본학),,1,,대면,423100,경제통상·국제지역계열,2024,1,1학기
423100,경제통상·국제지역계열,2024,1,EN003,국제지역의이해,B,계열공통,1,3,"화요일(09:30~10:45), 목요일(11:00~12:15)","20501, 20501",이일영,19970044,44/50,경제통상·국제지역계열 1학년만 수강(중국학),,1,,대면,423100,경제통상·국제지역계열,2024,1,1학기
423100,경제통상·국제지역계열,2024,1,EN005,외국어기초Ⅰ,A,계열공통,1,3,"화요일(16:00~17:15), 화요일(17:30~18:45)","7103, 7103",나카무라 모모코,20200012,30/30,경제통상·국제지역계열 1학년만 수강(일본학),,1,,대면,423100,경제통상·국제지역계열,2024,1,1학기
423100,경제통상·국제지역계열,2024,1,EN005,외국어기초Ⅰ,B,계열공통,1,3,"목요일(16:00~17:15), 목요일(17:30~18:45)","7103, 7103",나카무라 모모코,20200012,30/30,경제통상·국제지역계열 1학년만 수강(일본학),,1,,대면,423100,경제통상·국제지역계열,2024,1,1학기
423100,경제통상·국제지역계열,2024,1,EN005,외국어기초Ⅰ,C,계열공통,1,3,"월요일(16:00~17:15), 수요일(17:30~18:45)","20501, 20501",황선미,20190193,35/40,경제통상·국제지역계열 1학년만 수강(중국학),,1,,대면,423100,경제통상·국제지역계열,2024,1,1학기
423100,경제통상·국제지역계열,2024,1,EN005,외국어기초Ⅰ,D,계열공통,1,3,"월요일(17:30~18:45), 수요일(16:00~17:15)","20501, 20501",황선미,20190193,19/40,경제통상·국제지역계열 1학년만 수강(중국학),,1,,대면,423100,경제통상·국제지역계열,2024,1,1학기
423110,중국학,2024,1,HN216,중국정치개론,A,전공필수,2,3,"월요일(11:00~12:15), 수요일(09:30~10:45)","20501, 20501",유은하,20190136,19/50,,,1,,대면,423110,중국학,2024,1,1학기
423110,중국학,2024,1,HN217,중국문화개론,A,전공선택,2,3,"목요일(16:00~17:15), 목요일(17:30~18:45)","20501, 20501",이성현,20240019,25/50,,,1,,대면,423110,중국학,2024,1,1학기
423110,중국학,2024,1,HN241,지역연구워크숍Ⅰ,A,전공선택,"2, 3, 4",2,화요일(11:00~12:40),20501,"김도희, 이일영",20050055,14/30,,,1,,대면,423110,중국학,2024,1,1학기
423110,중국학,2024,1,HN241,지역연구워크숍Ⅰ,B,전공선택,"2, 3, 4",2,화요일(11:00~12:40),20301,"김도희, 황선미",20190193,14/30,,,1,,대면,423110,중국학,2024,1,1학기
423110,중국학,2024,1,HN266,중국어실습Ⅰ,A,전공선택,2,3,"화요일(13:00~14:15), 목요일(13:00~14:15)","20501, 20501",황선미,20190193,15/30,,,1,,대면,423110,중국학,2024,1,1학기
423110,중국학,2024,1,HN268,중국어회화Ⅰ,A,전공선택,2,3,"월요일(13:00~14:15), 수요일(13:00~14:15)","20501, 20501",김도희,20050055,18/30,중국학-193(2024.5.8.)학과절대평가요청,,1,,대면,423110,중국학,2024,1,1학기
423110,중국학,2024,1,HN370,집중중국어실습,A,전공선택,"3, 4",3,"월요일(13:00~14:15), 수요일(13:00~14:15)","20502, 20502",황선미,20190193,10/38,,,1,,대면,423110,중국학,2024,1,1학기
423110,중국학,2024,1,HN390,중국역사스토리텔링,A,전공선택,"3, 4",3,"월요일(14:30~15:45), 수요일(14:30~15:45)","20501, 20501",황선미,20190193,25/35,,,1,,대면,423110,중국학,2024,1,1학기
423110,중국학,2024,1,HN419,졸업논문,A,전공필수,4,(3),,,김도희,20050055,11/50,,,0,,N,423110,중국학,2024,1,1학기
423120,일본학,2024,1,HJ115,일본사첫걸음,A,전공선택,2,3,"월요일(13:00~14:15), 수요일(13:00~14:15)","18420-1, 18420-1",함예재,20240011,30/30,,,1,,대면,423120,일본학,2024,1,1학기
423120,일본학,2024,1,HJ128,초급일본어회화1,A,전공선택,2,2,"화요일(09:30~10:45), 목요일(11:00~12:15)","7103, 7103",도키와유코,20190237,18/30,,,1,,대면,423120,일본학,2024,1,1학기
423120,일본학,2024,1,HJ128,초급일본어회화1,B,전공선택,2,2,"화요일(11:00~12:15), 목요일(09:30~10:45)","7103, 7103",도키와유코,20190237,26/30,,,1,,대면,423120,일본학,2024,1,1학기
423120,일본학,2024,1,HJ256,중급일본어Ⅰ,A,전공선택,2,3,"금요일(09:30~10:45), 금요일(11:00~12:15)","7103, 7103",도키와유코,20190237,23/30,JLPT N3~N2 수준의 수업,,1,,대면,423120,일본학,2024,1,1학기
423120,일본학,2024,1,HJ266,일본어한자,A,전공선택,2,3,"월요일(14:30~15:45), 수요일(14:30~15:45)","7103, 7103",나카무라 모모코,20200012,33/30,JLPT N4~N5 수준의 수업,,1,,대면,423120,일본학,2024,1,1학기
423120,일본학,2024,1,HJ269,일본학조사연구Ⅰ,A,전공필수,2,3,"금요일(13:00~14:15), 금요일(14:30~15:45)","18519, 18519",오미정,20100011,27/50,,,1,,대면,423120,일본학,2024,1,1학기
423120,일본학,2024,1,HJ271,한일시민사회,A,전공선택,2,3,"월요일(11:00~12:15), 수요일(09:30~10:45)","7103, 7103",송주명,19990049,27/30,"전공(복수전공)자 우선, 일본학-207(2024.5.7.)학과절대평가요청",,1,,대면,423120,일본학,2024,1,1학기
423120,일본학,2024,1,HJ319,현대일본정치,A,전공선택,3,3,"월요일(09:30~10:45), 수요일(11:00~12:15)","7103, 7103",송주명,19990049,14/30,전공(복수전공)자 우선,,1,,대면,423120,일본학,2024,1,1학기
423120,일본학,2024,1,HJ359,일본학조사연구Ⅲ,A,전공필수,3,3,"금요일(13:00~14:15), 금요일(14:30~15:45)","18520, 18520",송주명,19990049,31/50,,,1,,대면,423120,일본학,2024,1,1학기
423120,일본학,2024,1,HJ378,통번역실습Ⅰ,A,전공선택,"3, 4",3,"월요일(17:30~18:45), 수요일(16:00~17:15)","7104, 7104",오미정,20100011,10/30,,,1,,대면,423120,일본학,2024,1,1학기
423120,일본학,2024,1,HJ392,현대일본사회와대중문화,A,전공선택,2,3,"월요일(13:00~14:15), 수요일(13:00~14:15)","7103, 7103",나카무라 모모코,20200012,35/40,,,1,,대면,423120,일본학,2024,1,1학기
423120,일본학,2024,1,HJ419,졸업논문,A,전공필수,4,(3),,,오미정,20100011,30/50,졸업예정자 필수과목,,1,,N,423120,일본학,2024,1,1학기
423120,일본학,2024,1,HJ442,일본사연습,A,전공선택,4,3,"월요일(14:30~15:45), 수요일(14:30~15:45)","18420-1, 18420-1",함예재,20240011,18/30,,,1,,대면,423120,일본학,2024,1,1학기
423130,국제경제학,2024,1,EI108,경제학개론Ⅱ,A,전공선택,2,3,"화요일(16:00~17:15), 화요일(17:30~18:45)","7104, 7104",전창환,19970038,42/50,,,1,,대면,423130,국제경제학,2024,1,1학기
423130,국제경제학,2024,1,EI109,경제학개론Ⅰ,A,전공선택,2,3,"월요일(11:00~12:15), 수요일(09:30~10:45)","7104, 7104",정지영,20190192,52/50,,,1,,대면,423130,국제경제학,2024,1,1학기
423130,국제경제학,2024,1,EI221,무역관계법,A,전공선택,"2, 3",3,"목요일(16:00~17:15), 목요일(17:30~18:45)","7104, 7104",남혜지,20230109,25/50,,,1,,대면,423130,국제경제학,2024,1,1학기
423130,국제경제학,2024,1,EI232,무역실무,A,전공필수,2,3,"화요일(09:30~10:45), 목요일(11:00~12:15)","18211, 18211",정희진,20230012,50/50,글로벌비즈니스학부 전공인정과목,,1,,대면,423130,국제경제학,2024,1,1학기
423130,국제경제학,2024,1,EI232,무역실무,B,전공필수,2,3,"화요일(11:00~12:15), 목요일(09:30~10:45)","18211, 18211",정희진,20230012,50/50,글로벌비즈니스학부 전공인정과목,,1,,대면,423130,국제경제학,2024,1,1학기
423130,국제경제학,2024,1,EI251,미시경제론,A,전공필수,2,3,"월요일(09:30~10:45), 수요일(11:00~12:15)","7104, 7104",정지영,20190192,55/50,[선수권장과목-경제학개론1],,1,,대면,423130,국제경제학,2024,1,1학기
423130,국제경제학,2024,1,EI256,현대경제와기업,A,전공선택,"2, 3, 4",3,"월요일(14:30~15:45), 수요일(14:30~15:45)","7104, 7104",전창환,19970038,35/50,,,1,,대면,423130,국제경제학,2024,1,1학기
423130,국제경제학,2024,1,EI258,기초통계학,A,전공선택,"2, 3",3,"월요일(11:00~12:15), 수요일(09:30~10:45)","3206, 3206",연제호,20240018,24/50,,,1,,대면,423130,국제경제학,2024,1,1학기
423130,국제경제학,2024,1,EI374,국제통상정책론,A,전공선택,"3, 4",3,"금요일(13:00~14:15), 금요일(14:30~15:45)","7104, 7104",정희진,20230012,35/50,,,1,,대면,423130,국제경제학,2024,1,1학기
423130,국제경제학,2024,1,EI380,국제무역과운송물류,A,전공선택,"2, 3",3,"목요일(13:00~14:15), 목요일(14:30~15:45)","7104, 7104",남혜지,20230109,50/50,,,1,,대면,423130,국제경제학,2024,1,1학기
423130,국제경제학,2024,1,EI383,무역클레임의예방과해결,A,전공선택,"3, 4",3,"금요일(09:30~10:45), 금요일(11:00~12:15)","20301, 20301",백승택,20230025,7/50,,,1,,대면,423130,국제경제학,2024,1,1학기
423130,국제경제학,2024,1,EI411,졸업논문,A,전공필수,4,(3),,,전창환,19970038,39/60,"8학기, 초과학기자 또는 조기졸업 신청자 필수과목",,1,,N,423130,국제경제학,2024,1,1학기
423130,국제경제학,2024,1,EI415,시사국제금융세미나,A,전공선택,4,3,"화요일(16:00~17:15), 화요일(17:30~18:45)","20506, 20506",정지영,20190192,15/30,,,1,,대면,423130,국제경제학,2024,1,1학기
423130,국제경제학,2024,1,EI468,현대경제학특강,A,전공선택,"3, 4",3,"월요일(13:00~14:15), 수요일(13:00~14:15)","7104, 7104",전창환,19970038,29/50,국경-210(2024.5.7.)학과절대평가요청,,1,,대면,423130,국제경제학,2024,1,1학기
423130,국제경제학,2024,1,EI471,보험학개론,A,전공선택,"3, 4",3,"금요일(09:30~10:45), 금요일(11:00~12:15)","7104, 7104",김혜성,20220152,28/50,,,1,,대면,423130,국제경제학,2024,1,1학기
423140,경제학,2024,1,EE112,경제학원론,A,전공필수,2,3,"월요일(09:30~10:45), 수요일(11:00~12:15)","20301, 20301",양우진,19950069,49/50,,,1,,대면,423140,경제학,2024,1,1학기
423140,경제학,2024,1,EE231,계량경제학,A,전공선택,3,3,"화요일(09:30~10:45), 목요일(11:00~12:15)","20404, 20404",한재명,20240069,33/45,,,1,,대면,423140,경제학,2024,1,1학기
423140,경제학,2024,1,EE236,한국경제사,A,전공선택,3,3,"월요일(11:00~12:15), 수요일(09:30~10:45)","20502, 20502",양우진,19950069,28/30,,,1,,대면,423140,경제학,2024,1,1학기
423140,경제학,2024,1,EE254,경제사,A,전공선택,2,3,"화요일(13:00~14:15), 목요일(13:00~14:15)","20301, 20301",성락선,19960085,34/45,,,1,,대면,423140,경제학,2024,1,1학기
423140,경제학,2024,1,EE333,노동경제학,A,전공선택,3,3,"월요일(13:00~14:15), 수요일(13:00~14:15)","20301, 20301",고기영,20130146,46/45,,,1,,대면,423140,경제학,2024,1,1학기
423140,경제학,2024,1,EE339,재정학,A,전공선택,3,3,"화요일(14:30~15:45), 목요일(14:30~15:45)","20301, 20301",한재명,20240069,29/45,,,1,,대면,423140,경제학,2024,1,1학기
423140,경제학,2024,1,EE344,경제통계학,A,전공필수,2,3,"월요일(14:30~15:45), 수요일(14:30~15:45)","20404, 20404",고기영,20130146,46/40,,,1,,대면,423140,경제학,2024,1,1학기
423140,경제학,2024,1,EE367,거시경제학,A,전공선택,3,3,"월요일(16:00~17:15), 수요일(17:30~18:45)","20301, 20301",최미호,20220134,32/45,,,1,,대면,423140,경제학,2024,1,1학기
423140,경제학,2024,1,EE411,졸업논문,A,전공필수,4,(3),,,성락선,19960085,11/50,,,1,,N,423140,경제학,2024,1,1학기
423140,경제학,2024,1,EE440,경제학세미나,A,전공선택,4,3,"목요일(16:00~17:15), 목요일(17:30~18:45)","7108, 7108",강남훈,20220009,32/45,,,1,,대면,423140,경제학,2024,1,1학기
423140,경제학,2024,1,EE452,금융정책,A,전공선택,4,3,"월요일(17:30~18:45), 수요일(16:00~17:15)","20301, 20301",최미호,20220134,27/45,,,1,,대면,423140,경제학,2024,1,1학기
423200,글로벌·공공인재융합계열,2024,1,GH001,국제학입문,A,계열공통,1,3,"월요일(16:00~17:15), 수요일(17:30~18:45)","20507, 20507",박상남,20060141,39/35,,,1,,대면,423200,글로벌·공공인재융합계열,2024,1,1학기
423200,글로벌·공공인재융합계열,2024,1,GH001,국제학입문,B,계열공통,1,3,"월요일(17:30~18:45), 수요일(16:00~17:15)","20507, 20507",박상남,20060141,25/35,,,1,,대면,423200,글로벌·공공인재융합계열,2024,1,1학기
423200,글로벌·공공인재융합계열,2024,1,GH002,정치학입문,A,계열공통,1,3,"월요일(11:00~12:15), 수요일(09:30~10:45)","20507, 20507",백준기,19990060,54/55,,,1,,대면,423200,글로벌·공공인재융합계열,2024,1,1학기
423200,글로벌·공공인재융합계열,2024,1,GH002,정치학입문,C,계열공통,1,3,"목요일(13:00~14:15), 목요일(14:30~15:45)","20403, 20403",김준현,20220180,15/50,외국인유학생 전용 과목,,1,,대면,423200,글로벌·공공인재융합계열,2024,1,1학기
423200,글로벌·공공인재융합계열,2024,1,GH003,행정학입문,A,계열공통,1,3,"월요일(14:30~15:45), 수요일(14:30~15:45)","3423, 3423",윤건,20200035,67/70,,,1,,대면,423200,글로벌·공공인재융합계열,2024,1,1학기
423210,글로벌인재학,2024,1,HI269,국제관계의이론과역사,A,전공필수,"2, 3",3,"월요일(13:00~14:15), 수요일(13:00~14:15)","20306, 20306",최형익,20040020,53/58,,,1,,대면,423210,글로벌인재학,2024,1,1학기
423210,글로벌인재학,2024,1,HI269,국제관계의이론과역사,B,전공필수,"2, 3",3,"금요일(13:00~14:15), 금요일(14:30~15:45)","20306, 20306",최지나,20220245,4/30,외국인유학생전용과목,,1,,대면,423210,글로벌인재학,2024,1,1학기
423210,글로벌인재학,2024,1,HI323,정치사상의이해,A,전공필수,"2, 3",3,"월요일(16:00~17:15), 수요일(17:30~18:45)","20306, 20306",이해영,19960013,41/50,,,1,,대면,423210,글로벌인재학,2024,1,1학기
423210,글로벌인재학,2024,1,HI323,정치사상의이해,B,전공필수,"2, 3",3,"화요일(13:00~14:15), 화요일(14:30~15:45)","20507, 20507",이해영,19960013,18/35,외국인유학생전용과목,,1,,대면,423210,글로벌인재학,2024,1,1학기
423210,글로벌인재학,2024,1,HI330,미디어와정치,A,전공선택,"2, 3",3,"목요일(16:00~17:15), 목요일(17:30~18:45)","20306, 20306",홍용덕,20220234,28/25,,,1,,대면,423210,글로벌인재학,2024,1,1학기
423210,글로벌인재학,2024,1,HI340,유라시아외교론,A,전공선택,"2, 3, 4",3,"월요일(13:00~14:15), 수요일(13:00~14:15)","20507, 20507",백준기,19990060,18/25,,,1,,대면,423210,글로벌인재학,2024,1,1학기
423210,글로벌인재학,2024,1,HI340,유라시아외교론,B,전공선택,"2, 3, 4",3,"금요일(09:30~10:45), 금요일(11:00~12:15)","20306, 20306",노태경,20220243,8/30,외국인유학생전용과목,,1,,대면,423210,글로벌인재학,2024,1,1학기
423210,글로벌인재학,2024,1,HI374,현대전쟁의이해,A,전공선택,"2, 3",3,"월요일(14:30~15:45), 수요일(14:30~15:45)","20507, 20507",이해영,19960013,9/25,,,1,,대면,423210,글로벌인재학,2024,1,1학기
423210,글로벌인재학,2024,1,HI404,국제기구와NGO,A,전공선택,"2, 3",3,"목요일(13:00~14:15), 목요일(14:30~15:45)","3203, 3203",박상준,20220225,23/25,,,1,,대면,423210,글로벌인재학,2024,1,1학기
423210,글로벌인재학,2024,1,HI408,국제개발협력개론,A,전공선택,"2, 3",3,"월요일(09:30~10:45), 수요일(11:00~12:15)","20502, 20502",이종운,20190145,28/28,,,1,,대면,423210,글로벌인재학,2024,1,1학기
423210,글로벌인재학,2024,1,HI419,졸업논문,A,전공필수,4,(3),,,백준기,19990060,21/30,국제관계학 전공자 신청과목 / 마지막학기생 신청,,0,,N,423210,글로벌인재학,2024,1,1학기
423210,글로벌인재학,2024,1,HI420,글로벌리더십연구,A,전공선택,"2, 3, 4",3,"화요일(13:00~14:15), 화요일(14:30~15:45)","20306, 20306",최형익,20040020,18/25,,,1,,대면,423210,글로벌인재학,2024,1,1학기
423210,글로벌인재학,2024,1,HI423,선거정치론,A,전공선택,"2, 3",3,"목요일(13:00~14:15), 목요일(14:30~15:45)","20306, 20306",김형철,20220229,21/25,,,1,,대면,423210,글로벌인재학,2024,1,1학기
423210,글로벌인재학,2024,1,HI427,글로벌커뮤니케이션,A,전공선택,"2, 3, 4",3,"화요일(13:00~14:15), 화요일(14:30~15:45)","3321, 3321",박상남,20060141,30/25,글로벌인재학-262(2024.4.25.)절대평가요청,,1,,대면,423210,글로벌인재학,2024,1,1학기
423210,글로벌인재학,2024,1,HI428,사회과학분석기법,A,전공필수,"2, 3, 4",3,"목요일(16:00~17:15), 목요일(17:30~18:45)","20404, 20404",김형철,20220229,17/35,,,1,,대면,423210,글로벌인재학,2024,1,1학기
423210,글로벌인재학,2024,1,HI428,사회과학분석기법,B,전공필수,"2, 3, 4",3,"화요일(16:00~17:15), 화요일(17:30~18:45)","20404, 20404",박상남,20060141,38/40,외국인유학생전용과목,,1,,대면,423210,글로벌인재학,2024,1,1학기
423210,글로벌인재학,2024,1,HI440,동아시아국제정치경제론,A,전공선택,"2, 3, 4",3,"월요일(11:00~12:15), 수요일(09:30~10:45)","3505, 3505",염동호,20190191,27/20,,,1,,대면,423210,글로벌인재학,2024,1,1학기
423210,글로벌인재학,2024,1,HI441,지정학의이론과실재,A,전공선택,"2, 3",3,"화요일(16:00~17:15), 화요일(17:30~18:45)","20501, 20501",이해영,19960013,15/25,,,1,,대면,423210,글로벌인재학,2024,1,1학기
423210,글로벌인재학,2024,1,HI442,민주주의이론과현실,A,전공선택,"2, 3, 4",3,"월요일(14:30~15:45), 수요일(14:30~15:45)","20306, 20306",최형익,20040020,29/25,,,1,,대면,423210,글로벌인재학,2024,1,1학기
423210,글로벌인재학,2024,1,SP419,졸업논문,A,전공필수,4,(3),,,백준기,19990060,2/30,정치학 전공자 신청과목 / 마지막학기생 신청,,0,,N,423210,글로벌인재학,2024,1,1학기
423220,공공인재빅데이터융합학,2024,1,PS106,웹프로그래밍,A,전공선택,"2, 3",3,"화요일(09:30~10:45), 목요일(11:00~12:15)","3404, 3404",이석민,20200034,14/15,,,1,,대면,423220,공공인재빅데이터융합학,2024,1,1학기
423220,공공인재빅데이터융합학,2024,1,PS109,데이터기반조직및인사관리,A,전공선택,"2, 3",3,"월요일(11:00~12:15), 수요일(09:30~10:45)","20404, 20404",윤건,20200035,36/47,,,1,,대면,423220,공공인재빅데이터융합학,2024,1,1학기
423220,공공인재빅데이터융합학,2024,1,PS110,공공조직관리론,A,전공필수,"2, 3",3,"화요일(11:00~12:15), 목요일(09:30~10:45)","20507, 20507",윤건,20200035,28/40,,,1,,대면,423220,공공인재빅데이터융합학,2024,1,1학기
423220,공공인재빅데이터융합학,2024,1,PS214,형사법,A,전공선택,"2, 3",3,"화요일(16:00~17:15), 화요일(17:30~18:45)","20507, 20507",강현,20240054,56/56,,,1,,대면,423220,공공인재빅데이터융합학,2024,1,1학기
423220,공공인재빅데이터융합학,2024,1,PS215,정책분석과기획,A,전공선택,"2, 3",3,"월요일(16:00~17:15), 수요일(17:30~18:45)","7215, 7215",장익현,20200052,33/40,,,1,,대면,423220,공공인재빅데이터융합학,2024,1,1학기
423220,공공인재빅데이터융합학,2024,1,PS227,파이썬데이터분석기초,A,전공선택,2,3,"화요일(13:00~14:15), 화요일(14:30~15:45)","7108, 7108",노승철,20210027,44/47,,,1,,대면,423220,공공인재빅데이터융합학,2024,1,1학기
423220,공공인재빅데이터융합학,2024,1,PS317,빅데이터분석캡스톤디자인3,A,전공선택,"3, 4",1,월요일(16:00~16:50),8101,노승철,20210027,8/20,공공인재학부(공공인재빅데이터융합학) 전공생 및 복수전공자만 수강가능,,1,,대면,423220,공공인재빅데이터융합학,2024,1,1학기
423220,공공인재빅데이터융합학,2024,1,PS321,공공리더십과공직가치,A,전공선택,"3, 4",3,"월요일(09:30~10:45), 수요일(11:00~12:15)","20306, 20306",윤건,20200035,32/40,공공인재-422(2024.5.13)학과절대평가요청,,1,,대면,423220,공공인재빅데이터융합학,2024,1,1학기
423220,공공인재빅데이터융합학,2024,1,PS407,데이터기반재무관리,A,전공선택,"2, 3",3,"월요일(13:00~14:15), 수요일(13:00~14:15)","20404, 20404",윤건,20200035,34/40,,,1,,대면,423220,공공인재빅데이터융합학,2024,1,1학기
423220,공공인재빅데이터융합학,2024,1,PS409,딥러닝자연어처리,A,전공선택,"3, 4",3,"화요일(13:00~14:15), 화요일(14:30~15:45)","3404, 3404",이석민,20200034,16/27,,,1,,대면,423220,공공인재빅데이터융합학,2024,1,1학기
423220,공공인재빅데이터융합학,2024,1,PS410,지역공공문제해결,A,전공선택,4,3,"금요일(13:00~14:15), 금요일(14:30~15:45)","7108, 7108",노승철,20210027,12/40,,,1,,대면,423220,공공인재빅데이터융합학,2024,1,1학기
423220,공공인재빅데이터융합학,2024,1,PS414,사회조사분석,A,전공필수,"2, 3",3,"목요일(13:00~14:15), 목요일(14:30~15:45)","20404, 20404",노승철,20210027,41/40,,,1,,대면,423220,공공인재빅데이터융합학,2024,1,1학기
423220,공공인재빅데이터융합학,2024,1,PS417,머신러닝비지도학습,A,전공선택,"2, 3",3,"화요일(09:30~10:45), 목요일(11:00~12:15)","18307, 18307",노승철,20210027,25/40,,,1,,대면,423220,공공인재빅데이터융합학,2024,1,1학기
423220,공공인재빅데이터융합학,2024,1,PS418,데이터분석과시각화_NCS,A,전공선택,4,3,"목요일(13:00~14:15), 목요일(14:30~15:45)","3404, 3404",이석민,20200034,22/27,2024년 IPP형 일학습병행 참여학생(학습근로자) 대상 수업,,1,,대면,423220,공공인재빅데이터융합학,2024,1,1학기
424100,경영·미디어계열,2024,1,BM001,경영의이해,A,계열공통,1,3,"화요일(16:00~17:15), 화요일(17:30~18:45)","18103, 18103",박규호,20120084,31/31,"신입생 수강신청 완료 후, 잔여석에 한하여 재학생 수강 허용  // 전공(복수포함)자",,1,,대면,424100,경영·미디어계열,2024,1,1학기
424100,경영·미디어계열,2024,1,BM001,경영의이해,B,계열공통,1,3,"화요일(16:00~17:15), 화요일(17:30~18:45)","7305, 7305",이남연,20170129,39/40,"신입생 수강신청 완료 후, 잔여석에 한하여 재학생 수강 허용",,1,,대면,424100,경영·미디어계열,2024,1,1학기
424100,경영·미디어계열,2024,1,BM001,경영의이해,C,계열공통,1,3,"금요일(09:30~10:45), 금요일(11:00~12:15)","3203, 3203",손정현,20220184,39/35,"신입생 수강신청 완료 후, 잔여석에 한하여 재학생 수강 허용  // 전공(복수포함)자",,1,,대면,424100,경영·미디어계열,2024,1,1학기
424100,경영·미디어계열,2024,1,BM002,회계의이해,A,계열공통,1,3,"월요일(16:00~17:15), 수요일(17:30~18:45)","18103, 18103",김병조,20140011,33/30,경영·미디어계열 1학년만 수강 // 전공(복수포함)자,,1,,대면,424100,경영·미디어계열,2024,1,1학기
424100,경영·미디어계열,2024,1,BM002,회계의이해,B,계열공통,1,3,"화요일(16:00~17:15), 화요일(17:30~18:45)","18102, 18102",심지수,20240091,22/30,경영·미디어계열 1학년만 수강 // 전공(복수포함)자,,2,,대면,424100,경영·미디어계열,2024,1,1학기
424100,경영·미디어계열,2024,1,BM002,회계의이해,C,계열공통,1,3,"월요일(17:30~18:45), 수요일(16:00~17:15)","18103, 18103",김병조,20140011,29/30,"2,3,4학년 재학생중 회계원리 미수강자만 수강 // 전공(복수포함)자",,1,,대면,424100,경영·미디어계열,2024,1,1학기
424100,경영·미디어계열,2024,1,BM003,미디어의이해,A,계열공통,1,3,"화요일(16:00~17:15), 화요일(17:30~18:45)","18310, 18310",정기현,20210164,50/50,경영미디어계열 1학년만 수강 // 전공(복수포함)자,,1,,대면,424100,경영·미디어계열,2024,1,1학기
424100,경영·미디어계열,2024,1,BM003,미디어의이해,B,계열공통,1,3,"목요일(16:00~17:15), 목요일(17:30~18:45)","18311, 18311",박혜영,20210072,59/50,경영미디어계열 1학년만 수강 // 전공(복수포함)자,,1,,대면,424100,경영·미디어계열,2024,1,1학기
424110,경영학,2024,1,EB201,경영통계학,A,전공선택,2,3,"금요일(09:30~10:45), 금요일(11:00~12:15)","18311, 18311",염건,20230143,27/40,전공(복수포함)자,,1,,대면,424110,경영학,2024,1,1학기
424110,경영학,2024,1,EB201,경영통계학,B,전공선택,2,3,"월요일(13:00~14:15), 수요일(13:00~14:15)","18311, 18311",정의범,20210033,33/40,전공(복수포함)자,,1,,대면,424110,경영학,2024,1,1학기
424110,경영학,2024,1,EB203,조직행동론,A,전공필수,2,3,"월요일(14:30~15:45), 수요일(14:30~15:45)","18420, 18420",김경민,20160030,48/40,경영학 전공생 및 복수전공생만 수강 가능함 // 전공(복수포함)자,,1,,대면,424110,경영학,2024,1,1학기
424110,경영학,2024,1,EB203,조직행동론,B,전공필수,2,3,"월요일(13:00~14:15), 수요일(13:00~14:15)","18212, 18212",김경민,20160030,37/40,,,1,,대면,424110,경영학,2024,1,1학기
424110,경영학,2024,1,EB251,마케팅커뮤니케이션,A,전공선택,"3, 4",3,"월요일(09:30~10:45), 수요일(11:00~12:15)","18311, 18311",유현미,20240070,32/40,전공(복수포함)자,,1,,대면,424110,경영학,2024,1,1학기
424110,경영학,2024,1,EB251,마케팅커뮤니케이션,B,전공선택,"3, 4",3,"월요일(11:00~12:15), 수요일(09:30~10:45)","18311, 18311",유현미,20240070,33/40,전공(복수포함)자,,1,,대면,424110,경영학,2024,1,1학기
424110,경영학,2024,1,EB304,전산회계실무,A,전공선택,"3, 4",3,"화요일(11:00~12:15), 목요일(09:30~10:45)","18307, 18307",김병조,20140011,24/30,선수이수과목: 회계의 이해 또는 회계원리 // 전공(복수포함)자,,1,,대면,424110,경영학,2024,1,1학기
424110,경영학,2024,1,EB312,재무관리,A,전공필수,2,3,"화요일(16:00~17:15), 화요일(17:30~18:45)","18104, 18104",이건범,20090026,39/40,"경영학과 재학생 수강신청, 선수이수과목: 회계의 이해 또는 회계원리 // 전공(복수포함)자",,1,,대면,424110,경영학,2024,1,1학기
424110,경영학,2024,1,EB312,재무관리,B,전공필수,2,3,"금요일(13:00~14:15), 금요일(14:30~15:45)","3423, 3423",이건범,20090026,36/40,"타학과생(복수전공자) 수강신청, 선수이수과목: 회계의 이해 또는 회계원리 // 전공(복수포함)자",,1,,대면,424110,경영학,2024,1,1학기
424110,경영학,2024,1,EB317,전략경영,A,전공선택,"3, 4",3,"월요일(13:00~14:15), 수요일(13:00~14:15)","18211-1, 18211-1",박규호,20120084,24/40,전공(복수포함)자,,1,,대면,424110,경영학,2024,1,1학기
424110,경영학,2024,1,EB317,전략경영,B,전공선택,"3, 4",3,"월요일(14:30~15:45), 수요일(14:30~15:45)","18211-1, 18211-1",박규호,20120084,29/40,전공(복수포함)자,,1,,대면,424110,경영학,2024,1,1학기
424110,경영학,2024,1,EB333,경영정보시스템,A,전공선택,"3, 4",3,"화요일(13:00~14:15), 화요일(14:30~15:45)","18311, 18311",정의범,20210033,42/40,전공(복수포함)자,,1,,대면,424110,경영학,2024,1,1학기
424110,경영학,2024,1,EB385,전산회계실무_NCS,A,전공선택,"3, 4",3,"월요일(14:30~15:45), 수요일(14:30~15:45)","3404, 3404",김병조,20140011,3/27,2024년 IPP형 일학습병행 참여학생 (학습근로자) 및 기타학생 수강 가능,,1,,대면,424110,경영학,2024,1,1학기
424110,경영학,2024,1,EB386,서비스운영관리,A,전공선택,"3, 4",3,"월요일(14:30~15:45), 수요일(14:30~15:45)","18311, 18311",정의범,20210033,52/40,전공(복수포함)자,,1,,대면,424110,경영학,2024,1,1학기
424110,경영학,2024,1,EB412,졸업논문,A,전공필수,4,(3),,,김경민,20160030,99/99,졸업예정자 필수과목 // 전공(복수포함)자,,0,,N,424110,경영학,2024,1,1학기
424110,경영학,2024,1,EB450,금융제도및기관론,A,전공선택,"3, 4",3,"목요일(16:00~17:15), 목요일(17:30~18:45)","18104, 18104",이건범,20090026,38/40,전공(복수포함)자,,1,,대면,424110,경영학,2024,1,1학기
424110,경영학,2024,1,EB476,마케팅성과관리_NCS,A,전공선택,4,3,"금요일(13:00~14:15), 금요일(14:30~15:45)","3203, 3203",손정현,20220184,29/40,2024년 IPP형 일학습병행 참여학생(학습근로자) 대상 수업,,1,,대면,424110,경영학,2024,1,1학기
424110,경영학,2024,1,EB477,유통관리_NCS,A,전공선택,4,3,"금요일(09:30~10:45), 금요일(11:00~12:15)","20402, 20402",오창호,20240063,29/40,2024년 IPP형 일학습병행 참여학생(학습근로자) 대상 수업,,1,,대면,424110,경영학,2024,1,1학기
424120,IT경영학,2024,1,EZ109,IT융합개론,A,전공선택,2,3,,,장용식,20240065,27/30,"IoT/AI 융합실습위주,실습기자재무료배포(일부개별구매),IT경영학-271(2024.4.24.)학과절대평가요청 // 전공(복수포함)자 // 교내온라인",,1,,교내온라인,424120,IT경영학,2024,1,1학기
424120,IT경영학,2024,1,EZ201,e-비즈니스개론,A,전공선택,2,3,"화요일(09:30~10:45), 목요일(11:00~12:15)","7301, 7301",신재우,20240071,8/40,전공(복수포함)자,,2,,대면,424120,IT경영학,2024,1,1학기
424120,IT경영학,2024,1,EZ212,전산회계,A,전공선택,2,3,"월요일(17:30~18:45), 수요일(16:00~17:15)","7108, 7108",양윤석,20240090,41/40,"4.1(월)수업부터, lms수업으로 변경 진행. // 전공(복수포함)자",,2,,대면,424120,IT경영학,2024,1,1학기
424120,IT경영학,2024,1,EZ214,마케팅원론,A,전공선택,2,3,"월요일(09:30~10:45), 수요일(11:00~12:15)","3423, 3423",김상욱,20030021,24/60,,,1,,대면,424120,IT경영학,2024,1,1학기
424120,IT경영학,2024,1,EZ227,웹프로그래밍활용,A,전공필수,3,3,"월요일(11:00~12:15), 수요일(09:30~10:45)","7108, 7108",신재우,20240071,36/40,전공(복수포함)자,,2,,대면,424120,IT경영학,2024,1,1학기
424120,IT경영학,2024,1,EZ238,파이썬프로그래밍기초,A,전공필수,2,3,"월요일(13:00~14:15), 수요일(13:00~14:15)","7108, 7108",이남연,20170129,40/40,전공(복수포함)자,,1,,대면,424120,IT경영학,2024,1,1학기
424120,IT경영학,2024,1,EZ239,데이터분석,A,전공필수,2,3,"월요일(14:30~15:45), 수요일(14:30~15:45)","7108, 7108",신재우,20240071,21/40,전공(복수포함)자,,2,,대면,424120,IT경영학,2024,1,1학기
424120,IT경영학,2024,1,EZ250,시장조사방법론,A,전공선택,2,3,"화요일(13:00~14:15), 목요일(13:00~14:15)","7301, 7301",김권수,20240026,29/40,,,1,,대면,424120,IT경영학,2024,1,1학기
424120,IT경영학,2024,1,EZ313,조직관리론,A,전공선택,3,3,"화요일(11:00~12:15), 목요일(09:30~10:45)","7305, 7305",김권수,20240026,45/40,전공(복수포함)자,,1,,대면,424120,IT경영학,2024,1,1학기
424120,IT경영학,2024,1,EZ324,데이터분석종합설계,A,전공선택,"3, 4",3,"목요일(13:00~14:15), 목요일(14:30~15:45)","7305, 7305",이남연,20170129,21/40,전공(복수포함)자,,1,,대면,424120,IT경영학,2024,1,1학기
424120,IT경영학,2024,1,EZ419,졸업논문,A,전공필수,4,(3),,,이남연,20170129,8/50,,,1,,N,424120,IT경영학,2024,1,1학기
424120,IT경영학,2024,1,EZ431,창업경영론,A,전공선택,4,3,"화요일(09:30~10:45), 목요일(11:00~12:15)","7305, 7305",한광희,20240064,36/40,전공(복수포함)자,,1,,대면,424120,IT경영학,2024,1,1학기
424120,IT경영학,2024,1,EZ436,IT경영세미나Ⅰ,A,전공선택,4,1,화요일(14:30~15:20),7305,"김상욱, 신재우, 이남연",20170129,35/40,"졸업논문대체, 4학년 필수수강과목(내규확인,학과문의요함)",,1,,대면,424120,IT경영학,2024,1,1학기
424120,IT경영학,2024,1,EZ438,마케팅관리_NCS,A,전공선택,4,3,"화요일(11:00~12:15), 목요일(09:30~10:45)","18106, 18106",유동석,20130142,29/30,2024년 IPP형 일학습병행 참여학생만 수강신청 가능,,1,,대면,424120,IT경영학,2024,1,1학기
424120,IT경영학,2024,1,EZ439,고객분석과데이터관리_NCS,A,전공선택,4,3,"화요일(16:00~17:15), 화요일(17:30~18:45)","18307, 18307",유동석,20130142,29/30,2024년 IPP형 일학습병행 참여학생만 수강신청 가능,,1,,대면,424120,IT경영학,2024,1,1학기
424120,IT경영학,2024,1,EZ447,빅데이터이해및기획_NCS,A,전공선택,4,3,"목요일(16:00~17:15), 목요일(17:30~18:45)","3404, 3404",김권수,20240026,22/30,2024년 IPP형 일학습병행 참여학생(학습근로자) 대상 수업,,1,,대면,424120,IT경영학,2024,1,1학기
424130,글로벌비즈니스학,2024,1,EH103,경제원론,A,전공선택,2,3,"월요일(11:00~12:15), 수요일(09:30~10:45)","7105, 7105",장종익,20120119,51/50,,,1,,대면,424130,글로벌비즈니스학,2024,1,1학기
424130,글로벌비즈니스학,2024,1,EH105,글로벌사회입문,A,전공필수,2,3,"월요일(09:30~10:45), 수요일(11:00~12:15)","7105, 7105",유한나,20220223,48/50,,,1,,대면,424130,글로벌비즈니스학,2024,1,1학기
424130,글로벌비즈니스학,2024,1,EH223,비즈니스커뮤니케이션,A,전공선택,2,3,"목요일(13:00~14:15), 목요일(14:30~15:45)","7215, 7215",홍원의,20230125,24/50,,,1,,대면,424130,글로벌비즈니스학,2024,1,1학기
424130,글로벌비즈니스학,2024,1,EH243,국제무역통상영어Ⅰ,A,전공선택,2,3,"금요일(09:30~10:45), 금요일(11:00~12:15)","7105, 7105",김인선,20230046,38/50,,,1,,대면,424130,글로벌비즈니스학,2024,1,1학기
424130,글로벌비즈니스학,2024,1,EH245,경영환경과시장조사실습,A,전공선택,2,3,"월요일(11:00~12:15), 수요일(09:30~10:45)","18307, 18307",유한나,20220223,46/48,,,1,,대면,424130,글로벌비즈니스학,2024,1,1학기
424130,글로벌비즈니스학,2024,1,EJ349,협동조합비즈니스모델,A,전공선택,"3, 4",3,"월요일(13:00~14:15), 수요일(13:00~14:15)","7105, 7105",장종익,20120119,9/50,,,1,,대면,424130,글로벌비즈니스학,2024,1,1학기
424130,글로벌비즈니스학,2024,1,EJ419,졸업논문,A,전공필수,"3, 4",(3),,,장종익,20120119,2/30,마지막 학기생 신청/ 국제개발협력전공자 신청,,0,,N,424130,글로벌비즈니스학,2024,1,1학기
424130,글로벌비즈니스학,2024,1,EJ419,졸업논문,B,전공필수,"3, 4",(3),,,유한나,20220223,12/30,마지막 학기생 신청/ 국제개발협력전공자 신청,,1,,N,424130,글로벌비즈니스학,2024,1,1학기
424130,글로벌비즈니스학,2024,1,EK201,글로벌경영론,A,전공필수,2,3,"화요일(16:00~17:15), 화요일(17:30~18:45)","7105, 7105",양영수,20210032,49/50,,,1,,대면,424130,글로벌비즈니스학,2024,1,1학기
424130,글로벌비즈니스학,2024,1,EK345,글로벌경영전략,A,전공필수,"3, 4",3,"화요일(13:00~14:15), 목요일(13:00~14:15)","7105, 7105",양영수,20210032,48/50,,,1,,대면,424130,글로벌비즈니스학,2024,1,1학기
424130,글로벌비즈니스학,2024,1,EK353,국제무역통상실무,A,전공선택,"3, 4",3,"금요일(13:00~14:15), 금요일(14:30~15:45)","7105, 7105",김인선,20230046,51/50,,,1,,대면,424130,글로벌비즈니스학,2024,1,1학기
424130,글로벌비즈니스학,2024,1,EK403,글로벌비즈니스세미나,A,전공선택,"3, 4",3,"금요일(09:30~10:45), 금요일(11:00~12:15)","7215, 7215",홍덕표,20230021,30/50,,,1,,대면,424130,글로벌비즈니스학,2024,1,1학기
424130,글로벌비즈니스학,2024,1,EK419,졸업논문,A,전공필수,"3, 4",(3),,,양영수,20210032,20/30,마지막 학기생만 신청/ 국제경영 전공자 신청,,1,,N,424130,글로벌비즈니스학,2024,1,1학기
424130,글로벌비즈니스학,2024,1,EK419,졸업논문,B,전공필수,"3, 4",(3),,,유한나,20220223,7/30,마지막 학기생만 신청/ 국제경영 전공자 신청,,1,,N,424130,글로벌비즈니스학,2024,1,1학기
424140,미디어영상광고홍보학,2024,1,EA203,설득커뮤니케이션,A,공통선택,3,3,"화요일(13:00~14:15), 화요일(14:30~15:45)","3423, 3423",이윤우,20230133,68/70,미디어영상광고홍보 재학생(복수전공 포함)만 수강가능 // 전공(복수포함)자,,1,,대면,424140,미디어영상광고홍보학,2024,1,1학기
424140,미디어영상광고홍보학,2024,1,EA220,광고캠페인론,A,전공선택,4,3,"화요일(16:00~17:15), 화요일(17:30~18:45)","3423, 3423",이윤우,20230133,49/70,미디어영상광고홍보 재학생(복수전공 포함)만 수강가능 // 전공(복수포함)자,,1,,대면,424140,미디어영상광고홍보학,2024,1,1학기
424140,미디어영상광고홍보학,2024,1,EA323,매체기획론,A,전공선택,3,3,"금요일(09:30~10:45), 금요일(11:00~12:15)","18310, 18310",이영화,20230136,69/70,미디어영상광고홍보 재학생(복수전공 포함)만 수강가능 // 전공(복수포함)자,,1,,대면,424140,미디어영상광고홍보학,2024,1,1학기
424140,미디어영상광고홍보학,2024,1,EA335,소셜마케팅커뮤니케이션,A,전공선택,3,3,"목요일(13:00~14:15), 목요일(14:30~15:45)","18310, 18310",유재미,20230135,72/75,미디어영상광고홍보 재학생(복수전공 포함)만 수강가능 // 전공(복수포함)자,,1,,대면,424140,미디어영상광고홍보학,2024,1,1학기
424140,미디어영상광고홍보학,2024,1,EA335,소셜마케팅커뮤니케이션,B,전공선택,3,3,"목요일(16:00~17:15), 목요일(17:30~18:45)","18310, 18310",유재미,20230135,50/70,미디어영상광고홍보 재학생(복수전공 포함)만 수강가능 // 전공(복수포함)자,,1,,대면,424140,미디어영상광고홍보학,2024,1,1학기
424140,미디어영상광고홍보학,2024,1,EA409,졸업논문,A,전공필수,4,(3),,,박혜영,20210072,140/200, 광고홍보전공 // 전공(복수포함)자,,0,,N,424140,미디어영상광고홍보학,2024,1,1학기
424140,미디어영상광고홍보학,2024,1,EA425,여론과정치PR,A,전공선택,4,3,"월요일(09:30~10:45), 수요일(11:00~12:15)","18310, 18310",문철수,20010229,57/70,미디어영상광고홍보 재학생(복수전공 포함)만 수강가능 // 전공(복수포함)자,,1,,대면,424140,미디어영상광고홍보학,2024,1,1학기
424140,미디어영상광고홍보학,2024,1,EM102,광고학개론,B,공통선택,2,3,"화요일(13:00~14:15), 화요일(14:30~15:45)","18310, 18310",김기주,20240043,25/70,23학번을 제외한 미디어영상광고홍보재학생(복수전공 포함)만 수강가능 / 이윤우->김기주 교수변경 // 전공(복수포함)자,,2,,대면,424140,미디어영상광고홍보학,2024,1,1학기
424140,미디어영상광고홍보학,2024,1,EM102,광고학개론,C,공통선택,2,3,"월요일(09:30~10:45), 수요일(11:00~12:15)","18523, 18523",지원배,20170127,75/70,전공(복수포함)자,,1,,대면,424140,미디어영상광고홍보학,2024,1,1학기
424140,미디어영상광고홍보학,2024,1,EM103,홍보학개론,A,공통선택,2,3,"월요일(11:00~12:15), 수요일(09:30~10:45)","18310, 18310",문철수,20010229,85/70,미디어영상광고홍보 재학생(복수전공 포함)만 수강가능 // 전공(복수포함)자,,1,,대면,424140,미디어영상광고홍보학,2024,1,1학기
424140,미디어영상광고홍보학,2024,1,EM202,영상과스토리텔링,A,전공선택,3,3,"목요일(13:00~14:15), 목요일(14:30~15:45)","18418, 18418",차성덕,20220175,30/30,미디어영상광고홍보 재학생(복수전공 포함)만 수강가능 // 전공(복수포함)자,,1,,대면,424140,미디어영상광고홍보학,2024,1,1학기
424140,미디어영상광고홍보학,2024,1,EM202,영상과스토리텔링,B,전공선택,3,3,"목요일(16:00~17:15), 목요일(17:30~18:45)","18418, 18418",차성덕,20220175,12/30,미디어영상광고홍보 재학생(복수전공 포함)만 수강가능 // 전공(복수포함)자,,1,,대면,424140,미디어영상광고홍보학,2024,1,1학기
424140,미디어영상광고홍보학,2024,1,EM229,시네마토그래피실습,A,전공선택,2,3,"금요일(13:00~14:15), 금요일(14:30~15:45)","18310, 18310",김영재,20220153,35/30,미디어영상광고홍보 재학생(복수전공 포함)만 수강가능 // 전공(복수포함)자,,1,,대면,424140,미디어영상광고홍보학,2024,1,1학기
424140,미디어영상광고홍보학,2024,1,EM229,시네마토그래피실습,B,전공선택,2,3,"금요일(16:00~17:15), 금요일(17:30~18:45)","18310, 18310",김영재,20220153,33/30,미디어영상광고홍보 재학생(복수전공 포함)만 수강가능 // 전공(복수포함)자,,1,,대면,424140,미디어영상광고홍보학,2024,1,1학기
424140,미디어영상광고홍보학,2024,1,EM301,영상산업론,A,전공선택,4,3,"월요일(09:30~10:45), 수요일(11:00~12:15)","18421, 18421",채희상,20130174,8/46,강의실 변경 18523->18421  // 전공(복수포함)자,,1,,대면,424140,미디어영상광고홍보학,2024,1,1학기
424140,미디어영상광고홍보학,2024,1,EM301,영상산업론,B,전공선택,4,3,"월요일(11:00~12:15), 수요일(09:30~10:45)","18421, 18421",채희상,20130174,39/46,전공(복수포함)자,,1,,대면,424140,미디어영상광고홍보학,2024,1,1학기
424140,미디어영상광고홍보학,2024,1,EM312,영상작가론,A,전공선택,4,3,"화요일(11:00~12:15), 목요일(09:30~10:45)","18310, 18310",채희상,20130174,65/70,미디어영상광고홍보 재학생(복수전공 포함)만 수강가능 // 전공(복수포함)자,,1,,대면,424140,미디어영상광고홍보학,2024,1,1학기
424140,미디어영상광고홍보학,2024,1,EM314,에디팅실습Ⅰ,A,전공선택,3,3,"목요일(13:00~14:15), 목요일(14:30~15:45)","18301, 18301",류근환,20230040,31/30,"미디어영상광고홍보 재학생(복수전공 포함)만 수강가능, 미영광홍-526(2024.4.29.)절대평가요청 // 전공(복수포함)자",,1,,대면,424140,미디어영상광고홍보학,2024,1,1학기
424140,미디어영상광고홍보학,2024,1,EM314,에디팅실습Ⅰ,B,전공선택,3,3,"목요일(16:00~17:15), 목요일(17:30~18:45)","18301, 18301",류근환,20230040,30/30,"미디어영상광고홍보 재학생(복수전공 포함)만 수강가능, 미영광홍-526(2024.4.29.)절대평가요청 // 전공(복수포함)자",,1,,대면,424140,미디어영상광고홍보학,2024,1,1학기
424140,미디어영상광고홍보학,2024,1,EM315,논픽션영상제작실습,A,전공선택,3,3,"금요일(09:30~10:45), 금요일(11:00~12:15)","18418, 18418",정일건,20230049,27/30,미디어영상광고홍보 재학생(복수전공 포함)만 수강가능 // 전공(복수포함)자,,1,,대면,424140,미디어영상광고홍보학,2024,1,1학기
424140,미디어영상광고홍보학,2024,1,EM315,논픽션영상제작실습,B,전공선택,3,3,"금요일(13:00~14:15), 금요일(14:30~15:45)","18418, 18418",정일건,20230049,34/30,미디어영상광고홍보 재학생(복수전공 포함)만 수강가능 // 전공(복수포함)자,,1,,대면,424140,미디어영상광고홍보학,2024,1,1학기
424140,미디어영상광고홍보학,2024,1,EM325,디지털캠페인을위한마켓인사이트,A,공통선택,3,3,"화요일(09:30~10:45), 목요일(11:00~12:15)","18310, 18310",박혜영,20210072,87/70,미디어영상광고홍보 재학생(복수전공 포함)만 수강가능 // 전공(복수포함)자,,1,,대면,424140,미디어영상광고홍보학,2024,1,1학기
424140,미디어영상광고홍보학,2024,1,EM409,디지털게임과문화,A,전공선택,4,3,"목요일(16:00~17:15), 목요일(17:30~18:45)","18519, 18519",이수호,20220211,59/70,"미디어영상광고홍보 재학생(복수전공 포함)만 수강가능, 18421->18519 // 전공(복수포함)자",,1,,대면,424140,미디어영상광고홍보학,2024,1,1학기
424140,미디어영상광고홍보학,2024,1,EM419,졸업논문,A,전공필수,4,(3),,,박혜영,20210072,103/200, 미디어영상전공 // 전공(복수포함)자,,0,,N,424140,미디어영상광고홍보학,2024,1,1학기
425100,휴먼서비스계열,2024,1,SS002,휴먼서비스의이해 ,A,계열공통,1,3,"월요일(17:30~18:45), 수요일(16:00~17:15)","18210, 18210","김상원, 노중기, 백변경희, 안도연, 이경숙, 주경희",20180047,60/60,휴먼서비스대학 계열필수 과목,,1,,대면,425100,휴먼서비스계열,2024,1,1학기
425100,휴먼서비스계열,2024,1,SS002,휴먼서비스의이해 ,B,계열공통,1,3,"월요일(17:30~18:45), 수요일(16:00~17:15)","18417, 18417","김상원, 노중기, 백변경희, 안도연, 이경숙, 주경희",20210035,60/60,,,1,,대면,425100,휴먼서비스계열,2024,1,1학기
425100,휴먼서비스계열,2024,1,SS002,휴먼서비스의이해 ,C,계열공통,1,3,"월요일(17:30~18:45), 수요일(16:00~17:15)","18311, 18311","김상원, 노중기, 백변경희, 안도연, 이경숙, 주경희",20230013,60/60,휴먼서비스대학 계열필수 과목,,1,,대면,425100,휴먼서비스계열,2024,1,1학기
425100,휴먼서비스계열,2024,1,SS007,인간관계의심리,A,계열공통,1,3,"화요일(16:00~17:15), 화요일(17:30~18:45)","3204, 3204",안도연,20210035,56/50,,,1,,대면,425100,휴먼서비스계열,2024,1,1학기
425100,휴먼서비스계열,2024,1,SS007,인간관계의심리,B,계열공통,1,3,"화요일(16:00~17:15), 화요일(17:30~18:45)","3308, 3308",김상원,20230013,57/50,,,1,,대면,425100,휴먼서비스계열,2024,1,1학기
425110,사회학,2024,1,HS102,사회심리학,A,전공선택,2,3,"월요일(09:30~10:45), 수요일(11:00~12:15)","3503, 3503",박서재,20240076,20/50,,,1,,대면,425110,사회학,2024,1,1학기
425110,사회학,2024,1,HS107,신문읽기와사회분석,A,전공선택,2,3,"화요일(13:00~14:15), 화요일(14:30~15:45)","3503, 3503",이원철,20240039,5/50,,,1,,대면,425110,사회학,2024,1,1학기
425110,사회학,2024,1,HS113,사회학길잡이,A,전공선택,2,3,"월요일(14:30~15:45), 수요일(14:30~15:45)","7215, 7215",노중기,19970047,35/50,,,1,,대면,425110,사회학,2024,1,1학기
425110,사회학,2024,1,HS207,정치사회학,A,전공선택,"3, 4",3,"월요일(13:00~14:15), 수요일(13:00~14:15)","3206, 3206",윤상철,20000149,30/50,,,1,,대면,425110,사회학,2024,1,1학기
425110,사회학,2024,1,HS217,고전사회학탐구,A,전공필수,2,3,"목요일(13:00~14:15), 목요일(14:30~15:45)","3206, 3206",권오용,20220220,43/50,,,1,,대면,425110,사회학,2024,1,1학기
425110,사회학,2024,1,HS324,사회변동과지구화,A,전공선택,"3, 4",3,"월요일(14:30~15:45), 수요일(14:30~15:45)","3206, 3206",윤상철,20000149,14/50,,,1,,대면,425110,사회학,2024,1,1학기
425110,사회학,2024,1,HS327,문화와일상생활,A,전공선택,"3, 4",3,"월요일(11:00~12:15), 수요일(09:30~10:45)","3503, 3503",박서재,20240076,20/50,,,1,,대면,425110,사회학,2024,1,1학기
425110,사회학,2024,1,HS332,영상문화와사회,A,전공선택,"3, 4",3,"목요일(16:00~17:15), 목요일(17:30~18:45)","3206, 3206",권오용,20220220,27/50,,,1,,대면,425110,사회학,2024,1,1학기
425110,사회학,2024,1,HS356,한국사회연구실습3-1,A,전공필수,3,2,화요일(11:00~12:40),3206,윤상철,20000149,29/50,사회학-247(2024.5.14.)학과절대평가요청,,1,,대면,425110,사회학,2024,1,1학기
425110,사회학,2024,1,HS358,범죄와일탈,A,전공선택,"3, 4",3,"화요일(13:00~14:15), 화요일(14:30~15:45)","3206, 3206",이미애,20230110,22/50,,,1,,대면,425110,사회학,2024,1,1학기
425110,사회학,2024,1,HS419,졸업논문,A,전공필수,4,(3),,,윤상철,20000149,15/50,,,1,,N,425110,사회학,2024,1,1학기
425130,재활상담학,2024,1,TR108,장애아동의이해,A,전공선택,2,3,"월요일(09:30~10:45), 수요일(11:00~12:15)","20501, 20501",김용훈,20210025,49/50,발달재활서비스(놀이심리재활) 공통필수 과목,,1,,대면,425130,재활상담학,2024,1,1학기
425130,재활상담학,2024,1,TR124,심리학개론,A,전공선택,2,3,,,이경숙,19990077,40/40,발달재활서비스(놀이심리재활) 공통선택 과목 // 교내온라인,,1,,교내온라인,425130,재활상담학,2024,1,1학기
425130,재활상담학,2024,1,TR124,심리학개론,B,전공선택,2,3,"월요일(11:00~12:15), 수요일(09:30~10:45)","20301, 20301",김용훈,20210025,40/40,발달재활서비스(놀이심리재활) 공통선택 과목,,1,,대면,425130,재활상담학,2024,1,1학기
425130,재활상담학,2024,1,TR259,발달정신병리학,A,전공선택,2,3,"월요일(14:30~15:45), 수요일(14:30~15:45)","18417, 18417",김용훈,20210025,15/40,발달재활서비스(놀이심리재활) 전공필수 과목,,2,,대면,425130,재활상담학,2024,1,1학기
425130,재활상담학,2024,1,TR259,발달정신병리학,B,전공선택,2,3,"목요일(13:00~14:15), 목요일(14:30~15:45)","18104, 18104",강지연,20230108,40/40,발달재활서비스(놀이심리재활) 전공필수 과목,,1,,대면,425130,재활상담학,2024,1,1학기
425130,재활상담학,2024,1,TR271,재활상담,A,전공선택,2,3,"월요일(09:30~10:45), 수요일(11:00~12:15)","18417, 18417",백변경희,20010014,28/40,장애인재활상담사 필수 과목,,0,,대면,425130,재활상담학,2024,1,1학기
425130,재활상담학,2024,1,TR348,성격심리학,A,전공선택,"3, 4",3,"월요일(13:00~14:15), 수요일(13:00~14:15)","18417, 18417",김용훈,20210025,53/50,발달재활서비스(놀이심리재활) 전공선택 과목,,1,,대면,425130,재활상담학,2024,1,1학기
425130,재활상담학,2024,1,TR365,재활프로그램개발,A,전공선택,2,3,"목요일(16:00~17:15), 목요일(17:30~18:45)","18417, 18417",한정재,20240024,7/40,장애인재활상담사 선택 과목,,1,,대면,425130,재활상담학,2024,1,1학기
425130,재활상담학,2024,1,TR370,재활사례관리,A,전공선택,3,3,"화요일(09:30~10:45), 목요일(11:00~12:15)","18417, 18417",김선형,20220179,32/40,장애인재활상담사 필수 과목,,1,,대면,425130,재활상담학,2024,1,1학기
425130,재활상담학,2024,1,TR371,재활윤리와철학,A,전공필수,"3, 4",3,"화요일(11:00~12:15), 목요일(09:30~10:45)","18417, 18417",김선형,20220179,50/50,"전공필수과목// 발달재활서비스 공통선택 과목, 장애인재활상담사 선택과목 // 전공(복수포함)자",,1,,대면,425130,재활상담학,2024,1,1학기
425130,재활상담학,2024,1,TR372,장애의진단과평가,A,전공선택,"2, 3",3,"월요일(11:00~12:15), 수요일(09:30~10:45)","18417, 18417",백변경희,20010014,50/50,장애인재활상담사 선택 과목,,0,,대면,425130,재활상담학,2024,1,1학기
425130,재활상담학,2024,1,TR374,보조공학의이해,A,전공선택,"3, 4",3,"목요일(16:00~17:15), 목요일(17:30~18:45)","18102, 18102",강인학,20240012,25/40,장애인재활상담사 선택 과목,,1,,대면,425130,재활상담학,2024,1,1학기
425130,재활상담학,2024,1,TR419,졸업논문,A,전공필수,4,(3),,,이경숙,19990077,6/50,전공(복수포함)자,,0,,N,425130,재활상담학,2024,1,1학기
425130,재활상담학,2024,1,TR432,보호및지원고용,A,전공선택,3,3,"화요일(13:00~14:15), 화요일(14:30~15:45)","18417, 18417",최종태,20240023,38/40,장애인재활상담사 선택 과목,,1,,대면,425130,재활상담학,2024,1,1학기
425130,재활상담학,2024,1,TR450,놀이치료실습및슈퍼비전,A,전공선택,4,3,"화요일(16:00~17:15), 화요일(17:30~18:45)","18106, 18106",홍정은,20210146,12/15,발달재활서비스 전공필수 과목 // 전공(복수포함)자,,1,,대면,425130,재활상담학,2024,1,1학기
425130,재활상담학,2024,1,TR453,재활행정,A,전공선택,4,3,"화요일(16:00~17:15), 화요일(17:30~18:45)","18417, 18417",최종태,20240023,26/40,장애인재활상담사 필수 과목,,1,,대면,425130,재활상담학,2024,1,1학기
425130,재활상담학,2024,1,TR508,노동환경과고용동향,A,전공선택,3,3,"목요일(13:00~14:15), 목요일(14:30~15:45)","18417, 18417",한정재,20240024,20/40,"장애인재활상담사 선택과목, 재활상담학-247(2024.5.10.)학과절대평가요청",,1,,대면,425130,재활상담학,2024,1,1학기
425140,심리·아동학,2024,1,SA106,심리학개론,A,전공필수,2,3,"월요일(14:30~15:45), 수요일(14:30~15:45)","18523, 18523",조영원,20240041,71/60,구훈정->조영원 // 전공(복수포함)자,,2,,대면,425140,심리·아동학,2024,1,1학기
425140,심리·아동학,2024,1,SA106,심리학개론,B,전공필수,2,3,"월요일(13:00~14:15), 수요일(13:00~14:15)","18420, 18420",조영원,20240041,28/50,,,1,,대면,425140,심리·아동학,2024,1,1학기
425140,심리·아동학,2024,1,SB202,정신병리학,A,전공필수,2,3,"월요일(13:00~14:15), 수요일(13:00~14:15)","7215, 7215","오현숙, 조현석",20040021,62/50,"수업강의실:  18517로 이동(월3, 수3블럭)/ 3,4학년 수강 제한(졸업예정자만 행정팀에서 수강 승인) // 전공(복수포함)자",,2,,대면,425140,심리·아동학,2024,1,1학기
425140,심리·아동학,2024,1,SB207,인지심리학,A,전공선택,2,3,"금요일(09:30~10:45), 금요일(11:00~12:15)","20507, 20507",정윤재,20220215,81/85,전공(복수포함)자,,1,,대면,425140,심리·아동학,2024,1,1학기
425140,심리·아동학,2024,1,SB301,임상심리학,A,전공선택,3,3,"월요일(16:00~17:15), 수요일(17:30~18:45)","18523, 18523",조현석,20240077,69/80,전공(복수포함)자,,1,,대면,425140,심리·아동학,2024,1,1학기
425140,심리·아동학,2024,1,SB302,심리검사,A,전공선택,3,3,"월요일(13:00~14:15), 수요일(13:00~14:15)","18523, 18523",구훈정,20150127,58/60,전공(복수포함)자,,1,,대면,425140,심리·아동학,2024,1,1학기
425140,심리·아동학,2024,1,SB307,심리설계,A,전공선택,3,3,"금요일(13:00~14:15), 금요일(14:30~15:45)","18311, 18311",정윤재,20220215,89/89,,,1,,대면,425140,심리·아동학,2024,1,1학기
425140,심리·아동학,2024,1,SB410,임상현장실습Ⅱ,A,전공선택,4,3,"금요일(09:30~10:45), 금요일(11:00~12:15)","20506, 20506","구훈정, 안도연",20150127,13/15,전공(복수포함)자,,1,,대면,425140,심리·아동학,2024,1,1학기
425140,심리·아동학,2024,1,SB419,졸업논문,A,전공필수,4,(3),,,구훈정,20150127,18/70,전공(복수포함)자,,1,,N,425140,심리·아동학,2024,1,1학기
425140,심리·아동학,2024,1,SB425,가족치료,A,전공선택,4,3,"월요일(17:30~18:45), 수요일(16:00~17:15)","7215, 7215",박영현,20230112,40/65,전공(복수포함)자,,1,,대면,425140,심리·아동학,2024,1,1학기
425140,심리·아동학,2024,1,SC203,놀이지도,A,전공선택,2,3,"금요일(13:00~14:15), 금요일(14:30~15:45)","17201, 17201",김영주,20210018,28/50,,,1,,대면,425140,심리·아동학,2024,1,1학기
425140,심리·아동학,2024,1,SC304,아동수학지도,A,전공선택,3,3,"금요일(09:30~10:45), 금요일(11:00~12:15)","17201, 17201",김영주,20210018,22/50,,,1,,대면,425140,심리·아동학,2024,1,1학기
425140,심리·아동학,2024,1,SC306,보육과정,A,전공선택,"3, 4",3,"화요일(09:30~10:45), 목요일(11:00~12:15)","17201, 17201",김영주,20210018,19/50,,,1,,대면,425140,심리·아동학,2024,1,1학기
425140,심리·아동학,2024,1,SC312,영유아교수방법론,A,전공선택,3,3,"월요일(16:00~17:15), 수요일(17:30~18:45)","18102, 18102",문주형,20220177,12/50,,,1,,대면,425140,심리·아동학,2024,1,1학기
425140,심리·아동학,2024,1,SC315,아동권리와복지,A,전공선택,3,3,"화요일(14:30~15:45), 목요일(14:30~15:45)","17201, 17201",김상원,20230013,18/50,,,1,,대면,425140,심리·아동학,2024,1,1학기
425140,심리·아동학,2024,1,SC323,아동상담론,A,전공필수,2,3,"화요일(16:00~17:15), 화요일(17:30~18:45)","17201, 17201",이은영,20240014,55/48,심리아동학 전공학생만 수강신청 가능,,1,,대면,425140,심리·아동학,2024,1,1학기
425140,심리·아동학,2024,1,SC409,아동관찰및행동연구,A,전공선택,4,3,"화요일(11:00~12:15), 목요일(09:30~10:45)","17201, 17201",차영숙,20230111,28/50,,,1,,대면,425140,심리·아동학,2024,1,1학기
425140,심리·아동학,2024,1,SC419,졸업논문,A,전공필수,4,(3),,,구훈정,20150127,2/60,전공(복수포함)자,,1,,N,425140,심리·아동학,2024,1,1학기
425140,심리·아동학,2024,1,SC421,영유아보육프로그램개발과평가,A,전공선택,4,3,"화요일(13:00~14:15), 목요일(13:00~14:15)","17201, 17201",차영숙,20230111,12/50,,,1,,대면,425140,심리·아동학,2024,1,1학기
425210,특수체육학,2024,1,NP124,배드민턴지도법,A,전공선택,"3, 4",2,"화요일(09:30~10:45), 화요일(11:00~12:15)","10301, 10301",채수원,20240031,25/20,이론 수업시 10201 진행 ,,1,,대면,425210,특수체육학,2024,1,1학기
425210,특수체육학,2024,1,NP132,스포츠학개론,A,전공선택,1,3,"화요일(11:00~12:15), 목요일(09:30~10:45)","10204, 10204",조규청,20080107,40/40,,,1,,대면,425210,특수체육학,2024,1,1학기
425210,특수체육학,2024,1,NP133,하계스포츠,A,전공선택,"3, 4",3,"월요일(16:00~17:15), 월요일(17:30~18:45)","10204, 10204",조규청,20080107,40/30,"전공 실험실습비 운용으로 전공자만 수강 가능, 방학집중수업(학기 중 1-2차례 오티 및 이론 수업 진행 예정),학과절대평가요청 // 전공(복수포함)자",,1,,대면,425210,특수체육학,2024,1,1학기
425210,특수체육학,2024,1,NP201,특수체육개론,A,전공필수,2,3,"금요일(13:00~14:15), 금요일(14:30~15:45)","18102, 18102",정양헌,20220210,25/40,,,1,,대면,425210,특수체육학,2024,1,1학기
425210,특수체육학,2024,1,NP253,노인건강마사지및테이핑,A,전공선택,2,3,"화요일(13:00~14:15), 화요일(14:30~15:45)","10204, 10204",황수영,20220167,49/30,,,1,,대면,425210,특수체육학,2024,1,1학기
425210,특수체육학,2024,1,NP261,스포츠교육학,A,전공선택,2,3,"화요일(16:00~17:15), 화요일(17:30~18:45)","10204, 10204",황수영,20220167,48/48,,,1,,대면,425210,특수체육학,2024,1,1학기
425210,특수체육학,2024,1,NP268,노인체육지도법,A,전공선택,2,3,"수요일(09:30~10:45), 수요일(11:00~12:15)","10301, 10301",김수겸,20130148,30/30,이론수업 진행 시 10201강의실에서 진행 ,,1,,대면,425210,특수체육학,2024,1,1학기
425210,특수체육학,2024,1,NP339,트레이닝방법론,A,전공선택,3,3,"금요일(09:30~10:45), 금요일(11:00~12:15)","10201, 10201",채수원,20240031,28/40,,,1,,대면,425210,특수체육학,2024,1,1학기
425210,특수체육학,2024,1,NP375,수중재활운동,A,전공선택,3,3,"수요일(13:00~14:15), 수요일(14:30~15:45)","10201, 10201",김수겸,20130148,20/20,,,2,,대면,425210,특수체육학,2024,1,1학기
425210,특수체육학,2024,1,NP376,의학용어,A,전공선택,3,3,"금요일(13:00~14:15), 금요일(14:30~15:45)","10201, 10201",이재혁,20220171,44/40,,,2,,대면,425210,특수체육학,2024,1,1학기
425210,특수체육학,2024,1,NP401,스포츠사회학,A,전공필수,4,3,"금요일(09:30~10:45), 금요일(11:00~12:15)","10204, 10204",명왕성,20210019,40/40,,,1,,대면,425210,특수체육학,2024,1,1학기
425210,특수체육학,2024,1,NP419,졸업논문,A,전공필수,4,(3),,,박상현,20210074,5/50,"8월 졸업예정자 중 미수강한 학생은 필히 수강할 것, 학점 미포함되므로 고려하여 수강신청할 것. ",,1,,N,425210,특수체육학,2024,1,1학기
425210,특수체육학,2024,1,NP427,특수체육현장실습,A,전공필수,4,1,금요일(17:30~19:10),10204,박상현,20210074,43/50,"2학기에 열리지 않으므로 4학년은 필히 수강할 것, 실습 완료 시 이수 가능",,1,,대면,425210,특수체육학,2024,1,1학기
426100,이공계융합계열,2024,1,EC001,응용통계학개론,A,계열공통,1,3,"금요일(13:00~14:15), 금요일(14:30~15:45)","18308, 18308",유한나,20220033,45/44,"수강우선순위 1순위: 이공융합계열 1학년, 2순위: 응용통계학과, 3순위: 타 학과 // 전공(복수포함)자",,1,,대면,426100,이공계융합계열,2024,1,1학기
426100,이공계융합계열,2024,1,EC001,응용통계학개론,B,계열공통,1,3,"금요일(09:30~10:45), 금요일(11:00~12:15)","7203, 7203",최영훈,20210088,43/44,"수강우선순위 1순위: 이공융합계열 1학년, 2순위: 응용통계학과, 3순위: 타 학과 // 전공(복수포함)자",,1,,대면,426100,이공계융합계열,2024,1,1학기
426100,이공계융합계열,2024,1,EC002,기업과금융,A,계열공통,1,3,"월요일(16:00~17:15), 수요일(17:30~18:45)","7315, 7315",정재웅,20210034,43/45,"수강우선순위 1순위 : 이공계융합계열 1학년, 2순위 : 수리금융학과, 3순위 : 타학과 // 전공(복수포함)자",,1,,대면,426100,이공계융합계열,2024,1,1학기
426100,이공계융합계열,2024,1,EC002,기업과금융,B,계열공통,1,3,"월요일(17:30~18:45), 수요일(16:00~17:15)","7315, 7315",정재웅,20210034,41/45,"수강우선순위 1순위 : 이공계융합계열 1학년, 2순위 : 수리금융학과, 3순위 : 타학과 // 전공(복수포함)자",,1,,대면,426100,이공계융합계열,2024,1,1학기
426110,수리금융학,2024,1,NM216,금융공학1,A,전공선택,2,3,목요일(11:00~12:15),7108,박기현,19940031,33/45,,,1,,블랜디드,426110,수리금융학,2024,1,1학기
426110,수리금융학,2024,1,NM220,수리통계학,A,전공선택,3,3,"월요일(11:00~12:15), 수요일(09:30~10:45)","7315, 7315",박기현,19940031,21/45,응용통계학과 수강제한,,1,,대면,426110,수리금융학,2024,1,1학기
426110,수리금융학,2024,1,NM227,금융수치해석,A,전공필수,3,3,"목요일(13:00~14:15), 목요일(14:30~15:45)","18209, 18209",김수현,20240015,35/35,수리금융학-228(2024.5.10.)학과절대평가요청,,1,,대면,426110,수리금융학,2024,1,1학기
426110,수리금융학,2024,1,NM283,수리금융의이해,A,전공선택,2,3,"월요일(13:00~14:15), 수요일(13:00~14:15)","7315, 7315",양춘우,19940027,45/50,,,1,,대면,426110,수리금융학,2024,1,1학기
426110,수리금융학,2024,1,NM311,보험수리학1,A,전공선택,3,3,"목요일(16:00~17:15), 목요일(17:30~18:45)","7315, 7315",이호규,20220156,16/50,,,1,,대면,426110,수리금융학,2024,1,1학기
426110,수리금융학,2024,1,NM313,확률론,A,전공필수,2,3,"월요일(09:30~10:45), 수요일(11:00~12:15)","7315, 7315",박기현,19940031,48/50,,,1,,대면,426110,수리금융학,2024,1,1학기
426110,수리금융학,2024,1,NM315,파생상품이론1,A,전공필수,4,3,,,정재웅,20210034,91/90,"우선순위: 수리금융학과, 기타 // 전공(복수포함)자 // 교내온라인",,1,,교내온라인,426110,수리금융학,2024,1,1학기
426110,수리금융학,2024,1,NM318,편미분방정식,A,전공선택,3,3,"화요일(16:00~17:15), 화요일(17:30~18:45)","7315, 7315",양춘우,19940027,21/45,,,1,,대면,426110,수리금융학,2024,1,1학기
426110,수리금융학,2024,1,NM324,해석학개론,A,전공선택,3,3,"월요일(14:30~15:45), 수요일(14:30~15:45)","7315, 7315",양춘우,19940027,20/45,,,1,,대면,426110,수리금융학,2024,1,1학기
426110,수리금융학,2024,1,NM325,재무관리,A,전공필수,2,3,,,정재웅,20210034,90/90,"우선순위: 수리금융학과, 기타 // 전공(복수포함)자 // 교내온라인",,1,,교내온라인,426110,수리금융학,2024,1,1학기
426110,수리금융학,2024,1,NM381,수학기초론,A,전공선택,2,3,"목요일(16:00~17:15), 목요일(17:30~18:45)","7316, 7316",김수현,20240015,26/45,,,1,,대면,426110,수리금융학,2024,1,1학기
426110,수리금융학,2024,1,NM440,투자분석,A,전공선택,3,3,"금요일(16:00~17:15), 금요일(17:30~18:45)","7315, 7315",정재웅,20210034,27/50,"우선순위: 수리금융학과, 기타",,1,,대면,426110,수리금융학,2024,1,1학기
426110,수리금융학,2024,1,NM450,졸업논문,A,전공필수,4,(3),,,양춘우,19940027,11/50,전공(복수포함)자,,1,,N,426110,수리금융학,2024,1,1학기
426120,응용통계학,2024,1,NS237,회귀분석및실습,A,전공선택,2,3,"월요일(13:00~14:15), 수요일(13:00~14:15)","7202, 7202",박동련,19960011,42/40,,,1,,대면,426120,응용통계학,2024,1,1학기
426120,응용통계학,2024,1,NS239,중급R프로그래밍,A,전공선택,2,3,"월요일(14:30~15:45), 수요일(14:30~15:45)","7202, 7202",박동련,19960011,40/40,,,1,,대면,426120,응용통계학,2024,1,1학기
426120,응용통계학,2024,1,NS301,시계열분석,A,전공선택,3,3,"목요일(13:00~14:15), 목요일(14:30~15:45)","7202, 7202",박동련,19960011,27/40,,,1,,대면,426120,응용통계학,2024,1,1학기
426120,응용통계학,2024,1,NS302,실험계획법,A,전공선택,3,3,"금요일(13:00~14:15), 금요일(14:30~15:45)","7202, 7202",최영훈,20210088,39/40,,,1,,대면,426120,응용통계학,2024,1,1학기
426120,응용통계학,2024,1,NS323,통계조사실습,A,전공필수,"3, 4",3,"금요일(09:30~10:45), 금요일(11:00~12:15)","7202, 7202",박상현,20230118,34/40,,,1,,대면,426120,응용통계학,2024,1,1학기
426120,응용통계학,2024,1,NS358,보건의학통계,A,전공선택,"3, 4",3,"화요일(11:00~12:15), 목요일(09:30~10:45)","7202, 7202",유한나,20220033,38/40,,,1,,대면,426120,응용통계학,2024,1,1학기
426120,응용통계학,2024,1,NS363,Python프로그래밍,A,전공선택,3,3,"화요일(13:00~14:15), 화요일(14:30~15:45)","7202, 7202",이승천,20240066,39/40,,,1,,대면,426120,응용통계학,2024,1,1학기
426120,응용통계학,2024,1,NS365,기계학습,A,전공선택,"3, 4",3,"월요일(11:00~12:15), 수요일(09:30~10:45)","7202, 7202",유한나,20220033,25/40,,,1,,대면,426120,응용통계학,2024,1,1학기
426120,응용통계학,2024,1,NS419,졸업논문,A,전공필수,4,(3),,,유한나,20220033,15/80,전공(복수포함)자,,1,,N,426120,응용통계학,2024,1,1학기
427100,AI·SW계열,2024,1,AS001,AI.SW개론,A,계열공통,1,3,"월요일(16:00~17:15), 수요일(17:30~18:45)","18314, 18314",이형우,20030008,43/40,"[AI·SW대학]1학년계열공통과목/AI·SW학,아영콘,컴공 수강가능 // 전공(복수포함)자",,1,,대면,427100,AI·SW계열,2024,1,1학기
427100,AI·SW계열,2024,1,AS001,AI.SW개론,B,계열공통,1,3,"목요일(13:00~14:15), 목요일(14:30~15:45)","18421, 18421",김대수,20200053,45/40,"[AI·SW대학]1학년계열공통과목/AI·SW학,아영콘,컴공 수강가능 // 전공(복수포함)자",,1,,대면,427100,AI·SW계열,2024,1,1학기
427100,AI·SW계열,2024,1,AS001,AI.SW개론,C,계열공통,1,3,"화요일(09:30~10:45), 목요일(11:00~12:15)","18419, 18419",조성호,20020194,40/40,"[AI·SW대학]1학년계열공통과목/AI·SW학,아영콘,컴공 수강가능 // 전공(복수포함)자",,1,,대면,427100,AI·SW계열,2024,1,1학기
427100,AI·SW계열,2024,1,AS001,AI.SW개론,D,계열공통,1,3,"화요일(11:00~12:15), 목요일(09:30~10:45)","18419, 18419",조성호,20020194,42/40,"[AI·SW대학]1학년계열공통과목/AI·SW학,아영콘,컴공 수강가능 // 전공(복수포함)자",,1,,대면,427100,AI·SW계열,2024,1,1학기
427100,AI·SW계열,2024,1,AS001,AI.SW개론,E,계열공통,1,3,"화요일(13:00~14:15), 화요일(14:30~15:45)","18312, 18312",홍성찬,20210089,41/40,"[AI·SW대학]1학년계열공통과목/AI·SW학,아영콘,컴공 수강가능 // 전공(복수포함)자",,1,,대면,427100,AI·SW계열,2024,1,1학기
427100,AI·SW계열,2024,1,AS001,AI.SW개론,F,계열공통,1,3,"화요일(13:00~14:15), 화요일(14:30~15:45)","18102, 18102",조성호,20020194,40/40,분반신설 // 전공(복수포함)자,,1,,대면,427100,AI·SW계열,2024,1,1학기
427100,AI·SW계열,2024,1,AS001,AI.SW개론,G,계열공통,1,3,"월요일(09:30~10:45), 월요일(11:00~12:15)","18101, 18101",홍성찬,20210089,11/40,분반신설 // 전공(복수포함)자,,1,,대면,427100,AI·SW계열,2024,1,1학기
427100,AI·SW계열,2024,1,AS002,C언어,A,계열공통,1,3,"월요일(17:30~18:45), 수요일(16:00~17:15)","18521, 18521",윤효석,20190207,40/40,"[AI·SW대학]1학년계열공통과목/AI·SW학,소웨융,아영콘,컴공 수강가능 // 전공(복수포함)자",,1,,대면,427100,AI·SW계열,2024,1,1학기
427100,AI·SW계열,2024,1,AS002,C언어,B,계열공통,1,3,"화요일(16:00~17:15), 화요일(17:30~18:45)","18314, 18314",강영경,19970108,46/45,"[AI·SW대학]1학년계열공통과목/AI·SW학,소웨융,아영콘,컴공 수강가능 // 전공(복수포함)자",,1,,대면,427100,AI·SW계열,2024,1,1학기
427100,AI·SW계열,2024,1,AS002,C언어,C,계열공통,1,3,"화요일(09:30~10:45), 목요일(11:00~12:15)","18425, 18425",김애영,20210071,32/35,"[AI·SW대학]1학년계열공통과목/AI·SW학,소웨융,아영콘,컴공 수강가능 // 전공(복수포함)자",,1,,대면,427100,AI·SW계열,2024,1,1학기
427100,AI·SW계열,2024,1,AS002,C언어,D,계열공통,1,3,"월요일(09:30~10:45), 수요일(11:00~12:15)","18419, 18419",손승일,20020195,47/50,"[AI·SW대학]1학년계열공통과목/AI·SW학,소웨융,아영콘,컴공 수강가능 // 전공(복수포함)자",,1,,대면,427100,AI·SW계열,2024,1,1학기
427100,AI·SW계열,2024,1,AS002,C언어,E,계열공통,1,3,"월요일(13:00~14:15), 수요일(13:00~14:15)","18314, 18314",윤효석,20190207,45/45,"[AI·SW대학]1학년계열공통과목/AI·SW학,소웨융,아영콘,컴공 수강가능, 양영욱->윤효석 // 전공(복수포함)자",,2,,대면,427100,AI·SW계열,2024,1,1학기
427100,AI·SW계열,2024,1,AS002,C언어,F,계열공통,1,3,"목요일(16:00~17:15), 목요일(17:30~18:45)","18424, 18424",이찬행,20220199,33/45,"[AI·SW대학]1학년계열공통과목/AI·SW학,소웨융,아영콘,컴공 수강가능 // 전공(복수포함)자",,1,,대면,427100,AI·SW계열,2024,1,1학기
427100,AI·SW계열,2024,1,AS002,C언어,H,계열공통,1,3,"화요일(13:00~14:15), 화요일(14:30~15:45)","18425, 18425",백수진,20230139,36/35,"[AI·SW대학]1학년계열공통과목/AI·SW학,소웨융,아영콘,컴공 수강가능 // 전공(복수포함)자",,1,,대면,427100,AI·SW계열,2024,1,1학기
427100,AI·SW계열,2024,1,AS002,C언어,I,계열공통,1,3,"월요일(11:00~12:15), 수요일(09:30~10:45)","18425, 18425",백수진,20230139,35/35,[AI·SW대학]1학년계열공통과목/AI시스템반도체학 전공학생 우선 수강  // 전공(복수포함)자,,1,,대면,427100,AI·SW계열,2024,1,1학기
427100,AI·SW계열,2024,1,AS003,공학설계입문,A,계열공통,1,3,"화요일(09:30~10:45), 목요일(11:00~12:15)","18314, 18314",임익수,20230014,45/45,"[AI·SW대학]1학년계열공통과목/AI·SW학,소웨융,아영콘 수강가능 // 전공(복수포함)자",,1,,대면,427100,AI·SW계열,2024,1,1학기
427100,AI·SW계열,2024,1,AS003,공학설계입문,B,계열공통,1,3,"화요일(11:00~12:15), 목요일(09:30~10:45)","18209, 18209",임익수,20230014,30/30,"[AI·SW대학]1학년계열공통과목/AI·SW학,소웨융,아영콘 수강가능 // 전공(복수포함)자",,1,,대면,427100,AI·SW계열,2024,1,1학기
427100,AI·SW계열,2024,1,AS003,공학설계입문,C,계열공통,1,3,"월요일(09:30~10:45), 수요일(11:00~12:15)","18425, 18425",백수진,20230139,37/30,"[AI·SW대학]1학년계열공통과목/AI·SW학,소웨융,아영콘 수강가능 // 전공(복수포함)자",,1,,대면,427100,AI·SW계열,2024,1,1학기
427100,AI·SW계열,2024,1,AS003,공학설계입문,D,계열공통,1,3,"목요일(13:00~14:15), 목요일(14:30~15:45)","18419, 18419",백수진,20230139,50/50,"[AI·SW대학]1학년계열공통과목/AI·SW학,소웨융,아영콘 수강가능 // 전공(복수포함)자",,1,,대면,427100,AI·SW계열,2024,1,1학기
427100,AI·SW계열,2024,1,AS003,공학설계입문,E,계열공통,1,3,"월요일(11:00~12:15), 수요일(09:30~10:45)","18419, 18419",손승일,20020195,51/50,"[AI·SW대학]1학년계열공통과목/AI·SW학,소웨융,아영콘 수강가능 // 전공(복수포함)자",,1,,대면,427100,AI·SW계열,2024,1,1학기
427100,AI·SW계열,2024,1,AS003,공학설계입문,F,계열공통,1,3,"화요일(13:00~14:15), 화요일(14:30~15:45)","18419, 18419",정승민,20060142,43/50,[AI·SW대학]1학년계열공통과목/AI시스템반도체학 전공학생 우선 수강  // 전공(복수포함)자,,1,,대면,427100,AI·SW계열,2024,1,1학기
427100,AI·SW계열,2024,1,AS003,공학설계입문,G,계열공통,1,3,"목요일(16:00~17:15), 목요일(17:30~18:45)","18425, 18425",백수진,20230139,20/35,전공(복수포함)자,,1,,대면,427100,AI·SW계열,2024,1,1학기
427100,AI·SW계열,2024,1,AS007,자료구조,A,계열공통,2,3,"화요일(09:30~10:45), 목요일(11:00~12:15)","18312, 18312",김현경,19970045,45/45,"[AI·SW계열]2학년 학생 수강(소프트웨어,인공지능,지능형IoT,휴먼머신인터렉션,데이터사이언스,XR콘텐츠)/컴퓨터공학,소프트웨어융합 수강가능 // 전공(복수포함)자",,1,,대면,427100,AI·SW계열,2024,1,1학기
427100,AI·SW계열,2024,1,AS007,자료구조,B,계열공통,2,3,"화요일(11:00~12:15), 목요일(09:30~10:45)","18312, 18312",김현경,19970045,45/45,"[AI·SW계열]2학년 학생 수강(소프트웨어,인공지능,지능형IoT,휴먼머신인터렉션,데이터사이언스,XR콘텐츠)/컴퓨터공학,소프트웨어융합 수강가능 // 전공(복수포함)자",,1,,대면,427100,AI·SW계열,2024,1,1학기
427100,AI·SW계열,2024,1,AS007,자료구조,C,계열공통,2,3,"월요일(17:30~18:45), 수요일(16:00~17:15)","18424, 18424",박성진,20000021,41/45,"[AI·SW계열]2학년 학생 수강(소프트웨어,인공지능,지능형IoT,휴먼머신인터렉션,데이터사이언스,XR콘텐츠)/컴퓨터공학,소프트웨어융합 수강가능 // 전공(복수포함)자",,1,,대면,427100,AI·SW계열,2024,1,1학기
427100,AI·SW계열,2024,1,AS007,자료구조,D,계열공통,2,3,"화요일(13:00~14:15), 화요일(14:30~15:45)","18521, 18521",이경옥,20000150,42/45,"[AI·SW계열]2학년 학생 수강(소프트웨어,인공지능,지능형IoT,휴먼머신인터렉션,데이터사이언스,XR콘텐츠)/컴퓨터공학,소프트웨어융합 수강가능 // 전공(복수포함)자",,1,,대면,427100,AI·SW계열,2024,1,1학기
427100,AI·SW계열,2024,1,AS007,자료구조,E,계열공통,2,3,"월요일(09:30~10:45), 수요일(11:00~12:15)","18424, 18424",장재건,19970017,50/50,"[AI·SW계열]2학년 학생 수강(소프트웨어,인공지능,지능형IoT,휴먼머신인터렉션,데이터사이언스,XR콘텐츠)/컴퓨터공학,소프트웨어융합 수강가능 // 전공(복수포함)자",,1,,대면,427100,AI·SW계열,2024,1,1학기
427100,AI·SW계열,2024,1,AS007,자료구조,F,계열공통,2,3,"월요일(11:00~12:15), 수요일(09:30~10:45)","18424, 18424",장재건,19970017,47/50,"[AI·SW계열]2학년 학생 수강(소프트웨어,인공지능,지능형IoT,휴먼머신인터렉션,데이터사이언스,XR콘텐츠)/컴퓨터공학,소프트웨어융합 수강가능 // 전공(복수포함)자",,1,,대면,427100,AI·SW계열,2024,1,1학기
427100,AI·SW계열,2024,1,AS008,자바프로그래밍,A,계열공통,2,3,"월요일(13:00~14:15), 수요일(13:00~14:15)","18521, 18521",이경옥,20000150,42/45,"[AI·SW계열]2학년 학생 수강(소프트웨어,인공지능,지능형IoT,휴먼머신인터렉션,데이터사이언스,XR콘텐츠)[AI·SW계열]2학년 학생 수강(소프트웨어,인공지능,지능형IoT,휴먼머신인터렉션,데이터사이언스,XR콘텐츠)/컴퓨터공학,소프트웨어융합 수강가능 // 전공(복수포함)자",,1,,대면,427100,AI·SW계열,2024,1,1학기
427100,AI·SW계열,2024,1,AS008,자바프로그래밍,B,계열공통,2,3,"월요일(14:30~15:45), 수요일(14:30~15:45)","18521, 18521",이경옥,20000150,41/45,"[AI·SW계열]2학년 학생 수강(소프트웨어,인공지능,지능형IoT,휴먼머신인터렉션,데이터사이언스,XR콘텐츠)/컴퓨터공학,소프트웨어융합 수강가능 // 전공(복수포함)자",,1,,대면,427100,AI·SW계열,2024,1,1학기
427100,AI·SW계열,2024,1,AS008,자바프로그래밍,C,계열공통,2,3,"월요일(11:00~12:15), 수요일(09:30~10:45)","18314, 18314",이형우,20030008,48/45,"[AI·SW계열]2학년 학생 수강(소프트웨어,인공지능,지능형IoT,휴먼머신인터렉션,데이터사이언스,XR콘텐츠)/컴퓨터공학,소프트웨어융합 수강가능 // 전공(복수포함)자",,1,,대면,427100,AI·SW계열,2024,1,1학기
427100,AI·SW계열,2024,1,AS008,자바프로그래밍,D,계열공통,2,3,"목요일(13:00~14:15), 목요일(14:30~15:45)","18424, 18424",김성기,19930045,47/45,"[AI·SW계열]2학년 학생 수강(소프트웨어,인공지능,지능형IoT,휴먼머신인터렉션,데이터사이언스,XR콘텐츠)/컴퓨터공학,소프트웨어융합 수강가능 // 전공(복수포함)자",,1,,대면,427100,AI·SW계열,2024,1,1학기
427100,AI·SW계열,2024,1,AS008,자바프로그래밍,E,계열공통,2,3,"화요일(16:00~17:15), 화요일(17:30~18:45)","18424, 18424",이성구,19990055,46/45,"[AI·SW계열]2학년 학생 수강(소프트웨어,인공지능,지능형IoT,휴먼머신인터렉션,데이터사이언스,XR콘텐츠)/컴퓨터공학,소프트웨어융합 수강가능 // 전공(복수포함)자",,1,,대면,427100,AI·SW계열,2024,1,1학기
427100,AI·SW계열,2024,1,AS008,자바프로그래밍,F,계열공통,2,3,"월요일(13:00~14:15), 수요일(13:00~14:15)","18424, 18424",이성구,19990055,45/45,"[AI·SW계열]2학년 학생 수강(소프트웨어,인공지능,지능형IoT,휴먼머신인터렉션,데이터사이언스,XR콘텐츠)/컴퓨터공학,소프트웨어융합 수강가능 // 전공(복수포함)자",,1,,대면,427100,AI·SW계열,2024,1,1학기
427100,AI·SW계열,2024,1,AS010,데이터통신,A,계열공통,2,3,"화요일(09:30~10:45), 목요일(11:00~12:15)","18422, 18422",이양선,20210020,46/45,"[AI·SW계열]2학년 학생 수강(소프트웨어,인공지능,지능형IoT,휴먼머신인터렉션,데이터사이언스,XR콘텐츠)/컴퓨터공학,소프트웨어융합 수강가능 // 전공(복수포함)자",,1,,대면,427100,AI·SW계열,2024,1,1학기
427100,AI·SW계열,2024,1,AS010,데이터통신,B,계열공통,2,3,"화요일(11:00~12:15), 목요일(09:30~10:45)","18314, 18314",이양선,20210020,47/45,"[AI·SW계열]2학년 학생 수강(소프트웨어,AI,지능형IoT,휴먼머신인터렉션,데이터사이언스,XR콘텐츠)/컴퓨터공학,소프트웨어융합 수강가능 // 전공(복수포함)자",,1,,대면,427100,AI·SW계열,2024,1,1학기
427100,AI·SW계열,2024,1,AS010,데이터통신,C,계열공통,2,3,"화요일(11:00~12:15), 목요일(09:30~10:45)","18420-1, 18420-1",강민구,20000145,45/45,"[AI·SW계열]2학년 학생 수강(소프트웨어,AI,지능형IoT,휴먼머신인터렉션,데이터사이언스,XR콘텐츠)/컴퓨터공학,소프트웨어융합 수강가능 // 전공(복수포함)자",,1,,대면,427100,AI·SW계열,2024,1,1학기
427100,AI·SW계열,2024,1,AS010,데이터통신,D,계열공통,2,3,"금요일(09:30~10:45), 금요일(11:00~12:15)","18309, 18309",이경호,20220237,49/50,"[AI·SW계열]2학년 학생 수강(소프트웨어,AI,지능형IoT,휴먼머신인터렉션,데이터사이언스,XR콘텐츠)/컴퓨터공학,소프트웨어융합 수강가능 // 전공(복수포함)자",,1,,대면,427100,AI·SW계열,2024,1,1학기
427100,AI·SW계열,2024,1,AS010,데이터통신,E,계열공통,2,3,"월요일(11:00~12:15), 수요일(09:30~10:45)","18312, 18312",서정욱,20200078,50/45,"[AI·SW계열]2학년 학생 수강(소프트웨어,AI,지능형IoT,휴먼머신인터렉션,데이터사이언스,XR콘텐츠)/컴퓨터공학,소프트웨어융합 수강가능 // 전공(복수포함)자",,1,,대면,427100,AI·SW계열,2024,1,1학기
427100,AI·SW계열,2024,1,AS010,데이터통신,F,계열공통,2,3,"금요일(09:30~10:45), 금요일(11:00~12:15)","18308, 18308",오윤식,20240027,29/45,"[AI·SW계열]2학년 학생 수강(소프트웨어,AI,지능형IoT,휴먼머신인터렉션,데이터사이언스,XR콘텐츠)/컴퓨터공학,소프트웨어융합 수강가능 // 전공(복수포함)자",,1,,대면,427100,AI·SW계열,2024,1,1학기
427110,소프트웨어,2024,1,SH203,컴퓨터윤리,A,전공선택,2,3,"목요일(13:00~14:15), 목요일(14:30~15:45)","3204, 3204",백상현,20230140,42/45,"[AI·SW계열]2학년 학생 수강(소프트웨어,AI,지능형IoT,휴먼머신인터렉션,데이터사이언스,XR콘텐츠) // 전공(복수포함)자",창의융합,1,,대면,427110,소프트웨어,2024,1,1학기
427120,인공지능,2024,1,SH201,확률과통계,A,전공선택,2,3,"목요일(13:00~14:15), 목요일(14:30~15:45)","18420-1, 18420-1",한근식,20230033,7/40,"[AI·SW계열]2학년 학생 수강/AI,데이터사이언스 교차전공/컴퓨터공학부수강가능 // 전공(복수포함)자",지식정보,1,,대면,427120,인공지능,2024,1,1학기
427130,데이터사이언스,2024,1,DS201,데이터사이언스입문,A,전공선택,2,3,"월요일(14:30~15:45), 수요일(14:30~15:45)","18308, 18308",서정욱,20200078,15/40,[AI·SW계열]2학년 학생 수강/데이터사이언스고유전공 // 전공(복수포함)자,지식정보,1,,대면,427130,데이터사이언스,2024,1,1학기
427140,XR콘텐츠,2024,1,XR201,XR콘텐츠입문,A,전공선택,2,3,"화요일(11:00~12:15), 목요일(09:30~10:45)","18422, 18422",류승택,20040026,25/40,[AI·SW계열]2학년 학생 수강XR콘텐츠고유전공 // 전공(복수포함)자,창의융합,1,,대면,427140,XR콘텐츠,2024,1,1학기
427150,지능형IoT,2024,1,AT201,AIoT설계입문,A,전공선택,2,3,"월요일(13:00~14:15), 수요일(13:00~14:15)","18425, 18425",정승민,20060142,36/35,[AI·SW계열]2학년 학생 수강/지능형IoT고유전공//소프트웨어융합학부 수강가능 // 전공(복수포함)자,지식정보,1,,대면,427150,지능형IoT,2024,1,1학기
427300,AI시스템반도체학,2024,1,AC101,시스템반도체공학개론,A,전공선택,1,3,"월요일(14:30~15:45), 수요일(14:30~15:45)","18425, 18425",정승민,20060142,33/35,AI.SW대학-877(2024.5.13.)학과절대평가요청 // 전공(복수포함)자,지식정보,1,,대면,,,2024,1,1학기
400000,교양과정,2024,2,*KY015,영상으로보는한국사회,A,교양선택,"1, 2, 3, 4",3,"금요일(13:00~14:15), 금요일(14:30~15:45)","3308, 3308",PANG LI,20120123,31/35,외국인학생 교과목/일반학생불가,,1,,대면,,,2024,2,2학기
400000,교양과정,2024,2,*KY02,한국문화지리,A,교양선택,"1, 2, 3, 4",3,"화요일(13:00~14:15), 화요일(14:30~15:45)","3308, 3308",PANG LI,20120123,26/35,외국인학생 교과목/일반학생불가,,1,,대면,,,2024,2,2학기
400000,교양과정,2024,2,*KY020,한국의전통문화,A,교양선택,"1, 2, 3, 4",3,"금요일(16:00~17:15), 금요일(17:30~18:45)","3308, 3308",PANG LI,20120123,23/35,외국인학생 교과목/일반학생불가,,1,,대면,,,2024,2,2학기
400000,교양과정,2024,2,*KY040,중급한국어문법1,A,교양선택,"1, 2, 3, 4",3,"화요일(13:00~14:15), 화요일(14:30~15:45)","8101, 8101",신남미,20220143,18/35,외국인학생 교과목/일반학생불가,,1,,대면,,,2024,2,2학기
400000,교양과정,2024,2,*KY041,중급한국어회화1,A,교양선택,"1, 2, 3, 4",3,"금요일(09:30~10:45), 금요일(11:00~12:15)","20506, 20506",최현실,20220145,20/20,외국인학생 교과목/일반학생불가,,1,,대면,,,2024,2,2학기
400000,교양과정,2024,2,*KY120,한국생활배우기1,A,교양선택,1,3,"목요일(13:00~14:15), 목요일(14:30~15:45)","3505, 3505",정예수,20208014,12/35,외국인학생 교과목/일반학생불가,,1,,대면,,,2024,2,2학기
400000,교양과정,2024,2,*KY125,스포츠실습2,A,교양선택,1,3,"화요일(13:00~14:15), 화요일(14:30~15:45)","10301, 10301",이영훈,20230045,26/30,외국인학생 교과목/일반학생불가,,1,,대면,,,2024,2,2학기
400000,교양과정,2024,2,*KY125,스포츠실습2,B,교양선택,1,3,"화요일(16:00~17:15), 화요일(17:30~18:45)","10301, 10301",이영훈,20230045,15/30,외국인학생 교과목/일반학생불가,,1,,대면,,,2024,2,2학기
400000,교양과정,2024,2,*KY126,K문화예술경영개론,A,교양선택,1,3,"월요일(13:00~14:15), 수요일(13:00~14:15)","3503, 3503",이승원,20230131,29/30,외국인학생 교과목/일반학생불가,,1,,대면,,,2024,2,2학기
400000,교양과정,2024,2,*KY127,K-뮤직활동,A,교양선택,1,3,"월요일(09:30~10:45), 수요일(11:00~12:15)","10203, 10203",강형모,20230137,12/30,외국인학생 교과목/일반학생불가/월수3블록→월1수2블록 시간 변경,,1,,대면,,,2024,2,2학기
400000,교양과정,2024,2,*KY127,K-뮤직활동,B,교양선택,1,3,"월요일(11:00~12:15), 수요일(09:30~10:45)","10203, 10203",강형모,20230137,24/30,외국인학생 교과목/일반학생불가/월수4블록→월2수1블록 시간 변경,,1,,대면,,,2024,2,2학기
400000,교양과정,2024,2,*KY129,고급한국어회화1,A,교양선택,1,3,"목요일(13:00~14:15), 목요일(14:30~15:45)","8101, 8101",신남미,20220143,13/20,외국인학생 교과목/일반학생불가/TOPIK 3급 말하기반,,1,,대면,,,2024,2,2학기
400000,교양과정,2024,2,*KY129,고급한국어회화1,B,교양선택,1,3,"금요일(13:00~14:15), 금요일(14:30~15:45)","20506, 20506",최현실,20220145,13/20,외국인학생 교과목/일반학생불가,,1,,대면,,,2024,2,2학기
400000,교양과정,2024,2,*KY131,고급한국어문법1,B,교양선택,1,3,"금요일(13:00~14:15), 금요일(14:30~15:45)","20502, 20502",김연숙,20220165,13/35,외국인학생 교과목/일반학생불가/TOPIK 4급 자격증반,,1,,대면,,,2024,2,2학기
400000,교양과정,2024,2,KY100,채플,A,교양필수,"1, 2",(1),"월요일(17:30~18:20), 수요일(16:00~16:50)","4105, 4105","김광연, 진형섭, 한경미",20240162,11/200,"00~22학번 신학대학 1,2학년 복학생/ 채플실 진행 / 월,수 모두 출석 / P/NP",,1,,대면,,,2024,2,2학기
400000,교양과정,2024,2,KY101,채플,A,교양필수,"1, 2",.5,월요일(14:30~15:20),채플실,"김광연, 진형섭, 한경미",20240162,548/550,"이공계융합(수리,응통),AI·SW계열(컴공, 소웨융, IT영상콘텐츠)",,1,,대면,,,2024,2,2학기
400000,교양과정,2024,2,KY101,채플,B,교양필수,"1, 2",.5,수요일(14:30~15:20),채플실,"강은미, 김광연",20209151,466/550,"인문계열(국문,종교,철학,독일어,영미,문예,한국사,중문,한중문콘,디영문콘)",,0,,대면,,,2024,2,2학기
400000,교양과정,2024,2,KY201,채플,A,교양필수,"1, 2",.5,월요일(16:00~16:50),채플실,"김광연, 진형섭, 한경미",20240162,548/550,"경영·미디어계열(경영,IT경영,글비,미영), 휴먼서비스계열(사회학과,사복,재활,심아), 특수체육학계열(특체)",,1,,대면,,,2024,2,2학기
400000,교양과정,2024,2,KY201,채플,B,교양필수,"1, 2",.5,수요일(16:00~16:50),채플실,"강은미, 김광연, 한경미",20240162,500/550,"경제·국제지역 계열(중국,일본,국경,경제), 글로벌·공공인재 계열(글인, 공공인재)",,1,,대면,,,2024,2,2학기
400000,교양과정,2024,2,KY205,초급일본어회화Ⅱ,A,교양선택,1,1,화요일(11:00~12:40),3321,이혜원,20220149,31/35,일본학과 수강금지(1학년허용),,1,,대면,,,2024,2,2학기
400000,교양과정,2024,2,KY206,현대서양사상의길잡이,A,교양선택,1,3,"월요일(17:30~18:45), 수요일(16:00~17:15)","20507, 20507",이문교,20220135,42/90,,,1,,대면,,,2024,2,2학기
400000,교양과정,2024,2,KY217,성서의세계,A,교양필수,1,2,월요일(11:00~12:40),18519,진형섭,20209150,89/90,교필(성서교과목),,1,,대면,,,2024,2,2학기
400000,교양과정,2024,2,KY217,성서의세계,B,교양필수,1,2,월요일(11:00~12:40),18211,박재형,20220058,80/80,교필(성서교과목),,1,,대면,,,2024,2,2학기
400000,교양과정,2024,2,KY217,성서의세계,C,교양필수,1,2,화요일(11:00~12:40),18421,정용택,20220057,90/90,교필(성서교과목),,1,,대면,,,2024,2,2학기
400000,교양과정,2024,2,KY217,성서의세계,D,교양필수,1,2,수요일(11:00~12:40),18420,한경미,20240162,90/90,교필(성서교과목),,1,,대면,,,2024,2,2학기
400000,교양과정,2024,2,KY217,성서의세계,E,교양필수,1,2,목요일(11:00~12:40),18421,진형섭,20209150,89/90,교필(성서교과목),,1,,대면,,,2024,2,2학기
400000,교양과정,2024,2,KY217,성서의세계,F,교양필수,1,2,목요일(17:30~19:10),18421,진형섭,20209150,88/90,교필(성서교과목),,1,,대면,,,2024,2,2학기
400000,교양과정,2024,2,KY290,성서와문학,A,교양필수,1,2,월요일(17:30~19:10),18211,박재형,20220058,90/90,교필(성서교과목),,1,,대면,,,2024,2,2학기
400000,교양과정,2024,2,KY304,채플,A,교양필수,"3, 4",(1),월요일(17:30~18:20),4107,"김광연, 진형섭, 한경미",20240162,63/100,"신학대학채플 / 신학 3,4학년수강 / 채플실 진행 / P/NP ",,1,,대면,,,2024,2,2학기
400000,교양과정,2024,2,KY304,채플,B,교양필수,1,(1),월요일(17:30~18:20),채플실,"김광연, 진형섭, 한경미",20240162,15/100,신학대학채플 / 신학전공예정 1학년 / P/NP ,,1,,대면,,,2024,2,2학기
400000,교양과정,2024,2,KY309,생활속의실용금융,A,교양선택,1,3,"금요일(13:00~14:15), 금요일(14:30~15:45)","18420, 18420",장순택,20240159,48/50,수강생 전원 교재 지원 / 외부기관 지원사업,,2,,대면,,,2024,2,2학기
400000,교양과정,2024,2,KY410,진로와상담,A2,교양필수,"1, 3",(0),,,이서영,20220036,14/20,[2016학번부터필수]/ P/NP과목 / 학과에 상담지도교수 안내받고 직접 수강신청,,0,,N,,,2024,2,2학기
400000,교양과정,2024,2,KY410,진로와상담,A4,교양필수,"1, 3",(0),,,김주한,20080110,7/20,[2016학번부터필수]/ P/NP과목 / 학과에 상담지도교수 안내받고 직접 수강신청,,1,,N,,,2024,2,2학기
400000,교양과정,2024,2,KY410,진로와상담,A6,교양필수,"1, 3",(0),,,김희선,20220035,10/20,[2016학번부터필수]/ P/NP과목 / 학과에 상담지도교수 안내받고 직접 수강신청,,1,,N,,,2024,2,2학기
400000,교양과정,2024,2,KY410,진로와상담,AA,교양필수,1,(0),,,이양선,20210020,21/28,AI·SW계열 수강신청,,1,,N,,,2024,2,2학기
400000,교양과정,2024,2,KY410,진로와상담,AB,교양필수,1,(0),,,오석희,20240165,13/28,AI·SW계열 수강신청,,2,,N,,,2024,2,2학기
400000,교양과정,2024,2,KY410,진로와상담,AC,교양필수,1,(0),,,박기홍,20240073,5/28,AI·SW계열 수강신청,,1,,N,,,2024,2,2학기
400000,교양과정,2024,2,KY410,진로와상담,AD,교양필수,1,(0),,,윤효석,20190207,28/28,AI·SW계열 수강신청,,1,,N,,,2024,2,2학기
400000,교양과정,2024,2,KY410,진로와상담,AE,교양필수,1,(0),,,손승일,20020195,26/28,AI·SW계열 수강신청,,1,,N,,,2024,2,2학기
400000,교양과정,2024,2,KY410,진로와상담,AF,교양필수,1,(0),,,서정욱,20200078,5/28,AI·SW계열 수강신청,,1,,N,,,2024,2,2학기
400000,교양과정,2024,2,KY410,진로와상담,AG,교양필수,1,(0),,,이성구,19990055,22/28,AI·SW계열 수강신청,,1,,N,,,2024,2,2학기
400000,교양과정,2024,2,KY410,진로와상담,AH,교양필수,1,(0),,,강영경,19970108,24/28,AI·SW계열 수강신청,,1,,N,,,2024,2,2학기
400000,교양과정,2024,2,KY410,진로와상담,AJ,교양필수,1,(0),,,조성호,20020194,26/28,AI·SW계열 수강신청,,1,,N,,,2024,2,2학기
400000,교양과정,2024,2,KY410,진로와상담,AM,교양필수,1,(0),,,이영미,20050062,23/25,신학·인문융합계열 수강신청,,1,,N,,,2024,2,2학기
400000,교양과정,2024,2,KY410,진로와상담,AN,교양필수,1,(0),,,한경미,20240162,20/25,신학·인문융합계열 수강신청,,2,,N,,,2024,2,2학기
400000,교양과정,2024,2,KY410,진로와상담,AR,교양필수,1,(0),,,강인철,19970005,16/20,신학·인문융합계열 수강신청,,0,,N,,,2024,2,2학기
400000,교양과정,2024,2,KY410,진로와상담,AT,교양필수,1,(0),,,김대오,19970107,25/34,신학·인문융합계열 수강신청,,1,,N,,,2024,2,2학기
400000,교양과정,2024,2,KY410,진로와상담,AW,교양필수,1,(0),,,전춘명,19960084,17/17,신학·인문융합계열 수강신청,,1,,N,,,2024,2,2학기
400000,교양과정,2024,2,KY410,진로와상담,AX,교양필수,1,(0),,,오동식,20100188,13/17,신학·인문융합계열 수강신청,,1,,N,,,2024,2,2학기
400000,교양과정,2024,2,KY410,진로와상담,B1,교양필수,"1, 3",(0),,,김지혜,20230138,12/50,"[교필] 16학번부터 교양필수/ 국어국문학과 수강/ 학번 맨 끝자리 6,7,8,9 수강/ P/NP",,1,,N,,,2024,2,2학기
400000,교양과정,2024,2,KY410,진로와상담,B2,교양필수,"1, 3",(0),,,유형동,20220034,24/50,"[교필] 16학번부터 교양필수/ 국어국문학과 수강/ 학번 맨 끝자리 0,1,2,3,4,5 수강/ P/NP",,1,,N,,,2024,2,2학기
400000,교양과정,2024,2,KY410,진로와상담,B5,교양필수,"1, 3",(0),,,김지혜,20210073,14/30,"[2016학번부터필수]영문/P/NP과목,학과 상담지도교수 안내받고 직접 수강신청",,1,,N,,,2024,2,2학기
400000,교양과정,2024,2,KY410,진로와상담,B6,교양필수,"1, 3",(0),,,이향미,20200051,18/30,"[2016학번부터필수]영문/P/NP과목,학과 상담지도교수 안내받고 직접 수강신청",,1,,N,,,2024,2,2학기
400000,교양과정,2024,2,KY410,진로와상담,B7,교양필수,"1, 3",(0),,,박미선,20090009,4/30,"[2016학번부터필수]영문/P/NP과목,학과 상담지도교수 안내받고 직접 수강신청",,1,,N,,,2024,2,2학기
400000,교양과정,2024,2,KY410,진로와상담,BA,교양필수,1,(0),,,이향미,20200051,9/9,신학·인문융합계열 수강신청,,1,,N,,,2024,2,2학기
400000,교양과정,2024,2,KY410,진로와상담,BC,교양필수,1,(0),,,김지혜,20210073,8/8,신학·인문융합계열 수강신청,,1,,N,,,2024,2,2학기
400000,교양과정,2024,2,KY410,진로와상담,BD,교양필수,1,(0),,,박미선,20090009,8/8,신학·인문융합계열 수강신청,,1,,N,,,2024,2,2학기
400000,교양과정,2024,2,KY410,진로와상담,BF,교양필수,1,(0),,,강지희,20190189,11/11,신학·인문융합계열 수강신청,,0,,N,,,2024,2,2학기
400000,교양과정,2024,2,KY410,진로와상담,BG,교양필수,1,(0),,,백수린,20240068,11/11,신학·인문융합계열 수강신청,,0,,N,,,2024,2,2학기
400000,교양과정,2024,2,KY410,진로와상담,BH,교양필수,1,(0),,,정한아,20220222,11/11,신학·인문융합계열 수강신청,,0,,N,,,2024,2,2학기
400000,교양과정,2024,2,KY410,진로와상담,BJ,교양필수,1,(0),,,김지혜,20230138,8/11,신학·인문융합계열 수강신청,,1,,N,,,2024,2,2학기
400000,교양과정,2024,2,KY410,진로와상담,BK,교양필수,1,(0),,,유형동,20220034,11/11,신학·인문융합계열 수강신청,,1,,N,,,2024,2,2학기
400000,교양과정,2024,2,KY410,진로와상담,BN,교양필수,1,(0),,,이형원,20210030,10/10,신학·인문융합계열 수강신청,,1,,N,,,2024,2,2학기
400000,교양과정,2024,2,KY410,진로와상담,BO,교양필수,1,(0),,,정해득,20140042,8/10,신학·인문융합계열 수강신청,,1,,N,,,2024,2,2학기
400000,교양과정,2024,2,KY410,진로와상담,BP,교양필수,1,(0),,,정무용,20230010,8/10,신학·인문융합계열 수강신청,,1,,N,,,2024,2,2학기
400000,교양과정,2024,2,KY410,진로와상담,BQ,교양필수,1,(0),,,이영남,20170017,7/10,신학·인문융합계열 수강신청,,0,,N,,,2024,2,2학기
400000,교양과정,2024,2,KY410,진로와상담,BR,교양필수,1,(0),,,류기수,19950013,4/9,신학·인문융합계열 수강신청,,1,,N,,,2024,2,2학기
400000,교양과정,2024,2,KY410,진로와상담,BS,교양필수,1,(0),,,장정해,19930050,9/10,신학·인문융합계열 수강신청,,1,,N,,,2024,2,2학기
400000,교양과정,2024,2,KY410,진로와상담,BT,교양필수,1,(0),,,최민성,20090008,5/9,신학·인문융합계열 수강신청,,1,,N,,,2024,2,2학기
400000,교양과정,2024,2,KY410,진로와상담,BU,교양필수,1,(0),,,김남희,20200038,9/10,신학·인문융합계열 수강신청,,1,,N,,,2024,2,2학기
400000,교양과정,2024,2,KY410,진로와상담,BW,교양필수,1,(0),,,신광철,19960087,8/8,신학·인문융합계열 수강신청,,1,,N,,,2024,2,2학기
400000,교양과정,2024,2,KY410,진로와상담,BX,교양필수,1,(0),,,김윤성,20060020,6/8,신학·인문융합계열 수강신청,,1,,N,,,2024,2,2학기
400000,교양과정,2024,2,KY410,진로와상담,BY,교양필수,1,(0),,,이종현,20230011,8/8,신학·인문융합계열 수강신청,,1,,N,,,2024,2,2학기
400000,교양과정,2024,2,KY410,진로와상담,C1,교양필수,"1, 3",(0),,,정무용,20230010,11/20,,,1,,N,,,2024,2,2학기
400000,교양과정,2024,2,KY410,진로와상담,C2,교양필수,"1, 3",(0),,,이형원,20210030,9/20,,,1,,N,,,2024,2,2학기
400000,교양과정,2024,2,KY410,진로와상담,C3,교양필수,"1, 3",(0),,,정해득,20140042,3/20,,,1,,N,,,2024,2,2학기
400000,교양과정,2024,2,KY410,진로와상담,C4,교양필수,"1, 3",(0),,,이영남,20170017,6/20,,,0,,N,,,2024,2,2학기
400000,교양과정,2024,2,KY410,진로와상담,C5,교양필수,"1, 3",(0),,,강지희,20190189,14/40,,,0,,N,,,2024,2,2학기
400000,교양과정,2024,2,KY410,진로와상담,C6,교양필수,"1, 3",(0),,,백수린,20240068,11/40,,,0,,N,,,2024,2,2학기
400000,교양과정,2024,2,KY410,진로와상담,C7,교양필수,"1, 3",(0),,,정한아,20220222,10/40,,,0,,N,,,2024,2,2학기
400000,교양과정,2024,2,KY410,진로와상담,CA,교양필수,1,(0),,,여협구,20090007,26/35,AI시스템반도체학 학생들만 수강신청,,1,,N,,,2024,2,2학기
400000,교양과정,2024,2,KY410,진로와상담,D1,교양필수,"1, 3",(0),,,전춘명,19960084,12/20,독일어문화학과 학번 끝자리 홀수 신청,,1,,N,,,2024,2,2학기
400000,교양과정,2024,2,KY410,진로와상담,D2,교양필수,"1, 3",(0),,,오동식,20100188,12/20,독일어문화학과 학번 끝자리 짝수 신청,,1,,N,,,2024,2,2학기
400000,교양과정,2024,2,KY410,진로와상담,D6,교양필수,"1, 3",(0),,,김대오,19970107,14/50,"[2016학번부터필수]인문콘텐츠학부(철학전공)/P/NP과목, 학과 상담지도교수 안내받고 직접 수강신청",,1,,N,,,2024,2,2학기
400000,교양과정,2024,2,KY410,진로와상담,E1,교양필수,"1, 3",(0),,,강인철,19970005,6/20,,,0,,N,,,2024,2,2학기
400000,교양과정,2024,2,KY410,진로와상담,E4,교양필수,"1, 3",(0),,,신광철,19960087,14/30,디지털영상문화콘텐츠학(한국인 3학년 홀수번호)/디지털문화콘텐츠학,,1,,N,,,2024,2,2학기
400000,교양과정,2024,2,KY410,진로와상담,E5,교양필수,"1, 3",(0),,,김윤성,20060020,10/30,"디지털영상문화콘텐츠학(한국인 2,4학년)/영상문화학",,1,,N,,,2024,2,2학기
400000,교양과정,2024,2,KY410,진로와상담,E6,교양필수,"1, 3",(0),,,이종현,20230011,14/30,디지털영상문화콘텐츠학(한국인3학년 짝수번호),,1,,N,,,2024,2,2학기
400000,교양과정,2024,2,KY410,진로와상담,E8,교양필수,"1, 3",(0),,,김윤성,20060020,9/30,디지털영상문화콘텐츠학(외국인),,1,,N,,,2024,2,2학기
400000,교양과정,2024,2,KY410,진로와상담,F1,교양필수,"1, 3",(0),,,류기수,19950013,14/35,"[2016학번부터필수]중국어문화학과/P/NP과목, 지도교수 확인 후 신청",,1,,N,,,2024,2,2학기
400000,교양과정,2024,2,KY410,진로와상담,F2,교양필수,"1, 3",(0),,,장정해,19930050,3/35,"[2016학번부터필수]중국어문화학과/P/NP과목, 지도교수 확인 후 신청",,1,,N,,,2024,2,2학기
400000,교양과정,2024,2,KY410,진로와상담,F3,교양필수,"1, 3",(0),,,최민성,20090008,2/21,"[2016학번부터필수]한중문화콘텐츠학과 P/NP과목, 학과 상담지도교수 안내받고 직접 수강",,1,,N,,,2024,2,2학기
400000,교양과정,2024,2,KY410,진로와상담,F4,교양필수,"1, 3",(0),,,김남희,20200038,9/20,"[2016학번부터필수]한중문화콘텐츠학과 P/NP과목, 학과 상담지도교수 안내받고 직접 수강",,1,,N,,,2024,2,2학기
400000,교양과정,2024,2,KY410,진로와상담,F5,교양필수,"1, 3",(0),,,임익수,20230014,20/30,"[2016학번부터필수]IT콘텐츠학과/P/NP과목, 학과 상담지도교수 안내받고 직접 수강신청",,1,,N,,,2024,2,2학기
400000,교양과정,2024,2,KY410,진로와상담,G1,교양필수,"1, 3",(0),,,이해영,19960013,11/25,"[2016부터필수] 글로벌인재학부(국제관계학부)/ P/NP과목, 학과 상담지도교수 확인 필수",,0,,N,,,2024,2,2학기
400000,교양과정,2024,2,KY410,진로와상담,G2,교양필수,"1, 3",(0),,,최형익,20040020,4/25,"[2016부터필수] 글로벌인재학부(국제관계학부)/ P/NP과목, 학과 상담지도교수 확인 필수",,0,,N,,,2024,2,2학기
400000,교양과정,2024,2,KY410,진로와상담,G3,교양필수,"1, 3",(0),,,조성대,20020021,8/25,"[2016부터필수] 글로벌인재학부(국제관계학부)/ P/NP과목, 학과 상담지도교수 확인 필수",,0,,N,,,2024,2,2학기
400000,교양과정,2024,2,KY410,진로와상담,G5,교양필수,"1, 3",(0),,,박상남,20060141,23/25,"[2016부터필수] 글로벌인재학부(국제관계학부)/ P/NP과목, 학과 상담지도교수 확인 필수",,1,,N,,,2024,2,2학기
400000,교양과정,2024,2,KY410,진로와상담,G6,교양필수,"1, 3",(0),,,성락선,19960085,9/20,학과 사무실에서 별도 신청,,1,,N,,,2024,2,2학기
400000,교양과정,2024,2,KY410,진로와상담,G7,교양필수,"1, 3",(0),,,한재명,20240069,23/20,학과 사무실에서 별도 신청,,1,,N,,,2024,2,2학기
400000,교양과정,2024,2,KY410,진로와상담,H2,교양필수,"1, 3",(0),,,노중기,19970047,9/30,대학행정팀에서 지도교수 안내 받은 후 수강신청,,1,,N,,,2024,2,2학기
400000,교양과정,2024,2,KY410,진로와상담,H3,교양필수,"1, 3",(0),,,윤상철,20000149,15/30,대학행정팀에서 지도교수 안내 받은 후 수강신청,,1,,N,,,2024,2,2학기
400000,교양과정,2024,2,KY410,진로와상담,I1,교양필수,"1, 3",(0),,,문철수,20010229,15/30,,,1,,N,,,2024,2,2학기
400000,교양과정,2024,2,KY410,진로와상담,I2,교양필수,"1, 3",(0),,,채희상,20130174,21/30,,,1,,N,,,2024,2,2학기
400000,교양과정,2024,2,KY410,진로와상담,I3,교양필수,"1, 3",(0),,,지원배,20170127,14/30,,,1,,N,,,2024,2,2학기
400000,교양과정,2024,2,KY410,진로와상담,I4,교양필수,"1, 3",(0),,,이성미,20170128,10/30,,,0,,N,,,2024,2,2학기
400000,교양과정,2024,2,KY410,진로와상담,I5,교양필수,"1, 3",(0),,,박혜영,20210072,30/30,,,0,,N,,,2024,2,2학기
400000,교양과정,2024,2,KY410,진로와상담,J1,교양필수,"1, 3",(0),,,홍선미,19960088,18/25,"계열 자유신청, 전공생 학번 끝자리 0~3 수강신청 가능, [2016학번부터 필수] 사회복지학 P/NP과목",,0,,N,,,2024,2,2학기
400000,교양과정,2024,2,KY410,진로와상담,J2,교양필수,"1, 3",(0),,,김예랑,20080163,18/25,"계열 자유신청, 전공생 학번 끝자리 4-6수강신청 가능, [2016학번부터 필수] 사회복지학 P/NP과목",,1,,N,,,2024,2,2학기
400000,교양과정,2024,2,KY410,진로와상담,J4,교양필수,"1, 3",(0),,,장익현,20200052,18/25,"계열 자유신청, 전공생 학번 끝자리 7-9 수강신청 가능, [2016학번부터 필수] 사회복지학 P/NP과목",,0,,N,,,2024,2,2학기
400000,교양과정,2024,2,KY410,진로와상담,J6,교양필수,"1, 3",(0),,,백변경희,20010014,17/15,"학과 상담지도교수 안내받고 직접 수강신청,[2016학번부터필수]재활학과/P/NP과목",,0,,N,,,2024,2,2학기
400000,교양과정,2024,2,KY410,진로와상담,J7,교양필수,"1, 3",(0),,,이경숙,19990077,12/15,"학과 상담지도교수 안내받고 직접 수강신청,[2016학번부터필수]재활학과/P/NP과목",,1,,N,,,2024,2,2학기
400000,교양과정,2024,2,KY410,진로와상담,J8,교양필수,"1, 3",(0),,,이인재,19940025,16/16,"학과 상담지도교수 안내받고 직접 수강신청,[2016학번부터필수]재활학과/P/NP과목",,0,,N,,,2024,2,2학기
400000,교양과정,2024,2,KY410,진로와상담,K2,교양필수,"1, 3",(0),,,박상현,20210074,36/36,특수체육학과 / 특수체육학계열 / 학과 지도교수 확인 후 신청,,1,,N,,,2024,2,2학기
400000,교양과정,2024,2,KY410,진로와상담,K3,교양필수,"1, 3",(0),,,조규청,20080107,23/35,특수체육학과 / 특수체육학계열 / 학과 지도교수 확인 후 신청,,1,,N,,,2024,2,2학기
400000,교양과정,2024,2,KY410,진로와상담,K6,교양필수,"1, 3",(0),,,구훈정,20150127,27/28,대학행정팀에서 별도 공지[2016학번부터필수]심리아동학부/P/NP과목,,1,,N,,,2024,2,2학기
400000,교양과정,2024,2,KY410,진로와상담,K7,교양필수,"1, 3",(0),,,안도연,20210035,18/25,대학행정팀에서 별도 공지[2016학번부터필수]심리아동학부/P/NP과목,,1,,N,,,2024,2,2학기
400000,교양과정,2024,2,KY410,진로와상담,K8,교양필수,"1, 3",(0),,,김상원,20230013,12/25,대학행정팀에서 별도 공지[2016학번부터필수]심리아동학부/P/NP과목,,1,,N,,,2024,2,2학기
400000,교양과정,2024,2,KY410,진로와상담,K9,교양필수,"1, 3",(0),,,유희정,20170124,8/25,대학행정팀에서 별도 공지[2016학번부터필수]심리아동학부/P/NP과목,,1,,N,,,2024,2,2학기
400000,교양과정,2024,2,KY410,진로와상담,L1,교양필수,"1, 3",(0),,,장종익,20120119,10/40,[2016학번부터필수]글로벌비즈니스학부/P/NP과목/ 학과에서 지도교수 확인 및 안내 받은 후 수강신청,,0,,N,,,2024,2,2학기
400000,교양과정,2024,2,KY410,진로와상담,L2,교양필수,"1, 3",(0),,,양영수,20210032,24/40,[2016학번부터필수]글로벌비즈니스학부/P/NP과목/ 학과에서 지도교수 확인 및 안내 받은 후 수강신청,,1,,N,,,2024,2,2학기
400000,교양과정,2024,2,KY410,진로와상담,L3,교양필수,"1, 3",(0),,,김경민,20160030,13/30,"학과 상담지도교수 안내받고 직접 수강신청,[2016학번부터필수]경영학과/P/NP과목",,1,,N,,,2024,2,2학기
400000,교양과정,2024,2,KY410,진로와상담,L4,교양필수,"1, 3",(0),,,이건범,20090026,15/30,"학과 상담지도교수 안내받고 직접 수강신청,[2016학번부터필수]경영학과/P/NP과목",,1,,N,,,2024,2,2학기
400000,교양과정,2024,2,KY410,진로와상담,L5,교양필수,"1, 3",(0),,,박규호,20120084,13/30,"학과 상담지도교수 안내받고 직접 수강신청,[2016학번부터필수]경영학과/P/NP과목",,1,,N,,,2024,2,2학기
400000,교양과정,2024,2,KY410,진로와상담,L6,교양필수,"1, 3",(0),,,최지환,20230015,5/30,"학과 상담지도교수 안내받고 직접 수강신청,[2016학번부터필수]경영학과/P/NP과목",,1,,N,,,2024,2,2학기
400000,교양과정,2024,2,KY410,진로와상담,L7,교양필수,"1, 3",(0),,,정의범,20210033,14/30,"학과 상담지도교수 안내받고 직접 수강신청,[2016학번부터필수]경영학과/P/NP과목",,1,,N,,,2024,2,2학기
400000,교양과정,2024,2,KY410,진로와상담,L9,교양필수,"1, 3",(0),,,유한나,20220223,9/40,[2016학번부터필수]글로벌비즈니스학부/P/NP과목/ 학과에서 지도교수 확인 및 안내 받은 후 수강신청,,1,,N,,,2024,2,2학기
400000,교양과정,2024,2,KY410,진로와상담,M2,교양필수,"1, 3",(0),,,신재우,20240071,14/20,"학번 맨 끝자리 1~10, 26~30, 편입생 수강",,1,,N,,,2024,2,2학기
400000,교양과정,2024,2,KY410,진로와상담,M3,교양필수,"1, 3",(0),,,김상욱,20030021,12/20,"학번 맨 끝자리 11~20, 21~25 수강",,1,,N,,,2024,2,2학기
400000,교양과정,2024,2,KY410,진로와상담,M4,교양필수,"1, 3",(0),,,김도희,20050055,10/30,"학과 상담지도교수 안내받고 직접 수강신청,[2016학번부터필수]중국학과/P/NP과목",,1,,N,,,2024,2,2학기
400000,교양과정,2024,2,KY410,진로와상담,M5,교양필수,"1, 3",(0),,,이일영,19970044,9/30,"학과 상담지도교수 안내받고 직접 수강신청,[2016학번부터필수]중국학과/P/NP과목",,1,,N,,,2024,2,2학기
400000,교양과정,2024,2,KY410,진로와상담,N1,교양필수,"1, 3",(0),,,오미정,20100011,8/15,"전공 상담지도교수 안내받고 직접 수강신청,[2016학번부터필수]일본학/P/NP과목",,1,,N,,,2024,2,2학기
400000,교양과정,2024,2,KY410,진로와상담,N2,교양필수,"1, 3",(0),,,하종문,19960016,10/15,"전공 상담지도교수 안내받고 직접 수강신청,[2016학번부터필수]일본학/P/NP과목",,1,,N,,,2024,2,2학기
400000,교양과정,2024,2,KY410,진로와상담,N3,교양필수,"1, 3",(0),,,송주명,19990049,8/15,"전공 상담지도교수 안내받고 직접 수강신청,[2016학번부터필수]일본학/P/NP과목",,1,,N,,,2024,2,2학기
400000,교양과정,2024,2,KY410,진로와상담,N4,교양필수,"1, 3",(0),,,전창환,19970038,8/20,"[교필]국제경제학과 (학번 끝 뒷자리 0, 1, 2, 3 수강 신청)",,1,,N,,,2024,2,2학기
400000,교양과정,2024,2,KY410,진로와상담,N5,교양필수,"1, 3",(0),,,정지영,20190192,9/20,"[교필]국제경제학과 (학번 끝 뒷자리 4, 5, 6 수강 신청)",,1,,N,,,2024,2,2학기
400000,교양과정,2024,2,KY410,진로와상담,N6,교양필수,"1, 3",(0),,,정희진,20230012,6/20,"[교필]국제경제학과 (학번 끝 뒷자리 7, 8, 9 수강 신청)",,1,,N,,,2024,2,2학기
400000,교양과정,2024,2,KY410,진로와상담,O1,교양필수,"1, 3",(0),,,양춘우,19940027,14/25,학과 상담지도교수 안내받고 직접 수강신청,,1,,N,,,2024,2,2학기
400000,교양과정,2024,2,KY410,진로와상담,O2,교양필수,"1, 3",(0),,,박기현,19940031,18/25,학과 상담지도교수 안내받고 직접 수강신청,,0,,N,,,2024,2,2학기
400000,교양과정,2024,2,KY410,진로와상담,O5,교양필수,"1, 3",(0),,,변종석,19970018,10/25,,,1,,N,,,2024,2,2학기
400000,교양과정,2024,2,KY410,진로와상담,O6,교양필수,"1, 3",(0),,,박동련,19960011,19/25,,,1,,N,,,2024,2,2학기
400000,교양과정,2024,2,KY410,진로와상담,O7,교양필수,"1, 3",(0),,,유한나,20220033,12/25,,,1,,N,,,2024,2,2학기
400000,교양과정,2024,2,KY410,진로와상담,O8,교양필수,"1, 3",(0),,,윤성식,19960015,8/25,학과 상담지도교수 안내받고 직접 수강신청,,0,,N,,,2024,2,2학기
400000,교양과정,2024,2,KY410,진로와상담,P2,교양필수,"1, 3",(0),,,나근식,19920037,30/30,"[2016학번부터필수]컴퓨터공학부 수강/P/NP과목 학번 끝자리 5, 8 수강신청",,1,,N,,,2024,2,2학기
400000,교양과정,2024,2,KY410,진로와상담,P4,교양필수,"1, 3",(0),,,김성기,19930045,28/30,"[2016학번부터필수]컴퓨터공학부 수강/P/NP과목 학번 끝자리 7, 0 수강신청",,1,,N,,,2024,2,2학기
400000,교양과정,2024,2,KY410,진로와상담,Q1,교양필수,"1, 3",(0),,,박성진,20000021,27/30,"[2016학번부터필수]컴퓨터공학부 수강/P/NP과목 학번 끝자리 1, 9 수강신청",,1,,N,,,2024,2,2학기
400000,교양과정,2024,2,KY410,진로와상담,Q2,교양필수,"1, 3",(0),,,이형우,20030008,27/30,"[2016학번부터필수]컴퓨터공학부 수강/P/NP과목 학번 끝자리 2, 3 수강신청",,1,,N,,,2024,2,2학기
400000,교양과정,2024,2,KY410,진로와상담,Q3,교양필수,"1, 3",(0),,,류승택,20040026,33/35,"[2016학번부터필수]컴퓨터공학부 수강/P/NP과목 학번 끝자리 4, 6 수강신청",,1,,N,,,2024,2,2학기
400000,교양과정,2024,2,KY410,진로와상담,R2,교양필수,"1, 3",(0),,,김현경,19970045,19/25,"[2016학번부터필수]소프트웨어융합학부/P/NP과목 학번 끝자리 1, 4, 9 수강신청",,1,,N,,,2024,2,2학기
400000,교양과정,2024,2,KY410,진로와상담,R6,교양필수,"1, 3",(0),,,정승민,20060142,23/25,"[2016학번부터필수]소프트웨어융합학부/P/NP과목/학번 끝자리 2, 5 수강신청",,1,,N,,,2024,2,2학기
400000,교양과정,2024,2,KY410,진로와상담,R7,교양필수,"1, 3",(0),,,안현,20210024,25/25,"[2016학번부터필수]소프트웨어융합학부/P/NP과목/학번 끝자리 3, 6, 8 수강신청",,2,,N,,,2024,2,2학기
400000,교양과정,2024,2,KY410,진로와상담,R8,교양필수,"1, 3",(0),,,이용걸,20210023,23/25,"[2016학번부터필수]소프트웨어융합학부/P/NP과목/학번 끝자리 7, 0 수강신청",,1,,N,,,2024,2,2학기
400000,교양과정,2024,2,KY410,진로와상담,S1,교양필수,1,(0),,,이일영,19970044,11/15,경제통상·국제지역계열 수강신청,,1,,N,,,2024,2,2학기
400000,교양과정,2024,2,KY410,진로와상담,S6,교양필수,1,(0),,,송주명,19990049,14/15,경제통상·국제지역계열 수강신청,,1,,N,,,2024,2,2학기
400000,교양과정,2024,2,KY410,진로와상담,S7,교양필수,1,(0),,,오미정,20100011,18/18,경제통상·국제지역계열 수강신청,,1,,N,,,2024,2,2학기
400000,교양과정,2024,2,KY410,진로와상담,T1,교양필수,1,(0),,,전창환,19970038,8/15,경제통상·국제지역계열 수강신청,,1,,N,,,2024,2,2학기
400000,교양과정,2024,2,KY410,진로와상담,T2,교양필수,1,(0),,,정지영,20190192,14/15,경제통상·국제지역계열 수강신청,,1,,N,,,2024,2,2학기
400000,교양과정,2024,2,KY410,진로와상담,T3,교양필수,1,(0),,,정희진,20230012,14/15,경제통상·국제지역계열 수강신청,,1,,N,,,2024,2,2학기
400000,교양과정,2024,2,KY410,진로와상담,T6,교양필수,1,(0),,,성락선,19960085,12/17,경제통상·국제지역계열 수강신청,,1,,N,,,2024,2,2학기
400000,교양과정,2024,2,KY410,진로와상담,T7,교양필수,1,(0),,,한재명,20240069,17/20,경제통상·국제지역계열 수강신청,,1,,N,,,2024,2,2학기
400000,교양과정,2024,2,KY410,진로와상담,U3,교양필수,1,(0),,,정재웅,20210034,32/50,이공계융합계열 수강신청,,1,,N,,,2024,2,2학기
400000,교양과정,2024,2,KY410,진로와상담,U6,교양필수,1,(0),,,박동련,19960011,10/13,이공계융합계열 수강신청,,1,,N,,,2024,2,2학기
400000,교양과정,2024,2,KY410,진로와상담,U8,교양필수,1,(0),,,유한나,20220033,14/15,이공계융합계열 수강신청,,1,,N,,,2024,2,2학기
400000,교양과정,2024,2,KY410,진로와상담,V1,교양필수,"1, 3",(0),,,이석민,20200034,5/40,,,1,,N,,,2024,2,2학기
400000,교양과정,2024,2,KY410,진로와상담,V2,교양필수,"1, 3",(0),,,윤건,20200035,4/40,,,1,,N,,,2024,2,2학기
400000,교양과정,2024,2,KY410,진로와상담,V3,교양필수,"1, 3",(0),,,노승철,20210027,12/40,,,1,,N,,,2024,2,2학기
400000,교양과정,2024,2,KY410,진로와상담,V4,교양필수,1,(0),,,윤건,20200035,11/15,글로벌·공공인재융합계열 수강신청,,1,,N,,,2024,2,2학기
400000,교양과정,2024,2,KY410,진로와상담,V5,교양필수,1,(0),,,이석민,20200034,9/15,글로벌·공공인재융합계열 수강신청,,1,,N,,,2024,2,2학기
400000,교양과정,2024,2,KY410,진로와상담,V6,교양필수,1,(0),,,노승철,20210027,15/15,글로벌·공공인재융합계열 수강신청,,1,,N,,,2024,2,2학기
400000,교양과정,2024,2,KY410,진로와상담,V7,교양필수,1,(0),,,이해영,19960013,5/15,글로벌·공공인재융합계열 수강신청,,0,,N,,,2024,2,2학기
400000,교양과정,2024,2,KY410,진로와상담,V8,교양필수,1,(0),,,조성대,20020021,6/15,글로벌·공공인재융합계열 수강신청,,0,,N,,,2024,2,2학기
400000,교양과정,2024,2,KY410,진로와상담,V9,교양필수,1,(0),,,박상남,20060141,12/15,글로벌·공공인재융합계열 수강신청,,1,,N,,,2024,2,2학기
400000,교양과정,2024,2,KY410,진로와상담,W1,교양필수,1,(0),,,박규호,20120084,7/10,경영·미디어계열 수강신청,,1,,N,,,2024,2,2학기
400000,교양과정,2024,2,KY410,진로와상담,W2,교양필수,1,(0),,,김경민,20160030,9/10,경영·미디어계열 수강신청,,1,,N,,,2024,2,2학기
400000,교양과정,2024,2,KY410,진로와상담,W3,교양필수,1,(0),,,이건범,20090026,7/10,경영·미디어계열 수강신청,,1,,N,,,2024,2,2학기
400000,교양과정,2024,2,KY410,진로와상담,W4,교양필수,1,(0),,,정의범,20210033,8/10,경영·미디어계열 수강신청,,1,,N,,,2024,2,2학기
400000,교양과정,2024,2,KY410,진로와상담,W5,교양필수,1,(0),,,최지환,20230015,8/10,경영·미디어계열 수강신청,,1,,N,,,2024,2,2학기
400000,교양과정,2024,2,KY410,진로와상담,W7,교양필수,1,(0),,,신재우,20240071,8/10,경영·미디어계열 수강신청,,1,,N,,,2024,2,2학기
400000,교양과정,2024,2,KY410,진로와상담,W9,교양필수,1,(0),,,김상욱,20030021,9/10,경영·미디어계열 수강신청,,1,,N,,,2024,2,2학기
400000,교양과정,2024,2,KY410,진로와상담,X1,교양필수,1,(0),,,양영수,20210032,9/13,경영·미디어계열 수강신청,,1,,N,,,2024,2,2학기
400000,교양과정,2024,2,KY410,진로와상담,X2,교양필수,1,(0),,,장종익,20120119,5/13,경영·미디어계열 수강신청,,0,,N,,,2024,2,2학기
400000,교양과정,2024,2,KY410,진로와상담,X3,교양필수,1,(0),,,유한나,20220223,9/13,경영·미디어계열 수강신청,,1,,N,,,2024,2,2학기
400000,교양과정,2024,2,KY410,진로와상담,X5,교양필수,1,(0),,,이성미,20170128,1/10,경영·미디어계열 수강신청,,0,,N,,,2024,2,2학기
400000,교양과정,2024,2,KY410,진로와상담,X6,교양필수,1,(0),,,문철수,20010229,10/10,경영·미디어계열 수강신청,,1,,N,,,2024,2,2학기
400000,교양과정,2024,2,KY410,진로와상담,X7,교양필수,1,(0),,,채희상,20130174,9/10,경영·미디어계열 수강신청,,1,,N,,,2024,2,2학기
400000,교양과정,2024,2,KY410,진로와상담,X8,교양필수,1,(0),,,지원배,20170127,8/10,경영·미디어계열 수강신청,,1,,N,,,2024,2,2학기
400000,교양과정,2024,2,KY410,진로와상담,X9,교양필수,1,(0),,,박혜영,20210072,10/10,경영·미디어계열 수강신청,,0,,N,,,2024,2,2학기
400000,교양과정,2024,2,KY410,진로와상담,Y1,교양필수,1,(0),,,홍선미,19960088,13/15,휴먼서비스계열 수강신청,,0,,N,,,2024,2,2학기
400000,교양과정,2024,2,KY410,진로와상담,Y2,교양필수,1,(0),,,김예랑,20080163,15/15,휴먼서비스계열 수강신청,,1,,N,,,2024,2,2학기
400000,교양과정,2024,2,KY410,진로와상담,Y4,교양필수,1,(0),,,장익현,20200052,14/15,휴먼서비스계열 수강신청,,0,,N,,,2024,2,2학기
400000,교양과정,2024,2,KY410,진로와상담,Y6,교양필수,1,(0),,,이경숙,19990077,10/12,휴먼서비스계열 수강신청,,1,,N,,,2024,2,2학기
400000,교양과정,2024,2,KY410,진로와상담,Y7,교양필수,1,(0),,,백변경희,20010014,12/12,휴먼서비스계열 수강신청,,0,,N,,,2024,2,2학기
400000,교양과정,2024,2,KY410,진로와상담,Y9,교양필수,1,(0),,,이인재,19940025,6/12,휴먼서비스계열 수강신청,,0,,N,,,2024,2,2학기
400000,교양과정,2024,2,KY410,진로와상담,Z1,교양필수,1,(0),,,노중기,19970047,7/12,휴먼서비스계열 수강신청,,1,,N,,,2024,2,2학기
400000,교양과정,2024,2,KY410,진로와상담,Z10,교양필수,1,(0),,,유희정,20170124,7/10,휴먼서비스계열 수강신청,,1,,N,,,2024,2,2학기
400000,교양과정,2024,2,KY410,진로와상담,Z3,교양필수,1,(0),,,윤상철,20000149,10/12,휴먼서비스계열 수강신청,,1,,N,,,2024,2,2학기
400000,교양과정,2024,2,KY410,진로와상담,Z7,교양필수,1,(0),,,김상원,20230013,13/13,휴먼서비스계열 수강신청,,1,,N,,,2024,2,2학기
400000,교양과정,2024,2,KY410,진로와상담,Z8,교양필수,1,(0),,,구훈정,20150127,11/13,휴먼서비스계열 수강신청,,1,,N,,,2024,2,2학기
400000,교양과정,2024,2,KY410,진로와상담,Z9,교양필수,1,(0),,,안도연,20210035,13/13,휴먼서비스계열 수강신청,,1,,N,,,2024,2,2학기
400000,교양과정,2024,2,KY447,현대세계정치의이해,A,교양선택,1,3,"화요일(13:00~14:15), 화요일(14:30~15:45)","3204, 3204",이유철,20240017,63/70,,,1,,대면,,,2024,2,2학기
400000,교양과정,2024,2,KY472,생활법률,A,교양선택,1,3,"화요일(13:00~14:15), 화요일(14:30~15:45)","18212, 18212",유영국,20240072,90/90,,,1,,대면,,,2024,2,2학기
400000,교양과정,2024,2,KY508,1인미디어만들기,A,교양선택,1,3,월요일(16:00~17:15),20404,최은경,20210026,30/30,블렌디드수업,,1,,블랜디드,,,2024,2,2학기
400000,교양과정,2024,2,KY509,채플,A,교양필수,"3, 4",(1),,,"김광연, 한경미",20240162,12/20,"신학대학(NP대상자), 교목실 지도 후 신청, P/NP",,1,,대면,,,2024,2,2학기
400000,교양과정,2024,2,KY553,인권과법,A,교양선택,1,3,"목요일(13:00~14:15), 목요일(14:30~15:45)","18420, 18420",최영호,20220019,89/90,,,1,,대면,,,2024,2,2학기
400000,교양과정,2024,2,KY603,NCS직업기초능력다지기,A,교양선택,"3, 4",3,,,"김용희, 김익중",20220224,89/90,"3,4학년만 수강/온라인수업/P/NP교과목 // 외부온라인 // 외부온라인",,1,,외부온라인,,,2024,2,2학기
400000,교양과정,2024,2,KY613,신학입문,A,교양필수,1,2,금요일(11:00~12:40),4107,이상철,20220188,21/45,"신학대학, 신학전공 필수과목(신학인문융합계열 수강신청 가능) 강의실변경 3207→ 4107",,1,,대면,,,2024,2,2학기
400000,교양과정,2024,2,KY647,조선왕실의삶과문화,A,교양선택,1,3,월요일(13:00~14:15),18211,김선희,20220176,88/90,블렌디드수업(대면/월13:00~),,1,,블랜디드,,,2024,2,2학기
400000,교양과정,2024,2,KY656,프랑스어회화및실습Ⅱ,A,교양선택,1,2,"월요일(16:00~17:15), 수요일(17:30~18:45)","18418, 18418",이익주,20150010,30/30,,,1,,대면,,,2024,2,2학기
400000,교양과정,2024,2,KY671,심리운동과놀이,A,교양선택,1,3,"월요일(13:00~14:15), 월요일(14:30~15:45)","10204, 10301",서연태,20220252,50/50,3블럭 강의실 변경 10201->10204(24.09.26),,1,,대면,,,2024,2,2학기
400000,교양과정,2024,2,KY674,한국의세계문화유산,A,교양선택,1,3,월요일(11:00~12:15),3203,김선희,20220176,50/50,블랜디드 수업,,1,,블랜디드,,,2024,2,2학기
400000,교양과정,2024,2,KY676,수학으로세상읽기,A,교양선택,1,3,"화요일(13:00~14:15), 화요일(14:30~15:45)","18421, 18421",나경욱,20080158,79/80,,,1,,대면,,,2024,2,2학기
400000,교양과정,2024,2,KY695,노동의의미,A,교양선택,1,3,"목요일(13:00~14:15), 목요일(14:30~15:45)","18211, 18211",노중기,19970047,36/60,외부지원사업과목,,1,,대면,,,2024,2,2학기
400000,교양과정,2024,2,KY698,수학과문명,A,교양선택,1,3,,,이호규,20220156,89/90,교내온라인(LMS) // 교내온라인,,1,,교내온라인,,,2024,2,2학기
400000,교양과정,2024,2,KY700,3D콘텐츠제작,A,교양선택,1,2,"화요일(13:00~14:15), 화요일(14:30~15:45)","18309, 18309",박종현,20180154,36/40,"AISW대학, 컴공, 소웨융 수강금지, <디지털게임개발을통한컴퓨터의이해> 수강생 수강금지",,1,,대면,,,2024,2,2학기
400000,교양과정,2024,2,KY720,글쓰기의기초,A,교양필수,"3, 4",2,,,송주현,20130175,30/30,3학년 이상 미수강 및 재수강 대상자 수강(~2022학번)/교내온라인 // 교내온라인,,1,,교내온라인,,,2024,2,2학기
400000,교양과정,2024,2,KY722,영어Ⅱ,A,교양필수,"3, 4",2,,,모리스,20120085,30/35,교양필수 영어2 재수강반(2022학번까지 수강 가능) / 교내온라인 // 교내온라인,,1,,교내온라인,,,2024,2,2학기
400000,교양과정,2024,2,KY723,내삶을바꿀소설세편,A,교양선택,1,3,"월요일(11:00~12:15), 수요일(09:30~10:45)","20403, 20403",이미선,20220154,50/50,,,1,,대면,,,2024,2,2학기
400000,교양과정,2024,2,KY735,건축의미학,A,교양선택,1,3,,,신광철,19960087,89/90,교내온라인 // 교내온라인,,1,,교내온라인,,,2024,2,2학기
400000,교양과정,2024,2,KY736,사진예술의이해,A,교양선택,1,3,"월요일(13:00~14:15), 수요일(13:00~14:15)","18420, 18420",이익주,20150010,89/90,,,1,,대면,,,2024,2,2학기
400000,교양과정,2024,2,KY750,일본근현대와동아시아,A,교양선택,1,3,"월요일(09:30~10:45), 수요일(11:00~12:15)","7215, 7215",하종문,19960016,34/90,,,1,,대면,,,2024,2,2학기
400000,교양과정,2024,2,KY777,현대인의정신건강,A,교양선택,1,3,"목요일(13:00~14:15), 목요일(14:30~15:45)","18212, 18212",김용훈,20210025,90/90,발달재활서비스자격 과목,,1,,대면,,,2024,2,2학기
400000,교양과정,2024,2,KY780,초급일본어Ⅱ,A,교양선택,1,2,"화요일(13:00~14:15), 목요일(13:00~14:15)","3321, 3321",이혜원,20220149,38/40,일본학과수강금지(1학년허용),,1,,대면,,,2024,2,2학기
400000,교양과정,2024,2,KY786,뉴턴과근대과학탄생의비밀,A,교양선택,1,3,"월요일(09:30~10:45), 수요일(11:00~12:15)","18212, 18212",정태성,20080106,49/50,,,1,,대면,,,2024,2,2학기
400000,교양과정,2024,2,KY800,구급과안전교육,A,교양선택,1,2,"금요일(09:30~10:45), 금요일(11:00~12:15)","10204, 10204",강지연,20230043,40/40,,,1,,대면,,,2024,2,2학기
400000,교양과정,2024,2,KY806,현대환경문제의이해,A,교양선택,1,3,"화요일(13:00~14:15), 화요일(14:30~15:45)","18520, 18520",이상헌,20080165,85/90,,,1,,대면,,,2024,2,2학기
400000,교양과정,2024,2,KY819,배구,A,교양선택,2,2,"수요일(09:30~10:45), 수요일(11:00~12:15)","10301, 10301",채수원,20240031,30/30,"특체과 2,3,4학년 수강금지 / 이론수업 시 한울관 10204호",,1,,대면,,,2024,2,2학기
400000,교양과정,2024,2,KY821,탁구,A,교양선택,2,2,"목요일(13:00~14:15), 목요일(14:30~15:45)","10301, 10301",김수겸,20130148,30/30,"특체과 2,3,4학년 수강금지 / 이론수업 시 한울관 10204호",,1,,대면,,,2024,2,2학기
400000,교양과정,2024,2,KY822,배드민턴,A,교양선택,2,2,"목요일(09:30~10:45), 목요일(11:00~12:15)","10301, 10301",채수원,20240031,17/20,"특체과 2,3,4학년 수강금지 / 이론수업 시 한울관 10201호",,1,,대면,,,2024,2,2학기
400000,교양과정,2024,2,KY827,조깅과워킹,A,교양선택,2,2,"금요일(13:00~14:15), 금요일(14:30~15:45)","10206, 10206",강지연,20230043,20/20,"특체과 2,3,4학년 수강금지/강의실 변경 10201→10206",,1,,대면,,,2024,2,2학기
400000,교양과정,2024,2,KY831,취창업스쿨2,A,교양선택,"2, 3, 4",3,,,강석원,20130152,30/30,"2,3,4학년 / 교내온라인 / P/NP // 교내온라인",,1,,교내온라인,,,2024,2,2학기
400000,교양과정,2024,2,KY831,취창업스쿨2,B,교양선택,"2, 3, 4",3,,,김대숙,20200075,29/30,"2,3,4학년 / 교내온라인 / P/NP // 교내온라인",,1,,교내온라인,,,2024,2,2학기
400000,교양과정,2024,2,KY831,취창업스쿨2,C,교양선택,"2, 3, 4",3,,,김대숙,20200075,30/30,"2,3,4학년 / 교내온라인 / P/NP // 교내온라인",,1,,교내온라인,,,2024,2,2학기
400000,교양과정,2024,2,KY831,취창업스쿨2,D,교양선택,"2, 3, 4",3,,,김흥기,20130154,29/30,"2,3,4학년 / 교내온라인 / P/NP // 교내온라인",,1,,교내온라인,,,2024,2,2학기
400000,교양과정,2024,2,KY831,취창업스쿨2,E,교양선택,"2, 3, 4",3,,,김흥기,20130154,30/30,"2,3,4학년 / 교내온라인 / P/NP // 교내온라인",,1,,교내온라인,,,2024,2,2학기
400000,교양과정,2024,2,KY831,취창업스쿨2,F,교양선택,"2, 3, 4",3,,,홍창기,20130034,30/30,"2,3,4학년 / 교내온라인 / P/NP // 교내온라인",,1,,교내온라인,,,2024,2,2학기
400000,교양과정,2024,2,KY831,취창업스쿨2,G,교양선택,"2, 3, 4",3,,,허태윤,20208015,30/30,"2,3,4학년 / 교내온라인 / P/NP // 교내온라인",,1,,교내온라인,,,2024,2,2학기
400000,교양과정,2024,2,KY832,정의란무엇인가,A,교양선택,1,3,"화요일(16:00~17:15), 화요일(17:30~18:45)","7215, 7215",김대오,19970107,36/90,,,1,,대면,,,2024,2,2학기
400000,교양과정,2024,2,KY836,봉사활동Ⅱ,A,교양선택,1,1,,,"박원식, 차윤정",20090005,78/90,"[기타수업] P/NP 교과목/오리엔테이션 필참,30시간이상 봉사활동 수행/인증서 제출",,1,,N,,,2024,2,2학기
400000,교양과정,2024,2,KY845,중국어회화Ⅱ,A,교양선택,1,2,"월요일(13:00~14:15), 수요일(13:00~14:15)","3308, 3308",PANG LI,20120123,26/30,"중국학과, 중국어문화영상융합학과 2학년 이상 수강 금지",,1,,대면,,,2024,2,2학기
400000,교양과정,2024,2,KY862,인간관계와예절,A,교양선택,1,2,"목요일(16:00~17:15), 목요일(17:30~18:45)","18519, 18519",성은실,20220206,89/90,강의실변경 7215->18519,,1,,대면,,,2024,2,2학기
400000,교양과정,2024,2,KY864,영화와사회심리,A,교양선택,1,3,"화요일(16:00~17:15), 화요일(17:30~18:45)","18420, 18420",이익주,20150010,89/90,,,1,,대면,,,2024,2,2학기
400000,교양과정,2024,2,KY879,기독교와인문학,A,교양필수,1,2,화요일(17:30~19:10),18211,정용택,20220057,51/80,교필(기독교과목),,1,,대면,,,2024,2,2학기
400000,교양과정,2024,2,KY891,인물로읽는성서,A,교양필수,1,2,수요일(17:30~19:10),18212,한경미,20240162,88/90,교필(성서교과목),,1,,대면,,,2024,2,2학기
400000,교양과정,2024,2,KY893,성서와예술,A,교양필수,1,2,수요일(11:00~12:40),18211,강은미,20209151,90/90,교필(성서교과목),,1,,대면,,,2024,2,2학기
400000,교양과정,2024,2,KY893,성서와예술,B,교양필수,1,2,금요일(11:00~12:40),18519,강은미,20209151,80/80,교필(성서교과목) ,,1,,대면,,,2024,2,2학기
400000,교양과정,2024,2,KY894,성서와여성,A,교양필수,1,2,수요일(17:30~19:10),18211,강은미,20209151,79/80,교필(성서교과목) ,,1,,대면,,,2024,2,2학기
400000,교양과정,2024,2,KY894,성서와여성,B,교양필수,1,2,금요일(13:00~14:40),18519,강은미,20209151,70/80,교필(성서교과목),,1,,대면,,,2024,2,2학기
400000,교양과정,2024,2,KY895,교회음악Ⅱ,A,교양선택,1,2,화요일(11:00~12:40),4107,정춘,20220217,20/20,P/NP,,1,,대면,,,2024,2,2학기
400000,교양과정,2024,2,KY899,독일문학길잡이,A,교양선택,1,3,"금요일(16:00~17:15), 금요일(17:30~18:45)","3505, 3505",오동식,20100188,32/40,,,1,,대면,,,2024,2,2학기
400000,교양과정,2024,2,KY921,사회생활길잡이,A1,교양필수,2,1,수요일(17:30~18:20),3203,이영미,20050062,17/20,,,1,,대면,,,2024,2,2학기
400000,교양과정,2024,2,KY921,사회생활길잡이,A2,교양필수,2,1,수요일(17:30~18:20),3204,김주한,20080110,13/20,,,1,,대면,,,2024,2,2학기
400000,교양과정,2024,2,KY921,사회생활길잡이,AA,교양필수,2,1,수요일(18:50~19:40),18209,최창원,19960009,24/30,"AI·SW계열(2학년) 수강신청/학번 끝자리 1, 2 수강신청",,1,,대면,,,2024,2,2학기
400000,교양과정,2024,2,KY921,사회생활길잡이,AB,교양필수,2,1,수요일(18:50~19:40),18207,안현,20210024,21/30,"AI·SW계열(2학년) 수강신청/학번 끝자리 3, 4 수강신청",,2,,대면,,,2024,2,2학기
400000,교양과정,2024,2,KY921,사회생활길잡이,AC,교양필수,2,1,화요일(18:50~19:40),18425,백수진,20230139,23/30,"AI·SW계열(2학년) 수강신청/학번 끝자리 5, 6 수강신청",,1,,대면,,,2024,2,2학기
400000,교양과정,2024,2,KY921,사회생활길잡이,AD,교양필수,2,1,수요일(18:50~19:40),18521,임익수,20230014,19/30,"AI·SW계열(2학년) 수강신청, IT영상콘텐츠학과 수강신청/학번 끝자리 7, 8 수강신청",,1,,대면,,,2024,2,2학기
400000,교양과정,2024,2,KY921,사회생활길잡이,AE,교양필수,2,1,화요일(18:50~19:40),18106,서정욱,20200078,21/30,"AI·SW계열(2학년) 수강신청/학번 끝자리 9, 0 수강신청",,1,,대면,,,2024,2,2학기
400000,교양과정,2024,2,KY921,사회생활길잡이,C1,교양필수,2,1,월요일(16:00~16:50),3410,김지혜,20230138,15/30,"[교필] 11학번부터 교양필수/ 국어국문학과 수강/ 학번 맨 끝자리 6,7,8,9 수강/ P/NP",,1,,대면,,,2024,2,2학기
400000,교양과정,2024,2,KY921,사회생활길잡이,C2,교양필수,2,1,월요일(16:00~16:50),20502,유형동,20220034,21/30,"[교필] 11학번부터 교양필수/ 국어국문학과 수강/ 학번 맨 끝자리 0,1,2,3,4,5 수강/ P/NP",,1,,대면,,,2024,2,2학기
400000,교양과정,2024,2,KY921,사회생활길잡이,D2,교양필수,2,1,월요일(16:00~16:50),3407,김지혜,20210073,4/20,대생길과 동일한 지도교수 신청,,1,,대면,,,2024,2,2학기
400000,교양과정,2024,2,KY921,사회생활길잡이,D3,교양필수,2,1,월요일(16:00~16:50),3405,이향미,20200051,11/20,대생길과 동일한 지도교수 신청,,1,,대면,,,2024,2,2학기
400000,교양과정,2024,2,KY921,사회생활길잡이,D4,교양필수,2,1,월요일(16:00~16:50),3406,박미선,20090009,7/20,대생길과 동일한 지도교수 신청,,1,,대면,,,2024,2,2학기
400000,교양과정,2024,2,KY921,사회생활길잡이,E1,교양필수,2,1,월요일(16:00~16:50),3411,전춘명,19960084,19/20,대학생활길잡이 담당 교수와 동일하게 신청,,1,,대면,,,2024,2,2학기
400000,교양과정,2024,2,KY921,사회생활길잡이,E2,교양필수,2,1,월요일(16:00~16:50),3308,오동식,20100188,5/20,대학생활길잡이 담당 교수와 동일하게 신청,,1,,대면,,,2024,2,2학기
400000,교양과정,2024,2,KY921,사회생활길잡이,F2,교양필수,2,1,월요일(16:00~16:50),8110,김대오,19970107,22/30,,,1,,대면,,,2024,2,2학기
400000,교양과정,2024,2,KY921,사회생활길잡이,G1,교양필수,2,1,월요일(18:50~19:40),3204,정무용,20230010,15/25,,,1,,대면,,,2024,2,2학기
400000,교양과정,2024,2,KY921,사회생활길잡이,G2,교양필수,2,1,월요일(18:50~19:40),3409,이형원,20210030,7/25,,,1,,대면,,,2024,2,2학기
400000,교양과정,2024,2,KY921,사회생활길잡이,G3,교양필수,2,1,월요일(18:50~19:40),3412,정해득,20140042,5/25,,,1,,대면,,,2024,2,2학기
400000,교양과정,2024,2,KY921,사회생활길잡이,G4,교양필수,2,1,월요일(18:50~19:40),3408,이영남,20170017,8/25,,,0,,대면,,,2024,2,2학기
400000,교양과정,2024,2,KY921,사회생활길잡이,H1,교양필수,2,1,월요일(17:30~18:20),3308,강인철,19970005,5/20,,,0,,대면,,,2024,2,2학기
400000,교양과정,2024,2,KY921,사회생활길잡이,I1,교양필수,2,1,월요일(16:00~16:50),3201,강지희,20190189,14/20,,,0,,대면,,,2024,2,2학기
400000,교양과정,2024,2,KY921,사회생활길잡이,I2,교양필수,2,1,월요일(16:00~16:50),3202,백수린,20240068,12/20,,,0,,대면,,,2024,2,2학기
400000,교양과정,2024,2,KY921,사회생활길잡이,I3,교양필수,2,1,월요일(16:00~16:50),3203,정한아,20220222,8/20,,,0,,대면,,,2024,2,2학기
400000,교양과정,2024,2,KY921,사회생활길잡이,I4,교양필수,2,1,월요일(16:00~16:50),18104,김윤성,20060020,19/30,디지털영상문화콘텐츠학(한국인 홀수번호)/영상문화학,,1,,대면,,,2024,2,2학기
400000,교양과정,2024,2,KY921,사회생활길잡이,I5,교양필수,2,1,월요일(16:00~16:50),18102,신광철,19960087,8/30,디지털영상문화콘텐츠학(외국인),,1,,대면,,,2024,2,2학기
400000,교양과정,2024,2,KY921,사회생활길잡이,I6,교양필수,2,1,월요일(16:00~16:50),18103,이종현,20230011,28/30,디지털영상문화콘텐츠학(한국인 짝수번호)/디지털문화콘텐츠학,,1,,대면,,,2024,2,2학기
400000,교양과정,2024,2,KY921,사회생활길잡이,J2,교양필수,2,1,월요일(16:00~16:50),7107,장정해,19930050,22/35,"중국어문화콘텐츠학(짝수학번),중국어문화학 강의실변경 20505→7107 ",,1,,대면,,,2024,2,2학기
400000,교양과정,2024,2,KY921,사회생활길잡이,J5,교양필수,2,1,월요일(16:00~16:50),18110,김남희,20200038,16/40,"중국어문화콘텐츠학(홀수학번), 한중문화콘텐츠학",,1,,대면,,,2024,2,2학기
400000,교양과정,2024,2,KY921,사회생활길잡이,K2,교양필수,2,1,수요일(16:00~16:50),3503,최형익,20040020,2/20,국제관계학부 / 글로벌인재학부 수강신청 전 지도교수 확인,,0,,대면,,,2024,2,2학기
400000,교양과정,2024,2,KY921,사회생활길잡이,K3,교양필수,2,1,수요일(16:00~16:50),3412,조성대,20020021,5/20,국제관계학부 / 글로벌인재학부 수강신청 전 지도교수 확인 / 강의실 3504→3412,,0,,대면,,,2024,2,2학기
400000,교양과정,2024,2,KY921,사회생활길잡이,K5,교양필수,2,1,수요일(18:50~19:40),3506,박상남,20060141,17/20,국제관계학부 / 글로벌인재학부 수강신청 전 지도교수 확인,,1,,대면,,,2024,2,2학기
400000,교양과정,2024,2,KY921,사회생활길잡이,K6,교양필수,2,1,수요일(16:00~16:50),3505,이석민,20200034,3/20,진로와 상담 교수님과 동일하게 수강신청,,1,,대면,,,2024,2,2학기
400000,교양과정,2024,2,KY921,사회생활길잡이,K7,교양필수,2,1,월요일(16:00~16:50),3506,윤건,20200035,9/20,진로와 상담 교수님과 동일하게 수강신청,,1,,대면,,,2024,2,2학기
400000,교양과정,2024,2,KY921,사회생활길잡이,K8,교양필수,2,1,월요일(16:00~16:50),20507,노승철,20210027,19/20,진로와 상담 교수님과 동일하게 수강신청,,1,,대면,,,2024,2,2학기
400000,교양과정,2024,2,KY921,사회생활길잡이,L1,교양필수,2,1,월요일(16:00~16:50),3403,성락선,19960085,12/15,,,1,,대면,,,2024,2,2학기
400000,교양과정,2024,2,KY921,사회생활길잡이,L2,교양필수,2,1,월요일(16:00~16:50),3408,한재명,20240069,15/15,,,1,,대면,,,2024,2,2학기
400000,교양과정,2024,2,KY921,사회생활길잡이,M1,교양필수,2,1,수요일(17:30~18:20),3411,전창환,19970038,9/15,학과에서 안내 받고 신청,,1,,대면,,,2024,2,2학기
400000,교양과정,2024,2,KY921,사회생활길잡이,M2,교양필수,2,1,수요일(17:30~18:20),3412,정지영,20190192,15/15,학과에서 안내 받고 신청,,1,,대면,,,2024,2,2학기
400000,교양과정,2024,2,KY921,사회생활길잡이,M3,교양필수,2,1,수요일(17:30~18:20),3410,정희진,20230012,13/15,학과에서 안내 받고 신청,,1,,대면,,,2024,2,2학기
400000,교양과정,2024,2,KY921,사회생활길잡이,N1,교양필수,2,1,수요일(16:00~16:50),18102,문철수,20010229,19/20,,,1,,대면,,,2024,2,2학기
400000,교양과정,2024,2,KY921,사회생활길잡이,N2,교양필수,2,1,수요일(16:00~16:50),18103,채희상,20130174,20/20,,,1,,대면,,,2024,2,2학기
400000,교양과정,2024,2,KY921,사회생활길잡이,N3,교양필수,2,1,수요일(16:00~16:50),18104,지원배,20170127,20/20,,,1,,대면,,,2024,2,2학기
400000,교양과정,2024,2,KY921,사회생활길잡이,N4,교양필수,2,1,수요일(16:00~16:50),18101,이성미,20170128,12/20,,,0,,대면,,,2024,2,2학기
400000,교양과정,2024,2,KY921,사회생활길잡이,N5,교양필수,2,1,수요일(16:00~16:50),18420-1,박혜영,20210072,20/20,,,0,,대면,,,2024,2,2학기
400000,교양과정,2024,2,KY921,사회생활길잡이,O2,교양필수,2,1,수요일(16:00~16:50),3406,윤상철,20000149,9/20,,,1,,대면,,,2024,2,2학기
400000,교양과정,2024,2,KY921,사회생활길잡이,O3,교양필수,2,1,수요일(17:30~18:20),3407,노중기,19970047,2/20,,,1,,대면,,,2024,2,2학기
400000,교양과정,2024,2,KY921,사회생활길잡이,P1,교양필수,2,1,수요일(17:30~18:20),20505,김예랑,20080163,23/20,,,1,,대면,,,2024,2,2학기
400000,교양과정,2024,2,KY921,사회생활길잡이,P2,교양필수,2,1,수요일(17:30~18:20),20502,장익현,20200052,20/20,,,0,,대면,,,2024,2,2학기
400000,교양과정,2024,2,KY921,사회생활길잡이,Q3,교양필수,2,1,수요일(16:00~16:50),18212,이인재,19940025,1/15,,,0,,대면,,,2024,2,2학기
400000,교양과정,2024,2,KY921,사회생활길잡이,Q4,교양필수,2,1,수요일(16:00~16:50),18418,백변경희,20010014,14/15,,,0,,대면,,,2024,2,2학기
400000,교양과정,2024,2,KY921,사회생활길잡이,Q5,교양필수,2,1,수요일(16:00~16:50),18212-1,이경숙,19990077,9/15,,,1,,대면,,,2024,2,2학기
400000,교양과정,2024,2,KY921,사회생활길잡이,R2,교양필수,2,1,월요일(17:30~18:20),10201,박상현,20210074,30/30,학과 지도교수 확인 후 신청,,1,,대면,,,2024,2,2학기
400000,교양과정,2024,2,KY921,사회생활길잡이,R3,교양필수,2,1,월요일(17:30~18:20),10204,조규청,20080107,11/25,학과 지도교수 확인 후 신청,,1,,대면,,,2024,2,2학기
400000,교양과정,2024,2,KY921,사회생활길잡이,S1,교양필수,2,1,월요일(17:30~18:20),3403,이일영,19970044,5/20,,,1,,대면,,,2024,2,2학기
400000,교양과정,2024,2,KY921,사회생활길잡이,S2,교양필수,2,1,월요일(17:30~18:20),3411,김도희,20050055,4/20,,,1,,대면,,,2024,2,2학기
400000,교양과정,2024,2,KY921,사회생활길잡이,T1,교양필수,2,1,월요일(17:30~18:20),3405,오미정,20100011,13/15,전공 상담지도교수 안내받고 직접 수강신청 /P/NP과목,,1,,대면,,,2024,2,2학기
400000,교양과정,2024,2,KY921,사회생활길잡이,T2,교양필수,2,1,월요일(17:30~18:20),3407,하종문,19960016,7/15,전공 상담지도교수 안내받고 직접 수강신청 /P/NP과목,,1,,대면,,,2024,2,2학기
400000,교양과정,2024,2,KY921,사회생활길잡이,T3,교양필수,2,1,월요일(17:30~18:20),3406,송주명,19990049,8/15,전공 상담지도교수 안내받고 직접 수강신청 /P/NP과목,,1,,대면,,,2024,2,2학기
400000,교양과정,2024,2,KY921,사회생활길잡이,U1,교양필수,2,1,월요일(17:30~18:20),18102,김경민,20160030,15/15,,,1,,대면,,,2024,2,2학기
400000,교양과정,2024,2,KY921,사회생활길잡이,U2,교양필수,2,1,월요일(17:30~18:20),18103,이건범,20090026,15/15,,,1,,대면,,,2024,2,2학기
400000,교양과정,2024,2,KY921,사회생활길잡이,U3,교양필수,2,1,월요일(17:30~18:20),18106,박규호,20120084,15/15,,,1,,대면,,,2024,2,2학기
400000,교양과정,2024,2,KY921,사회생활길잡이,U4,교양필수,2,1,월요일(17:30~18:20),18104,최지환,20230015,14/15,,,1,,대면,,,2024,2,2학기
400000,교양과정,2024,2,KY921,사회생활길잡이,U5,교양필수,2,1,월요일(17:30~18:20),18101,정의범,20210033,7/15,,,1,,대면,,,2024,2,2학기
400000,교양과정,2024,2,KY921,사회생활길잡이,V1,교양필수,2,1,수요일(16:00~16:50),7305,신재우,20240071,16/20,"학번 맨 끝자리 1~10, 26~30, 편입생 수강",,1,,대면,,,2024,2,2학기
400000,교양과정,2024,2,KY921,사회생활길잡이,V3,교양필수,2,1,수요일(16:00~16:50),7301,김상욱,20030021,7/15,"학번 맨 끝자리 11~20, 21~25 수강",,1,,대면,,,2024,2,2학기
400000,교양과정,2024,2,KY921,사회생활길잡이,W1,교양필수,2,1,월요일(17:30~18:20),3201,장종익,20120119,5/26,"학번 끝자리에 맞춰 변경기간에 재신청 바랍니다.- 0,1,2 : 장종익 교수 ",,0,,대면,,,2024,2,2학기
400000,교양과정,2024,2,KY921,사회생활길잡이,W2,교양필수,2,1,월요일(17:30~18:20),3203,양영수,20210032,8/30,"학번 끝자리에 맞춰 변경기간에 재신청 바랍니다. 3,4,5 : 양영수 교수 ",,1,,대면,,,2024,2,2학기
400000,교양과정,2024,2,KY921,사회생활길잡이,W3,교양필수,2,1,월요일(17:30~18:20),3321,유현미,20240070,4/30,"학번 끝자리에 맞춰 변경기간에 재신청 바랍니다. 8,9 : 유현미 교수",,1,,대면,,,2024,2,2학기
400000,교양과정,2024,2,KY921,사회생활길잡이,W4,교양필수,2,1,월요일(17:30~18:20),3204,유한나,20220223,2/30,"학번 끝자리에 맞춰 변경기간에 재신청 바랍니다. 6,7 : 유한나 교수",,1,,대면,,,2024,2,2학기
400000,교양과정,2024,2,KY921,사회생활길잡이,X1,교양필수,2,1,수요일(18:50~19:40),18211-1,정재웅,20210034,25/25,,,1,,대면,,,2024,2,2학기
400000,교양과정,2024,2,KY921,사회생활길잡이,X2,교양필수,2,1,수요일(16:00~16:50),7215,윤성식,19960015,17/25,,,0,,대면,,,2024,2,2학기
400000,교양과정,2024,2,KY921,사회생활길잡이,X4,교양필수,2,1,수요일(16:00~16:50),7202,변종석,19970018,10/15,,,1,,대면,,,2024,2,2학기
400000,교양과정,2024,2,KY921,사회생활길잡이,X5,교양필수,2,1,수요일(16:00~16:50),7203,박동련,19960011,12/15,,,1,,대면,,,2024,2,2학기
400000,교양과정,2024,2,KY921,사회생활길잡이,X6,교양필수,2,1,수요일(16:00~16:50),8110,유한나,20220033,6/15,,,1,,대면,,,2024,2,2학기
400000,교양과정,2024,2,KY921,사회생활길잡이,Y4,교양필수,2,1,수요일(18:50~19:40),18103,박기홍,20240073,27/30,"컴퓨터공학부 학번 끝자리 1, 2, 3, 5 수강신청",,1,,대면,,,2024,2,2학기
400000,교양과정,2024,2,KY921,사회생활길잡이,Y5,교양필수,2,1,수요일(18:50~19:40),18208,강영경,19970108,25/30,"컴퓨터공학부 학번 끝자리 4, 6, 7 수강신청",,1,,대면,,,2024,2,2학기
400000,교양과정,2024,2,KY921,사회생활길잡이,Y6,교양필수,2,1,수요일(18:50~19:40),18424,나근식,19920037,24/30,"컴퓨터공학부 학번 끝자리 8, 9, 0 수강신청",,1,,대면,,,2024,2,2학기
400000,교양과정,2024,2,KY921,사회생활길잡이,Z1,교양필수,2,1,월요일(17:30~18:20),18420-1,여협구,20090007,29/25,"소프트웨어융합학부 사회생활길잡이 미이수자 수강신청/학번 끝자리 1, 2, 3, 4, 5, 6, 8 수강신청 ",,1,,대면,,,2024,2,2학기
400000,교양과정,2024,2,KY921,사회생활길잡이,Z10,교양필수,2,1,수요일(17:30~18:20),3405,유희정,20170124,7/25,,,1,,대면,,,2024,2,2학기
400000,교양과정,2024,2,KY921,사회생활길잡이,Z2,교양필수,2,1,수요일(17:30~18:20),18425,정승민,20060142,26/25,"소프트웨어융합학부 사회생활길잡이 미이수자 수강신청/학번 끝자리 7, 9, 0 수강신청",,1,,대면,,,2024,2,2학기
400000,교양과정,2024,2,KY921,사회생활길잡이,Z7,교양필수,2,1,수요일(17:30~18:20),3408,김상원,20230013,6/25,,,1,,대면,,,2024,2,2학기
400000,교양과정,2024,2,KY921,사회생활길잡이,Z8,교양필수,2,1,수요일(17:30~18:20),3308,안도연,20210035,25/25,강의실변경 3409->3308,,1,,대면,,,2024,2,2학기
400000,교양과정,2024,2,KY921,사회생활길잡이,Z9,교양필수,2,1,수요일(17:30~18:20),3409,안도연,20210035,24/24,3308에서 진행,,1,,대면,,,2024,2,2학기
400000,교양과정,2024,2,KY931,재미있는정신분석이야기,A,교양선택,1,3,수요일(14:30~15:45),7215,종연영,20230119,49/50,블랜디드 수업,,1,,블랜디드,,,2024,2,2학기
400000,교양과정,2024,2,KY951,일본문학길잡이,A,교양선택,1,3,"월요일(13:00~14:15), 수요일(13:00~14:15)","7215, 7215",오미정,20100011,77/80,,,1,,대면,,,2024,2,2학기
400000,교양과정,2024,2,KY953,서양미술의감상과이해,A,교양선택,1,3,,,공주형,20150011,87/90,LMS 온라인 수업 // 교내온라인,,0,,교내온라인,,,2024,2,2학기
400000,교양과정,2024,2,KY961,결혼과가족,A,교양선택,1,3,화요일(13:00~14:15),3203,김영주,20210018,50/50,블랜디드 수업,,1,,블랜디드,,,2024,2,2학기
400000,교양과정,2024,2,KY972,예술로말하기2,A,교양선택,1,3,"화요일(13:00~14:15), 화요일(14:30~15:45)","18212-1, 18212-1",유순혜,20230127,20/20,,,1,,대면,,,2024,2,2학기
400000,교양과정,2024,2,KY974,미술과사회,A,교양선택,1,3,"월요일(13:00~14:15), 수요일(13:00~14:15)","3423, 3423",공주형,20150011,61/70,미술과사회적상상력(KYC74) 수강생 수강 금지,,0,,대면,,,2024,2,2학기
400000,교양과정,2024,2,KY977,문화콘텐츠로만나는정조,A,교양선택,1,3,,,최민성,20090008,88/90,LMS 온라인 수업 // 교내온라인,,1,,교내온라인,,,2024,2,2학기
400000,교양과정,2024,2,KY984,멀티미디어영어,A,교양선택,"1, 2, 3, 4",3,"월요일(14:30~15:45), 수요일(14:30~15:45)","18102, 18102",김나영,20230141,26/30,전학년 수강 교과목,,1,,대면,,,2024,2,2학기
400000,교양과정,2024,2,KY992,기초영어회화2,A1,교양선택,1,2,"월요일(09:30~10:45), 수요일(11:00~12:15)","8110, 8110",야니,20120086,5/20,"기초영어회화1 수준에 준하는 학생, 수강인원 5명 이상 개설, 15명 이하 절대평가",,1,,대면,,,2024,2,2학기
400000,교양과정,2024,2,KY992,기초영어회화2,A2,교양선택,1,2,"월요일(11:00~12:15), 수요일(09:30~10:45)","8110, 8110",야니,20120086,12/20,"기초영어회화1 수준에 준하는 학생, 수강인원 5명 이상 개설, 15명 이하 절대평가",,1,,대면,,,2024,2,2학기
400000,교양과정,2024,2,KY992,기초영어회화2,B1,교양선택,1,2,"월요일(11:00~12:15), 수요일(09:30~10:45)","3411, 3411",모리스,20120085,10/20,"기초영어회화1 수준에 준하는 학생, 수강인원 5명 이상 개설, 15명 이하 절대평가",,1,,대면,,,2024,2,2학기
400000,교양과정,2024,2,KY992,기초영어회화2,B2,교양선택,1,2,"월요일(13:00~14:15), 수요일(13:00~14:15)","3411, 3411",모리스,20120085,14/20,"기초영어회화1 수준에 준하는 학생, 수강인원 5명 이상 개설, 15명 이하 절대평가",,1,,대면,,,2024,2,2학기
400000,교양과정,2024,2,KY992,기초영어회화2,B3,교양선택,1,2,"화요일(11:00~12:15), 목요일(09:30~10:45)","3411, 3411",모리스,20120085,13/20,"기초영어회화1 수준에 준하는 학생, 수강인원 5명 이상 개설, 15명 이하 절대평가",,1,,대면,,,2024,2,2학기
400000,교양과정,2024,2,KY992,기초영어회화2,C1,교양선택,1,2,"월요일(09:30~10:45), 수요일(11:00~12:15)","3411, 3411",모리스,20120085,7/20,"기초영어회화1 수준에 준하는 학생, 수강인원 5명 이상 개설, 15명 이하 절대평가",,1,,대면,,,2024,2,2학기
400000,교양과정,2024,2,KY992,기초영어회화2,C2,교양선택,1,2,"월요일(13:00~14:15), 수요일(13:00~14:15)","8110, 8110",야니,20120086,11/20,"기초영어회화1 수준에 준하는 학생, 수강인원 5명 이상 개설, 15명 이하 절대평가",,1,,대면,,,2024,2,2학기
400000,교양과정,2024,2,KY992,기초영어회화2,C3,교양선택,1,2,"화요일(09:30~10:45), 목요일(11:00~12:15)","8110, 8110",야니,20120086,15/20,"기초영어회화1 수준에 준하는 학생, 수강인원 5명 이상 개설, 15명 이하 절대평가",,1,,대면,,,2024,2,2학기
400000,교양과정,2024,2,KY994,중급영어회화2,A1,교양선택,1,2,"월요일(09:30~10:45), 수요일(11:00~12:15)","20506, 20506",매튜,20140043,15/20,"중급영어화화1 수준에 준하는 학생, 수강인원 5명 이상 개설, 15명 이하 절대평가",,1,,대면,,,2024,2,2학기
400000,교양과정,2024,2,KY994,중급영어회화2,A2,교양선택,1,2,"월요일(11:00~12:15), 수요일(09:30~10:45)","20506, 20506",매튜,20140043,17/20,"중급영어화화1 수준에 준하는 학생, 수강인원 5명 이상 개설, 15명 이하 절대평가",,1,,대면,,,2024,2,2학기
400000,교양과정,2024,2,KY994,중급영어회화2,B1,교양선택,1,2,"월요일(13:00~14:15), 수요일(13:00~14:15)","20506, 20506",매튜,20140043,18/20,"중급영어화화1 수준에 준하는 학생, 수강인원 5명 이상 개설, 15명 이하 절대평가",,1,,대면,,,2024,2,2학기
400000,교양과정,2024,2,KY994,중급영어회화2,B2,교양선택,1,2,"월요일(14:30~15:45), 수요일(14:30~15:45)","20506, 20506",매튜,20140043,16/20,"중급영어화화1 수준에 준하는 학생, 수강인원 5명 이상 개설, 15명 이하 절대평가",,1,,대면,,,2024,2,2학기
400000,교양과정,2024,2,KYA21,물리란무엇인가,A,교양선택,1,3,"월요일(13:00~14:15), 수요일(13:00~14:15)","18212, 18212",정태성,20080106,49/50,구)물리및실험,,1,,대면,,,2024,2,2학기
400000,교양과정,2024,2,KYA31,기초독일어실습Ⅱ,A,교양선택,1,3,,,전춘명,19960084,90/90,교내온라인 // 교내온라인,,1,,교내온라인,,,2024,2,2학기
400000,교양과정,2024,2,KYA37,심리와교육,A,교양선택,1,3,월요일(13:00~14:15),3321,옥장흠,20060143,48/50,"구)교육심리, 블랜디드 수업(월13시 대면)",,1,,블랜디드,,,2024,2,2학기
400000,교양과정,2024,2,KYA44,돈과인간,A,교양선택,1,3,"화요일(16:00~17:15), 화요일(17:30~18:45)","18523, 18523",전병유,20090022,43/90, 구)돈과자본그리고인간,,1,,대면,,,2024,2,2학기
400000,교양과정,2024,2,KYA49,영화로보는남북통일문제,A,교양선택,1,3,"목요일(16:00~17:15), 목요일(17:30~18:45)","18211, 18211",장창준,20240074,87/90,강의실 변경 20502 → 18211,,1,,대면,,,2024,2,2학기
400000,교양과정,2024,2,KYA52,직업기초능력과현장실습,A,교양선택,"3, 4",3,,,"김용희, 김익중",20220224,3/30,"P/NP, 현장실습참여 실습생에 한해 수강제한 // 외부온라인",,1,,외부온라인,,,2024,2,2학기
400000,교양과정,2024,2,KYA54,성서와평화,A,교양필수,1,2,금요일(11:00~12:40),18212,진형섭,20209150,66/90,교필(성서교과목),,1,,대면,,,2024,2,2학기
400000,교양과정,2024,2,KYA54,성서와평화,B,교양필수,1,2,금요일(13:00~14:40),18212,진형섭,20209150,74/90,교필(성서교과목),,1,,대면,,,2024,2,2학기
400000,교양과정,2024,2,KYA56,소통과의사결정과정,A,교양선택,1,3,"월요일(09:30~10:45), 수요일(11:00~12:15)","18421, 18421",염동호,20190191,39/90,,,1,,대면,,,2024,2,2학기
400000,교양과정,2024,2,KYA59,연기예술2:관찰,A,교양선택,1,3,"목요일(13:00~14:15), 목요일(14:30~15:45)","18523, 18523",장우현,20220169,45/50,,,1,,대면,,,2024,2,2학기
400000,교양과정,2024,2,KYA60,연기와마음치료,A,교양선택,1,3,"목요일(16:00~17:15), 목요일(17:30~18:45)","18523, 18523",장우현,20220169,44/50,,,1,,대면,,,2024,2,2학기
400000,교양과정,2024,2,KYA75,재테크와금융,A,교양선택,1,3,,,전창환,19970038,76/90,교내온라인 // 교내온라인,,1,,교내온라인,,,2024,2,2학기
400000,교양과정,2024,2,KYA93,전환기시대의리더십,A,교양선택,1,3,,,이일영,19970044,59/60,교내온라인 // 교내온라인,,1,,교내온라인,,,2024,2,2학기
400000,교양과정,2024,2,KYA96,과학의위대한순간들,A,교양선택,1,3,"화요일(16:00~17:15), 화요일(17:30~18:45)","18212, 18212",정태성,20080106,48/50,,,1,,대면,,,2024,2,2학기
400000,교양과정,2024,2,KYA97,공공미술과도시재생,A,교양선택,1,3,,,공주형,20150011,90/90,LMS 온라인 수업  // 교내온라인,,0,,교내온라인,,,2024,2,2학기
400000,교양과정,2024,2,KYC01,좋은기업찾기프로젝트,A,교양선택,"2, 3, 4",3,,,김용희,20220224,89/90,"2,3,4학년 / 교내온라인 / P/NP // 교내온라인",,1,,교내온라인,,,2024,2,2학기
400000,교양과정,2024,2,KYC10,한국현대생활사,A,교양선택,1,3,"목요일(13:00~14:15), 목요일(14:30~15:45)","18421, 18421",정무용,20230010,49/50,"구)민족해방과분단,그리고그너머",,1,,대면,,,2024,2,2학기
400000,교양과정,2024,2,KYC11,도시의역사,A,교양선택,1,3,"금요일(13:00~14:15), 금요일(14:30~15:45)","18211, 18211",이시연,20220138,79/90,구)세계사속의혁명,,1,,대면,,,2024,2,2학기
400000,교양과정,2024,2,KYC14,빅데이터분석기초,A,교양선택,1,3,"화요일(13:00~14:15), 화요일(14:30~15:45)","18307, 18307",염동호,20190191,40/40,[빅데이터분석]마이크로전공 / 비이공계학생 우선수강신청,,1,,대면,,,2024,2,2학기
400000,교양과정,2024,2,KYC15,21세기사회와유대인의문화,A,교양선택,1,3,,,옥장흠,20060143,90/90,LMS 온라인 수업  // 교내온라인,,1,,교내온라인,,,2024,2,2학기
400000,교양과정,2024,2,KYC16,21세기대안사회모델독일,A,교양선택,1,3,,,전춘명,19960084,90/90,LMS 온라인 수업  // 교내온라인,,1,,교내온라인,,,2024,2,2학기
400000,교양과정,2024,2,KYC17,오르간연주법2,A,교양선택,1,2,월요일(13:00~14:40),4105,정춘,20220217,20/20,P/NP,,1,,대면,,,2024,2,2학기
400000,교양과정,2024,2,KYC24,플랫폼시대의상상력과브랜딩,A,교양선택,"1, 2, 3, 4",3,"화요일(13:00~14:15), 화요일(14:30~15:45)","18211, 18211",허태윤,20208015,44/90,,,1,,대면,,,2024,2,2학기
400000,교양과정,2024,2,KYC26,5주만행렬에집중,A,교양선택,"1, 2, 3, 4",1,,,나경욱,20080158,90/90,"집중이수제과목 중간고사 이전(2주차~6주차) 5주 진행/ LMS 온라인 수업, 평화교양대학-3638(2024.12.26)절대평가요청 // 교내온라인",,1,,교내온라인,,,2024,2,2학기
400000,교양과정,2024,2,KYC28,창의력은어디서오는가,A,교양선택,1,3,,,강석원,20130152,90/90,교내온라인(LMS)과목 // 교내온라인,,1,,교내온라인,,,2024,2,2학기
400000,교양과정,2024,2,KYC31,빅데이터분석실습,A,교양선택,"1, 2, 3, 4",3,"화요일(16:00~17:15), 화요일(17:30~18:45)","18307, 18307",염동호,20190191,19/30,[빅데이터분석]마이크로전공,,1,,대면,,,2024,2,2학기
400000,교양과정,2024,2,KYC37,디지털사회와e스포츠,A,교양선택,1,3,"월요일(13:00~14:15), 수요일(13:00~14:15)","3506, 3506",최은경,20210026,46/48,,,1,,대면,,,2024,2,2학기
400000,교양과정,2024,2,KYC38,문화적상상력과몸의이미지,A,교양선택,1,3,"월요일(14:30~15:45), 수요일(14:30~15:45)","18420, 18420",이익주,20150010,90/90,,,1,,대면,,,2024,2,2학기
400000,교양과정,2024,2,KYC41,나를찾아떠나는여행,A,교양선택,"1, 2",2,금요일(17:30~19:10),4107,강은미,20209151,30/30,KY431 이수자 수강불가,,1,,대면,,,2024,2,2학기
400000,교양과정,2024,2,KYC42,유럽영화예술의세계,A,교양선택,1,3,,,심혜경,20210029,60/60,"구)독일어권예술의세계, 교내온라인 // 교내온라인",,1,,교내온라인,,,2024,2,2학기
400000,교양과정,2024,2,KYC51,뉴노멀시대지식과정보,A,교양선택,1,3,"월요일(14:30~15:45), 수요일(14:30~15:45)","3506, 3506",최은경,20210026,48/48,,,1,,대면,,,2024,2,2학기
400000,교양과정,2024,2,KYC52,유라시아문명과미래세계,A,교양선택,1,3,"목요일(13:00~14:15), 목요일(14:30~15:45)","3204, 3204",박상준,20220225,43/70,"구) 현대세계정치의이해, 20404 -> 3204",,1,,대면,,,2024,2,2학기
400000,교양과정,2024,2,KYC54,Essential English,A1,교양필수,1,3,"월요일(13:00~14:15), 수요일(13:00~14:15)","18102, 18102",김나영,20230141,41/42,신학·인문융합/특수체육/경제통상·국제지역/글로벌·공공인재계열수강/교양필수/독해수업,,1,,대면,,,2024,2,2학기
400000,교양과정,2024,2,KYC54,Essential English,A2,교양필수,1,3,"월요일(13:00~14:15), 수요일(13:00~14:15)","18103, 18103",이아름,20240155,42/42,신학·인문융합/특수체육/경제통상·국제지역/글로벌·공공인재계열수강/교양필수/ 독해수업,,1,,대면,,,2024,2,2학기
400000,교양과정,2024,2,KYC54,Essential English,A3,교양필수,1,3,"월요일(13:00~14:15), 수요일(13:00~14:15)","18104, 18104",심주연,20170023,30/30,신학·인문융합/특수체육/경제통상·국제지역/글로벌·공공인재계열수강/교양필수/ 발표수업,,1,,대면,,,2024,2,2학기
400000,교양과정,2024,2,KYC54,Essential English,A4,교양필수,1,3,"월요일(13:00~14:15), 수요일(13:00~14:15)","3204, 3204",고우경,20140010,42/42,신학·인문융합/특수체육/경제통상·국제지역/글로벌·공공인재계열수강/교양필수/독해수업,,1,,대면,,,2024,2,2학기
400000,교양과정,2024,2,KYC54,Essential English,B1,교양필수,1,3,"월요일(14:30~15:45), 수요일(14:30~15:45)","3204, 3204",고우경,20140010,42/42,신학·인문융합/특수체육/경제통상·국제지역/글로벌·공공인재계열수강/교양필수/ 독해수업,,1,,대면,,,2024,2,2학기
400000,교양과정,2024,2,KYC54,Essential English,B2,교양필수,1,3,"월요일(14:30~15:45), 수요일(14:30~15:45)","18103, 18103",이아름,20240155,42/42,신학·인문융합/특수체육/경제통상·국제지역/글로벌·공공인재계열수강/교양필수/독해수업,,1,,대면,,,2024,2,2학기
400000,교양과정,2024,2,KYC54,Essential English,B3,교양필수,1,3,"월요일(14:30~15:45), 수요일(14:30~15:45)","18104, 18104",심주연,20170023,30/30,신학·인문융합/특수체육/경제통상·국제지역/글로벌·공공인재계열수강/교양필수/ 발표수업,,1,,대면,,,2024,2,2학기
400000,교양과정,2024,2,KYC54,Essential English,C1,교양필수,1,3,"월요일(09:30~10:45), 수요일(11:00~12:15)","18102, 18102",강윤형,20220159,19/30,신학·인문융합/특수체육/경제통상·국제지역/글로벌·공공인재계열수강/교양필수/ 발표수업,,1,,대면,,,2024,2,2학기
400000,교양과정,2024,2,KYC54,Essential English,C2,교양필수,1,3,"월요일(09:30~10:45), 수요일(11:00~12:15)","18103, 18103",목승혜,20220141,42/42,신학·인문융합/특수체육/경제통상·국제지역/글로벌·공공인재계열수강/교양필수/ 독해수업,,1,,대면,,,2024,2,2학기
400000,교양과정,2024,2,KYC54,Essential English,C4,교양필수,1,3,"월요일(09:30~10:45), 수요일(11:00~12:15)","18106, 18106",차윤정,20090005,18/42,신학·인문융합/특수체육/경제통상·국제지역/글로벌·공공인재계열수강/교양필수/ 독해수업,,1,,대면,,,2024,2,2학기
400000,교양과정,2024,2,KYC54,Essential English,D1,교양필수,1,3,"월요일(11:00~12:15), 수요일(09:30~10:45)","18104, 18104",심주연,20170023,12/30,신학·인문융합/특수체육/경제통상·국제지역/글로벌·공공인재계열수강/교양필수/ 발표수업,,1,,대면,,,2024,2,2학기
400000,교양과정,2024,2,KYC54,Essential English,D2,교양필수,1,3,"월요일(11:00~12:15), 수요일(09:30~10:45)","18102, 18102",강윤형,20220159,13/30,신학·인문융합/특수체육/경제통상·국제지역/글로벌·공공인재계열수강/교양필수/ 발표수업,,1,,대면,,,2024,2,2학기
400000,교양과정,2024,2,KYC54,Essential English,D3,교양필수,1,3,"월요일(11:00~12:15), 수요일(09:30~10:45)","18103, 18103",목승혜,20220141,41/42,신학·인문융합/특수체육/경제통상·국제지역/글로벌·공공인재계열수강/교양필수/ 독해수업,,1,,대면,,,2024,2,2학기
400000,교양과정,2024,2,KYC54,Essential English,E1,교양필수,1,3,"화요일(09:30~10:45), 목요일(11:00~12:15)","18106, 18106",고우경,20140010,31/42,신학·인문융합/특수체육/경제통상·국제지역/글로벌·공공인재계열수강/교양필수/독해수업,,1,,대면,,,2024,2,2학기
400000,교양과정,2024,2,KYC54,Essential English,F1,교양필수,1,3,"화요일(11:00~12:15), 목요일(09:30~10:45)","18106, 18106",고우경,20140010,37/42,신학·인문융합/특수체육/경제통상·국제지역/글로벌·공공인재계열수강/교양필수/ 독해수업,,1,,대면,,,2024,2,2학기
400000,교양과정,2024,2,KYC55,글쓰기의기초,A1,교양필수,1,3,"화요일(13:00~14:15), 화요일(14:30~15:45)","3408, 3408",김민환,20160021,30/30,"2학기 신학/인문계열, 경제/국제계열, 글로벌/공공인재계열/특수체육학계열 수강/2024학번 교양필수 /~2022학번 수강X 기존 글쓰기의기초와 다른 교과목",,1,,대면,,,2024,2,2학기
400000,교양과정,2024,2,KYC55,글쓰기의기초,A2,교양필수,1,3,"화요일(13:00~14:15), 화요일(14:30~15:45)","20505, 20505",송주현,20130175,30/30,"2학기 신학/인문계열, 경제/국제계열, 글로벌/공공인재계열/특수체육학계열 수강/ 2024학번 교양필수 / ~2022학번 수강X 기존 글쓰기의기초와 다른 교과목",,1,,대면,,,2024,2,2학기
400000,교양과정,2024,2,KYC55,글쓰기의기초,A3,교양필수,1,3,"화요일(13:00~14:15), 화요일(14:30~15:45)","8110, 8110",한정미,20220137,30/30,"2학기 신학/인문계열, 경제/국제계열, 글로벌/공공인재계열/특수체육학계열 수강/ 2024학번 교양필수 / ~2022학번 수강X 기존 글쓰기의기초와 다른 교과목",,1,,대면,,,2024,2,2학기
400000,교양과정,2024,2,KYC55,글쓰기의기초,A4,교양필수,1,3,"화요일(13:00~14:15), 화요일(14:30~15:45)","3412, 3412",계광수,20220161,30/30,"2학기 신학/인문계열, 경제/국제계열, 글로벌/공공인재계열/특수체육학계열 수강/ 2024학번 교양필수 / ~2022학번 수강X 기존 글쓰기의기초와 다른 교과목",,1,,대면,,,2024,2,2학기
400000,교양과정,2024,2,KYC55,글쓰기의기초,B1,교양필수,1,3,"화요일(16:00~17:15), 화요일(17:30~18:45)","3409, 3409",서경희,20120121,30/30,"2학기 신학/인문계열, 경제/국제계열, 글로벌/공공인재계열/특수체육학계열 수강/ 2024학번 교양필수 / ~2022학번 수강X 기존 글쓰기의기초와 다른 교과목",,1,,대면,,,2024,2,2학기
400000,교양과정,2024,2,KYC55,글쓰기의기초,B2,교양필수,1,3,"화요일(16:00~17:15), 화요일(17:30~18:45)","3412, 3412",계광수,20220161,23/30,"2학기 신학/인문계열, 경제/국제계열, 글로벌/공공인재계열/특수체육학계열 수강/ 2024학번 교양필수 / ~2022학번 수강X 기존 글쓰기의기초와 다른 교과목",,1,,대면,,,2024,2,2학기
400000,교양과정,2024,2,KYC55,글쓰기의기초,B3,교양필수,1,3,"화요일(16:00~17:15), 화요일(17:30~18:45)","20502, 20502",이은정,20120081,14/30,"2학기 신학/인문계열, 경제/국제계열, 글로벌/공공인재계열/특수체육학계열 수강/ 2024학번 교양필수 / ~2022학번 수강X 기존 글쓰기의기초와 다른 교과목",,1,,대면,,,2024,2,2학기
400000,교양과정,2024,2,KYC55,글쓰기의기초,B4,교양필수,1,3,"화요일(16:00~17:15), 화요일(17:30~18:45)","8110, 8110",한정미,20220137,29/30,"2학기 신학/인문계열, 경제/국제계열, 글로벌/공공인재계열/특수체육학계열 수강/ 2024학번 교양필수 / ~2022학번 수강X 기존 글쓰기의기초와 다른 교과목",,1,,대면,,,2024,2,2학기
400000,교양과정,2024,2,KYC55,글쓰기의기초,C1,교양필수,1,3,"목요일(13:00~14:15), 목요일(14:30~15:45)","20505, 20505",공주형,20150011,30/30,"2학기 신학/인문계열, 경제/국제계열, 글로벌/공공인재계열/특수체육학계열 수강/ 2024학번 교양필수 / ~2022학번 수강X 기존 글쓰기의기초와 다른 교과목",,0,,대면,,,2024,2,2학기
400000,교양과정,2024,2,KYC55,글쓰기의기초,C2,교양필수,1,3,"목요일(13:00~14:15), 목요일(14:30~15:45)","20502, 20502",이은정,20120081,28/30,"2학기 신학/인문계열, 경제/국제계열, 글로벌/공공인재계열/특수체육학계열 수강/ 2024학번 교양필수 / ~2022학번 수강X 기존 글쓰기의기초와 다른 교과목",,1,,대면,,,2024,2,2학기
400000,교양과정,2024,2,KYC55,글쓰기의기초,C3,교양필수,1,3,"목요일(13:00~14:15), 목요일(14:30~15:45)","3412, 3412",서영화,20220204,18/30,"2학기 신학/인문계열, 경제/국제계열, 글로벌/공공인재계열/특수체육학계열 수강/ 2024학번 교양필수 / ~2022학번 수강X 기존 글쓰기의기초와 다른 교과목",,1,,대면,,,2024,2,2학기
400000,교양과정,2024,2,KYC55,글쓰기의기초,C4,교양필수,1,3,"목요일(13:00~14:15), 목요일(14:30~15:45)","8110, 8110",강아람,20220168,30/30,"2학기 신학/인문계열, 경제/국제계열, 글로벌/공공인재계열/특수체육학계열 수강/ 2024학번 교양필수 / ~2022학번 수강X 기존 글쓰기의기초와 다른 교과목",,1,,대면,,,2024,2,2학기
400000,교양과정,2024,2,KYC55,글쓰기의기초,C5,교양필수,1,3,"목요일(13:00~14:15), 목요일(14:30~15:45)","18211-1, 18211-1",유예원,20220202,30/30,"2학기 신학/인문계열, 경제/국제계열, 글로벌/공공인재계열/특수체육학계열 수강/ 2024학번 교양필수 / ~2022학번 수강X 기존 글쓰기의기초와 다른 교과목",,1,,대면,,,2024,2,2학기
400000,교양과정,2024,2,KYC55,글쓰기의기초,D1,교양필수,1,3,"목요일(16:00~17:15), 목요일(17:30~18:45)","8110, 8110",강아람,20220168,26/30,"2학기 신학/인문계열, 경제/국제계열, 글로벌/공공인재계열/특수체육학계열 수강/ 2024학번 교양필수 / ~2022학번 수강X 기존 글쓰기의기초와 다른 교과목",,1,,대면,,,2024,2,2학기
400000,교양과정,2024,2,KYC55,글쓰기의기초,D2,교양필수,1,3,"목요일(16:00~17:15), 목요일(17:30~18:45)","3412, 3412",서영화,20220204,15/30,"2학기 신학/인문계열, 경제/국제계열, 글로벌/공공인재계열/특수체육학계열 수강/ 2024학번 교양필수 / ~2022학번 수강X 기존 글쓰기의기초와 다른 교과목",,1,,대면,,,2024,2,2학기
400000,교양과정,2024,2,KYC55,글쓰기의기초,D3,교양필수,1,3,"목요일(16:00~17:15), 목요일(17:30~18:45)","18211-1, 18211-1",유예원,20220202,27/30,"2학기 신학/인문계열, 경제/국제계열, 글로벌/공공인재계열/특수체육학계열 수강/ 2024학번 교양필수 / ~2022학번 수강X 기존 글쓰기의기초와 다른 교과목",,1,,대면,,,2024,2,2학기
400000,교양과정,2024,2,KYC55,글쓰기의기초,E1,교양필수,1,3,"금요일(09:30~10:45), 금요일(11:00~12:15)","20502, 20502",이은정,20120081,18/30,"2학기 신학/인문계열, 경제/국제계열, 글로벌/공공인재계열/특수체육학계열 수강/ 2024학번 교양필수 / ~2022학번 수강X 기존 글쓰기의기초와 다른 교과목",,1,,대면,,,2024,2,2학기
400000,교양과정,2024,2,KYC55,글쓰기의기초,E2,교양필수,1,3,"금요일(09:30~10:45), 금요일(11:00~12:15)","3409, 3409",서경희,20120121,30/30,"2학기 신학/인문계열, 경제/국제계열, 글로벌/공공인재계열/특수체육학계열 수강/ 2024학번 교양필수 / ~2022학번 수강X 기존 글쓰기의기초와 다른 교과목",,1,,대면,,,2024,2,2학기
400000,교양과정,2024,2,KYC55,글쓰기의기초,F1,교양필수,1,3,"금요일(13:00~14:15), 금요일(14:30~15:45)","20505, 20505",송주현,20130175,30/30,"2학기 신학/인문계열, 경제/국제계열, 글로벌/공공인재계열/특수체육학계열 수강/ 2024학번 교양필수 / ~2022학번 수강X 기존 글쓰기의기초와 다른 교과목",,1,,대면,,,2024,2,2학기
400000,교양과정,2024,2,KYC56,컴퓨팅사고와SW코딩,A2,교양필수,1,3,화요일(11:00~12:15),18308,박종현,20180154,23/42,교양필수 / 이공계 융합계열 수강,,1,,블랜디드,,,2024,2,2학기
400000,교양과정,2024,2,KYC56,컴퓨팅사고와SW코딩,A3,교양필수,1,3,화요일(09:30~10:45),18309,최진,20240161,34/51,교양필수 / 휴먼서비스계열수강,,1,,블랜디드,,,2024,2,2학기
400000,교양과정,2024,2,KYC56,컴퓨팅사고와SW코딩,A4,교양필수,1,3,화요일(11:00~12:15),18309,최진,20240161,50/53,교양필수 / AISW계열 수강,,1,,블랜디드,,,2024,2,2학기
400000,교양과정,2024,2,KYC56,컴퓨팅사고와SW코딩,A5,교양필수,1,3,수요일(11:00~12:15),18309,박종현,20180154,53/53,교양필수 / AISW계열 수강,,1,,블랜디드,,,2024,2,2학기
400000,교양과정,2024,2,KYC56,컴퓨팅사고와SW코딩,A6,교양필수,1,3,목요일(09:30~10:45),18309,김보경,20220140,39/53,교양필수 / AISW계열 수강,,1,,블랜디드,,,2024,2,2학기
400000,교양과정,2024,2,KYC56,컴퓨팅사고와SW코딩,A7,교양필수,1,3,목요일(11:00~12:15),18309,김보경,20220140,53/53,교양필수 / AISW계열 수강,,1,,블랜디드,,,2024,2,2학기
400000,교양과정,2024,2,KYC56,컴퓨팅사고와SW코딩,A8,교양필수,1,3,목요일(13:00~14:15),18309,김보경,20220140,22/50,교양필수 / AISW계열 수강,,1,,블랜디드,,,2024,2,2학기
400000,교양과정,2024,2,KYC56,컴퓨팅사고와SW코딩,B1,교양필수,1,3,월요일(13:00~14:15),18309,박종현,20180154,40/51,교양필수 / 경영/미디어 계열 수강,,1,,블랜디드,,,2024,2,2학기
400000,교양과정,2024,2,KYC56,컴퓨팅사고와SW코딩,B2,교양필수,1,3,월요일(14:30~15:45),18309,최진,20240161,47/51,교양필수 / 경영/미디어 계열 수강,,1,,블랜디드,,,2024,2,2학기
400000,교양과정,2024,2,KYC56,컴퓨팅사고와SW코딩,B3,교양필수,1,3,수요일(13:00~14:15),18309,윤정희,20230050,48/51,교양필수 / 경영/미디어 계열 수강,,1,,블랜디드,,,2024,2,2학기
400000,교양과정,2024,2,KYC56,컴퓨팅사고와SW코딩,B4,교양필수,1,3,월요일(13:00~14:15),18308,나경욱,20080158,41/42,교양필수 / 이공계융합계열,,1,,블랜디드,,,2024,2,2학기
400000,교양과정,2024,2,KYC56,컴퓨팅사고와SW코딩,B5,교양필수,1,3,월요일(11:00~12:15),18309,박종현,20180154,50/50,교양필수 / 휴먼서비스 계열 수강,,1,,블랜디드,,,2024,2,2학기
400000,교양과정,2024,2,KYC56,컴퓨팅사고와SW코딩,B6,교양필수,1,3,수요일(14:30~15:45),18309,윤정희,20230050,51/51,교양필수 / 휴먼서비스 계열 수강,,1,,블랜디드,,,2024,2,2학기
400000,교양과정,2024,2,KYC57,세계지역과글로벌이슈의이해,A,교양선택,1,3,"월요일(13:00~14:15), 수요일(13:00~14:15)","3505, 3505",이종운,20190145,45/45,국제관계학(글로벌인재학) 전공학생 수강 불가,,1,,대면,,,2024,2,2학기
400000,교양과정,2024,2,KYC59,마음돌봄과힐링,A,교양선택,1,3,"화요일(13:00~14:15), 목요일(13:00~14:15)","20506, 20506",매튜,20140043,4/30,강의실 변경 7103 → 20506,,1,,대면,,,2024,2,2학기
400000,교양과정,2024,2,KYC63,책읽기와말하기,A,교양선택,1,3,"화요일(16:00~17:15), 화요일(17:30~18:45)","3408, 3408",김민환,20160021,27/30,,,1,,대면,,,2024,2,2학기
400000,교양과정,2024,2,KYC63,책읽기와말하기,B,교양선택,1,3,"목요일(13:00~14:15), 목요일(14:30~15:45)","3408, 3408",김민환,20160021,18/30,,,1,,대면,,,2024,2,2학기
400000,교양과정,2024,2,KYC63,책읽기와말하기,C,교양선택,1,3,"화요일(13:00~14:15), 화요일(14:30~15:45)","3409, 3409",서경희,20120121,29/30,,,1,,대면,,,2024,2,2학기
400000,교양과정,2024,2,KYC63,책읽기와말하기,D,교양선택,1,3,"목요일(13:00~14:15), 목요일(14:30~15:45)","3409, 3409",서경희,20120121,27/30,,,1,,대면,,,2024,2,2학기
400000,교양과정,2024,2,KYC63,책읽기와말하기,E,교양선택,1,3,"화요일(13:00~14:15), 화요일(14:30~15:45)","20502, 20502",이은정,20120081,30/30,,,1,,대면,,,2024,2,2학기
400000,교양과정,2024,2,KYC64,발표하기와토론하기,A,교양선택,1,3,"금요일(09:30~10:45), 금요일(11:00~12:15)","20505, 20505",송주현,20130175,17/30,,,1,,대면,,,2024,2,2학기
400000,교양과정,2024,2,KYC67,미디어일본어,A,교양선택,1,3,"월요일(16:00~17:15), 수요일(17:30~18:45)","20506, 20506",김계자,20190276,35/35,"구)중급일본어1, 일본학과 수강금지(1학년 수강가능)",,1,,대면,,,2024,2,2학기
400000,교양과정,2024,2,KYC71,키워드로보는대중문화,A,교양선택,1,3,"목요일(13:00~14:15), 목요일(14:30~15:45)","3308, 3308",김계자,20190276,39/40,강의실 변경 18101 → 3308,,1,,대면,,,2024,2,2학기
400000,교양과정,2024,2,KYC72,알기쉬운세계경제와비즈니스,A,교양선택,1,3,"화요일(13:00~14:15), 화요일(14:30~15:45)","3506, 3506",이종운,20190145,45/45,,,1,,대면,,,2024,2,2학기
400000,교양과정,2024,2,KYC75,민주시민과헌법,A,교양선택,1,3,"월요일(11:00~12:15), 수요일(09:30~10:45)","3204, 3204",윤건,20200035,44/70,,,1,,대면,,,2024,2,2학기
400000,교양과정,2024,2,KYC76,광고에서배우는창의적문제해결,A,교양선택,1,3,,,최환진,20230031,88/90,교내온라인 광고전공 수강 금지 // 교내온라인,,1,,교내온라인,,,2024,2,2학기
400000,교양과정,2024,2,KYC77,코드로읽는동북아시아의옛그림,A,교양선택,1,3,,,류기수,19950013,90/90,교내온라인 / P/NP // 교내온라인,,1,,교내온라인,,,2024,2,2학기
400000,교양과정,2024,2,KYC79,영어로떠나는한국문화,A,교양선택,1,3,"화요일(13:00~14:15), 화요일(14:30~15:45)","18104, 18104",심주연,20170023,29/30,,,1,,대면,,,2024,2,2학기
400000,교양과정,2024,2,KYC80,기악과합주,A,교양선택,1,2,화요일(13:00~14:40),17204,정춘,20220217,20/20,P/NP,,1,,대면,,,2024,2,2학기
400000,교양과정,2024,2,KYC81,디지털시대의리더십,A,교양선택,1,3,,,옥장흠,20060143,90/90,교내온라인 // 교내온라인,,1,,교내온라인,,,2024,2,2학기
400000,교양과정,2024,2,KYC83,북한미술의어제와오늘,A,교양선택,1,3,,,류기수,19950013,90/90,LMS 온라인 수업 / P/NP / KYA92 수강생 수강금지 // 교내온라인,,1,,교내온라인,,,2024,2,2학기
400000,교양과정,2024,2,KYC92,과학으로의산책,A,교양선택,1,3,"월요일(11:00~12:15), 수요일(09:30~10:45)","18212, 18212",정태성,20080106,49/50,"신설(24.01/대학혁신지원사업), 평화교양대학-3099(2024.10.23)절대평가요청",,1,,대면,,,2024,2,2학기
400000,교양과정,2024,2,KYC97,한중일청년세대의이해 ,A,교양선택,1,3,"화요일(13:00~14:15), 화요일(14:30~15:45)","18420, 18420",유은하,20190136,50/50,신규개설(24.06) 강의실변경 3206 → 18420,,1,,대면,,,2024,2,2학기
400000,교양과정,2024,2,KYC98,건강라이프스킬,A,교양선택,1,3,"화요일(09:30~10:45), 목요일(11:00~12:15)","3505, 3505",정예수,20208014,31/35,외국인학생 교과목/일반학생불가,,1,,대면,,,2024,2,2학기
401011,신학,2024,2,TT111,목회실습Ⅰ,A,전공필수,2,(1),,,"김광연, 한경미",20240162,3/50,엇학기 학생 수강 // 전공(복수포함)자,,1,,N,401910,신학부,2024,2,2학기
401011,신학,2024,2,TT112,목회실습Ⅱ,A,전공필수,2,(1),,,"김광연, 한경미",20240162,42/50,전공(복수포함)자,,1,,N,401910,신학부,2024,2,2학기
401011,신학,2024,2,TT217,목회실습Ⅲ,A,전공필수,4,(1),,,"김광연, 한경미",20240162,5/50,엇학기 학생 수강 // 전공(복수포함)자,,1,,N,401910,신학부,2024,2,2학기
401011,신학,2024,2,TT218,목회실습Ⅳ,A,전공필수,4,(1),,,"김광연, 한경미",20240162,12/50,전공(복수포함)자,,1,,N,401910,신학부,2024,2,2학기
401011,신학,2024,2,TT294,교회사개론,A,전공선택,2,3,"목요일(16:00~17:15), 목요일(17:30~18:45)","3207, 3207",김주한,20080110,16/35,김주한교수 신대원 수업으로 인해 목요일 수업 배정,,1,,대면,401910,신학부,2024,2,2학기
401011,신학,2024,2,TT416,졸업논문,A,전공필수,4,(3),,,김희선,20220035,18/50,,,1,,N,401910,신학부,2024,2,2학기
401011,신학,2024,2,TT462,칼빈신학,A,전공선택,3,3,"월요일(13:00~14:15), 수요일(13:00~14:15)","3207, 3207",허석헌,20240179,34/35,,,1,,대면,401910,신학부,2024,2,2학기
401011,신학,2024,2,TT509,목회실습,A,전공필수,"3, 4",(1),,,"김광연, 한경미",20240162,3/50,해당과목은 목회실습 미수강자를 위한 과목입니다. (대체과제 필수) // 전공(복수포함)자,,1,,N,401910,신학부,2024,2,2학기
401011,신학,2024,2,TT564,신학영어,A,전공필수,2,3,"금요일(13:00~14:15), 금요일(14:30~15:45)","3207, 3207",김희선,20220035,18/35,,,1,,대면,401910,신학부,2024,2,2학기
401011,신학,2024,2,TT565,성서히브리어문법,A,전공선택,2,3,"월요일(13:00~14:15), 수요일(13:00~14:15)","4107, 4107",이영미,20050062,22/35,신학-561(2024.10.31.)절대평가요청,,1,,대면,401910,신학부,2024,2,2학기
401011,신학,2024,2,TT567,성정의와교회,A,전공선택,2,3,"월요일(14:30~15:45), 수요일(14:30~15:45)","3207, 3207",한경미,20240162,36/35,,,2,,대면,401910,신학부,2024,2,2학기
401011,신학,2024,2,TT570,성서해석과설교,A,전공선택,3,3,"목요일(13:00~14:15), 목요일(14:30~15:45)","4107, 4107",최은경,20240194,14/35,"강사채용에 따른 강의시간, 강의실 변경(화목 3블록 20301->목3,4블록 4107)",,1,,대면,401910,신학부,2024,2,2학기
401011,신학,2024,2,TT578,신약학개론,A,전공선택,2,3,"금요일(09:30~10:45), 금요일(11:00~12:15)","3321, 3321",이서영,20220036,23/35,,,1,,대면,401910,신학부,2024,2,2학기
401011,신학,2024,2,TT585,기독교교육개론,A,전공선택,2,3,"화요일(13:00~14:15), 화요일(14:30~15:45)","4107, 4107",이은주,20220235,11/35,,,1,,대면,401910,신학부,2024,2,2학기
401011,신학,2024,2,TT633,한신신학의기초,A,전공필수,2,3,"화요일(16:00~17:15), 화요일(17:30~18:45)","3207, 3207",연규홍,20000038,15/35,,,1,,대면,401910,신학부,2024,2,2학기
401011,신학,2024,2,TT650,기독교상담의이론과실제,A,전공선택,2,3,"목요일(16:00~17:15), 목요일(17:30~18:45)","3321, 3321",김정수,20220186,18/35,,,1,,대면,401910,신학부,2024,2,2학기
401011,신학,2024,2,TT941,바울의삶과신학,A,전공선택,3,3,"목요일(13:00~14:15), 목요일(14:30~15:45)","3207, 3207",이종철,20220185,14/35,,,1,,대면,401910,신학부,2024,2,2학기
401011,신학,2024,2,TT945,민중신학,A,전공선택,4,3,"화요일(13:00~14:15), 화요일(14:30~15:45)","3207, 3207",류장현,20240185,37/35,,,2,,대면,401910,신학부,2024,2,2학기
401011,신학,2024,2,TT955,현대선교학,A,전공선택,2,3,"화요일(16:00~17:15), 화요일(17:30~18:45)","3321, 3321",한강희,20220236,29/35,,,1,,대면,401910,신학부,2024,2,2학기
402044,한중문화콘텐츠학과,2024,2,DC134,동아시아의전통문화,A,전공선택,"2, 3, 4",3,,,김용표,20190301,48/50,한중콘텐츠전공과목 // 교내온라인,,1,,교내온라인,,,2024,2,2학기
402044,한중문화콘텐츠학과,2024,2,DC419,졸업논문,A,전공필수,4,(3),,,김남희,20200038,10/30,4학년 마지막 학기생만 신청/한중콘텐츠전공과목,,1,,N,,,2024,2,2학기
402044,한중문화콘텐츠학과,2024,2,DC595,한중공연콘텐츠기획,A,전공선택,"3, 4",3,"목요일(16:00~17:15), 목요일(17:30~18:45)","18110, 18110",이광복,20230104,19/25,한중콘텐츠 전공과목,,1,,대면,,,2024,2,2학기
402044,한중문화콘텐츠학과,2024,2,DC606,콘텐츠중국어Ⅱ,A,전공선택,"3, 4",3,"월요일(14:30~15:45), 수요일(14:30~15:45)","18110, 18110",김남희,20200038,7/30,한중콘텐츠 전공과목,,1,,대면,,,2024,2,2학기
402051,철학,2024,2,HP142,중국철학사,A,전공선택,2,3,"목요일(16:00~17:15), 목요일(17:30~18:45)","20307, 20307",최천식,20240156,13/30,,,1,,대면,402051,철학,2024,2,2학기
402051,철학,2024,2,HP205,미디어철학,A,전공선택,2,3,"화요일(09:30~10:45), 목요일(11:00~12:15)","20307, 20307",김대오,19970107,19/30,,,1,,대면,402051,철학,2024,2,2학기
402051,철학,2024,2,HP209,실존주의,A,전공선택,2,3,"월요일(14:30~15:45), 수요일(14:30~15:45)","20505, 20505",이문교,20220135,27/30,,,1,,대면,402051,철학,2024,2,2학기
402051,철학,2024,2,HP223,한국철학사,A,전공필수,2,3,"목요일(13:00~14:15), 목요일(14:30~15:45)","20307, 20307",최천식,20240156,29/30,,,1,,대면,402051,철학,2024,2,2학기
402051,철학,2024,2,HP246,언어철학,A,전공선택,3,3,"화요일(13:00~14:15), 화요일(14:30~15:45)","20307, 20307",김범용,20240191,23/30,,,1,,대면,402051,철학,2024,2,2학기
402051,철학,2024,2,HP315,윤리학,A,전공선택,2,3,"월요일(13:00~14:15), 수요일(13:00~14:15)","18211-1, 18211-1",조현진,20220201,22/40,,,1,,대면,402051,철학,2024,2,2학기
402051,철학,2024,2,HP340,심리철학,A,전공선택,3,3,"화요일(16:00~17:15), 화요일(17:30~18:45)","20307, 20307",김범용,20240191,12/30,,,1,,대면,402051,철학,2024,2,2학기
402051,철학,2024,2,HP419,졸업논문,A,전공필수,4,(3),,,김대오,19970107,24/50,,,1,,N,402051,철학,2024,2,2학기
402051,철학,2024,2,HP469,영화철학,A,전공선택,3,3,"월요일(17:30~18:45), 수요일(16:00~17:15)","20307, 20307",김대오,19970107,20/30,"월수4블록->월6수5블록 시간 변경, 철학-465(2024.10.29.)절대평가요청",,1,,대면,402051,철학,2024,2,2학기
402051,철학,2024,2,HP497,논문작성법,A,전공필수,4,1,수요일(11:00~11:50),20307,김대오,19970107,24/30,,,1,,N,402051,철학,2024,2,2학기
402060,종교문화학,2024,2,HR234,신화와문화,A,전공선택,2,3,"목요일(16:00~17:15), 목요일(17:30~18:45)","7106, 7106",이창익,20220170,10/20,,,1,,대면,402061,종교문화학과,2024,2,2학기
402060,종교문화학,2024,2,HR263,유럽의신화와종교,A,전공선택,2,3,"목요일(16:00~17:15), 목요일(17:30~18:45)","18212-1, 18212-1",허남진,20240143,7/30,,,1,,대면,402061,종교문화학과,2024,2,2학기
402060,종교문화학,2024,2,HR264,인도의신화와종교,A,전공선택,2,3,"목요일(13:00~14:15), 목요일(14:30~15:45)","7106, 7106",류성민,20210167,14/20,,,1,,대면,402061,종교문화학과,2024,2,2학기
402060,종교문화학,2024,2,HR265,종교문화워크숍2,A,전공필수,2,1,화요일(09:30~10:20),7106,강인철,19970005,4/30,,,1,,대면,402061,종교문화학과,2024,2,2학기
402060,종교문화학,2024,2,HR302,종교심리학,A,전공선택,3,3,,,박현준,20220160,29/30,  // 교내온라인,,1,,교내온라인,402061,종교문화학과,2024,2,2학기
402060,종교문화학,2024,2,HR370,종교문화워크숍3,A,전공필수,3,1,,,강인철,19970005,4/30,,,1,,대면,402061,종교문화학과,2024,2,2학기
402060,종교문화학,2024,2,HR373,종교상징의이해,A,전공선택,3,3,"화요일(13:00~14:15), 화요일(14:30~15:45)","7106, 7106",이창익,20220170,16/20,종문-444(2024.11.7.)절대평가요청,,1,,대면,402061,종교문화학과,2024,2,2학기
402060,종교문화학,2024,2,HR419,졸업논문,A,전공필수,4,(3),,,강인철,19970005,7/30,,,0,,N,402061,종교문화학과,2024,2,2학기
402060,종교문화학,2024,2,HR502,종교문화유산답사Ⅱ,A,전공필수,2,(1),,,강인철,19970005,5/20,,,0,,N,402061,종교문화학과,2024,2,2학기
402060,종교문화학,2024,2,HR503,종교문화유산답사Ⅲ,A,전공필수,3,(1),,,강인철,19970005,2/20,,,0,,N,402061,종교문화학과,2024,2,2학기
402060,종교문화학,2024,2,HR525,영화와종교문화,A,전공선택,3,3,"화요일(16:00~17:15), 화요일(17:30~18:45)","7106, 7106",박현준,20220160,17/30,,,1,,대면,402061,종교문화학과,2024,2,2학기
402071,한국사학과,2024,2,GP641,지방기록관과지방사,A,학석연계,4,3,"토요일(09:30~10:45), 토요일(11:00~12:15)","2210, 2210",조해원,20240173,1/10,"(실수업진행:2210,  토 09;30~12:10)학석사연계과정외 수강불가, 15명이하절대평가",,0,,대면,,,2024,2,2학기
402095,디지털문화콘텐츠학,2024,2,DR419,졸업논문,A,전공필수,4,(3),,,김윤성,20060020,10/60,전공(복수포함)자,,1,,N,,,2024,2,2학기
402100,영상문화학,2024,2,HM419,졸업논문,A,전공필수,4,(3),,,김윤성,20060020,10/50,전공(복수포함)자,,1,,N,,,2024,2,2학기
403021,사회복지학,2024,2,TS116,사회복지역사,A,전공선택,2,3,"화요일(16:00~17:15), 화요일(17:30~18:45)","18210, 18210",제갈현숙,20220162,28/55,"2,3,4 학년 수강가능",,1,,대면,403021,사회복지학,2024,2,2학기
403021,사회복지학,2024,2,TS253,복지국가론,A,전공선택,"3, 4",3,"화요일(13:00~14:15), 화요일(14:30~15:45)","18210, 18210",제갈현숙,20220162,22/40,"사회복지사(1,2급) 선택과목",,1,,대면,403021,사회복지학,2024,2,2학기
403021,사회복지학,2024,2,TS271,정신건강사회복지론,A,전공선택,2,3,"화요일(13:00~14:15), 화요일(14:30~15:45)","18418, 18418",김유진,20240042,56/40,"사회복지사(1,2급) 선택 과목",,1,,대면,403021,사회복지학,2024,2,2학기
403021,사회복지학,2024,2,TS272,학교사회복지론,A,전공선택,2,3,"화요일(16:00~17:15), 화요일(17:30~18:45)","18420-1, 18420-1",서동미,20240184,24/20,"2,3,4 학년 수강가능",,1,,대면,403021,사회복지학,2024,2,2학기
403021,사회복지학,2024,2,TS303,사회보장론,A,전공선택,2,3,"금요일(09:30~10:45), 금요일(11:00~12:15)","18210, 18210",장익현,20200052,39/40,"사회복지사(1,2급) 선택과목",,1,,대면,403021,사회복지학,2024,2,2학기
403021,사회복지학,2024,2,TS364,사회복지현장실습의이해Ⅱ,A,전공선택,3,2,월요일(11:00~12:40),18101,홍선미,19960088,22/30,"실습전 필수 선수과목(사회복지학 전공 내규 필독)// 전공(복수포함)자, 부전공자 신청 가능, 학적변동 신청후 2학기째 이수 가능// 23년 동계실습 및 1학기중실습 진행 예정인 자 대상// 8개 기초과목중(사회복지학과 졸시과목) 4과목 이상 이수한 자에 한함",,1,,대면,403021,사회복지학,2024,2,2학기
403021,사회복지학,2024,2,TS419,졸업논문,A,전공필수,4,(3),,,김예랑,20080163,61/60,전공(복수포함)자,,1,,N,403021,사회복지학,2024,2,2학기
403021,사회복지학,2024,2,TS517,사회복지조사론,A,전공선택,2,3,"화요일(09:30~10:45), 목요일(11:00~12:15)","18210, 18210",김예랑,20080163,46/50,"전공(복수포함)자 대상 // 사회복지사(1,2급) 필수과목",,1,,대면,403021,사회복지학,2024,2,2학기
403021,사회복지학,2024,2,TS517,사회복지조사론,B,전공선택,2,3,"화요일(11:00~12:15), 목요일(09:30~10:45)","18210, 18210",김예랑,20080163,19/30,"전공자 제외 대상 // 사회복지사(1,2급) 필수 과목",,1,,대면,403021,사회복지학,2024,2,2학기
403021,사회복지학,2024,2,TS518,노인복지론,A,전공선택,2,3,"목요일(16:00~17:15), 목요일(17:30~18:45)","18210, 18210",이유철,20240017,20/30,"사회복지사(1,2급) 선택과목//강의실변경 18420->18210",,1,,대면,403021,사회복지학,2024,2,2학기
403021,사회복지학,2024,2,TS520,사회복지행정론,A,전공선택,3,3,"화요일(09:30~10:45), 목요일(11:00~12:15)","18211, 18211",장익현,20200052,54/50,"전공(복수포함)자 대상 // 사회복지사(1,2급) 필수과목 // 전공(복수포함)자",,1,,대면,403021,사회복지학,2024,2,2학기
403021,사회복지학,2024,2,TS520,사회복지행정론,B,전공선택,3,3,"화요일(11:00~12:15), 목요일(09:30~10:45)","18102, 18102",장익현,20200052,23/20,"전공자 제외 대상 // 사회복지사(1,2급) 필수과목 // 전공(복수포함)자",,1,,대면,403021,사회복지학,2024,2,2학기
403021,사회복지학,2024,2,TS522,사회복지실천기술론,A,전공선택,3,3,"금요일(09:30~10:45), 금요일(11:00~12:15)","18106, 18106",이아영,20240022,35/40,"전공(복수포함)자 대상 // 사회복지사(1,2급) 필수과목",,1,,대면,403021,사회복지학,2024,2,2학기
403021,사회복지학,2024,2,TS522,사회복지실천기술론,B,전공선택,3,3,"목요일(13:00~14:15), 목요일(14:30~15:45)","18106, 18106",강병노,20240176,35/30,"전공자 제외 대상 // 사회복지사(1,2급) 필수과목",,1,,대면,403021,사회복지학,2024,2,2학기
403021,사회복지학,2024,2,TS523,사회복지현장실습Ⅰ,A,전공선택,3,3,"월요일(14:30~15:45), 수요일(14:30~15:45)","18210, 18210",홍선미,19960088,24/30,"절대평가과목// 전공자 대상, 복수전공 및 부전공 신청 불가 // 하계실습 진행자 및 2학기 실습 합격자 대상 // 사회복지학과 졸업필수과목 // 전공(복수포함)자",,1,,대면,403021,사회복지학,2024,2,2학기
403021,사회복지학,2024,2,TS523,사회복지현장실습Ⅰ,B,전공선택,3,3,"금요일(16:00~17:15), 금요일(17:30~18:45)","18210, 18210",홍선미,19960088,16/20,,,1,,대면,403021,사회복지학,2024,2,2학기
403021,사회복지학,2024,2,TS524,가족복지론,A,전공선택,2,3,"금요일(13:00~14:15), 금요일(14:30~15:45)","18210, 18210",한서연,20240146,25/50,"사회복지사(1,2급) 선택과목. 강사 신규임용에 따른 변경(목3,4->금 3,4블록)",,1,,대면,403021,사회복지학,2024,2,2학기
405940,컴퓨터공학부,2024,2,NE255,보안프로그래밍,A,전공선택,"3, 4",3,"월요일(14:30~15:45), 수요일(14:30~15:45)","18424, 18424",이형우,20030008,51/50,컴퓨터공학부 수강 // 전공(복수포함)자,,1,,대면,,,2024,2,2학기
405940,컴퓨터공학부,2024,2,NE322,컴퓨터그래픽스,A,전공선택,"3, 4",3,"월요일(09:30~10:45), 수요일(11:00~12:15)","18419, 18419",류승택,20040026,68/70,컴퓨터공학부 수강 // 전공(복수포함)자,,1,,대면,,,2024,2,2학기
405940,컴퓨터공학부,2024,2,NE331,안드로이드프로그래밍,A,전공선택,"3, 4",3,"목요일(13:00~14:15), 목요일(14:30~15:45)","18424, 18424",이찬행,20220199,32/45,컴퓨터공학부 수강 // 전공(복수포함)자,,1,,대면,,,2024,2,2학기
405940,컴퓨터공학부,2024,2,NE333,빅데이터분석,A,전공선택,"3, 4",3,"화요일(09:30~10:45), 목요일(11:00~12:15)","18424, 18424",박기홍,20240073,50/50,컴퓨터공학부 수강 // 전공(복수포함)자,,1,,대면,,,2024,2,2학기
405940,컴퓨터공학부,2024,2,NE341,기계학습,A,전공선택,"3, 4",3,"월요일(13:00~14:15), 수요일(13:00~14:15)","18314, 18314",강영경,19970108,56/40,컴퓨터공학부 수강 // 전공(복수포함)자,,1,,대면,,,2024,2,2학기
405940,컴퓨터공학부,2024,2,NE341,기계학습,B,전공선택,"3, 4",3,"월요일(14:30~15:45), 수요일(14:30~15:45)","18314, 18314",강영경,19970108,40/40,컴퓨터공학부 수강 // 전공(복수포함)자,,1,,대면,,,2024,2,2학기
405940,컴퓨터공학부,2024,2,NE343,IoT특론,A,전공선택,"3, 4",3,"월요일(16:00~17:15), 수요일(17:30~18:45)","18314, 18314",이양선,20210020,27/40,컴퓨터공학부 수강 // 전공(복수포함)자,,1,,대면,,,2024,2,2학기
405940,컴퓨터공학부,2024,2,NE344,IoT네트워크프로그래밍,A,전공선택,"3, 4",3,"월요일(17:30~18:45), 수요일(16:00~17:15)","18208, 18208",최창원,19960009,28/30,컴퓨터공학부 수강 // 전공(복수포함)자,,1,,대면,,,2024,2,2학기
405940,컴퓨터공학부,2024,2,NE402,시스템분석및설계,A,전공선택,"3, 4",3,"월요일(09:30~10:45), 수요일(11:00~12:15)","18418, 18418",이성구,19990055,52/55,컴퓨터공학부 수강 // 전공(복수포함)자,,1,,대면,,,2024,2,2학기
405940,컴퓨터공학부,2024,2,NE402,시스템분석및설계,B,전공선택,"3, 4",3,"월요일(11:00~12:15), 수요일(09:30~10:45)","18418, 18418",이성구,19990055,55/55,컴퓨터공학부 수강 // 전공(복수포함)자,,1,,대면,,,2024,2,2학기
405940,컴퓨터공학부,2024,2,NE405,디지털영상처리,A,전공선택,"3, 4",3,"화요일(16:00~17:15), 화요일(17:30~18:45)","18424, 18424",박기홍,20240073,42/50,컴퓨터공학부 수강 // 전공(복수포함)자,,2,,대면,,,2024,2,2학기
405940,컴퓨터공학부,2024,2,NE419,졸업논문,A,전공필수,4,(3),,,윤효석,20190207,145/180,컴퓨터공학부 수강. 수강생 150명으로 증가 // 전공(복수포함)자,,1,,N,,,2024,2,2학기
405940,컴퓨터공학부,2024,2,NE442,IPP1(장기현장실습),A,전공선택,3,9,,,이양선,20210020,1/30,,,1,,N,,,2024,2,2학기
405940,컴퓨터공학부,2024,2,NE447,캡스톤디자인1,A,전공선택,4,3,"화요일(13:00~14:15), 화요일(14:30~15:45)","18208, 18208",류승택,20040026,12/35,컴퓨터공학부 수강 // 전공(복수포함)자,,2,,대면,,,2024,2,2학기
405940,컴퓨터공학부,2024,2,NE448,캡스톤디자인2,A,전공선택,4,3,"화요일(13:00~14:15), 화요일(14:30~15:45)","18422, 18422",김성기,19930045,38/48,"컴퓨터공학부 수강, AI‧SW대학-1806(2024.10.22.)절대평가요청 // 전공(복수포함)자",,1,,대면,,,2024,2,2학기
405940,컴퓨터공학부,2024,2,NE448,캡스톤디자인2,B,전공선택,4,3,"화요일(13:00~14:15), 화요일(14:30~15:45)","18424, 18424",윤효석,20190207,44/50,"컴퓨터공학부 수강, AI‧SW대학-1806(2024.10.22.)절대평가요청 // 전공(복수포함)자",,1,,대면,,,2024,2,2학기
405940,컴퓨터공학부,2024,2,NE448,캡스톤디자인2,C,전공선택,4,3,"화요일(13:00~14:15), 화요일(14:30~15:45)","18419, 18419",이형우,20030008,30/50,"컴퓨터공학부 수강, AI‧SW대학-1806(2024.10.22.)절대평가요청 // 전공(복수포함)자",,0,,대면,,,2024,2,2학기
405940,컴퓨터공학부,2024,2,NE449,OJT1,A,전공선택,"3, 4",9,,,이양선,20210020,24/30,2024년 IPP형 일학습병행 참여학생만 수강 가능,,1,,N,,,2024,2,2학기
405940,컴퓨터공학부,2024,2,NE455,RnD,A,전공선택,4,9,,,이양선,20210020,10/30,RnD 산업인턴 합격생만 수강 // 전공(복수포함)자,,1,,N,,,2024,2,2학기
405940,컴퓨터공학부,2024,2,PD001,자기설계기초,E1,일반선택,"2, 3, 4",3,,,이양선,20210020,2/3,지정된 학생외 수강금지,,1,,N,,,2024,2,2학기
405940,컴퓨터공학부,2024,2,PD001,자기설계기초,F1,일반선택,"2, 3, 4",3,,,윤효석,20190207,2/3,지정된 학생외 수강금지,,1,,N,,,2024,2,2학기
405940,컴퓨터공학부,2024,2,PD004,도전설계기초,A1,일반선택,"2, 3, 4",3,,,이양선,20210020,1/3,지정된 학생외 수강금지,,1,,N,,,2024,2,2학기
405970,소프트웨어융합학부,2024,2,NI215,운영체제,A,전공선택,"2, 3, 4",3,"화요일(11:00~12:15), 목요일(09:30~10:45)","18212, 18212",조성호,20020194,32/30,,,1,,대면,,,2024,2,2학기
405970,소프트웨어융합학부,2024,2,NI217,고급프로그래밍,A,전공선택,"2, 3, 4",3,"목요일(16:00~17:15), 목요일(17:30~18:45)","18312, 18312",조창석,20240067,24/30,,,1,,대면,,,2024,2,2학기
405970,소프트웨어융합학부,2024,2,NI232,인터넷프로그래밍,A,전공선택,"2, 3, 4",3,"월요일(11:00~12:15), 수요일(09:30~10:45)","18312, 18312",손승일,20020195,28/30,강의실변경 18419->18312,,1,,대면,,,2024,2,2학기
405970,소프트웨어융합학부,2024,2,NI232,인터넷프로그래밍,B,전공선택,"2, 3, 4",3,"금요일(09:30~10:45), 금요일(11:00~12:15)","18521, 18521",손승일,20020195,22/30,강의실변경 18419->18312->18521,,1,,대면,,,2024,2,2학기
405970,소프트웨어융합학부,2024,2,NI247,데이터엔지니어링,A,전공선택,"2, 3, 4",3,"화요일(09:30~10:45), 목요일(11:00~12:15)","18419, 18419",안현,20210024,31/30,,,1,,대면,,,2024,2,2학기
405970,소프트웨어융합학부,2024,2,NI295,게임프로그래밍,A,전공선택,"3, 4",3,"월요일(13:00~14:15), 수요일(13:00~14:15)","18425, 18425",정승민,20060142,35/30,,,1,,대면,,,2024,2,2학기
405970,소프트웨어융합학부,2024,2,NI295,게임프로그래밍,B,전공선택,"3, 4",3,"월요일(14:30~15:45), 수요일(14:30~15:45)","18425, 18425",정승민,20060142,36/30,,,1,,대면,,,2024,2,2학기
405970,소프트웨어융합학부,2024,2,NI325,모바일프로그래밍,A,전공선택,"3, 4",3,"화요일(09:30~10:45), 목요일(11:00~12:15)","18521, 18521",김현경,19970045,29/30,,,1,,대면,,,2024,2,2학기
405970,소프트웨어융합학부,2024,2,NI325,모바일프로그래밍,B,전공선택,"3, 4",3,"화요일(11:00~12:15), 목요일(09:30~10:45)","18521, 18521",김현경,19970045,21/30,,,1,,대면,,,2024,2,2학기
405970,소프트웨어융합학부,2024,2,NI328,정보보호,A,전공선택,"3, 4",3,"월요일(09:30~10:45), 수요일(11:00~12:15)","18521, 18521",김애영,20210071,30/30,,,1,,대면,,,2024,2,2학기
405970,소프트웨어융합학부,2024,2,NI328,정보보호,B,전공선택,"3, 4",3,"월요일(11:00~12:15), 수요일(09:30~10:45)","18521, 18521",김애영,20210071,22/30,,,1,,대면,,,2024,2,2학기
405970,소프트웨어융합학부,2024,2,NI371,데이터통신,A,전공선택,"2, 3, 4",3,"월요일(13:00~14:15), 수요일(13:00~14:15)","18521, 18521",여협구,20090007,42/30,AISW계열 데이터통신 수강자(AS010) 신청 불가,,1,,대면,,,2024,2,2학기
405970,소프트웨어융합학부,2024,2,NI396,임베디드SOC설계,A,전공선택,"3, 4",3,"목요일(13:00~14:15), 목요일(14:30~15:45)","18419, 18419",정승민,20060142,27/30,,,1,,대면,,,2024,2,2학기
405970,소프트웨어융합학부,2024,2,NI400,졸업논문,A,전공필수,4,(3),,,이용걸,20210023,65/150,[소프트웨어융합학부] 소프트웨어융합학부 전공(복수)자 수강가능 // 전공(복수포함)자,,1,,N,,,2024,2,2학기
405970,소프트웨어융합학부,2024,2,NI482,영상정보처리,A,전공선택,"2, 3, 4",3,"월요일(14:30~15:45), 수요일(14:30~15:45)","18419, 18419",이용걸,20210023,31/30,AI.SW대학-1852(2024.10.28)학과지정절대요청,,1,,대면,,,2024,2,2학기
405970,소프트웨어융합학부,2024,2,NI499,OJT1,A,전공선택,4,9,,,이용걸,20210023,13/30,2024년 IPP형 일학습병행 참여학생만 수강신청 가능,,1,,N,,,2024,2,2학기
405970,소프트웨어융합학부,2024,2,NI523,소프트웨어융합종합설계1,A,전공선택,4,3,"월요일(17:30~18:45), 수요일(16:00~17:15)","18419, 18419",조성호,20020194,7/30,[소프트웨어융합학부] 소프트웨어융합학부 전공(복수)자 수강가능,,1,,대면,,,2024,2,2학기
405970,소프트웨어융합학부,2024,2,NI524,소프트웨어융합종합설계2,A,전공선택,4,3,"금요일(13:00~14:15), 금요일(14:30~15:45)","18312, 18312",이용걸,20210023,22/30,[소프트웨어융합학부] 소프트웨어융합학부 전공(복수)자 수강가능 // 전공(복수포함)자,,1,,대면,,,2024,2,2학기
405970,소프트웨어융합학부,2024,2,NI524,소프트웨어융합종합설계2,B,전공선택,4,3,"금요일(13:00~14:15), 금요일(14:30~15:45)","18521, 18521",안현,20210024,30/30,[소프트웨어융합학부] 소프트웨어융합학부 전공(복수)자 수강가능 // 전공(복수포함)자,,1,,대면,,,2024,2,2학기
406030,동북아국제통상학,2024,2,NA419,졸업논문,1,전공필수,4,(3),,,박규호,20120084,4/20,동북아국제통상학 융합(연계)전공자,,1,,N,,,2024,2,2학기
406060,마케팅사회조사학,2024,2,MO419,졸업논문,A,전공필수,4,(3),,,유한나,20220033,5/50,마케팅사회조사학 연계전공자,,0,,N,,,2024,2,2학기
406080,사회적경제경영,2024,2,SE419,졸업논문,A,연계전공,4,(3),,,장종익,20120119,1/2,,,0,,N,,,2024,2,2학기
406100,평생교육학·HRD,2024,2,KS207,청소년교육론,A,평생교육,"2, 3, 4",3,,,김남희,20220181,49/50,평생교육학·HRD 전공 재학생 우선 수강신청 후 신청 가능/ 교내 LMS // 전공(복수포함)자 // 교내온라인,,1,,교내온라인,,,2024,2,2학기
406100,평생교육학·HRD,2024,2,KS306,평생교육방법론,A,평생교육,"1, 2, 3, 4",3,목요일(13:00~14:15),18103,김윤정,20220142,32/40,평생교육학·HRD 전공 재학생 우선 수강신청 후 신청 가능/ 블랜디드(온‧오프라인 병행)수업은 교내 LMS강의와 대면강의 중 어느 하나라도 3/4(75%)이상 수강하지 않으면 출석실격으로 해당과목 성적을 인정받지 못합니다. // 전공(복수포함)자,,1,,블랜디드,,,2024,2,2학기
406100,평생교육학·HRD,2024,2,KS308,평생교육프로그램개발론,A,평생교육,"1, 2, 3, 4",3,화요일(11:00~12:15),3503,백상현,20230140,28/50,평생교육학·HRD 전공 재학생 우선 수강신청 후 신청 가능/ 블랜디드(온‧오프라인 병행)수업은 교내 LMS강의와 대면강의 중 어느 하나라도 3/4(75%)이상 수강하지 않으면 출석실격으로 해당과목 성적을 인정받지 못합니다. // 전공(복수포함)자,,1,,블랜디드,,,2024,2,2학기
406100,평생교육학·HRD,2024,2,KS311,특수교육론,A,평생교육,"2, 3, 4",3,,,김경양,20240028,49/50,평생교육학·HRD 전공 재학생 우선 수강신청 후 신청 가능/ 교내 LMS // 전공(복수포함)자 // 교내온라인,,1,,교내온라인,,,2024,2,2학기
406100,평생교육학·HRD,2024,2,KS312,교육조사방법론,A,평생교육,"2, 3, 4",3,목요일(14:30~15:45),18307,백상현,20230140,12/30,평생교육학·HRD 전공 재학생 우선 수강신청 후 신청 가능/ 블랜디드(온‧오프라인 병행)수업은 교내 LMS강의와 대면강의 중 어느 하나라도 3/4(75%)이상 수강하지 않으면 출석실격으로 해당과목 성적을 인정받지 못합니다. // 전공(복수포함)자,,1,,블랜디드,,,2024,2,2학기
406100,평생교육학·HRD,2024,2,KS411,원격교육론,A,평생교육,"2, 3, 4",3,월요일(11:00~12:15),3321,김동심,20180010,35/35,평생교육학·HRD 전공 재학생 우선 수강신청 후 신청 가능/ 블랜디드(온‧오프라인 병행)수업은 교내 LMS강의와 대면강의 중 어느 하나라도 3/4(75%)이상 수강하지 않으면 출석실격으로 해당과목 성적을 인정받지 못합니다. // 전공(복수포함)자,,1,,블랜디드,,,2024,2,2학기
406100,평생교육학·HRD,2024,2,KS412,평생교육실습,A,평생교육,"1, 2, 3, 4",3,"월요일(16:00~17:15), 수요일(17:30~18:45)","3321, 3321",옥장흠,20060143,5/30,"필수선수과목 4과목 이수자만 신청가능, 실습 학기중 160시간 이수 // 전공(복수포함)자",,1,,N,,,2024,2,2학기
406100,평생교육학·HRD,2024,2,KS419,졸업논문,A,평생교육,4,(3),,,김동심,20180010,4/30,전공(복수포함)자,,1,,N,,,2024,2,2학기
406100,평생교육학·HRD,2024,2,KS421,기업교육론,A,평생교육,"2, 3, 4",3,수요일(11:00~12:15),3321,김동심,20180010,36/37,평생교육학·HRD 전공 재학생 우선 수강신청 후 신청 가능/ 블랜디드(온‧오프라인 병행)수업은 교내 LMS강의와 대면강의 중 어느 하나라도 3/4(75%)이상 수강하지 않으면 출석실격으로 해당과목 성적을 인정받지 못합니다. // 전공(복수포함)자,,1,,블랜디드,,,2024,2,2학기
406130,한류와아시아문화콘텐츠융합인재,2024,2,AK201,한류와아시아문화콘텐츠,A,융합전공,2,3,"화요일(13:00~14:15), 화요일(14:30~15:45)","18211-1, 18211-1",신광철,19960087,8/40,융합전공 한류와아시아문화콘텐츠융합인재 ,,1,,대면,,,2024,2,2학기
408010,국외교환,2024,2,CX485,*중국어2,A,전공선택,"2, 3, 4",4,,,산동여자대학,20249901,3/5,,,0,,N,,,2024,2,2학기
408010,국외교환,2024,2,CX504,*요가,A,일반선택,"2, 3, 4",2,,,산동여자대학,20249901,1/5,,,0,,N,,,2024,2,2학기
408010,국외교환,2024,2,CX513,*기초중국어 II,A,전공선택,"2, 3, 4",3,,,대만장영대,20209140,3/5,,,0,,N,,,2024,2,2학기
408010,국외교환,2024,2,CX522,*논문작성 ,A,전공선택,"2, 3, 4",2,,,화동사범대학,20209103,4/6,,,0,,N,,,2024,2,2학기
408010,국외교환,2024,2,CX523,*문화간커뮤니케이션,A,전공선택,"2, 3, 4",3,,,화동사범대학,20209103,4/6,,,0,,N,,,2024,2,2학기
408010,국외교환,2024,2,CX528,*중국어발음의가르침,A,전공선택,"2, 3, 4",2,,,화동사범대학,20209103,4/6,,,0,,N,,,2024,2,2학기
408010,국외교환,2024,2,CX530,*중국어발음교정,A,전공선택,"2, 3, 4",2,,,화동사범대학,20209103,1/6,,,0,,N,,,2024,2,2학기
408010,국외교환,2024,2,CX569,*중한한중번역,A,전공선택,"2, 3, 4",2,,,산동여자대학,20249901,3/5,,,0,,N,,,2024,2,2학기
408010,국외교환,2024,2,CX570,*테니스,A,일반선택,"2, 3, 4",2,,,산동여자대학,20249901,2/5,,,0,,N,,,2024,2,2학기
408010,국외교환,2024,2,CX571,*영어시청각,A,일반선택,"2, 3, 4",2,,,산동여자대학,20249901,1/5,,,0,,N,,,2024,2,2학기
408010,국외교환,2024,2,CX572,*도예,A,일반선택,"2, 3, 4",2,,,산동여자대학,20249901,1/5,,,0,,N,,,2024,2,2학기
408010,국외교환,2024,2,CX573,*중국어1,A,전공선택,"2, 3, 4",2,,,산동여자대학,20249901,3/5,,,0,,N,,,2024,2,2학기
408010,국외교환,2024,2,CX574,*기초중국어말하기2,A,전공선택,"2, 3, 4",4,,,북경공업대학,20209144,1/4,,,0,,N,,,2024,2,2학기
408010,국외교환,2024,2,CX575,*기초중국어듣기2,A,전공선택,"2, 3, 4",4,,,북경공업대학,20209144,1/4,,,0,,N,,,2024,2,2학기
408010,국외교환,2024,2,CX576,*기초중국어종합2,A,전공선택,"2, 3, 4",10,,,북경공업대학,20209144,1/4,,,0,,N,,,2024,2,2학기
408010,국외교환,2024,2,CX577,*기초중국어읽기/쓰기2,A,전공선택,"2, 3, 4",4,,,북경공업대학,20209144,1/4,,,0,,N,,,2024,2,2학기
408010,국외교환,2024,2,CX578,*도예,A,일반선택,"2, 3, 4",2,,,산동여자대학,20249901,2/4,,,0,,N,,,2024,2,2학기
408010,국외교환,2024,2,CX579,*탁구,A,일반선택,"2, 3, 4",2,,,산동여자대학,20249901,2/4,,,0,,N,,,2024,2,2학기
408010,국외교환,2024,2,CX580,*영상,A,일반선택,"2, 3, 4",2,,,산동여자대학,20249901,2/4,,,0,,N,,,2024,2,2학기
408010,국외교환,2024,2,CX581,*촬영,A,일반선택,"2, 3, 4",2,,,산동여자대학,20249901,2/4,,,0,,N,,,2024,2,2학기
408010,국외교환,2024,2,CX582,*중국역사1,A,전공선택,"2, 3, 4",2,,,화동사범대학,20209103,4/6,,,0,,N,,,2024,2,2학기
408010,국외교환,2024,2,CX583,*현대중국어1,A,전공선택,"2, 3, 4",2,,,화동사범대학,20209103,4/6,,,0,,N,,,2024,2,2학기
408010,국외교환,2024,2,CX584,*고급중국어듣기·말하기1,A,전공선택,"2, 3, 4",2,,,화동사범대학,20209103,4/6,,,0,,N,,,2024,2,2학기
408010,국외교환,2024,2,CX585,*고대중국어1,A,전공선택,"2, 3, 4",2,,,화동사범대학,20209103,3/6,,,0,,N,,,2024,2,2학기
408010,국외교환,2024,2,CX586,*한국어(기초)Ⅰ,A,전공선택,"2, 3, 4",2,,,대만장영대,20209140,3/5,,,0,,N,,,2024,2,2학기
408010,국외교환,2024,2,CX587,*페이스트리케이크만들기,A,교양선택,"2, 3, 4",3,,,대만장영대,20209140,2/5,,,0,,N,,,2024,2,2학기
408010,국외교환,2024,2,CX588,*종교속여성이야기,A,일반선택,"2, 3, 4",2,,,대만장영대,20209140,2/5,,,0,,N,,,2024,2,2학기
408010,국외교환,2024,2,CX589,*신입생영어Ⅰ,A,교양선택,"2, 3, 4",2,,,대만장영대,20209140,2/5,,,0,,N,,,2024,2,2학기
408010,국외교환,2024,2,CX590,*식사개요,A,교양선택,"2, 3, 4",2,,,대만장영대,20209140,2/5,,,0,,N,,,2024,2,2학기
408010,국외교환,2024,2,CX591,*중국어번체,A,전공선택,"2, 3, 4",3,,,대만장영대,20209140,1/5,,,0,,N,,,2024,2,2학기
408010,국외교환,2024,2,CX592,*프랑스어(기초)Ⅰ,A,일반선택,"2, 3, 4",2,,,대만장영대,20209140,1/5,,,0,,N,,,2024,2,2학기
408010,국외교환,2024,2,DX646,*Text Comprehension and Text Production A,A,전공선택,"2, 3, 4",3,,,독일하이델베르크,20209122,1/7,,,0,,N,,,2024,2,2학기
408010,국외교환,2024,2,DX752,"*General German Language Course,CEFR Level A2.1",A,전공선택,"2, 3, 4",5,,,독일하이델베르크,20209122,1/7,,,0,,N,,,2024,2,2학기
408010,국외교환,2024,2,DX757,"*General German Language Course,CEFR Level B1.1",A,전공선택,"2, 3, 4",5,,,독일하이델베르크,20209122,1/7,,,0,,N,,,2024,2,2학기
408010,국외교환,2024,2,DX794,*창의적글쓰기1(B1),A,전공선택,"2, 3, 4",5,,,독일하이델베르크,20209122,1/7,,,0,,N,,,2024,2,2학기
408010,국외교환,2024,2,DX814,"*일반독일어코스,CEFR레벨B2.1",A,전공선택,"2, 3, 4",4,,,독일하이델베르크,20209122,2/7,,,0,,N,,,2024,2,2학기
408010,국외교환,2024,2,DX815,*프랑스어A1,A,일반선택,"2, 3, 4",3,,,독일하이델베르크,20209122,1/7,,,0,,N,,,2024,2,2학기
408010,국외교환,2024,2,DX816,"*일반독일어코스,CEFR레벨B1.1",A,전공선택,"2, 3, 4",4,,,독일하이델베르크,20209122,1/7,,,0,,N,,,2024,2,2학기
408010,국외교환,2024,2,DX817,*IDeFix극장과정:학업및경력에서의성공적인커뮤니케이션,A,전공선택,"2, 3, 4",3,,,독일하이델베르크,20209122,1/7,,,0,,N,,,2024,2,2학기
408010,국외교환,2024,2,DX818,"*일반독일어코스,CEFR레벨B1.2",A,전공선택,"2, 3, 4",5,,,독일하이델베르크,20209122,1/8,,,0,,N,,,2024,2,2학기
408010,국외교환,2024,2,EX214,*전문재미2-1,A,전공필수,"2, 3, 4",3,,,일본구주정보대,20209120,1/4,,,0,,N,,,2024,2,2학기
408010,국외교환,2024,2,EX215,*전문재미2-2,A,전공필수,"2, 3, 4",3,,,일본구주정보대,20209120,1/4,,,0,,N,,,2024,2,2학기
408010,국외교환,2024,2,EX218,*일본어4,A,일반선택,"2, 3, 4",3,,,일본구주정보대,20209120,1/4,,,0,,N,,,2024,2,2학기
408010,국외교환,2024,2,EX290,*문화자원론,A,일반선택,"2, 3, 4",2,,,일본나가사키대학,20209132,1/7,,,0,,N,,,2024,2,2학기
408010,국외교환,2024,2,EX296,*중급중국어,A,일반선택,"2, 3, 4",3,,,일본구주정보대,20209120,1/4,,,0,,N,,,2024,2,2학기
408010,국외교환,2024,2,EX854,*고급일본어Ⅱ b,A,전공선택,"2, 3, 4",2,,,일본나가사키대학,20209132,1/7,,,0,,N,,,2024,2,2학기
408010,국외교환,2024,2,EX856,*종교학기초,A,일반선택,"2, 3, 4",1,,,일본나가사키대학,20209132,1,,,0,,N,,,2024,2,2학기
408010,국외교환,2024,2,EX872,*일본어학기초A,A,전공선택,"2, 3, 4",1,,,일본나가사키대학,20209132,2/7,,,0,,N,,,2024,2,2학기
408010,국외교환,2024,2,EX875,*평화학,A,전공선택,"2, 3, 4",2,,,일본나가사키대학,20209132,1/7,,,0,,N,,,2024,2,2학기
408010,국외교환,2024,2,EX918,*사회학개론,A,일반선택,"2, 3, 4",1,,,일본나가사키대학,20209132,1/7,,,0,,N,,,2024,2,2학기
408010,국외교환,2024,2,EX946,*중급프로그래밍실습,A,전공선택,"2, 3, 4",3,,,일본구주정보대,20209120,1/4,,,0,,N,,,2024,2,2학기
408010,국외교환,2024,2,EX947,*기초영어회화2,A,일반선택,"2, 3, 4",3,,,일본구주정보대,20209120,1/3,,,0,,N,,,2024,2,2학기
408010,국외교환,2024,2,EX948,*일본어학기초B,A,전공선택,"2, 3, 4",1,,,일본나가사키대학,20209132,1/7,,,0,,N,,,2024,2,2학기
408010,국외교환,2024,2,EX949,*국제사회학,A,전공선택,"2, 3, 4",2,,,일본나가사키대학,20209132,1/7,,,0,,N,,,2024,2,2학기
408010,국외교환,2024,2,EX950,*아시아공동체강좌,A,전공선택,"2, 3, 4",2,,,일본나가사키대학,20209132,2/7,,,0,,N,,,2024,2,2학기
408010,국외교환,2024,2,EX951,*다문화공생사회로의초대 ,A,전공선택,"2, 3, 4",2,,,일본나가사키대학,20209132,2/7,,,0,,N,,,2024,2,2학기
408010,국외교환,2024,2,EX952,*글로벌사회리스크를파악하기위한인문사회과학개론,A,일반선택,"2, 3, 4",2,,,일본나가사키대학,20209132,1/7,,,0,,N,,,2024,2,2학기
408010,국외교환,2024,2,EX953,*역사학입문,A,전공선택,"2, 3, 4",1,,,일본나가사키대학,20209132,1/7,,,0,,N,,,2024,2,2학기
408010,국외교환,2024,2,EX954,*역사학기초(일본),A,전공선택,"2, 3, 4",1,,,일본나가사키대학,20209132,1/7,,,0,,N,,,2024,2,2학기
408010,국외교환,2024,2,HX013,*중국문화,A,전공선택,"2, 3, 4",2,,,하얼빈상업대,20209136,2/4,,,0,,N,,,2024,2,2학기
408010,국외교환,2024,2,HX090,*중국어듣기,A,전공선택,"2, 3, 4",4,,,하얼빈상업대,20209136,2/4,,,0,,N,,,2024,2,2학기
408010,국외교환,2024,2,HX099,*중국어회화,A,전공선택,"2, 3, 4",4,,,하얼빈상업대,20209136,3/4,,,0,,N,,,2024,2,2학기
408010,국외교환,2024,2,HX404,*중국어작문,A,전공선택,"2, 3, 4",4,,,하얼빈상업대,20209136,1/5,,,0,,N,,,2024,2,2학기
408010,국외교환,2024,2,HX426,*중국어종합,A,전공선택,"2, 3, 4",6,,,하얼빈상업대,20209136,3/4,,,0,,N,,,2024,2,2학기
408010,국외교환,2024,2,HX447,*중국문화체험,A,일반선택,"2, 3, 4",2,,,북경공업대학,20209144,2/4,,,0,,N,,,2024,2,2학기
408010,국외교환,2024,2,HX452,*중국물질문화,A,전공선택,"2, 3, 4",2,,,화동사범대학,20209103,1/3,,,0,,N,,,2024,2,2학기
408010,국외교환,2024,2,HX453,*중국현대문학,A,전공선택,"2, 3, 4",2,,,화동사범대학,20209103,1/3,,,0,,N,,,2024,2,2학기
408010,국외교환,2024,2,HX454,*국제중국어어법교육학,A,전공선택,"2, 3, 4",3,,,화동사범대학,20209103,1/3,,,0,,N,,,2024,2,2학기
408010,국외교환,2024,2,HX455,*국제중국어교수법,A,전공선택,"2, 3, 4",3,,,화동사범대학,20209103,1/3,,,0,,N,,,2024,2,2학기
408010,국외교환,2024,2,HX456,*논문연구,A,전공선택,"2, 3, 4",6,,,화동사범대학,20209103,1/3,,,0,,N,,,2024,2,2학기
408010,국외교환,2024,2,HX457,*한자쓰기,A,전공선택,"2, 3, 4",2,,,하얼빈상업대,20209136,2/5,,,0,,N,,,2024,2,2학기
408010,국외교환,2024,2,HX458,*중국어독해,A,전공선택,"2, 3, 4",4,,,하얼빈상업대,20209136,1/5,,,0,,N,,,2024,2,2학기
408010,국외교환,2024,2,HX459,*중국개황,A,일반선택,"2, 3, 4",3,,,북경공업대학,20209144,2/6,,,0,,N,,,2024,2,2학기
408010,국외교환,2024,2,HX460,*기초중국어읽기와쓰기1,A,전공선택,"2, 3, 4",6,,,북경공업대학,20209144,2/6,,,0,,N,,,2024,2,2학기
408010,국외교환,2024,2,HX461,*과학기술중국어:읽기와쓰기,A,전공선택,"2, 3, 4",8,,,북경공업대학,20209144,2/6,,,0,,N,,,2024,2,2학기
408010,국외교환,2024,2,HX462,*실용중국어쓰기Ⅲ,A,전공선택,"2, 3, 4",2,,,북경공업대학,20209144,1/6,,,0,,N,,,2024,2,2학기
408010,국외교환,2024,2,HX463,*중국어발음및본음,A,전공선택,"2, 3, 4",2,,,북경공업대학,20209144,1/6,,,0,,N,,,2024,2,2학기
408010,국외교환,2024,2,HX464,*종합중국어1,A,일반선택,"2, 3, 4",4,,,북경공업대학,20209144,2/6,,,0,,N,,,2024,2,2학기
408010,국외교환,2024,2,HX465,*소비자행동연구,A,전공선택,"2, 3, 4",3,,,북경공업대학,20209144,1/6,,,0,,N,,,2024,2,2학기
408010,국외교환,2024,2,HX466,*다문화교제,A,전공선택,"2, 3, 4",2,,,북경공업대학,20209144,1/6,,,0,,N,,,2024,2,2학기
408010,국외교환,2024,2,HX467,*고급중국어1,A,전공선택,"2, 3, 4",6,,,북경공업대학,20209144,1/6,,,0,,N,,,2024,2,2학기
408010,국외교환,2024,2,HZ277,*비즈니스영어,A,일반선택,"2, 3, 4",2,,,대만장영대,20209140,1/5,,,0,,N,,,2024,2,2학기
408010,국외교환,2024,2,HZ319,*일본문화유산,A,전공선택,"2, 3, 4",2,,,도쿄외국어대학,20209129,1/6,,,0,,N,,,2024,2,2학기
408010,국외교환,2024,2,HZ341,*평화연구입문Ⅱ,A,일반선택,"2, 3, 4",2,,,게이센여자대학,20209124,1/5,,,0,,N,,,2024,2,2학기
408010,국외교환,2024,2,HZ748,*영어작문,A,전공선택,"2, 3, 4",1,,,흐라데츠클라로베,20209142,4/5,,,0,,N,,,2024,2,2학기
408010,국외교환,2024,2,HZ806,*문화연구입문,A,전공선택,"2, 3, 4",1,,,일본나가사키대학,20209132,1/7,,,0,,N,,,2024,2,2학기
408010,국외교환,2024,2,HZ818,*통합일본어701,A,전공선택,"2, 3, 4",2,,,도쿄외국어대학,20209129,1/6,,,0,,N,,,2024,2,2학기
408010,국외교환,2024,2,HZ877,*외국인을위한체코어,A,일반선택,"2, 3, 4",3,,,흐라데츠클라로베,20209142,4/4,,,0,,N,,,2024,2,2학기
408010,국외교환,2024,2,HZ887,*시제품제작및학생창의력개발에3D프린팅사용,A,일반선택,"2, 3, 4",2,,,흐라데츠클라로베,20209142,5/5,,,0,,N,,,2024,2,2학기
408010,국외교환,2024,2,HZ960,*교육이론,A,일반선택,"2, 3, 4",3,,,흐라데츠클라로베,20209142,2/3,,,0,,N,,,2024,2,2학기
408010,국외교환,2024,2,HZ961,*스포츠-컨디션운동,A,일반선택,"2, 3, 4",1,,,흐라데츠클라로베,20209142,1/3,,,0,,N,,,2024,2,2학기
408010,국외교환,2024,2,HZ962,*보빈레이스제작,A,일반선택,"2, 3, 4",3,,,흐라데츠클라로베,20209142,5/5,,,0,,N,,,2024,2,2학기
408010,국외교환,2024,2,HZ963,*일반역사,A,일반선택,"2, 3, 4",2,,,흐라데츠클라로베,20209142,3/4,,,0,,N,,,2024,2,2학기
408010,국외교환,2024,2,HZ964,*음성교육1,A,일반선택,"2, 3, 4",1,,,흐라데츠클라로베,20209142,1/4,,,0,,N,,,2024,2,2학기
408010,국외교환,2024,2,HZ965,*스포츠활동,A,일반선택,"2, 3, 4",1,,,흐라데츠클라로베,20209142,1/4,,,0,,N,,,2024,2,2학기
408010,국외교환,2024,2,HZ966,*교양기초연습Ⅱ,A,전공선택,"2, 3, 4",1,,,게이센여자대학,20209124,2/5,,,0,,N,,,2024,2,2학기
408010,국외교환,2024,2,HZ967,*일본어Ⅱ(유학생),A,전공선택,"2, 3, 4",2,,,게이센여자대학,20209124,2/5,,,0,,N,,,2024,2,2학기
408010,국외교환,2024,2,HZ968,*일본사정(유학생),A,전공선택,"2, 3, 4",2,,,게이센여자대학,20209124,2/5,,,0,,N,,,2024,2,2학기
408010,국외교환,2024,2,HZ969,*일본문화기초Ⅱ,A,전공선택,"2, 3, 4",2,,,게이센여자대학,20209124,1/5,,,0,,N,,,2024,2,2학기
408010,국외교환,2024,2,HZ970,*일본어교육문법,A,전공선택,"2, 3, 4",2,,,게이센여자대학,20209124,1/5,,,0,,N,,,2024,2,2학기
408010,국외교환,2024,2,HZ971,*일본문화특강Ⅷ,A,전공선택,"2, 3, 4",2,,,게이센여자대학,20209124,1/5,,,0,,N,,,2024,2,2학기
408010,국외교환,2024,2,HZ972,*일본문화유산,A,전공선택,"2, 3, 4",1,,,도쿄외국어대학,20209129,0/6,,,0,,N,,,2024,2,2학기
408010,국외교환,2024,2,HZ973,*문화연구입문-세계의페미니즘과영화,A,전공선택,"2, 3, 4",2,,,도쿄외국어대학,20209129,1/6,,,0,,N,,,2024,2,2학기
408010,국외교환,2024,2,HZ974,*크리티컬리딩(일본의우수한논문읽기),A,전공선택,"2, 3, 4",2,,,도쿄외국어대학,20209129,1/6,,,0,,N,,,2024,2,2학기
408010,국외교환,2024,2,HZ975,*비즈니스일본어,A,전공선택,"2, 3, 4",2,,,도쿄외국어대학,20209129,1/6,,,0,,N,,,2024,2,2학기
408010,국외교환,2024,2,HZ976,*일본어문법411,A,일반선택,"2, 3, 4",1,,,도쿄외국어대학,20209129,/6,,,0,,N,,,2024,2,2학기
408010,국외교환,2024,2,HZ977,*일본어독해312,A,일반선택,"2, 3, 4",1,,,도쿄외국어대학,20209129,/6,,,0,,N,,,2024,2,2학기
408010,국외교환,2024,2,HZ978,*일본어청해413,A,일반선택,"2, 3, 4",1,,,도쿄외국어대학,20209129,/6,,,0,,N,,,2024,2,2학기
408010,국외교환,2024,2,HZ979,*일본어작문314,A,일반선택,"2, 3, 4",1,,,도쿄외국어대학,20209129,/6,,,0,,N,,,2024,2,2학기
408010,국외교환,2024,2,HZ980,*일본어커뮤니케이션415,A,일반선택,"2, 3, 4",1,,,도쿄외국어대학,20209129,/6,,,0,,N,,,2024,2,2학기
408010,국외교환,2024,2,HZ981,*한자901,A,전공선택,"2, 3, 4",1,,,도쿄외국어대학,20209129,/6,,,0,,N,,,2024,2,2학기
408010,국외교환,2024,2,HZ982,*일본어입문(1),A,일반선택,"2, 3, 4",2,,,도쿄외국어대학,20209129,/6,,,0,,N,,,2024,2,2학기
408010,국외교환,2024,2,HZ983,*일본어독해512,A,일반선택,"2, 3, 4",1,,,도쿄외국어대학,20209129,1/6,,,0,,N,,,2024,2,2학기
408010,국외교환,2024,2,HZ984,*일본어작문414,A,일반선택,"2, 3, 4",1,,,도쿄외국어대학,20209129,1/6,,,0,,N,,,2024,2,2학기
408010,국외교환,2024,2,HZ985,*일본어커뮤니케이션515,A,일반선택,"2, 3, 4",1,,,도쿄외국어대학,20209129,1/6,,,0,,N,,,2024,2,2학기
408010,국외교환,2024,2,HZ986,*한자902,A,일반선택,"2, 3, 4",1,,,도쿄외국어대학,20209129,1/6,,,0,,N,,,2024,2,2학기
408010,국외교환,2024,2,HZ987,*아시아태평양지역일본사,A,일반선택,"2, 3, 4",2,,,도쿄외국어대학,20209129,1/6,,,0,,N,,,2024,2,2학기
408010,국외교환,2024,2,HZ988,*동시대한국소설읽기,A,일반선택,"2, 3, 4",2,,,도쿄외국어대학,20209129,1/6,,,0,,N,,,2024,2,2학기
408010,국외교환,2024,2,HZ989,*한국어어휘문법세미나2,A,일반선택,"2, 3, 4",2,,,도쿄외국어대학,20209129,1/6,,,0,,N,,,2024,2,2학기
408010,국외교환,2024,2,HZ990,*민주화운동과민주주의,A,일반선택,"2, 3, 4",2,,,도쿄외국어대학,20209129,1/6,,,0,,N,,,2024,2,2학기
408010,국외교환,2024,2,RS101,*대학성공영어:대학독해기법,A,일반선택,"2, 3, 4",3,,,레니슨대학교,20239901,1/5,,,0,,N,,,2024,2,2학기
408010,국외교환,2024,2,RS102,*대학성공영어:대학청해기법,A,일반선택,"2, 3, 4",3,,,레니슨대학교,20239901,1/5,,,0,,N,,,2024,2,2학기
408010,국외교환,2024,2,RS103,*대학성공영어:대학구술기법,A,일반선택,"2, 3, 4",3,,,레니슨대학교,20239901,1/5,,,0,,N,,,2024,2,2학기
408010,국외교환,2024,2,RS104,*대학성공영어:구술의사소통기법,A,일반선택,"2, 3, 4",3,,,레니슨대학교,20239901,1/5,,,0,,N,,,2024,2,2학기
408010,국외교환,2024,2,RS105,*대학성공영어:대학작문기법,A,일반선택,"2, 3, 4",3,,,레니슨대학교,20239901,1/4,,,0,,N,,,2024,2,2학기
408010,국외교환,2024,2,RS109,*대학성공영어:대학독해기법,A,일반선택,"2, 3, 4",2,,,레니슨대학교,20239901,0/8,,,0,,N,,,2024,2,2학기
409010,학점교류,2024,2,KH079,수학Ⅰ,A,전공선택,"2, 3, 4",3,,,수원대,19800023,1/1,,,0,,N,,,2024,2,2학기
409010,학점교류,2024,2,KH375,수학Ⅱ,A,전공선택,"2, 3, 4",3,,,수원대,19800023,1/1,,,0,,N,,,2024,2,2학기
409010,학점교류,2024,2,OC112,생활속의심리학,A,교양선택,"1, 2, 3, 4",3,,,"OCU컨소시엄, 박슬기롭다",20150091,84/90,"사이버대학교(OCU)강의/교양과목/별도수강료납부(24,000원)/학점교류 6학점까지 수강가능 // 외부온라인",,1,,외부온라인,,,2024,2,2학기
409010,학점교류,2024,2,OC129,TED로배우는영화속바이오테크놀로지,A,교양선택,"1, 2, 3, 4",3,,,"OCU컨소시엄, 박슬기롭다",20150091,89/90,"사이버대학교(OCU)강의/교양과목/별도수강료납부(24,000원)/학점교류 6학점까지 수강가능 // 외부온라인",,0,,외부온라인,,,2024,2,2학기
409010,학점교류,2024,2,OC141,창의적문제해결TRIZ기본,A,교양선택,"1, 2, 3, 4",3,,,"OCU컨소시엄, 박슬기롭다",20150091,2/90,"사이버대학교(OCU)강의/교양과목/별도수강료납부(24,000원)/학점교류 6학점까지 수강가능 // 외부온라인",,0,,외부온라인,,,2024,2,2학기
409010,학점교류,2024,2,OC159,마음을읽어주는미술치료,A,교양선택,"1, 2, 3, 4",3,,,"OCU컨소시엄, 박슬기롭다",20150091,86/90,"사이버대학교(OCU)강의/교양과목/별도수강료납부(24,000원)/학점교류 6학점까지 수강가능 // 외부온라인",,0,,외부온라인,,,2024,2,2학기
409010,학점교류,2024,2,OC160,식생활과건강,A,교양선택,"1, 2, 3, 4",3,,,"OCU컨소시엄, 박슬기롭다",20150091,89/90,"사이버대학교(OCU)강의/교양과목/별도수강료납부(24,000원)/학점교류 6학점까지 수강가능 // 외부온라인",,0,,외부온라인,,,2024,2,2학기
409010,학점교류,2024,2,OC206,모두의인공지능,A,교양선택,"1, 2, 3, 4",3,,,"OCU컨소시엄, 박슬기롭다",20150091,83/90,"사이버대학교(OCU)강의/교양과목/별도수강료납부(24,000원)/학점교류 6학점까지 수강가능 // 외부온라인",,0,,외부온라인,,,2024,2,2학기
409010,학점교류,2024,2,OC235,나를찾는행복레슨,A,교양선택,"1, 2, 3, 4",3,,,"OCU컨소시엄, 박슬기롭다",20150091,88/90,"사이버대학교(OCU)강의/교양과목/별도수강료납부(24,000원)/학점교류 6학점까지 수강가능 // 외부온라인",,0,,외부온라인,,,2024,2,2학기
409010,학점교류,2024,2,OC236,한국이민의역사와문화이야기,A,교양선택,"1, 2, 3, 4",3,,,"OCU컨소시엄, 박슬기롭다",20150091,37/90,"사이버대학교(OCU)강의/교양과목/별도수강료납부(24,000원)/학점교류 6학점까지 수강가능 // 외부온라인",,0,,외부온라인,,,2024,2,2학기
409010,학점교류,2024,2,OC237,인문학과자기경영의만남,A,교양선택,"1, 2, 3, 4",3,,,"OCU컨소시엄, 박슬기롭다",20150091,15/90,"사이버대학교(OCU)강의/교양과목/별도수강료납부(24,000원)/학점교류 6학점까지 수강가능 // 외부온라인",,0,,외부온라인,,,2024,2,2학기
409010,학점교류,2024,2,OC238,인퓨징마케팅,A,교양선택,"1, 2, 3, 4",3,,,"OCU컨소시엄, 박슬기롭다",20150091,9/90,"사이버대학교(OCU)강의/교양과목/별도수강료납부(24,000원)/학점교류 6학점까지 수강가능 // 외부온라인",,0,,외부온라인,,,2024,2,2학기
419010,중국어문화영상융합학과,2024,2,HC227,역사를움직인중국의여인,A,전공선택,"2, 3, 4",3,"월요일(13:00~14:15), 수요일(13:00~14:15)","7107, 7107",장정해,19930050,15/50,"전공자, 복수전공자에 한해 수강 허용/중국어문전공과목 // 전공(복수포함)자",,1,,대면,,,2024,2,2학기
419010,중국어문화영상융합학과,2024,2,HC309,HSK5급Ⅱ,A,전공필수,"3, 4",3,"금요일(13:00~14:15), 금요일(14:30~15:45)","7106, 7106",류기수,19950013,11/40,중국어문전공과목,,1,,대면,,,2024,2,2학기
419010,중국어문화영상융합학과,2024,2,HC321,영상중국어Ⅱ,A,전공선택,"2, 3, 4",3,,,문미진,20190194,33/40,중국어문전공과목 // 교내온라인,,1,,교내온라인,,,2024,2,2학기
419010,중국어문화영상융합학과,2024,2,HC419,졸업논문,A,전공필수,4,(3),,,장정해,19930050,15/30,마지막 학기생만 수강신청/중국어문전공과목,,1,,N,,,2024,2,2학기
419010,중국어문화영상융합학과,2024,2,HC467,OJT1,A,전공선택,4,9,,,장정해,19930050,1/10,2024년 IPP형 일학습병행 참여학생만 수강 가능,,1,,N,,,2024,2,2학기
419020,IT영상콘텐츠학과,2024,2,IT217,모바일미디어실습,A,전공선택,"2, 3, 4",3,"금요일(13:00~14:15), 금요일(14:30~15:45)","18309, 18309",이경호,20220237,15/30,,,1,,대면,,,2024,2,2학기
419020,IT영상콘텐츠학과,2024,2,IT219,게임콘텐츠실습,A,전공선택,"2, 3, 4",3,"화요일(13:00~14:15), 화요일(14:30~15:45)","18308, 18308",강명구,20230018,8/30,,,1,,대면,,,2024,2,2학기
419020,IT영상콘텐츠학과,2024,2,IT318,머신러닝,A,전공선택,3,3,"화요일(11:00~12:15), 목요일(09:30~10:45)","18312, 18312",김선만,20240166,10/30,,,2,,대면,,,2024,2,2학기
419020,IT영상콘텐츠학과,2024,2,IT324,IoT-XR영상콘텐츠실습,A,전공선택,"3, 4",3,"월요일(16:00~17:15), 수요일(17:30~18:45)","18307, 18307",임익수,20230014,7/30,,,1,,대면,,,2024,2,2학기
419020,IT영상콘텐츠학과,2024,2,IT412,딥러닝,A,전공선택,3,3,"화요일(16:00~17:15), 화요일(17:30~18:45)","18419, 18419",최명일,20230019,11/30,,,1,,대면,,,2024,2,2학기
419020,IT영상콘텐츠학과,2024,2,IT419,졸업논문,A,전공필수,4,(3),,,임익수,20230014,24/30,[IT영상콘텐츠학과] IT영상콘텐츠학과 전공(복수)자 수강가능 // 전공(복수포함)자,,1,,N,,,2024,2,2학기
419020,IT영상콘텐츠학과,2024,2,IT420,OJT1,A,전공선택,4,9,,,임익수,20230014,3/30,2024년 IPP형 일학습병행 참여학생만 수강 가능,,1,,N,,,2024,2,2학기
419020,IT영상콘텐츠학과,2024,2,IT427,RnD,A,전공선택,4,9,,,임익수,20230014,2/30,RnD 산업인턴 합격생만 수강,,1,,N,,,2024,2,2학기
422100,신학·인문융합계열,2024,2,TH006,"역사와현재,미래",A,계열공통,1,3,"월요일(16:00~17:15), 수요일(17:30~18:45)","3423, 3423",정무용,20230010,39/40,,,1,,대면,422100,신학·인문융합계열,2024,2,2학기
422100,신학·인문융합계열,2024,2,TH006,"역사와현재,미래",B,계열공통,1,3,"월요일(17:30~18:45), 수요일(16:00~17:15)","3423, 3423",정무용,20230010,20/40,,,1,,대면,422100,신학·인문융합계열,2024,2,2학기
422100,신학·인문융합계열,2024,2,TH007,"문화적다양성,상상력,콘텐츠",B,계열공통,1,3,"화요일(16:00~17:15), 화요일(17:30~18:45)","18105, 18105",이종현,20230011,50/50,,,1,,대면,422100,신학·인문융합계열,2024,2,2학기
422100,신학·인문융합계열,2024,2,TH007,"문화적다양성,상상력,콘텐츠",C,계열공통,1,3,"화요일(16:00~17:15), 화요일(17:30~18:45)","18421, 18421",배현주,20220205,50/50,담당교수변경 신광철->배현주,,1,,대면,422100,신학·인문융합계열,2024,2,2학기
422100,신학·인문융합계열,2024,2,TH008,우리말우리글산책,A,계열공통,1,3,"월요일(17:30~18:45), 수요일(16:00~17:15)","7107, 7107","김지혜, 유형동",20220034,56/60,,,1,,대면,422100,신학·인문융합계열,2024,2,2학기
422100,신학·인문융합계열,2024,2,TH010,영미문화탐색,A,계열공통,1,3,"월요일(17:30~18:45), 수요일(16:00~17:15)","3207, 3207",이향미,20200051,32/35,,,2,,대면,422100,신학·인문융합계열,2024,2,2학기
422100,신학·인문융합계열,2024,2,TH010,영미문화탐색,B,계열공통,1,3,"화요일(16:00~17:15), 화요일(17:30~18:45)","3505, 3505",박미선,20090009,22/40,,,1,,대면,422100,신학·인문융합계열,2024,2,2학기
422100,신학·인문융합계열,2024,2,TH012,"종교,전쟁그리고평화",A,계열공통,1,3,"금요일(13:00~14:15), 금요일(14:30~15:45)","7103, 7103",강인철,19970005,34/32,,,1,,대면,422100,신학·인문융합계열,2024,2,2학기
422140,독일어문화학,2024,2,HB101,총괄세미나,A,전공필수,2,(1),,,오동식,20100188,15/35,총괄세미나 행사 참석 필수 ,,1,,N,422140,독일어문화학,2024,2,2학기
422140,독일어문화학,2024,2,HB227,영화와예술,A,전공선택,2,3,"목요일(13:00~14:15), 목요일(14:30~15:45)","20403, 20403",심혜경,20210029,12/35,경삼관 소극장(6423) 목13:00-15:45,,1,,대면,422140,독일어문화학,2024,2,2학기
422140,독일어문화학,2024,2,HD227,독일동화의세상,A,전공선택,2,3,"월요일(14:30~15:45), 수요일(14:30~15:45)","3423, 3423",오동식,20100188,39/67,,,1,,대면,422140,독일어문화학,2024,2,2학기
422140,독일어문화학,2024,2,HD290,독일어학개론,A,전공선택,2,3,목요일(11:00~12:15),20403,전춘명,19960084,35/35,"내규필수과목, 독문-482(2024.10.23.)절대평가요청",,1,,블랜디드,422140,독일어문화학,2024,2,2학기
422140,독일어문화학,2024,2,HD419,졸업논문,A,전공필수,4,(3),,,오동식,20100188,25/35,,,1,,N,422140,독일어문화학,2024,2,2학기
422140,독일어문화학,2024,2,HD468,국내외독일어권문화탐사2,A,전공선택,"3, 4",3,"금요일(09:30~10:45), 금요일(11:00~12:15)","20403, 20403",전춘명,19960084,26/40,전학년 수강,,1,,대면,422140,독일어문화학,2024,2,2학기
422140,독일어문화학,2024,2,HD496,시사독일어실습,A,전공선택,"3, 4",3,"화요일(13:00~14:15), 화요일(14:30~15:45)","20403, 20403","발렌틴 안더르트, 전춘명",19960084,11/35,,,1,,대면,422140,독일어문화학,2024,2,2학기
422140,독일어문화학,2024,2,HD508,영상으로보는유럽문화사,A,전공선택,2,3,수요일(11:00~12:15),20501,심혜경,20210029,35/35,"2,3,4학년 수강,  내규필수과목/강의실 변경 20403->20501",,1,,블랜디드,422140,독일어문화학,2024,2,2학기
422140,독일어문화학,2024,2,HD628,독일어듣기말하기실습A2-1,A,전공필수,"3, 4",3,"화요일(16:00~17:15), 화요일(17:30~18:45)","20403, 20403",발렌틴 안더르트,20230029,7/35,,,0,,대면,422140,독일어문화학,2024,2,2학기
422140,독일어문화학,2024,2,HD630,독일어듣기말하기실습B1-1,A,전공선택,"3, 4",3,,,오동식,20100188,43/50,  // 교내온라인,,1,,교내온라인,422140,독일어문화학,2024,2,2학기
422140,독일어문화학,2024,2,HD648,다큐멘터리및실험영화의세계,A,전공선택,"3, 4",3,화요일(11:00~12:15),18101,심혜경,20210029,24/35,비고란 '경삼관 소극장(6423) 화11:00-12:15' 기재,,1,,블랜디드,422140,독일어문화학,2024,2,2학기
422140,독일어문화학,2024,2,HD650,독일역사로보는문학이야기II,A,전공선택,"3, 4",3,"월요일(17:30~18:45), 수요일(16:00~17:15)","20403, 20403",오동식,20100188,15/35,비고란 '내규필수과목' 기재,,1,,대면,422140,독일어문화학,2024,2,2학기
422140,독일어문화학,2024,2,HD663,독일어듣기말하기AⅠ-Ⅰ,A,전공필수,2,3,"월요일(13:00~14:15), 수요일(13:00~14:15)","20403, 20403",오동식,20100188,24/50,,,1,,대면,422140,독일어문화학,2024,2,2학기
422140,독일어문화학,2024,2,HD666,기본독일어실습II,A,전공필수,2,3,화요일(11:00~12:15),20403,전춘명,19960084,41/45,,,1,,블랜디드,422140,독일어문화학,2024,2,2학기
422140,독일어문화학,2024,2,HD667,OJT1,A,전공선택,4,9,,,오동식,20100188,1/10,2024년 IPP형 일학습병행 참여학생만 수강 가능,,1,,N,422140,독일어문화학,2024,2,2학기
422150,영미문화학,2024,2,HE211,영어학개론,A,전공필수,2,3,"목요일(13:00~14:15), 목요일(14:30~15:45)","3506, 3506",홍승진,20240044,36/38,,,1,,대면,422150,영미문화학,2024,2,2학기
422150,영미문화학,2024,2,HE261,영어음성음운론,A,전공선택,2,3,"목요일(16:00~17:15), 목요일(17:30~18:45)","3506, 3506",홍승진,20240044,14/35,,,1,,대면,422150,영미문화학,2024,2,2학기
422150,영미문화학,2024,2,HE272,고급영어작문,A,전공선택,2,2,목요일(11:00~12:40),20405,LUCIER PETER,20240051,9/35,,,1,,대면,422150,영미문화학,2024,2,2학기
422150,영미문화학,2024,2,HE273,고급영어Ⅱ,A,전공선택,2,3,"월요일(14:30~15:45), 수요일(14:30~15:45)","20405, 20405",박미선,20090009,20/35,,,1,,대면,422150,영미문화학,2024,2,2학기
422150,영미문화학,2024,2,HE277,고급영어회화실습 ,B,전공선택,2,2,"월요일(11:00~12:15), 수요일(09:30~10:45)","20405, 20405",LUCIER PETER,20240051,7/35,,,1,,대면,422150,영미문화학,2024,2,2학기
422150,영미문화학,2024,2,HE316,자본주의와영문학,A,전공선택,"3, 4",3,"월요일(13:00~14:15), 수요일(13:00~14:15)","20405, 20405",박미선,20090009,20/35,,,1,,대면,422150,영미문화학,2024,2,2학기
422150,영미문화학,2024,2,HE337,미국문학개관,A,전공필수,2,3,"월요일(13:00~14:15), 수요일(13:00~14:15)","18101, 18101",이향미,20200051,26/35,,,1,,대면,422150,영미문화학,2024,2,2학기
422150,영미문화학,2024,2,HE347,중세르네상스영문학,A,전공선택,"3, 4",3,"화요일(13:00~14:15), 화요일(14:30~15:45)","20405, 20405",정선아,20220173,15/35,,,1,,대면,422150,영미문화학,2024,2,2학기
422150,영미문화학,2024,2,HE368,현대이론과영문학,A,전공선택,"3, 4",3,"목요일(13:00~14:15), 목요일(14:30~15:45)","20405, 20405",서강목,20240061,14/35,,,1,,대면,422150,영미문화학,2024,2,2학기
422150,영미문화학,2024,2,HE371,영미문화연구,A,전공선택,2,3,"화요일(13:00~14:15), 화요일(14:30~15:45)","18102, 18102",김지혜,20210073,32/35,,,1,,대면,422150,영미문화학,2024,2,2학기
422150,영미문화학,2024,2,HE372,영미서사강독,A,전공선택,2,3,"화요일(16:00~17:15), 화요일(17:30~18:45)","20405, 20405",정선아,20220173,10/35,,,1,,대면,422150,영미문화학,2024,2,2학기
422150,영미문화학,2024,2,HE412,졸업논문,A,전공필수,4,(3),,,김지혜,20210073,28/50,비고란 '졸업시험필수' 기재,,1,,N,422150,영미문화학,2024,2,2학기
422150,영미문화학,2024,2,HE439,실용영어,A,전공선택,"3, 4",3,"목요일(16:00~17:15), 목요일(17:30~18:45)","20405, 20405",LUCIER PETER,20240051,5/35,,,1,,대면,422150,영미문화학,2024,2,2학기
422150,영미문화학,2024,2,HE441,셰익스피어,A,전공선택,"3, 4",3,"화요일(09:30~10:45), 목요일(11:00~12:15)","18212-1, 18212-1",김지혜,20210073,26/35,,,1,,대면,422150,영미문화학,2024,2,2학기
422150,영미문화학,2024,2,HE444,현대영어권문학의이해,A,전공선택,"3, 4",3,"화요일(16:00~17:15), 화요일(17:30~18:45)","18104, 18104",이향미,20200051,18/35,영문-479(2024.10.22.)절대평가요청,,1,,대면,422150,영미문화학,2024,2,2학기
422160,문예창작학,2024,2,HW239,동시대시강독Ⅱ,A,전공선택,2,3,"화요일(16:00~17:15), 화요일(17:30~18:45)","3506, 3506",정한아,20220222,36/35,전공(복수포함)자 // 전공(복수포함)자,,1,,대면,422160,문예창작학,2024,2,2학기
422160,문예창작학,2024,2,HW244,드라마작법Ⅱ,A,전공선택,2,3,"목요일(16:00~17:15), 목요일(17:30~18:45)","20401, 20401",김민수,20240009,16/25,전공(복수포함)자 // 전공(복수포함)자,,1,,대면,422160,문예창작학,2024,2,2학기
422160,문예창작학,2024,2,HW247,동시대소설강독Ⅱ,A,전공선택,2,3,"월요일(14:30~15:45), 수요일(14:30~15:45)","20308, 20308",강지희,20190189,32/35,"전공(복수포함)자 , 문창-374(2024.10.22.)절대평가요청 // 전공(복수포함)자",,1,,대면,422160,문예창작학,2024,2,2학기
422160,문예창작학,2024,2,HW307,시창작실습Ⅱ,A,전공선택,2,3,"화요일(13:00~14:15), 화요일(14:30~15:45)","20308, 20308",임지은,20230052,28/25,전공(복수포함)자 // 전공(복수포함)자,,1,,대면,422160,문예창작학,2024,2,2학기
422160,문예창작학,2024,2,HW308,소설창작실습Ⅱ,A,전공선택,2,3,"월요일(09:30~10:45), 수요일(11:00~12:15)","20308, 20308",이미선,20220154,27/25,전공(복수포함)자 // 전공(복수포함)자,,1,,대면,422160,문예창작학,2024,2,2학기
422160,문예창작학,2024,2,HW322,외국소설문학강독Ⅱ,A,전공선택,3,3,"월요일(17:30~18:45), 수요일(16:00~17:15)","3506, 3506",백수린,20240068,23/35,전공(복수포함)자 // 전공(복수포함)자,,1,,대면,422160,문예창작학,2024,2,2학기
422160,문예창작학,2024,2,HW334,드라마창작의기초-연극과뮤지컬,A,전공선택,3,3,"목요일(16:00~17:15), 목요일(17:30~18:45)","20308, 20308",박춘근,20240144,27/30,전공(복수포함)자 // 전공(복수포함)자,,1,,대면,422160,문예창작학,2024,2,2학기
422160,문예창작학,2024,2,HW336,소설창작특강Ⅰ,A,전공선택,3,3,"월요일(14:30~15:45), 수요일(14:30~15:45)","3405, 3405",백수린,20240068,23/25,전공(복수포함)자 // 전공(복수포함)자,,1,,대면,422160,문예창작학,2024,2,2학기
422160,문예창작학,2024,2,HW338,시창작특강Ⅱ,A,전공선택,3,3,"월요일(17:30~18:45), 수요일(16:00~17:15)","3408, 3408",정한아,20220222,24/25,전공(복수포함)자 // 전공(복수포함)자,,1,,대면,422160,문예창작학,2024,2,2학기
422160,문예창작학,2024,2,HW339,상상력연구,A,전공선택,3,3,"월요일(13:00~14:15), 수요일(13:00~14:15)","20308, 20308",강지희,20190189,34/35,전공(복수포함)자 // 전공(복수포함)자,,1,,대면,422160,문예창작학,2024,2,2학기
422160,문예창작학,2024,2,HW408,비평연습,A,전공선택,4,3,"화요일(16:00~17:15), 화요일(17:30~18:45)","20308, 20308",강지희,20190189,12/35,전공(복수포함)자. 강의실변동 3308->20308 // 전공(복수포함)자,,1,,대면,422160,문예창작학,2024,2,2학기
422160,문예창작학,2024,2,HW416,현대시론,A,전공선택,4,3,"목요일(13:00~14:15), 목요일(14:30~15:45)","3405, 3405",임동확,20230030,6/25,전공(복수포함)자 // 전공(복수포함)자,,0,,대면,422160,문예창작학,2024,2,2학기
422160,문예창작학,2024,2,HW419,졸업논문,A,전공필수,4,(3),,,정한아,20220222,26/40,전공(복수포함)자 // 전공(복수포함)자,,0,,N,422160,문예창작학,2024,2,2학기
422160,문예창작학,2024,2,HW422,아동문학창작실습Ⅱ,A,전공선택,3,3,"화요일(13:00~14:15), 화요일(14:30~15:45)","3405, 3405",류재향,20240010,24/25,전공(복수포함)자 // 전공(복수포함)자,,1,,대면,422160,문예창작학,2024,2,2학기
422170,한국어문학,2024,2,HK106,한국어학개론,A,전공선택,2,3,"월요일(09:30~10:45), 수요일(11:00~12:15)","3308, 3308",김지혜,20230138,40/50,,,1,,대면,422170,한국어문학,2024,2,2학기
422170,한국어문학,2024,2,HK234,현대작가론,A,전공선택,3,3,"화요일(13:00~14:15), 화요일(14:30~15:45)","3503, 3503",심동수,20220209,13/38,,,1,,대면,422170,한국어문학,2024,2,2학기
422170,한국어문학,2024,2,HK278,한국어문법교육론,A,전공선택,2,3,"화요일(11:00~12:15), 목요일(09:30~10:45)","20401, 20401",김지혜,20230138,32/30,,,1,,대면,422170,한국어문학,2024,2,2학기
422170,한국어문학,2024,2,HK279,현대시탐구,A,전공선택,2,3,"월요일(13:00~14:15), 수요일(13:00~14:15)","3203, 3203",유문선,20240189,43/50,,,1,,대면,422170,한국어문학,2024,2,2학기
422170,한국어문학,2024,2,HK280,한국문학사탐구1,A,전공선택,2,3,"화요일(16:00~17:15), 화요일(17:30~18:45)","3503, 3503",유형동,20220034,31/38,,,1,,대면,422170,한국어문학,2024,2,2학기
422170,한국어문학,2024,2,HK317,한국문학사Ⅱ,A,전공선택,3,3,"월요일(14:30~15:45), 수요일(14:30~15:45)","3203, 3203",유문선,20240189,11/50,,,1,,대면,422170,한국어문학,2024,2,2학기
422170,한국어문학,2024,2,HK321,한국어사,A,전공필수,3,3,"금요일(09:30~10:45), 금요일(11:00~12:15)","20401, 20401",이홍구,20240197,17/38,3학년 전공필수 교과목,,2,,대면,422170,한국어문학,2024,2,2학기
422170,한국어문학,2024,2,HK371,고전소설론,A,전공선택,3,3,"화요일(16:00~17:15), 화요일(17:30~18:45)","20401, 20401",김혜진,20230041,21/38,한국어문학-416(2024.11.8.)절대평가요청,,1,,대면,422170,한국어문학,2024,2,2학기
422170,한국어문학,2024,2,HK372,구비문학론,A,전공선택,3,3,"화요일(09:30~10:45), 목요일(11:00~12:15)","20401, 20401",유형동,20220034,25/38,,,1,,대면,422170,한국어문학,2024,2,2학기
422170,한국어문학,2024,2,HK377,한국어교육론,A,전공선택,2,3,"월요일(14:30~15:45), 수요일(14:30~15:45)","3308, 3308",김동식,20220018,41/30,강의실변경 20401->3308,,2,,대면,422170,한국어문학,2024,2,2학기
422170,한국어문학,2024,2,HK380,한국어이해교육론,A,전공선택,"3, 4",3,"월요일(13:00~14:15), 수요일(13:00~14:15)","20401, 20401",김동식,20220018,35/36,,,2,,대면,422170,한국어문학,2024,2,2학기
422170,한국어문학,2024,2,HK419,졸업논문,A,전공필수,4,(3),,,유형동,20220034,54/70,전공(복수포함)자,,1,,N,422170,한국어문학,2024,2,2학기
422170,한국어문학,2024,2,HK515,고전작가론,A,전공선택,3,3,"목요일(16:00~17:15), 목요일(17:30~18:45)","3403, 3403",하지영,20220038,5/48,3503->3403,,1,,대면,422170,한국어문학,2024,2,2학기
422180,한국사학,2024,2,GP624,건물지고고학Ⅰ,A,전공선택,"3, 4",3,"화요일(13:00~14:15), 화요일(14:30~15:45)","2203, 2203",이형원,20210030,1/10,"(실수업진행:2203, 수13;00~15:40)학석사연계과정외 수강불가, 15명이하절대평가",,0,,대면,422180,한국사학,2024,2,2학기
422180,한국사학,2024,2,HH238,서양사입문,A,전공선택,2,3,"금요일(09:30~10:45), 금요일(11:00~12:15)","18211, 18211",이시연,20220138,27/50,,,1,,대면,422180,한국사학,2024,2,2학기
422180,한국사학,2024,2,HH270,역사고고학,A,전공선택,"2, 3",3,"화요일(16:00~17:15), 화요일(17:30~18:45)","20402, 20402",이형원,20210030,27/50,,,1,,대면,422180,한국사학,2024,2,2학기
422180,한국사학,2024,2,HH273,디지털박물관학,A,전공선택,2,3,"화요일(13:00~14:15), 화요일(14:30~15:45)","20402, 20402",김한상,20240045,22/50,[디지털박물관학] 마이크로전공 인정,,1,,대면,422180,한국사학,2024,2,2학기
422180,한국사학,2024,2,HH309,한국여성사,A,전공선택,"3, 4",3,"금요일(16:00~17:15), 금요일(17:30~18:45)","20402, 20402",이미선,20220247,31/40,,,1,,대면,422180,한국사학,2024,2,2학기
422180,한국사학,2024,2,HH310,구술사연습,A,전공선택,"3, 4",3,"월요일(16:00~17:15), 수요일(17:30~18:45)","20402, 20402",이영남,20170017,19/40,,,1,,대면,422180,한국사학,2024,2,2학기
422180,한국사학,2024,2,HH314,문화재학개론,A,전공선택,3,3,"금요일(16:00~17:15), 금요일(17:30~18:45)","20401, 20401",김봉수,20240170,6/50,강의실변경 18211->20401,,1,,대면,422180,한국사학,2024,2,2학기
422180,한국사학,2024,2,HH331,한국중세사,A,전공선택,2,3,"월요일(11:00~12:15), 수요일(09:30~10:45)","20402, 20402",정해득,20140042,44/60,,,1,,대면,422180,한국사학,2024,2,2학기
422180,한국사학,2024,2,HH405,아카이브의이해와실제,A,전공선택,"3, 4",3,"월요일(09:30~10:45), 수요일(11:00~12:15)","20402, 20402",이영남,20170017,18/50,,,1,,대면,422180,한국사학,2024,2,2학기
422180,한국사학,2024,2,HH407,한국사사료읽기2,B,전공필수,2,2,"화요일(11:00~12:15), 목요일(09:30~10:45)","20402, 20402",정해득,20140042,24/30,A반 B반 통합하여 B반으로 운영,,1,,대면,422180,한국사학,2024,2,2학기
422180,한국사학,2024,2,HH411,졸업논문,A,전공필수,4,(3),,,이형원,20210030,46/60,전공(복수포함)자,,1,,N,422180,한국사학,2024,2,2학기
422180,한국사학,2024,2,HH431,한국현대사,A,전공선택,"3, 4",3,"월요일(14:30~15:45), 수요일(14:30~15:45)","20402, 20402",정무용,20230010,46/40,,,1,,대면,422180,한국사학,2024,2,2학기
422180,한국사학,2024,2,HH460,고고자료의정리와해석,A,전공선택,"3, 4",3,"월요일(17:30~18:45), 수요일(16:00~17:15)","20402, 20402",이형원,20210030,18/40,,,1,,대면,422180,한국사학,2024,2,2학기
422180,한국사학,2024,2,HH467,학술답사D,A,전공필수,3,1,금요일(11:00~11:50),20402,정무용,20230010,34/40,,,1,,대면,422180,한국사학,2024,2,2학기
422180,한국사학,2024,2,HH468,한국사연구방법론,A,전공선택,3,3,"금요일(13:00~14:15), 금요일(14:30~15:45)","20402, 20402",이미선,20220247,32/40,,,1,,대면,422180,한국사학,2024,2,2학기
422180,한국사학,2024,2,HH471,학술답사B,A,전공필수,2,.5,금요일(09:30~10:20),20402,이형원,20210030,34/40,,,1,,대면,422180,한국사학,2024,2,2학기
422190,중국어문화콘텐츠학,2024,2,DC464,한중문화콘텐츠원소스발굴,A,전공선택,2,3,"화요일(14:30~15:45), 목요일(14:30~15:45)","18110, 18110",김남희,20200038,11/30,한중콘텐츠 전공과목,,1,,대면,422190,중국어문화콘텐츠학,2024,2,2학기
422190,중국어문화콘텐츠학,2024,2,DC592,한중문화마케팅론,A,전공선택,2,3,"화요일(11:00~12:15), 목요일(09:30~10:45)","18110, 18110",송주현,20130175,24/30,한중콘텐츠 전공과목,,1,,대면,422190,중국어문화콘텐츠학,2024,2,2학기
422190,중국어문화콘텐츠학,2024,2,DC599,한중지역콘텐츠분석,A,전공선택,2,3,"월요일(13:00~14:15), 수요일(13:00~14:15)","18110, 18110",최민성,20090008,19/30,"한중콘텐츠 전공과목, 중문콘-514(2024.10.24.)절대평가요청",,1,,대면,422190,중국어문화콘텐츠학,2024,2,2학기
422190,중국어문화콘텐츠학,2024,2,DC601,한중영상문화분석,A,전공선택,2,3,"화요일(09:30~10:45), 목요일(11:00~12:15)","18110, 18110",최민성,20090008,29/30,한중콘텐츠 전공과목,,1,,대면,422190,중국어문화콘텐츠학,2024,2,2학기
422190,중국어문화콘텐츠학,2024,2,DC608,전공중국어Ⅱ,A,전공선택,2,3,"화요일(13:00~14:15), 목요일(13:00~14:15)","18110, 18110",김남희,20200038,13/30,한중콘텐츠 전공과목,,1,,대면,422190,중국어문화콘텐츠학,2024,2,2학기
422190,중국어문화콘텐츠학,2024,2,HC219,HSK4급Ⅱ,A,전공선택,"2, 3, 4",3,목요일(11:00~12:15),7107,장정해,19930050,9/40," 전공자, 복수전공자 수강 허용 ( 재수강 외에 4학년  수강 금지/ 중화권 대학 1학기 이상 교환학생,  新HSK 6급 이상 학생 수강 금지)/중국어문전공과목 // 전공(복수포함)자",,1,,블랜디드,422190,중국어문화콘텐츠학,2024,2,2학기
422190,중국어문화콘텐츠학,2024,2,HC317,중국문화의이해Ⅱ,A,전공선택,"2, 3, 4",3,수요일(11:00~12:15),7106,장정해,19930050,27/30,"전공자, 복수전공자에 한해 수강 허용/중국어문전공과목// 강의실변경 7107->7106, 중문콘-514(2024.10.24.)절대평가요청 // 전공(복수포함)자",,1,,블랜디드,422190,중국어문화콘텐츠학,2024,2,2학기
422190,중국어문화콘텐츠학,2024,2,HC320,고급중국어회화Ⅱ,A,전공선택,"2, 3, 4",3,"월요일(14:30~15:45), 수요일(14:30~15:45)","3409, 3409",PANG LI,20120123,15/15,중국어문전공과목 // 전공(복수포함)자,,1,,대면,422190,중국어문화콘텐츠학,2024,2,2학기
422190,중국어문화콘텐츠학,2024,2,HC584,중국관광지리,A,전공선택,"2, 3, 4",3,,,문미진,20190194,39/40,중국어문전공과목/[IT관광콘텐츠디자인] 마이크로전공 // 교내온라인,,1,,교내온라인,422190,중국어문화콘텐츠학,2024,2,2학기
422190,중국어문화콘텐츠학,2024,2,HC584,중국관광지리,B,전공선택,"2, 3, 4",3,"금요일(13:00~14:15), 금요일(14:30~15:45)","7107, 7107",문미진,20190194,7/40,외국인 유학생만 신청/중국어문전공과목,,1,,대면,422190,중국어문화콘텐츠학,2024,2,2학기
422190,중국어문화콘텐츠학,2024,2,HC595,초급중국어회화Ⅱ,A,전공선택,2,3,"화요일(13:00~14:15), 목요일(13:00~14:15)","7107, 7107",류기수,19950013,22/30,중국어문전공과목,,1,,대면,422190,중국어문화콘텐츠학,2024,2,2학기
422190,중국어문화콘텐츠학,2024,2,HC595,초급중국어회화Ⅱ,B,전공선택,2,3,"화요일(14:30~15:45), 목요일(14:30~15:45)","7107, 7107",류기수,19950013,14/30,중국어문전공과목,,1,,대면,422190,중국어문화콘텐츠학,2024,2,2학기
422200,디지털영상문화콘텐츠학,2024,2,DV104,영상문화산업의이해,A,전공선택,2,3,"월요일(13:00~14:15), 수요일(13:00~14:15)","18105, 18105",김윤성,20060020,59/60,,,1,,대면,422200,디지털영상문화콘텐츠학,2024,2,2학기
422200,디지털영상문화콘텐츠학,2024,2,DV104,영상문화산업의이해,B,전공선택,2,3,"월요일(14:30~15:45), 수요일(14:30~15:45)","18101, 18101","김윤성, 이종현",20060020,10/20,"외국인 전용 강좌, 한국인 수강금지",,1,,대면,422200,디지털영상문화콘텐츠학,2024,2,2학기
422200,디지털영상문화콘텐츠학,2024,2,DV216,영화음악의이론과실제,A,전공선택,2,3,"월요일(11:00~12:15), 수요일(09:30~10:45)","18105, 18105",김윤성,20060020,63/60,,,1,,대면,422200,디지털영상문화콘텐츠학,2024,2,2학기
422200,디지털영상문화콘텐츠학,2024,2,DV217,트랜스미디어콘텐츠분석및기획실습,A,전공선택,2,3,"금요일(09:30~10:45), 금요일(11:00~12:15)","18105, 18105",장해라,20220136,37/40,디영문콘/디문콘/영상문화 전공자(복수포함)에 한함 // 전공(복수포함)자,,1,,대면,422200,디지털영상문화콘텐츠학,2024,2,2학기
422200,디지털영상문화콘텐츠학,2024,2,DV218,영상미학,A,전공선택,2,3,"목요일(13:00~14:15), 목요일(14:30~15:45)","18519, 18519",박미영,20220146,63/60,,,1,,대면,422200,디지털영상문화콘텐츠학,2024,2,2학기
422200,디지털영상문화콘텐츠학,2024,2,DV219,영화제현장학습1,A,전공선택,2,2,화요일(11:00~12:40),18105,이종현,20230011,43/40,P/NP. 디영문콘/디문콘/영상문화 전공자(한국인) 신청 / 타과생 수강금지 // 전공(복수포함)자,,1,,대면,422200,디지털영상문화콘텐츠학,2024,2,2학기
422200,디지털영상문화콘텐츠학,2024,2,DV219,영화제현장학습1,B,전공선택,2,2,화요일(11:00~12:40),18211,김윤성,20060020,34/40,P/NP. 디영문콘/디문콘/영상문화 전공자(외국인) 및 복수전공자 신청 // 전공(복수포함)자,,1,,대면,422200,디지털영상문화콘텐츠학,2024,2,2학기
422200,디지털영상문화콘텐츠학,2024,2,DV312,박물관및전시콘텐츠분석및기획실습,A,전공선택,3,3,"금요일(13:00~14:15), 금요일(14:30~15:45)","18105, 18105",장해라,20220136,38/40,디영문콘/디문콘/영상문화 전공자(복수포함)에 한함 // 전공(복수포함)자,,1,,대면,422200,디지털영상문화콘텐츠학,2024,2,2학기
422200,디지털영상문화콘텐츠학,2024,2,DV315,한국영화사특강,A,전공선택,3,3,,,신광철,19960087,86/70,온라인강의 / 디영문콘/디문콘/영상문화 전공자(복수포함)에 한함 // 전공(복수포함)자 // 교내온라인,,1,,교내온라인,422200,디지털영상문화콘텐츠학,2024,2,2학기
422200,디지털영상문화콘텐츠학,2024,2,DV316,단편영화분석및제작워크숍,A,전공선택,3,3,"화요일(13:00~14:15), 화요일(14:30~15:45)","18105, 18105",이종현,20230011,28/40,"디영문콘/디문콘/영상문화 전공자(복수포함)에 한함, 디영문콘-1273(2024.10.22.)절대평가요청 // 전공(복수포함)자",,1,,대면,422200,디지털영상문화콘텐츠학,2024,2,2학기
422200,디지털영상문화콘텐츠학,2024,2,DV322,콘텐츠액티비즘,A,전공선택,3,3,"목요일(13:00~14:15), 목요일(14:30~15:45)","18105, 18105",신정아,20240040,7/60,,,1,,대면,422200,디지털영상문화콘텐츠학,2024,2,2학기
422200,디지털영상문화콘텐츠학,2024,2,DV328,세계유네스코콘텐츠탐사Ⅱ,A,전공선택,3,2,수요일(11:00~12:40),18105,신광철,19960087,12/40,P/NP. 디영문콘/디문콘/영상문화 소속 전공자에 한함 / 복수전공자 및 타과생 수강금지 // 전공(복수포함)자,,1,,대면,422200,디지털영상문화콘텐츠학,2024,2,2학기
422200,디지털영상문화콘텐츠학,2024,2,DV340,OTT콘텐츠분석및기획워크숍,A,전공선택,3,3,"월요일(14:30~15:45), 수요일(14:30~15:45)","18105, 18105",신광철,19960087,43/40,디영문콘/디문콘/영상문화 전공자(복수포함)에 한함 // 전공(복수포함)자,,1,,대면,422200,디지털영상문화콘텐츠학,2024,2,2학기
422200,디지털영상문화콘텐츠학,2024,2,DV406,문화콘텐츠산업정책및제도,A,전공선택,4,3,"화요일(13:00~14:15), 화요일(14:30~15:45)","18523, 18523",배현주,20220205,15/60,,,1,,대면,422200,디지털영상문화콘텐츠학,2024,2,2학기
422200,디지털영상문화콘텐츠학,2024,2,DV410,문화콘텐츠기획및제작워크숍2,A,전공선택,4,3,"목요일(16:00~17:15), 목요일(17:30~18:45)","18308, 18308",신정아,20240040,14/40,디영문콘/디문콘/영상문화 전공자(복수포함)에 한함//강의실 변경 18308 // 전공(복수포함)자,,1,,대면,422200,디지털영상문화콘텐츠학,2024,2,2학기
422200,디지털영상문화콘텐츠학,2024,2,DV419,졸업논문,A,전공필수,4,(3),,,김윤성,20060020,32/50,전공(복수포함)자 // 전공(복수포함)자,,1,,N,422200,디지털영상문화콘텐츠학,2024,2,2학기
422200,디지털영상문화콘텐츠학,2024,2,DV421,OJT1,A,전공선택,4,9,,,김윤성,20060020,1/10,2024년 IPP형 일학습병행 참여학생만 수강 가능,,1,,N,422200,디지털영상문화콘텐츠학,2024,2,2학기
422200,디지털영상문화콘텐츠학,2024,2,DV429,영상시나리오분석및창작워크숍,A,전공선택,2,3,"월요일(17:30~18:45), 수요일(16:00~17:15)","18105, 18105",이종현,20230011,38/40,디영문콘/디문콘/영상문화 전공자(복수포함)에 한함 // 전공(복수포함)자,,1,,대면,422200,디지털영상문화콘텐츠학,2024,2,2학기
422200,디지털영상문화콘텐츠학,2024,2,PD001,자기설계기초,C1,일반선택,"2, 3, 4",3,,,이종현,20230011,3/3,지정된 학생외 수강금지,,0,,N,422200,디지털영상문화콘텐츠학,2024,2,2학기
423100,경제통상·국제지역계열,2024,2,EN002,국제통상학개론,A,계열공통,1,3,"월요일(17:30~18:45), 수요일(16:00~17:15)","20501, 20501",정희진,20230012,53/60,무역학개론 수강자는 수강불가(계열외 재학생은 수강신청변경기간에 가능),,1,,대면,423100,경제통상·국제지역계열,2024,2,2학기
423100,경제통상·국제지역계열,2024,2,EN002,국제통상학개론,B,계열공통,1,3,"화요일(16:00~17:15), 화요일(17:30~18:45)","7104, 7104",전창환,19970038,25/55,무역학개론 수강자는 수강불가(계열외 재학생은 수강신청변경기간에 가능),,1,,대면,423100,경제통상·국제지역계열,2024,2,2학기
423100,경제통상·국제지역계열,2024,2,EN004,지역학입문,A,계열공통,1,3,"화요일(16:00~17:15), 화요일(17:30~18:45)","18102, 18102",송주명,19990049,21/50,경제통상·국제지역계열 1학년만 수강(일본학),,1,,대면,423100,경제통상·국제지역계열,2024,2,2학기
423100,경제통상·국제지역계열,2024,2,EN004,지역학입문,B,계열공통,1,3,"목요일(13:00~14:15), 목요일(14:30~15:45)","18102, 18102",이성현,20240019,20/50,경제통상국제지역계열 1학년만 수강(중국학),,1,,대면,423100,경제통상·국제지역계열,2024,2,2학기
423100,경제통상·국제지역계열,2024,2,EN006,외국어기초Ⅱ,A,계열공통,1,3,"화요일(16:00~17:15), 화요일(17:30~18:45)","7103, 7103",나카무라 모모코,20200012,8/30,"경제통상·국제지역계열 1학년만 수강(일본어)//잔여석이 있을 경우 편입, 전과생 수강 가능",,1,,대면,423100,경제통상·국제지역계열,2024,2,2학기
423100,경제통상·국제지역계열,2024,2,EN006,외국어기초Ⅱ,B,계열공통,1,3,"목요일(16:00~17:15), 목요일(17:30~18:45)","7103, 7103",나카무라 모모코,20200012,31/30,"경제통상·국제지역계열 1학년만 수강(일본어)//잔여석이 있을 경우 편입, 전과생 수강 가능",,1,,대면,423100,경제통상·국제지역계열,2024,2,2학기
423100,경제통상·국제지역계열,2024,2,EN006,외국어기초Ⅱ,C,계열공통,1,3,"월요일(16:00~17:15), 수요일(17:30~18:45)","20501, 20501","김도희, 황선미",20190193,15/30,경제통상·국제지역계열 1학년만 수강(중국어),,1,,대면,423100,경제통상·국제지역계열,2024,2,2학기
423100,경제통상·국제지역계열,2024,2,EN006,외국어기초Ⅱ,D,계열공통,1,3,"월요일(16:00~17:15), 수요일(17:30~18:45)","20308, 20308","김도희, 황선미",20050055,10/30,경제통상·국제지역계열 1학년만 수강(중국어),,1,,대면,423100,경제통상·국제지역계열,2024,2,2학기
423110,중국학,2024,2,HN212,중국경제개론,A,전공필수,2,3,"화요일(14:30~15:45), 목요일(14:30~15:45)","20501, 20501",이일영,19970044,20/70,,,1,,대면,423110,중국학,2024,2,2학기
423110,중국학,2024,2,HN213,중국사회개론,A,전공선택,2,3,"월요일(11:00~12:15), 수요일(09:30~10:45)","20501, 20501",유은하,20190136,14/48,,,1,,대면,423110,중국학,2024,2,2학기
423110,중국학,2024,2,HN257,현대중국인물탐구,A,전공선택,2,3,"목요일(16:00~17:15), 목요일(17:30~18:45)","18102, 18102",이성현,20240019,29/50,,,1,,대면,423110,중국학,2024,2,2학기
423110,중국학,2024,2,HN267,중국어실습Ⅱ,A,전공선택,2,3,"화요일(13:00~14:15), 목요일(13:00~14:15)","20501, 20501",황선미,20190193,18/40,,,1,,대면,423110,중국학,2024,2,2학기
423110,중국학,2024,2,HN269,중국어회화Ⅱ,A,전공선택,2,3,"월요일(13:00~14:15), 수요일(13:00~14:15)","20307, 20307",김도희,20050055,13/30,,,1,,대면,423110,중국학,2024,2,2학기
423110,중국학,2024,2,HN271,실용중국어회화Ⅱ,A,전공선택,"2, 3, 4",2,목요일(11:00~12:40),20501,황선미,20190193,6/45,"2023학번의 경우 중국어 실습1,2 중국어회화1,2 수강을 완료한 후 수강가능",,1,,대면,423110,중국학,2024,2,2학기
423110,중국학,2024,2,HN311,중국어번역실습,A,전공필수,3,3,"월요일(14:30~15:45), 수요일(14:30~15:45)","20501, 20501","김도희, 황선미",20190193,23/30,중국학-458(2024.11.4.)절대평가요청,,1,,대면,423110,중국학,2024,2,2학기
423110,중국학,2024,2,HN355,비즈니스중국어,A,전공선택,"3, 4",3,"화요일(16:00~17:15), 화요일(17:30~18:45)","20501, 20501",황선미,20190193,13/30,,,1,,대면,423110,중국학,2024,2,2학기
423110,중국학,2024,2,HN395,중국대중문화,A,전공선택,"3, 4",3,"월요일(13:00~14:15), 수요일(13:00~14:15)","20501, 20501",황선미,20190193,32/30,강의실변경 20502->20501,,1,,대면,423110,중국학,2024,2,2학기
423110,중국학,2024,2,HN419,졸업논문,A,전공필수,4,(3),,,김도희,20050055,20/50,전공(복수포함)자,,1,,N,423110,중국학,2024,2,2학기
423110,중국학,2024,2,HN481,OJT1,A,전공선택,"3, 4",9,,,김도희,20050055,1/50,2024년 IPP형 일학습병행 참여학생만 수강 가능,,1,,N,423110,중국학,2024,2,2학기
423120,일본학,2024,2,HJ127,일본어한자Ⅱ,A,전공선택,2,3,"월요일(14:30~15:45), 수요일(14:30~15:45)","7103, 7103",나카무라 모모코,20200012,28/40,,,1,,대면,423120,일본학,2024,2,2학기
423120,일본학,2024,2,HJ220,일본정치의이해,A,전공선택,2,3,"월요일(09:30~10:45), 수요일(11:00~12:15)","7103, 7103",송주명,19990049,29/40,"일본학 전공자(복수전공) 우선, 일본학-466(2024.10.28.)절대평가요청",,1,,대면,423120,일본학,2024,2,2학기
423120,일본학,2024,2,HJ226,사건으로보는일본사,A,전공선택,2,3,"월요일(11:00~12:15), 수요일(09:30~10:45)","7215, 7215",하종문,19960016,22/50,,,1,,대면,423120,일본학,2024,2,2학기
423120,일본학,2024,2,HJ261,동아시아와일본문학,A,전공선택,2,3,"화요일(11:00~12:15), 목요일(09:30~10:45)","3308, 3308",김계자,20190276,24/45,강의실 변경 7103 → 3308,,1,,대면,423120,일본학,2024,2,2학기
423120,일본학,2024,2,HJ264,중급일본어Ⅱ,A,전공선택,2,3,"목요일(13:00~14:15), 목요일(14:30~15:45)","18104, 18104",소리마치 마스미,20240145,30/30,,,1,,대면,423120,일본학,2024,2,2학기
423120,일본학,2024,2,HJ268,일본사회와문화,A,전공선택,2,3,"월요일(13:00~14:15), 수요일(13:00~14:15)","7103, 7103",나카무라 모모코,20200012,21/45,,,1,,대면,423120,일본학,2024,2,2학기
423120,일본학,2024,2,HJ270,일본학조사연구Ⅱ,A,전공필수,2,3,"금요일(13:00~14:15), 금요일(14:30~15:45)","18420-1, 18420-1",오미정,20100011,29/40,,,1,,대면,423120,일본학,2024,2,2학기
423120,일본학,2024,2,HJ328,현대일본외교,A,전공선택,3,3,"월요일(11:00~12:15), 수요일(09:30~10:45)","7103, 7103",송주명,19990049,15/40,,,1,,대면,423120,일본학,2024,2,2학기
423120,일본학,2024,2,HJ336,비즈니스일본어,A,전공선택,3,3,"목요일(16:00~17:15), 목요일(17:30~18:45)","18104, 18104",소리마치 마스미,20240145,26/30,,,1,,대면,423120,일본학,2024,2,2학기
423120,일본학,2024,2,HJ360,일본학조사연구Ⅳ,A,전공필수,3,3,"금요일(13:00~14:15), 금요일(14:30~15:45)","18421, 18421",하종문,19960016,33/40,,,1,,대면,423120,일본학,2024,2,2학기
423120,일본학,2024,2,HJ385,일본명작감상,A,전공선택,3,3,"월요일(14:30~15:45), 수요일(14:30~15:45)","7105, 7105",오미정,20100011,14/45,,,1,,대면,423120,일본학,2024,2,2학기
423120,일본학,2024,2,HJ419,졸업논문,A,전공필수,4,(3),,,오미정,20100011,38/50,졸업예정자 필수 이수과목 // 전공(복수포함)자,,1,,N,423120,일본학,2024,2,2학기
423120,일본학,2024,2,HJ462,OJT1,A,전공선택,4,9,,,오미정,20100011,1/50,2024년 IPP형 일학습병행 참여학생만 수강 가능,,0,,N,423120,일본학,2024,2,2학기
423120,일본학,2024,2,PD001,자기설계기초,A1,일반선택,"2, 3, 4",3,,,오미정,20100011,1/3,지정된 학생회 수강금지,,1,,N,423120,일본학,2024,2,2학기
423130,국제경제학,2024,2,EI215,국제무역론,A,전공선택,2,3,"목요일(13:00~14:15), 목요일(14:30~15:45)","7104, 7104",남혜지,20230109,48/50,,,1,,대면,423130,국제경제학,2024,2,2학기
423130,국제경제학,2024,2,EI219,증권경제론,A,전공선택,"3, 4",3,"월요일(13:00~14:15), 수요일(13:00~14:15)","20402, 20402",정지영,20190192,46/50,,,1,,대면,423130,국제경제학,2024,2,2학기
423130,국제경제학,2024,2,EI220,국제비즈니스계약론,A,전공선택,"2, 3",3,"목요일(16:00~17:15), 목요일(17:30~18:45)","7104, 7104",남혜지,20230109,22/50,,,1,,대면,423130,국제경제학,2024,2,2학기
423130,국제경제학,2024,2,EI247,국제정치경제학,A,전공필수,2,3,"월요일(13:00~14:15), 수요일(13:00~14:15)","7104, 7104",전창환,19970038,49/50,,,1,,대면,423130,국제경제학,2024,2,2학기
423130,국제경제학,2024,2,EI250,금융거시경제론,A,전공필수,2,3,"월요일(09:30~10:45), 수요일(11:00~12:15)","18210, 18210",연제호,20240018,65/65,강의실변경 7104->18210,,1,,대면,423130,국제경제학,2024,2,2학기
423130,국제경제학,2024,2,EI255,화폐경제와금융,A,전공선택,"2, 3",3,"월요일(14:30~15:45), 수요일(14:30~15:45)","20403, 20403",정지영,20190192,54/50,,,1,,대면,423130,국제경제학,2024,2,2학기
423130,국제경제학,2024,2,EI261,영어로보는시사국제경제,A,전공선택,"2, 3, 4",3,"월요일(14:30~15:45), 수요일(14:30~15:45)","7104, 7104",전창환,19970038,21/50,,,1,,대면,423130,국제경제학,2024,2,2학기
423130,국제경제학,2024,2,EI268,실용미시경제론,A,전공선택,"2, 3, 4",3,"화요일(16:00~17:15), 화요일(17:30~18:45)","3203, 3203",정지영,20190192,25/50,선수권장과목-미시경제론 // 전공(복수포함)자,,1,,대면,423130,국제경제학,2024,2,2학기
423130,국제경제학,2024,2,EI344,무역영어,A,전공선택,"3, 4",3,"화요일(09:30~10:45), 목요일(11:00~12:15)","7104, 7104",정희진,20230012,15/50,,,1,,대면,423130,국제경제학,2024,2,2학기
423130,국제경제학,2024,2,EI344,무역영어,B,전공선택,"3, 4",3,"화요일(11:00~12:15), 목요일(09:30~10:45)","7104, 7104",정희진,20230012,46/50,,,1,,대면,423130,국제경제학,2024,2,2학기
423130,국제경제학,2024,2,EI381,국제무역과결제,A,전공선택,"3, 4",3,"목요일(16:00~17:15), 목요일(17:30~18:45)","3203, 3203",백승택,20230025,13/50,,,1,,대면,423130,국제경제학,2024,2,2학기
423130,국제경제학,2024,2,EI411,졸업논문,A,전공필수,4,(3),,,전창환,19970038,68/80,전공(복수포함)자,,1,,N,423130,국제경제학,2024,2,2학기
423130,국제경제학,2024,2,EI469,계량경제학,A,전공선택,"3, 4",3,"월요일(11:00~12:15), 수요일(09:30~10:45)","18210, 18210",연제호,20240018,23/50,"강의실변경 7104->18210, 국경-455(2024.11.4.)절대평가요청",,1,,대면,423130,국제경제학,2024,2,2학기
423130,국제경제학,2024,2,EI472,사회보험론,A,전공선택,"3, 4",3,"금요일(09:30~10:45), 금요일(11:00~12:15)","7104, 7104",김혜성,20220152,27/50,,,1,,대면,423130,국제경제학,2024,2,2학기
423140,경제학,2024,2,EE105,경제수학,A,전공선택,2,3,"월요일(13:00~14:15), 수요일(13:00~14:15)","20301, 20301",고기영,20130146,32/30,,,1,,대면,423140,경제학,2024,2,2학기
423140,경제학,2024,2,EE235,정치경제학,A,전공필수,2,3,"화요일(11:00~12:15), 목요일(09:30~10:45)","20301, 20301",성락선,19960085,26/50,,,1,,대면,423140,경제학,2024,2,2학기
423140,경제학,2024,2,EE237,근대경제사,A,전공선택,2,3,"화요일(14:30~15:45), 목요일(14:30~15:45)","20301, 20301",성락선,19960085,13/48,,,1,,대면,423140,경제학,2024,2,2학기
423140,경제학,2024,2,EE331,화폐금융론,A,전공선택,3,3,"월요일(16:00~17:15), 수요일(17:30~18:45)","20301, 20301",최미호,20220134,29/48,,,1,,대면,423140,경제학,2024,2,2학기
423140,경제학,2024,2,EE340,현대자본주의론,A,전공선택,2,3,"화요일(13:00~14:15), 화요일(14:30~15:45)","3406, 3406",양우진,20240190,33/34,,,1,,대면,423140,경제학,2024,2,2학기
423140,경제학,2024,2,EE364,경제변동론,A,전공선택,3,3,"월요일(17:30~18:45), 수요일(16:00~17:15)","20301, 20301",최미호,20220134,26/48,,,1,,대면,423140,경제학,2024,2,2학기
423140,경제학,2024,2,EE366,미시경제학,A,전공필수,2,3,"월요일(11:00~12:15), 수요일(09:30~10:45)","20301, 20301",한재명,20240069,50/50,,,1,,대면,423140,경제학,2024,2,2학기
423140,경제학,2024,2,EE379,게임이론,A,전공선택,3,3,"목요일(16:00~17:15), 목요일(17:30~18:45)","20301, 20301",강남훈,20220009,46/48,,,1,,대면,423140,경제학,2024,2,2학기
423140,경제학,2024,2,EE382,조세경제학,A,전공선택,3,3,"화요일(09:30~10:45), 목요일(11:00~12:15)","20301, 20301",한재명,20240069,31/48,,,1,,대면,423140,경제학,2024,2,2학기
423140,경제학,2024,2,EE411,졸업논문,A,전공필수,4,(3),,,성락선,19960085,28/50,마지막 학기생 신청,,0,,N,423140,경제학,2024,2,2학기
423140,경제학,2024,2,EE441,경제학특강,A,전공선택,4,3,"월요일(14:30~15:45), 수요일(14:30~15:45)","20301, 20301",고기영,20130146,21/40,,,1,,대면,423140,경제학,2024,2,2학기
423140,경제학,2024,2,EE477,OJT1,A,전공선택,4,9,,,성락선,19960085,1/20,2024년 IPP형 일학습병행 참여학생만 수강 가능,,0,,N,423140,경제학,2024,2,2학기
423200,글로벌·공공인재융합계열,2024,2,GH004,글로벌사회이해,A,계열공통,1,3,"화요일(16:00~17:15), 화요일(17:30~18:45)","20507, 20507",이해영,19960013,48/55,,,1,,대면,423200,글로벌·공공인재융합계열,2024,2,2학기
423200,글로벌·공공인재융합계열,2024,2,GH006,공공빅데이터분석입문,A,계열공통,1,3,"월요일(17:30~18:45), 수요일(16:00~17:15)","20404, 20404",노승철,20210027,35/40,,,1,,대면,423200,글로벌·공공인재융합계열,2024,2,2학기
423200,글로벌·공공인재융합계열,2024,2,GH007,공공정책의이해,A,계열공통,1,3,"월요일(13:00~14:15), 수요일(13:00~14:15)","20507, 20507",윤건,20200035,47/50,,,1,,대면,423200,글로벌·공공인재융합계열,2024,2,2학기
423210,글로벌인재학,2024,2,HI312,동아시아국제관계론,A,전공선택,"2, 3",3,"목요일(16:00~17:15), 목요일(17:30~18:45)","20306, 20306",홍용덕,20220234,23/25,,,1,,대면,423210,글로벌인재학,2024,2,2학기
423210,글로벌인재학,2024,2,HI314,한미관계의이해,A,전공선택,"2, 3, 4",3,"화요일(13:00~14:15), 화요일(14:30~15:45)","20507, 20507",최형익,20040020,24/25,,,1,,대면,423210,글로벌인재학,2024,2,2학기
423210,글로벌인재학,2024,2,HI356,의회정치론,A,전공선택,"2, 3, 4",3,"목요일(13:00~14:15), 목요일(14:30~15:45)","20306, 20306",김형철,20220229,8/30,,,1,,대면,423210,글로벌인재학,2024,2,2학기
423210,글로벌인재학,2024,2,HI356,의회정치론,B,전공선택,"2, 3, 4",3,"금요일(13:00~14:15), 금요일(14:30~15:45)","20306, 20306",최지나,20240174,16/30,외국인 유학생 전용 과목,,1,,대면,423210,글로벌인재학,2024,2,2학기
423210,글로벌인재학,2024,2,HI369,전공논문과글쓰기,A,전공선택,"3, 4",3,"월요일(09:30~10:45), 수요일(11:00~12:15)","20306, 20306",조성대,20020021,22/25,전공논문 수강하는 학생들만 신청,,0,,대면,423210,글로벌인재학,2024,2,2학기
423210,글로벌인재학,2024,2,HI398,글로벌이슈분석,A,전공선택,"2, 3, 4",3,"월요일(16:00~17:15), 수요일(17:30~18:45)","20306, 20306",박상남,20060141,25/25,,,1,,대면,423210,글로벌인재학,2024,2,2학기
423210,글로벌인재학,2024,2,HI401,국제사회의미래,A,전공선택,"3, 4",3,"월요일(17:30~18:45), 수요일(16:00~17:15)","20306, 20306",박상남,20060141,21/25,,,1,,대면,423210,글로벌인재학,2024,2,2학기
423210,글로벌인재학,2024,2,HI409,세계지역의개발과평화이슈,A,전공선택,"2, 3, 4",3,"월요일(09:30~10:45), 수요일(11:00~12:15)","20502, 20502",이종운,20190145,21/25,[국제개발협력과평화] 마이크로전공,,1,,대면,423210,글로벌인재학,2024,2,2학기
423210,글로벌인재학,2024,2,HI419,졸업논문,A,전공필수,4,(3),,,이해영,19960013,32/35,마지막 학기생 신청/ 국제관계학 전공자 신청과목 // 전공(복수포함)자,,0,,N,423210,글로벌인재학,2024,2,2학기
423210,글로벌인재학,2024,2,HI429,국제정치와경제학,A,전공선택,"2, 3, 4",3,"월요일(13:00~14:15), 수요일(13:00~14:15)","20505, 20505",이해영,19960013,20/25,,,1,,대면,423210,글로벌인재학,2024,2,2학기
423210,글로벌인재학,2024,2,HI429,국제정치와경제학,B,전공선택,"2, 3, 4",3,"금요일(09:30~10:45), 금요일(11:00~12:15)","20306, 20306",노태경,20240175,30/30,외국인 유학생 전용 과목,,1,,대면,423210,글로벌인재학,2024,2,2학기
423210,글로벌인재학,2024,2,HI430,신세계질서론,A,전공선택,"2, 3, 4",3,"월요일(14:30~15:45), 수요일(14:30~15:45)","20507, 20507",이해영,19960013,20/25,,,1,,대면,423210,글로벌인재학,2024,2,2학기
423210,글로벌인재학,2024,2,HI431,한국정치와리더십연구,A,전공필수,"2, 3, 4",3,"월요일(14:30~15:45), 수요일(14:30~15:45)","20306, 20306",최형익,20040020,33/58,구) 정치지도자와 대중,,1,,대면,423210,글로벌인재학,2024,2,2학기
423210,글로벌인재학,2024,2,HI432,동서양사유의비교,A,전공선택,"2, 3, 4",3,"화요일(13:00~14:15), 화요일(14:30~15:45)","20306, 20306",박상남,20060141,32/30,"구) 동서양문화 비교/ 유라시아지역연구 대체과목, 글인-571(2024.10.28.)절대평가요청",,1,,대면,423210,글로벌인재학,2024,2,2학기
423210,글로벌인재학,2024,2,HI432,동서양사유의비교,B,전공선택,"2, 3, 4",3,"목요일(13:00~14:15), 목요일(14:30~15:45)","3406, 3406",김준현,20220180,20/30,외국인 유학생 전용 과목 / 구) 동서양문화 비교/ 유라시아지역연구 대체과목,,1,,대면,423210,글로벌인재학,2024,2,2학기
423210,글로벌인재학,2024,2,HI434,비교정부론,A,전공선택,"2, 3, 4",3,"월요일(13:00~14:15), 수요일(13:00~14:15)","20306, 20306",최형익,20040020,25/25,,,1,,대면,423210,글로벌인재학,2024,2,2학기
423210,글로벌인재학,2024,2,HI435,미국사회와인권법,A,전공선택,"2, 3, 4",3,"월요일(11:00~12:15), 수요일(09:30~10:45)","20306, 20306",조성대,20020021,15/25,,,1,,대면,423210,글로벌인재학,2024,2,2학기
423210,글로벌인재학,2024,2,HI453,국제금융의이해,A,전공선택,"2, 3",3,"월요일(11:00~12:15), 수요일(09:30~10:45)","8101, 8101",염동호,20190191,23/25,,,1,,대면,423210,글로벌인재학,2024,2,2학기
423210,글로벌인재학,2024,2,SP419,졸업논문,A,전공필수,4,(3),,,이해영,19960013,14/30,마지막학기생 신청/ 정치학 전공자 신청과목 // 전공(복수포함)자,,0,,N,423210,글로벌인재학,2024,2,2학기
423220,공공인재빅데이터융합학,2024,2,PS108,행정법,A,전공선택,"2, 3",3,"화요일(16:00~17:15), 화요일(17:30~18:45)","20306, 20306",강현,20240054,44/52,,,1,,대면,423220,공공인재빅데이터융합학,2024,2,2학기
423220,공공인재빅데이터융합학,2024,2,PS201,조사연구방법론,A,전공필수,"2, 3",3,"월요일(14:30~15:45), 수요일(14:30~15:45)","8110, 8110",이석민,20200034,29/45,강의실변경 18308->8110,,1,,대면,423220,공공인재빅데이터융합학,2024,2,2학기
423220,공공인재빅데이터융합학,2024,2,PS216,공공인사관리,A,전공선택,"2, 3",3,"월요일(09:30~10:45), 수요일(11:00~12:15)","20507, 20507",윤건,20200035,26/50,,,1,,대면,423220,공공인재빅데이터융합학,2024,2,2학기
423220,공공인재빅데이터융합학,2024,2,PS217,데이터베이스와SQL,A,전공선택,"2, 3",3,"월요일(16:00~17:15), 수요일(17:30~18:45)","18308, 18308",이석민,20200034,5/45,,,1,,대면,423220,공공인재빅데이터융합학,2024,2,2학기
423220,공공인재빅데이터융합학,2024,2,PS224,딥러닝기초,A,전공선택,"2, 3",3,"월요일(13:00~14:15), 수요일(13:00~14:15)","20404, 20404",이석민,20200034,40/40,[딥러닝을활용한고급빅데이터분석] 마이크로전공으로 인정. 강의실변경 8101->20404,,1,,대면,423220,공공인재빅데이터융합학,2024,2,2학기
423220,공공인재빅데이터융합학,2024,2,PS226,머신러닝과텍스트마이닝,A,전공선택,"2, 3, 4",3,"화요일(09:30~10:45), 목요일(11:00~12:15)","20404, 20404",노승철,20210027,13/45,,,1,,대면,423220,공공인재빅데이터융합학,2024,2,2학기
423220,공공인재빅데이터융합학,2024,2,PS228,재무행정론,A,전공선택,2,3,"목요일(16:00~17:15), 목요일(17:30~18:45)","20507, 20507",김대중,20240183,15/50,,,1,,대면,423220,공공인재빅데이터융합학,2024,2,2학기
423220,공공인재빅데이터융합학,2024,2,PS229,데이터결합과정책,A,전공선택,2,3,"월요일(14:30~15:45), 수요일(14:30~15:45)","7108, 7108",윤건,20200035,22/45,공공인재빅데이터융합학-787(2024.10.23.)절대평가요청,,1,,대면,423220,공공인재빅데이터융합학,2024,2,2학기
423220,공공인재빅데이터융합학,2024,2,PS314,정책평가,A,전공선택,"2, 3",3,"화요일(11:00~12:15), 목요일(09:30~10:45)","8101, 8101",이석민,20200034,14/40,강의실변경 20507->8101,,1,,대면,423220,공공인재빅데이터융합학,2024,2,2학기
423220,공공인재빅데이터융합학,2024,2,PS319,딥러닝영상데이터분석,A,전공선택,3,3,"화요일(13:00~14:15), 화요일(14:30~15:45)","7108, 7108",이석민,20200034,15/40,[딥러닝을활용한고급빅데이터분석] 마이크로전공으로 인정,,1,,대면,423220,공공인재빅데이터융합학,2024,2,2학기
423220,공공인재빅데이터융합학,2024,2,PS401,공기업론,A,전공선택,"2, 3",3,"목요일(13:00~14:15), 목요일(14:30~15:45)","20507, 20507",장익현,20200052,49/50,,,1,,대면,423220,공공인재빅데이터융합학,2024,2,2학기
423220,공공인재빅데이터융합학,2024,2,PS405,빅데이터와개인정보보호,A,전공선택,4,3,"화요일(16:00~17:15), 화요일(17:30~18:45)","20301, 20301",장광호,20240053,12/50,,,1,,대면,423220,공공인재빅데이터융합학,2024,2,2학기
423220,공공인재빅데이터융합학,2024,2,PS415,GIS를이용한공간정보분석,A,전공선택,"2, 3",3,"화요일(13:00~14:15), 목요일(13:00~14:15)","20404, 20404",노승철,20210027,11/45,,,1,,대면,423220,공공인재빅데이터융합학,2024,2,2학기
423220,공공인재빅데이터융합학,2024,2,PS421,OJT1,A,전공선택,4,9,,,노승철,20210027,2/20,2024년 IPP형 일학습병행 참여학생만 수강 가능,,1,,N,423220,공공인재빅데이터융합학,2024,2,2학기
423220,공공인재빅데이터융합학,2024,2,PSA01,졸업논문,A,전공필수,4,(3),,,노승철,20210027,3/30,마지막학기생 신청/ 행정학 전공자 신청과목 // 전공(복수포함)자,,1,,N,423220,공공인재빅데이터융합학,2024,2,2학기
423220,공공인재빅데이터융합학,2024,2,PSB01,졸업논문,A,전공필수,4,(3),,,노승철,20210027,3/30,마지막학기생 신청/ 정책학 전공자 신청과목 // 전공(복수포함)자,,1,,N,423220,공공인재빅데이터융합학,2024,2,2학기
424100,경영·미디어계열,2024,2,BM001,경영의이해,A,계열공통,1,3,"화요일(16:00~17:15), 화요일(17:30~18:45)","18101, 18101",박규호,20120084,32/30,경영미디어계열1학년 수강신청 후 잔여좌석 재학생(타과가능) 수강가능,,1,,대면,424100,경영·미디어계열,2024,2,2학기
424100,경영·미디어계열,2024,2,BM001,경영의이해,B,계열공통,1,3,"화요일(16:00~17:15), 화요일(17:30~18:45)","7105, 7105",양영수,20210032,31/30,경영미디어계열1학년 수강신청 후 잔여좌석 재학생(타과가능) 수강가능,,1,,대면,424100,경영·미디어계열,2024,2,2학기
424100,경영·미디어계열,2024,2,BM001,경영의이해,C,계열공통,1,3,"금요일(13:00~14:15), 금요일(14:30~15:45)","3204, 3204",손정현,20220184,32/30,경영미디어계열1학년 수강신청 후 잔여좌석 재학생(타과가능) 수강가능,,1,,대면,424100,경영·미디어계열,2024,2,2학기
424100,경영·미디어계열,2024,2,BM002,회계의이해,A,계열공통,1,3,"월요일(16:00~17:15), 수요일(17:30~18:45)","18420, 18420",김병조,20140011,31/30,경영미디어계열1학년만수강(변경기간부터 전체계열수강신청가능) // 전공(복수포함)자,,1,,대면,424100,경영·미디어계열,2024,2,2학기
424100,경영·미디어계열,2024,2,BM002,회계의이해,B,계열공통,1,3,"화요일(16:00~17:15), 화요일(17:30~18:45)","18211-1, 18211-1",최지환,20230015,30/30,경영미디어계열1학년만수강(변경기간부터 전체계열수강신청가능),,1,,대면,424100,경영·미디어계열,2024,2,2학기
424100,경영·미디어계열,2024,2,BM002,회계의이해,C,계열공통,1,3,"월요일(17:30~18:45), 수요일(16:00~17:15)","18420, 18420",김병조,20140011,33/30,"2,3,4학년 재학생만 수강(1학년 제외) , 경영·미디어계열 신입생 수강금지",,1,,대면,424100,경영·미디어계열,2024,2,2학기
424100,경영·미디어계열,2024,2,BM004,통계의이해,A,계열공통,1,3,"화요일(16:00~17:15), 화요일(17:30~18:45)","7107, 7107",신재우,20240071,60/56,"경영미디어계열1학년 수강신청 후 잔여좌석 경영미디어대학 2,3,4학년 수강",,1,,대면,424100,경영·미디어계열,2024,2,2학기
424100,경영·미디어계열,2024,2,BM004,통계의이해,B,계열공통,1,3,"금요일(09:30~10:45), 금요일(11:00~12:15)","7107, 7107",염건,20230143,40/40,"경영미디어계열1학년 수강신청 후 잔여좌석 경영미디어대학 2,3,4학년 수강",,1,,대면,424100,경영·미디어계열,2024,2,2학기
424110,경영학,2024,2,EB111,마케팅관리론,A,전공필수,2,3,"화요일(09:30~10:45), 목요일(11:00~12:15)","18311, 18311",유현미,20240070,31/45,,,1,,대면,424110,경영학,2024,2,2학기
424110,경영학,2024,2,EB111,마케팅관리론,B,전공필수,2,3,"화요일(11:00~12:15), 목요일(09:30~10:45)","18311, 18311",유현미,20240070,47/45,,,1,,대면,424110,경영학,2024,2,2학기
424110,경영학,2024,2,EB112,경영을위한경제학,A,전공선택,2,3,"화요일(13:00~14:15), 목요일(13:00~14:15)","7215, 7215",이건범,20090026,54/60,,,1,,대면,424110,경영학,2024,2,2학기
424110,경영학,2024,2,EB202,리더십과조직문화,A,전공선택,2,3,"화요일(13:00~14:15), 목요일(13:00~14:15)","18311, 18311",김경민,20160030,40/40,,,1,,대면,424110,경영학,2024,2,2학기
424110,경영학,2024,2,EB202,리더십과조직문화,B,전공선택,2,3,"금요일(16:00~17:15), 금요일(17:30~18:45)","3204, 3204",손정현,20220184,30/30,,,1,,대면,424110,경영학,2024,2,2학기
424110,경영학,2024,2,EB218,중급재무회계2,A,전공선택,2,3,"화요일(11:00~12:15), 목요일(09:30~10:45)","18103, 18103",김병조,20140011,15/40,수정: 선수이수과목: 회계의 이해 또는 회계원리,,1,,대면,424110,경영학,2024,2,2학기
424110,경영학,2024,2,EB305,비즈니스문제해결워크숍,A,전공선택,"3, 4",3,"목요일(16:00~17:15), 목요일(17:30~18:45)","8101, 8101",오창호,20240063,16/30,경영학-791(2024.11.6.)절대평가요청,,1,,대면,424110,경영학,2024,2,2학기
424110,경영학,2024,2,EB311,생산관리,A,전공필수,"3, 4",3,"월요일(13:00~14:15), 수요일(13:00~14:15)","18311, 18311",정의범,20210033,41/40,"전공,복수전공 학생만 수강가능 // 전공(복수포함)자",,1,,대면,424110,경영학,2024,2,2학기
424110,경영학,2024,2,EB311,생산관리,B,전공필수,"3, 4",3,"월요일(14:30~15:45), 수요일(14:30~15:45)","18311, 18311",정의범,20210033,47/40,"전공,복수전공 학생만 수강가능 // 전공(복수포함)자",,1,,대면,424110,경영학,2024,2,2학기
424110,경영학,2024,2,EB313,관리회계,A,전공선택,2,3,"화요일(09:30~10:45), 목요일(11:00~12:15)","18420, 18420",김병조,20140011,50/45,강의실 변경(18103->18105->18420),,1,,대면,424110,경영학,2024,2,2학기
424110,경영학,2024,2,EB323,세무개론,A,전공선택,"3, 4",3,"금요일(13:00~14:15), 금요일(14:30~15:45)","20404, 20404",최지환,20230015,35/40,회계의 이해(회계원리) or 전산회계실무 수강자만 수강가능,,1,,대면,424110,경영학,2024,2,2학기
424110,경영학,2024,2,EB324,영업관리,A,전공선택,"3, 4",3,"금요일(09:30~10:45), 금요일(11:00~12:15)","3204, 3204",손정현,20220184,29/30,,,1,,대면,424110,경영학,2024,2,2학기
424110,경영학,2024,2,EB350,기업경영의법적측면,A,전공선택,"3, 4",3,"월요일(13:00~14:15), 수요일(13:00~14:15)","18212-1, 18212-1",유영국,20240072,42/30,,,1,,대면,424110,경영학,2024,2,2학기
424110,경영학,2024,2,EB387,인공지능기반인적자원경영,A,전공선택,"3, 4",3,"화요일(14:30~15:45), 목요일(14:30~15:45)","18311, 18311",김경민,20160030,38/40,,,1,,대면,424110,경영학,2024,2,2학기
424110,경영학,2024,2,EB388,AI기반비즈니스애널리틱스,A,전공선택,"3, 4",3,"화요일(16:00~17:15), 화요일(17:30~18:45)","20404, 20404",정의범,20210033,6/40,,,1,,대면,424110,경영학,2024,2,2학기
424110,경영학,2024,2,EB394,스타트업경영,A,전공선택,"3, 4",3,"월요일(14:30~15:45), 수요일(14:30~15:45)","18106, 18106",박규호,20120084,11/40,전략경영 이수자에 한함,,1,,대면,424110,경영학,2024,2,2학기
424110,경영학,2024,2,EB412,졸업논문,A,전공필수,4,(3),,,김경민,20160030,144/150,졸업예정자 필수과목 // 전공(복수포함)자,,1,,N,424110,경영학,2024,2,2학기
424110,경영학,2024,2,EB478,OJT1,A,전공선택,4,9,,,김경민,20160030,10/12,2024년 IPP형 일학습병행 참여학생만 수강 가능,,1,,N,424110,경영학,2024,2,2학기
424120,IT경영학,2024,2,EZ208,경영정보시스템,A,전공선택,2,3,목요일(14:30~15:45),7301,최경아,20240152,41/40,블렌디드 수업(목 14:30~15:45 대면수업),,1,,블랜디드,424120,IT경영학,2024,2,2학기
424120,IT경영학,2024,2,EZ236,인터넷마케팅과창업,A,전공선택,2,3,"월요일(09:30~10:45), 수요일(11:00~12:15)","7107, 7107",김권수,20240026,51/40,강의실변경 7106->7107,,1,,대면,424120,IT경영학,2024,2,2학기
424120,IT경영학,2024,2,EZ237,파이썬프로그래밍활용,A,전공필수,2,3,"월요일(16:00~17:15), 수요일(17:30~18:45)","7108, 7108",권상지,20240151,37/40,,,1,,대면,424120,IT경영학,2024,2,2학기
424120,IT경영학,2024,2,EZ249,데이터활용기초,A,전공선택,2,3,"화요일(13:00~14:15), 목요일(13:00~14:15)","7301, 7301",신재우,20240071,30/40,IT경영학-605(2024.10.21)학과절대평가요청,,1,,대면,424120,IT경영학,2024,2,2학기
424120,IT경영학,2024,2,EZ302,인공지능과스타트업,A,전공선택,3,3,"월요일(14:30~15:45), 수요일(14:30~15:45)","7301, 7301",권상지,20240151,31/40,,,1,,대면,424120,IT경영학,2024,2,2학기
424120,IT경영학,2024,2,EZ335,물류관리론,A,전공선택,3,3,"화요일(16:00~17:15), 화요일(17:30~18:45)","7305, 7305",한광희,20240064,39/40,강의실변경 7301 ->7305,,1,,대면,424120,IT경영학,2024,2,2학기
424120,IT경영학,2024,2,EZ336,경영전략론,A,전공선택,3,3,"월요일(09:30~10:45), 수요일(11:00~12:15)","7305, 7305",김상욱,20030021,31/40,,,1,,대면,424120,IT경영학,2024,2,2학기
424120,IT경영학,2024,2,EZ339,시장조사와사업계획서,A,전공선택,3,3,"월요일(11:00~12:15), 수요일(09:30~10:45)","7108, 7108",김권수,20240026,29/40,,,1,,대면,424120,IT경영학,2024,2,2학기
424120,IT경영학,2024,2,EZ341,글로벌경영과비즈니스모델,A,전공선택,3,3,"목요일(13:00~14:15), 목요일(14:30~15:45)","7305, 7305",한광희,20240064,29/40,,,1,,대면,424120,IT경영학,2024,2,2학기
424120,IT경영학,2024,2,EZ419,졸업논문,A,전공필수,4,(3),,,신재우,20240071,35/40,전공(복수포함)자 // 전공(복수포함)자,,1,,N,424120,IT경영학,2024,2,2학기
424120,IT경영학,2024,2,EZ435,기술경영과지식재산,A,전공선택,4,3,"월요일(13:00~14:15), 수요일(13:00~14:15)","7305, 7305",신재우,20240071,30/40,,,1,,대면,424120,IT경영학,2024,2,2학기
424120,IT경영학,2024,2,EZ440,OJT1,A,전공선택,4,9,,,신재우,20240071,6/40,2024년 IPP형 일학습병행 참여학생만 수강 가능 // 전공(복수포함)자,,1,,N,424120,IT경영학,2024,2,2학기
424120,IT경영학,2024,2,EZ446,IT경영세미나Ⅱ,A,전공선택,4,1,수요일(17:30~18:20),7305,"김상욱, 신재우",20240071,32/40,,,1,,대면,424120,IT경영학,2024,2,2학기
424120,IT경영학,2024,2,PD001,자기설계기초,D1,일반선택,"2, 3, 4",3,,,신재우,20240071,1/3,지정된 학생외 수강금지,,0,,N,424120,IT경영학,2024,2,2학기
424130,글로벌비즈니스학,2024,2,EH106,글로벌비즈니스거시경제론,A,전공선택,2,3,"월요일(11:00~12:15), 수요일(09:30~10:45)","7105, 7105",장종익,20120119,31/50,,,1,,대면,424130,글로벌비즈니스학,2024,2,2학기
424130,글로벌비즈니스학,2024,2,EH244,국제무역통상영어Ⅱ,A,전공선택,2,3,"금요일(13:00~14:15), 금요일(14:30~15:45)","7105, 7105",김인선,20230046,50/50,,,1,,대면,424130,글로벌비즈니스학,2024,2,2학기
424130,글로벌비즈니스학,2024,2,EH420,OJT1,A,전공선택,4,9,,,양영수,20210032,4/10,2024년 IPP형 일학습병행 참여학생만 수강 가능,,1,,N,424130,글로벌비즈니스학,2024,2,2학기
424130,글로벌비즈니스학,2024,2,EJ203,국제개발협력의이해,A,전공필수,2,3,"월요일(14:30~15:45), 수요일(14:30~15:45)","3321, 3321",이종운,20190145,26/50,,,1,,대면,424130,글로벌비즈니스학,2024,2,2학기
424130,글로벌비즈니스학,2024,2,EJ204,사회적경제경영입문,A,전공필수,2,3,"월요일(13:00~14:15), 수요일(13:00~14:15)","7105, 7105",장종익,20120119,20/50,글비-528(2024.10.22.)절대평가요청,,1,,대면,424130,글로벌비즈니스학,2024,2,2학기
424130,글로벌비즈니스학,2024,2,EJ205,사회적기업비즈니스모델,A,전공필수,2,3,"화요일(13:00~14:15), 목요일(13:00~14:15)","7105, 7105",유한나,20220223,16/50,,,1,,대면,424130,글로벌비즈니스학,2024,2,2학기
424130,글로벌비즈니스학,2024,2,EJ207,사회적가치와기업가정신,A,전공선택,2,3,"화요일(09:30~10:45), 목요일(11:00~12:15)","7105, 7105",유한나,20220223,14/50,,,1,,대면,424130,글로벌비즈니스학,2024,2,2학기
424130,글로벌비즈니스학,2024,2,EJ419,졸업논문,A,전공필수,"3, 4",(3),,,장종익,20120119,6/30,"마지막 학기생만 수강신청, 국제개발협력/사회적경제 전공",,0,,N,424130,글로벌비즈니스학,2024,2,2학기
424130,글로벌비즈니스학,2024,2,EJ419,졸업논문,B,전공필수,"3, 4",(3),,,유한나,20220223,22/25,"마지막 학기생만 수강신청, 국제개발협력/사회적경제 전공",,1,,N,424130,글로벌비즈니스학,2024,2,2학기
424130,글로벌비즈니스학,2024,2,EK204,국제무역통상개론,A,전공필수,2,3,"금요일(09:30~10:45), 금요일(11:00~12:15)","7105, 7105",김인선,20230046,55/55,,,1,,대면,424130,글로벌비즈니스학,2024,2,2학기
424130,글로벌비즈니스학,2024,2,EK301,전략경영,A,전공선택,2,3,"월요일(13:00~14:15), 수요일(13:00~14:15)","18106, 18106",박규호,20120084,13/40,경영학원론을 포함해서 경영학 세 과목을 이수한 사람에 한함,,1,,대면,424130,글로벌비즈니스학,2024,2,2학기
424130,글로벌비즈니스학,2024,2,EK303,재무관리,A,전공선택,2,3,"화요일(14:30~15:45), 목요일(14:30~15:45)","7215, 7215",이건범,20090026,13/40," 선수이수과목: 회계의 이해 또는 회계원리, 학기중 동시수강 가능함",,1,,대면,424130,글로벌비즈니스학,2024,2,2학기
424130,글로벌비즈니스학,2024,2,EK306,글로벌마케팅론,A,전공선택,"3, 4",3,"금요일(09:30~10:45), 금요일(11:00~12:15)","7215, 7215",홍덕표,20230021,17/50,,,1,,대면,424130,글로벌비즈니스학,2024,2,2학기
424130,글로벌비즈니스학,2024,2,EK419,졸업논문,A,전공필수,"3, 4",(3),,,양영수,20210032,37/37,"마지막 학기생만 수강신청, 국제경영/국제무역통상 전공",,1,,N,424130,글로벌비즈니스학,2024,2,2학기
424130,글로벌비즈니스학,2024,2,EK419,졸업논문,B,전공필수,"3, 4",(3),,,유한나,20220223,12/12,"마지막 학기생만 수강신청, 국제경영/국제무역통상 전공",,1,,N,424130,글로벌비즈니스학,2024,2,2학기
424140,미디어영상광고홍보학,2024,2,EA206,소비자행동론,A,공통선택,2,3,"목요일(13:00~14:15), 목요일(14:30~15:45)","18310, 18310",이윤우,20240154,63/70,미디어영상광고홍보학부생(복수전공생 포함)만 수강 가능 // 전공(복수포함)자,,1,,대면,424140,미디어영상광고홍보학,2024,2,2학기
424140,미디어영상광고홍보학,2024,2,EA206,소비자행동론,B,공통선택,2,3,"목요일(16:00~17:15), 목요일(17:30~18:45)","18103, 18103",이윤우,20240154,16/70,미디어영상광고홍보학부생(복수전공생 포함)만 수강 가능 // 전공(복수포함)자,,1,,대면,424140,미디어영상광고홍보학,2024,2,2학기
424140,미디어영상광고홍보학,2024,2,EA314,홍보관리론,A,전공선택,2,3,"월요일(11:00~12:15), 수요일(09:30~10:45)","18310, 18310",문철수,20010229,69/70,미디어영상광고홍보학부생(복수전공생 포함)만 수강 가능 // 전공(복수포함)자,,1,,대면,424140,미디어영상광고홍보학,2024,2,2학기
424140,미디어영상광고홍보학,2024,2,EA337,브랜딩트렌드,A,전공선택,3,3,"화요일(16:00~17:15), 화요일(17:30~18:45)","18310, 18310",이성미,20170128,90/90,미디어영상광고홍보학부생(복수전공생 포함)만 수강 가능 // 전공(복수포함)자,,1,,대면,424140,미디어영상광고홍보학,2024,2,2학기
424140,미디어영상광고홍보학,2024,2,EA339,PR라이팅,A,전공선택,"3, 4",3,"월요일(09:30~10:45), 수요일(11:00~12:15)","18310, 18310",문철수,20010229,36/30,미디어영상광고홍보학부생(복수전공생 포함)만 수강 가능 // 전공(복수포함)자,,1,,대면,424140,미디어영상광고홍보학,2024,2,2학기
424140,미디어영상광고홍보학,2024,2,EA409,졸업논문,A,전공필수,4,(3),,,박혜영,20210072,185/200,광고홍보전공 졸업논문 // 전공(복수포함)자,,0,,N,424140,미디어영상광고홍보학,2024,2,2학기
424140,미디어영상광고홍보학,2024,2,EA509,연구방법론,A,전공필수,3,3,"화요일(13:00~14:15), 화요일(14:30~15:45)","18310, 18310",정기현,20210164,72/70,미디어영상광고홍보학부생(복수전공생 포함)만 수강 가능 // 전공(복수포함)자,,1,,대면,424140,미디어영상광고홍보학,2024,2,2학기
424140,미디어영상광고홍보학,2024,2,EA509,연구방법론,B,전공필수,3,3,"화요일(11:00~12:15), 목요일(09:30~10:45)","18310, 18310",박혜영,20210072,60/70,미디어영상광고홍보학부생(복수전공생 포함)만 수강 가능 // 전공(복수포함)자,,1,,대면,424140,미디어영상광고홍보학,2024,2,2학기
424140,미디어영상광고홍보학,2024,2,EM104,영상의이해,A,공통선택,2,3,,,채희상,20130174,64/50,미디어영상광고홍보학부생(복수전공생 포함)만 수강 가능/3학년 이상 우선 수강 // 전공(복수포함)자 // 교내온라인,,1,,교내온라인,424140,미디어영상광고홍보학,2024,2,2학기
424140,미디어영상광고홍보학,2024,2,EM104,영상의이해,B,공통선택,2,3,"월요일(11:00~12:15), 수요일(09:30~10:45)","18421, 18421",채희상,20130174,40/40,미디어영상광고홍보학부생(복수전공생 포함)만 수강 가능 // 전공(복수포함)자,,1,,대면,424140,미디어영상광고홍보학,2024,2,2학기
424140,미디어영상광고홍보학,2024,2,EM207,마케팅원론,A,공통선택,2,3,"월요일(09:30~10:45), 수요일(11:00~12:15)","18311, 18311",지원배,20170127,60/60,미디어영상광고홍보학부생(복수전공생 포함)만 수강 가능 // 전공(복수포함)자,,1,,대면,424140,미디어영상광고홍보학,2024,2,2학기
424140,미디어영상광고홍보학,2024,2,EM207,마케팅원론,B,공통선택,2,3,"화요일(13:00~14:15), 화요일(14:30~15:45)","18106, 18106",김기주,20240153,16/60,"미디어영상광고홍보학부생(복수전공생 포함)만 수강 가능. 강의시간 및 강의실 변경 월/수->화 13:00~15:45, 18106 // 전공(복수포함)자",,1,,대면,424140,미디어영상광고홍보학,2024,2,2학기
424140,미디어영상광고홍보학,2024,2,EM230,소셜게임의이해,A,공통선택,2,3,"화요일(16:00~17:15), 화요일(17:30~18:45)","18311, 18311",이수호,20220211,41/50,미디어영상광고홍보학부생(복수전공생 포함)만 수강 가능 // 전공(복수포함)자,,1,,대면,424140,미디어영상광고홍보학,2024,2,2학기
424140,미디어영상광고홍보학,2024,2,EM234,디지털미디어리터리시론,A,공통선택,2,3,"화요일(09:30~10:45), 목요일(11:00~12:15)","18310, 18310",박혜영,20210072,42/70,미디어영상광고홍보학부생(복수전공생 포함)만 수강 가능 // 전공(복수포함)자,,1,,대면,424140,미디어영상광고홍보학,2024,2,2학기
424140,미디어영상광고홍보학,2024,2,EM308,시나리오워크숍,A,전공선택,3,3,"목요일(13:00~14:15), 목요일(14:30~15:45)","18418, 18418",차성덕,20220175,20/20,미디어영상광고홍보학부생(복수전공생 포함)만 수강 가능 // 전공(복수포함)자,,1,,대면,424140,미디어영상광고홍보학,2024,2,2학기
424140,미디어영상광고홍보학,2024,2,EM308,시나리오워크숍,B,전공선택,3,3,"목요일(16:00~17:15), 목요일(17:30~18:45)","18418, 18418",차성덕,20220175,9/20,미디어영상광고홍보학부생(복수전공생 포함)만 수강 가능 // 전공(복수포함)자,,1,,대면,424140,미디어영상광고홍보학,2024,2,2학기
424140,미디어영상광고홍보학,2024,2,EM319,픽션영상제작실습,A,전공선택,3,3,"금요일(13:00~14:15), 금요일(14:30~15:45)","18418, 18418",정승구,20240192,29/30,미디어영상광고홍보학부생(복수전공생 포함)만 수강가능 / 시네마토그래피실습 미수강생 수강 불가능 // 전공(복수포함)자,,1,,대면,424140,미디어영상광고홍보학,2024,2,2학기
424140,미디어영상광고홍보학,2024,2,EM319,픽션영상제작실습,B,전공선택,3,3,"금요일(16:00~17:15), 금요일(17:30~18:45)","18418, 18418",정승구,20240192,15/30,미디어영상광고홍보학부생(복수전공생 포함)만 수강가능 / 시네마토그래피실습 미수강생 수강 불가능 // 전공(복수포함)자,,1,,대면,424140,미디어영상광고홍보학,2024,2,2학기
424140,미디어영상광고홍보학,2024,2,EM320,에디팅실습Ⅱ,A,전공선택,3,3,"목요일(13:00~14:15), 목요일(14:30~15:45)","18301, 18301",류근환,20230040,30/30,"미디어영상광고홍보학부생(복수전공생 포함)만 수강 가능 / 파이널컷 기초 사용 가능자, 미영광홍-1265(2024.10.28.)절대평가요청 // 전공(복수포함)자",,1,,대면,424140,미디어영상광고홍보학,2024,2,2학기
424140,미디어영상광고홍보학,2024,2,EM320,에디팅실습Ⅱ,B,전공선택,3,3,"목요일(16:00~17:15), 목요일(17:30~18:45)","18301, 18301",류근환,20230040,30/30,"미디어영상광고홍보학부생(복수전공생 포함)만 수강 가능 / 파이널컷 기초 사용 가능자, 미영광홍-1265(2024.10.28.)절대평가요청 // 전공(복수포함)자",,1,,대면,424140,미디어영상광고홍보학,2024,2,2학기
424140,미디어영상광고홍보학,2024,2,EM324,디지털광고론,A,공통선택,2,3,"월요일(13:00~14:15), 수요일(13:00~14:15)","18310, 18310",이성미,20170128,89/90,미디어영상광고홍보학부생(복수전공생 포함)만 수강 가능 // 전공(복수포함)자,,1,,대면,424140,미디어영상광고홍보학,2024,2,2학기
424140,미디어영상광고홍보학,2024,2,EM324,디지털광고론,B,공통선택,2,3,"월요일(14:30~15:45), 수요일(14:30~15:45)","18310, 18310",이성미,20170128,81/90,미디어영상광고홍보학부생(복수전공생 포함)만 수강 가능 // 전공(복수포함)자,,1,,대면,424140,미디어영상광고홍보학,2024,2,2학기
424140,미디어영상광고홍보학,2024,2,EM326,멀티플랫폼스토리텔링전략실습,A,전공선택,3,3,"화요일(16:00~17:15), 화요일(17:30~18:45)","18103, 18103",채희상,20130174,33/30,미디어영상광고홍보학부생(복수전공생 포함)만 수강 가능 // 전공(복수포함)자,,1,,대면,424140,미디어영상광고홍보학,2024,2,2학기
424140,미디어영상광고홍보학,2024,2,EM405,디지털미디어프로젝트,A,전공선택,4,3,"금요일(09:30~10:45), 금요일(11:00~12:15)","18310, 18310",정일건,20230049,36/35,미디어영상광고홍보학부생(복수전공생 포함)만 수강 가능 // 전공(복수포함)자,,1,,대면,424140,미디어영상광고홍보학,2024,2,2학기
424140,미디어영상광고홍보학,2024,2,EM405,디지털미디어프로젝트,B,전공선택,4,3,"금요일(13:00~14:15), 금요일(14:30~15:45)","18310, 18310",정일건,20230049,28/35,미디어영상광고홍보학부생(복수전공생 포함)만 수강 가능 // 전공(복수포함)자,,1,,대면,424140,미디어영상광고홍보학,2024,2,2학기
424140,미디어영상광고홍보학,2024,2,EM419,졸업논문,A,전공필수,4,(3),,,박혜영,20210072,143/200,미디어영상전공 졸업논문 // 전공(복수포함)자,,0,,N,424140,미디어영상광고홍보학,2024,2,2학기
424140,미디어영상광고홍보학,2024,2,PD001,자기설계기초,B1,일반선택,"2, 3, 4",3,,,채희상,20130174,3/3,지정된 학생외 수강금지,,0,,N,424140,미디어영상광고홍보학,2024,2,2학기
424140,미디어영상광고홍보학,2024,2,PD001,자기설계기초,G1,일반선택,"2, 3, 4",3,,,지원배,20170127,3/3,지정된 학생외 수강금지,,0,,N,424140,미디어영상광고홍보학,2024,2,2학기
425100,휴먼서비스계열,2024,2,SS005,사회와휴먼서비스,A,계열공통,1,3,"월요일(17:30~18:45), 수요일(16:00~17:15)","18520, 18520","구훈정, 김예랑, 김용훈, 노중기, 유희정",20150127,55/55,휴먼서비스대학(특수체육학계열 포함) 계열 필수 과목,,1,,대면,425100,휴먼서비스계열,2024,2,2학기
425100,휴먼서비스계열,2024,2,SS005,사회와휴먼서비스,B,계열공통,1,3,"월요일(17:30~18:45), 수요일(16:00~17:15)","18421, 18421","구훈정, 김예랑, 김용훈, 노중기, 유희정",20150127,55/55,휴먼서비스대학(특수체육학계열 포함) 계열 필수 과목,,1,,대면,425100,휴먼서비스계열,2024,2,2학기
425100,휴먼서비스계열,2024,2,SS005,사회와휴먼서비스,C,계열공통,1,3,"월요일(17:30~18:45), 수요일(16:00~17:15)","18417, 18417","구훈정, 김예랑, 김용훈, 노중기, 유희정",20150127,55/55,휴먼서비스대학(특수체육학계열 포함) 계열 필수 과목,,1,,대면,425100,휴먼서비스계열,2024,2,2학기
425100,휴먼서비스계열,2024,2,SS006,인간행동과사회환경,A,계열공통,1,3,"월요일(16:00~17:15), 수요일(17:30~18:45)","18210, 18210",김은영,20060025,40/40,휴먼서비스 계열선택/ 사회복지사 자격증 필수과목 / 보육교사 자격증 선택과목,,1,,대면,425100,휴먼서비스계열,2024,2,2학기
425100,휴먼서비스계열,2024,2,SS006,인간행동과사회환경,B,계열공통,1,3,"월요일(17:30~18:45), 수요일(16:00~17:15)","18210, 18210",김은영,20060025,10/40,휴먼서비스 계열선택/ 사회복지사 자격증 필수과목 / 보육교사 자격증 선택과목,,1,,대면,425100,휴먼서비스계열,2024,2,2학기
425100,휴먼서비스계열,2024,2,SS006,인간행동과사회환경,C,계열공통,1,3,"월요일(13:00~14:15), 수요일(13:00~14:15)","18210, 18210",김은영,20060025,41/40,휴먼서비스 계열선택/ 사회복지사 자격증 필수과목 / 보육교사 자격증 선택과목,,1,,대면,425100,휴먼서비스계열,2024,2,2학기
425100,휴먼서비스계열,2024,2,SS008,장애인복지론,A,계열공통,1,3,"화요일(16:00~17:15), 화요일(17:30~18:45)","18520, 18520",백변경희,20010014,60/55,휴먼서비스 계열선택/ 재활상담사 필수과목(장애의이해와재활 동일과목),,1,,대면,425100,휴먼서비스계열,2024,2,2학기
425110,사회학,2024,2,HS116,한국사회연구실습3,A,전공필수,3,1,월요일(17:30~19:10),3206,윤상철,20000149,29/50,,,1,,대면,425110,사회학,2024,2,2학기
425110,사회학,2024,2,HS214,사회조사방법Ⅰ,A,전공선택,2,3,"목요일(13:00~14:15), 목요일(14:30~15:45)","3206, 3206",윤상철,20000149,15/47,강의실 변경 7108->3206,,1,,대면,425110,사회학,2024,2,2학기
425110,사회학,2024,2,HS220,한국사회문제의식,A,전공선택,2,3,"화요일(13:00~14:15), 화요일(14:30~15:45)","7104, 7104",이원철,20240039,26/50,,,1,,대면,425110,사회학,2024,2,2학기
425110,사회학,2024,2,HS234,시민사회운동실습,A,전공선택,2,3,"목요일(16:00~17:15), 목요일(17:30~18:45)","3206, 3206",이원철,20240039,14/50,,,1,,대면,425110,사회학,2024,2,2학기
425110,사회학,2024,2,HS240,사회연구실습Ⅰ,A,전공필수,2,3,"화요일(09:30~10:45), 목요일(11:00~12:15)","3206, 3206",윤상철,20000149,17/50,사회학-512(2024.10.28.)절대평가요청,,1,,대면,425110,사회학,2024,2,2학기
425110,사회학,2024,2,HS312,집합행동과사회운동,A,전공선택,"3, 4",3,"화요일(16:00~17:15), 화요일(17:30~18:45)","3423, 3423",권오용,20220220,16/50,,,1,,대면,425110,사회학,2024,2,2학기
425110,사회학,2024,2,HS317,역사와사회학,A,전공선택,"3, 4",3,"화요일(13:00~14:15), 화요일(14:30~15:45)","3423, 3423",권오용,20220220,12/50,,,1,,대면,425110,사회학,2024,2,2학기
425110,사회학,2024,2,HS337,노사관계와노동운동,A,전공선택,"3, 4",3,"월요일(11:00~12:15), 수요일(09:30~10:45)","3206, 3206",노중기,19970047,17/50,,,1,,대면,425110,사회학,2024,2,2학기
425110,사회학,2024,2,HS338,현대사회학이론의이해,A,전공선택,2,3,"금요일(09:30~10:45), 금요일(11:00~12:15)","3503, 3503",박서재,20240076,9/50,,,1,,대면,425110,사회학,2024,2,2학기
425110,사회학,2024,2,HS364,사회학특강,A,전공선택,"3, 4",3,"금요일(13:00~14:15), 금요일(14:30~15:45)","3206, 3206",박서재,20240076,22/50,,,1,,대면,425110,사회학,2024,2,2학기
425110,사회학,2024,2,HS419,졸업논문,A,전공필수,4,(3),,,윤상철,20000149,36/50,전공(복수포함)자,,1,,N,425110,사회학,2024,2,2학기
425130,재활상담학,2024,2,TR211,놀이치료이론과실제,A,전공선택,2,3,"월요일(13:00~14:15), 수요일(13:00~14:15)","18417, 18417",이경숙,19990077,36/35,발달재활서비스자격 필수과목,,1,,대면,425130,재활상담학,2024,2,2학기
425130,재활상담학,2024,2,TR244,발달심리학,A,전공선택,2,3,"목요일(16:00~17:15), 목요일(17:30~18:45)","18101, 18101",강지연,20230108,40/40,발달재활서비스자격 선택과목,,1,,대면,425130,재활상담학,2024,2,2학기
425130,재활상담학,2024,2,TR248,직업재활개론,A,전공선택,2,3,"화요일(13:00~14:15), 화요일(14:30~15:45)","18417, 18417",김선형,20220179,20/30,장애인재활상담사 필수과목,,1,,대면,425130,재활상담학,2024,2,2학기
425130,재활상담학,2024,2,TR260,재활연구방법론,A,전공필수,2,3,"금요일(13:00~14:15), 금요일(14:30~15:45)","18307, 18307",임수정,20240181,39/45,"전공필수 과목, 장애인재활상담사 선택과목, 발달재활서비스 선택과목 // 전공(복수포함)자",,1,,대면,425130,재활상담학,2024,2,2학기
425130,재활상담학,2024,2,TR338,재활실습Ⅰ,A,전공선택,3,3,"금요일(16:00~17:15), 금요일(17:30~18:45)","18417, 18417","김선형, 이인재",20220179,25/26,"팀티칭(김선형, 이인재), 23년 동계실습, 24년 1학기중 및 하계실습 진행자, 2학기중 실습합격자 대상, 장애인재활상담사 필수과목 // 전공(복수포함)자",,1,,대면,425130,재활상담학,2024,2,2학기
425130,재활상담학,2024,2,TR341,직업평가,A,전공선택,2,3,"화요일(16:00~17:15), 화요일(17:30~18:45)","18417, 18417",김선형,20220179,18/30,"장애인재활상담사 선택과목, 발달재활서비스 선택과목 // 전공(복수포함)자",,1,,대면,425130,재활상담학,2024,2,2학기
425130,재활상담학,2024,2,TR355,상담이론과실제,A,전공선택,2,3,"월요일(09:30~10:45), 수요일(11:00~12:15)","18417, 18417",김용훈,20210025,55/60,발달재활서비스자격 공통선택과목,,1,,대면,425130,재활상담학,2024,2,2학기
425130,재활상담학,2024,2,TR369,재활정책,A,전공선택,4,3,"목요일(13:00~14:15), 목요일(14:30~15:45)","18417, 18417",한정재,20240024,28/30,"발달재활서비스 공통선택과목, 장애인재활상담사 선택과목",,1,,대면,425130,재활상담학,2024,2,2학기
425130,재활상담학,2024,2,TR373,발달진단및심리평가,A,전공선택,3,3,"월요일(14:30~15:45), 수요일(14:30~15:45)","18417, 18417",김용훈,20210025,30/40,"발달재활서비스 인증과목(2,3,4학년)(자격증필수과목) , 타과생 수강가능(수정)",,1,,대면,425130,재활상담학,2024,2,2학기
425130,재활상담학,2024,2,TR380,직무개발과배치,A,전공선택,3,3,"화요일(13:00~14:15), 화요일(14:30~15:45)","18101, 18101",최종태,20240023,29/30,장애인재활상담사 필수과목,,1,,대면,425130,재활상담학,2024,2,2학기
425130,재활상담학,2024,2,TR382,놀이치료관찰및실습,A,전공선택,3,3,"화요일(16:00~17:15), 화요일(17:30~18:45)","18418, 18418",홍정은,20240171,16/20,"발달재활서비스자격 필수과목, 외부기관실습, 재활상담학-574(2024.11.6.)절대평가요청 // 전공(복수포함)자",,1,,대면,425130,재활상담학,2024,2,2학기
425130,재활상담학,2024,2,TR419,졸업논문,A,전공필수,4,(3),,,이경숙,19990077,33/35,전공(복수포함)자,,1,,N,425130,재활상담학,2024,2,2학기
425130,재활상담학,2024,2,TR452,부모교육및상담,A,전공선택,"2, 3",3,"월요일(11:00~12:15), 수요일(09:30~10:45)","18417, 18417",김용훈,20210025,62/60,"발달재활서비스 공통선택과목, 장애인재활상담사 선택과목(수정)",,1,,대면,425130,재활상담학,2024,2,2학기
425130,재활상담학,2024,2,TR454,직업상담,A,전공선택,2,3,"화요일(11:00~12:15), 목요일(09:30~10:45)","18417, 18417",백변경희,20010014,23/45,장애인재활상담사 필수과목,,0,,대면,425130,재활상담학,2024,2,2학기
425130,재활상담학,2024,2,TR455,노동법규와재활,A,전공선택,3,3,"목요일(16:00~17:15), 목요일(17:30~18:45)","18417, 18417",한정재,20240024,31/35,장애인재활상담사 선택 과목,,1,,대면,425130,재활상담학,2024,2,2학기
425140,심리·아동학,2024,2,GP145,개별연구지도,A,학석연계,,3,"화요일(13:00~14:15), 화요일(14:30~15:45), 화요일(16:00~17:15)","2109, 2109, 2109",이경숙,19990077,1/10,"실수업진행(2109, 화 13:50~16:40 학석사연계과정외 수강불가)",,0,,대면,425140,심리·아동학,2024,2,2학기
425140,심리·아동학,2024,2,GP674,고급면담기법,A,학석연계,4,3,"월요일(09:30~10:45), 월요일(11:00~12:15), 월요일(13:00~14:15)","2204, 2204, 2204",안도연,20210035,1/10,"(실수업진행:2204, 월 10;20~13:50)학석사연계과정외 수강불가, 15명이하절대평가",,0,,대면,425140,심리·아동학,2024,2,2학기
425140,심리·아동학,2024,2,GP675,영유아정신건강세미나,A,학석연계,4,3,"금요일(13:00~14:15), 금요일(14:30~15:45), 금요일(16:00~17:15)","2109, 2109, 2109",김용훈,20210025,4/10,"실수업진행(2109, 금 13:50~16:40 학석사연계과정외 수강불가)",,0,,대면,425140,심리·아동학,2024,2,2학기
425140,심리·아동학,2024,2,SA105,보육학개론,A,전공필수,2,3,"화요일(09:30~10:45), 목요일(11:00~12:15)","7215, 7215",유희정,20170124,51/45,심리아동학 주 전공 2학년 수강  // 전공(복수포함)자,,1,,대면,425140,심리·아동학,2024,2,2학기
425140,심리·아동학,2024,2,SA105,보육학개론,B,전공필수,2,3,"화요일(11:00~12:15), 목요일(09:30~10:45)","7215, 7215",유희정,20170124,37/45,"심리아동학 복수전공 및 3,4학년 수강 // 전공(복수포함)자",,1,,대면,425140,심리·아동학,2024,2,2학기
425140,심리·아동학,2024,2,SB203,집단치료,A,전공선택,4,3,"금요일(13:00~14:15), 금요일(14:30~15:45)","18520, 18520",조영원,20240041,33/60,심리아동학 주(복수)전공생만 수강신청 // 전공(복수포함)자,,1,,대면,425140,심리·아동학,2024,2,2학기
425140,심리·아동학,2024,2,SB206,심리통계,A,전공선택,2,3,"금요일(13:00~14:15), 금요일(14:30~15:45)","18311, 18311",황창주,20220227,50/80,전공(복수포함)자,,1,,대면,425140,심리·아동학,2024,2,2학기
425140,심리·아동학,2024,2,SB208,사회심리학,A,전공선택,2,3,"월요일(11:00~12:15), 수요일(09:30~10:45)","18420, 18420",강지은,20240157,67/70,"심리아동학 주(복수)전공생만 수강신청, 월수5블록(18520)->월2수1블록(18420)  변경 // 전공(복수포함)자",,1,,대면,425140,심리·아동학,2024,2,2학기
425140,심리·아동학,2024,2,SB303,성격심리학,A,전공선택,2,3,"월요일(13:00~14:15), 수요일(13:00~14:15)","18418, 18418",김미경,20240147,44/45,심리아동학 주 전공생만 수강신청 // 전공(복수포함)자,,2,,대면,425140,심리·아동학,2024,2,2학기
425140,심리·아동학,2024,2,SB303,성격심리학,B,전공선택,2,3,"월요일(14:30~15:45), 수요일(14:30~15:45)","18418, 18418",김미경,20240147,25/45,심리아동학 복수 전공생만 수강신청 // 전공(복수포함)자,,2,,대면,425140,심리·아동학,2024,2,2학기
425140,심리·아동학,2024,2,SB304,심리평가실습,A,전공선택,3,3,"월요일(13:00~14:15), 수요일(13:00~14:15)","18519, 18519",구훈정,20150127,51/50,"심리아동학 주(복수)전공생만 수강신청, 심아-814(2024.11.4.)절대평가요청 // 전공(복수포함)자",,1,,대면,425140,심리·아동학,2024,2,2학기
425140,심리·아동학,2024,2,SB305,개인심리치료,A,전공선택,3,3,"월요일(14:30~15:45), 수요일(14:30~15:45)","18519, 18519",안도연,20210035,58/60,심리아동학 주(복수)전공생만 수강신청 // 전공(복수포함)자,,1,,대면,425140,심리·아동학,2024,2,2학기
425140,심리·아동학,2024,2,SB419,졸업논문,A,전공필수,4,(3),,,구훈정,20150127,44/60,임상 및 상담심리 전공자 // 전공(복수포함)자,,1,,N,425140,심리·아동학,2024,2,2학기
425140,심리·아동학,2024,2,SB421,청소년심리치료,A,전공선택,4,3,"금요일(09:30~10:45), 금요일(11:00~12:15)","18520, 18520",조영원,20240041,62/70,전공(복수포함)자,,1,,대면,425140,심리·아동학,2024,2,2학기
425140,심리·아동학,2024,2,SB424,범죄심리학,A,전공선택,4,3,"월요일(09:30~10:45), 수요일(11:00~12:15)","18519, 18519",강지은,20240157,68/70,전공(복수포함)자,,1,,대면,425140,심리·아동학,2024,2,2학기
425140,심리·아동학,2024,2,SB426,산업및조직심리학,A,전공선택,2,3,"목요일(16:00~17:15), 목요일(17:30~18:45)","18520, 18520",이은선,20240158,48/60,,,1,,대면,425140,심리·아동학,2024,2,2학기
425140,심리·아동학,2024,2,SC209,영유아발달,A,전공선택,2,3,"화요일(16:00~17:15), 화요일(17:30~18:45)","17201, 17201",김영주,20210018,12/45,"2,3,4학년 수강 가능",,1,,대면,425140,심리·아동학,2024,2,2학기
425140,심리·아동학,2024,2,SC302,아동생활지도,A,전공선택,3,3,"화요일(13:00~14:15), 목요일(13:00~14:15)","17201, 17201","김상원, 유희정",20170124,16/45,,,1,,대면,425140,심리·아동학,2024,2,2학기
425140,심리·아동학,2024,2,SC303,아동음악,A,전공선택,2,3,"금요일(09:30~10:45), 금요일(11:00~12:15)","17201, 17201",김영주,20210018,17/45,,,1,,대면,425140,심리·아동학,2024,2,2학기
425140,심리·아동학,2024,2,SC317,영유아사회정서지도,A,전공선택,2,3,"금요일(13:00~14:15), 금요일(14:30~15:45)","17201, 17201",김영주,20210018,18/45,"2,3,4학년 수강 가능",,1,,대면,425140,심리·아동학,2024,2,2학기
425140,심리·아동학,2024,2,SC330,아동학의통계학적기초,A,전공선택,"3, 4",3,"화요일(11:00~12:15), 목요일(09:30~10:45)","7108, 7108",김상원,20230013,9/30,,,1,,대면,425140,심리·아동학,2024,2,2학기
425140,심리·아동학,2024,2,SC401,보육실습,A,전공선택,4,3,"월요일(14:30~15:45), 수요일(14:30~15:45)","17201, 17201",유희정,20170124,11/45,,,1,,대면,425140,심리·아동학,2024,2,2학기
425140,심리·아동학,2024,2,SC405,부모교육론,A,전공선택,4,3,"월요일(17:30~18:45), 수요일(16:00~17:15)","18110, 18110",문주형,20220177,14/45,강의실 변경 18519->18110,,1,,대면,425140,심리·아동학,2024,2,2학기
425140,심리·아동학,2024,2,SC419,졸업논문,A,전공필수,4,(3),,,유희정,20170124,10/60,아동 전공자 // 전공(복수포함)자,,1,,N,425140,심리·아동학,2024,2,2학기
425210,특수체육학,2024,2,GP669,트레이닝방법론,A,학석연계,4,3,"화요일(13:00~14:15), 화요일(14:30~15:45)","2209, 2209",박상현,20210074,2/10,"필헌관 2209 (실수업 : 화 13:00~15:40 2209)학석사연계과정외 수강불가, 15명이하절대평가",,0,,대면,425210,특수체육학,2024,2,2학기
425210,특수체육학,2024,2,GP670,체육통계학,A,학석연계,4,3,"화요일(16:00~17:15), 화요일(17:30~18:45)","2209, 2209",조규청,20080107,2/10,"(실수업진행:2209, 화 15;50~18:30)학석사연계과정외 수강불가, 15명이하절대평가",,0,,대면,425210,특수체육학,2024,2,2학기
425210,특수체육학,2024,2,NP130,스키및장애인스키,A,전공선택,1,3,"금요일(16:00~17:15), 금요일(17:30~18:45)","10201, 10201",조규청,20080107,17/35,학과 실험실습비 사용으로 특수체육학 전공생만 수강 가능/ 4학년 우선 수강 // 전공(복수포함)자,,2,,대면,425210,특수체육학,2024,2,2학기
425210,특수체육학,2024,2,NP134,기능해부학,A,전공선택,2,3,"금요일(13:00~14:15), 금요일(14:30~15:45)","10202, 10202",전유나,20240149,35/35,,,1,,대면,425210,특수체육학,2024,2,2학기
425210,특수체육학,2024,2,NP214,운동생리학,A,전공필수,2,3,"금요일(16:00~17:15), 금요일(17:30~18:45)","10202, 10202",전유나,20240149,35/40,,,1,,대면,425210,특수체육학,2024,2,2학기
425210,특수체육학,2024,2,NP256,스포츠심리학,A,전공필수,2,3,"화요일(13:00~14:15), 목요일(13:00~14:15)","10201, 10201",조규청,20080107,37/35,특체-715(2024.11.6.)절대평가요청 // 전공(복수포함)자,,1,,대면,425210,특수체육학,2024,2,2학기
425210,특수체육학,2024,2,NP263,좌식배구지도법,A,전공선택,2,2,"화요일(09:30~10:45), 화요일(11:00~12:15)","10301, 10301",김수겸,20130148,24/24,이론수업 시 10201에서 진행,,1,,대면,425210,특수체육학,2024,2,2학기
425210,특수체육학,2024,2,NP264,유아체육Ⅱ,A,전공선택,2,2,"금요일(09:30~10:45), 금요일(11:00~12:15)","10301, 10301",강이용,20240148,18/30,이론 수업 시 10201,,1,,대면,425210,특수체육학,2024,2,2학기
425210,특수체육학,2024,2,NP266,장애인체육Ⅱ,A,전공선택,1,3,"목요일(16:00~17:15), 목요일(17:30~18:45)","10301, 10301",김윤정,20220148,35/35,이론 수업 시 10204호/특수체육학 1학년 전공선택 과목,,1,,대면,425210,특수체육학,2024,2,2학기
425210,특수체육학,2024,2,NP269,노인스포츠,A,전공선택,3,3,"금요일(16:00~17:15), 금요일(17:30~18:45)","10301, 10301",정양헌,20220210,15/30,이론수업 시 10204 진행,,1,,대면,425210,특수체육학,2024,2,2학기
425210,특수체육학,2024,2,NP270,피트니스헬스케어,A,전공선택,2,3,"목요일(16:00~17:15), 목요일(17:30~18:45)","10206, 10206",조석준,20240150,35/30,"강의실 사용: 10208(체력단련실),10206(무용실),10201(이론수업)",,1,,대면,425210,특수체육학,2024,2,2학기
425210,특수체육학,2024,2,NP349,체육측정평가및통계학,A,전공선택,3,3,"금요일(13:00~14:15), 금요일(14:30~15:45)","10204, 10204",명왕성,20210019,33/25,,,1,,대면,425210,특수체육학,2024,2,2학기
425210,특수체육학,2024,2,NP372,게이트볼지도법,A,전공선택,3,3,"목요일(09:30~10:45), 목요일(11:00~12:15)","90010, 90010",김수겸,20130148,30/30,이론수업 시 10204,,1,,대면,425210,특수체육학,2024,2,2학기
425210,특수체육학,2024,2,NP378,스포츠마케팅,A,전공선택,3,3,"금요일(09:30~10:45), 금요일(11:00~12:15)","3206, 3206",박상현,20210074,29/30,,,1,,대면,425210,특수체육학,2024,2,2학기
425210,특수체육학,2024,2,NP380,축구지도법,A,전공선택,3,3,"수요일(13:00~14:15), 수요일(14:30~15:45)","90010, 90010",명왕성,20210019,30/30,이론수업 시 10204,,0,,대면,425210,특수체육학,2024,2,2학기
425210,특수체육학,2024,2,NP419,졸업논문,A,전공필수,4,(3),,,박상현,20210074,37/40,,,1,,N,425210,특수체육학,2024,2,2학기
425210,특수체육학,2024,2,NP447,스포츠윤리학,A,전공선택,4,3,"금요일(09:30~10:45), 금요일(11:00~12:15)","10202, 10202",명왕성,20210019,34/35,,,1,,대면,425210,특수체육학,2024,2,2학기
426100,이공계융합계열,2024,2,EC003,금융기초,A,계열공통,1,3,"월요일(16:00~17:15), 수요일(17:30~18:45)","7315, 7315",정재웅,20210034,25/41,수리금융학 재학생 수강가능 // 전공(복수포함)자,,1,,대면,426100,이공계융합계열,2024,2,2학기
426100,이공계융합계열,2024,2,EC003,금융기초,B,계열공통,1,3,"월요일(17:30~18:45), 수요일(16:00~17:15)","7315, 7315",정재웅,20210034,36/41,수리금융학 재학생 수강가능 // 전공(복수포함)자,,1,,대면,426100,이공계융합계열,2024,2,2학기
426100,이공계융합계열,2024,2,EC004,R프로그래밍기초,A,계열공통,1,3,"월요일(14:30~15:45), 수요일(14:30~15:45)","18307, 18307",유한나,20220033,50/48,,,1,,대면,426100,이공계융합계열,2024,2,2학기
426100,이공계융합계열,2024,2,EC004,R프로그래밍기초,B,계열공통,1,3,"금요일(13:00~14:15), 금요일(14:30~15:45)","7108, 7108",박동련,19960011,20/47,,,1,,대면,426100,이공계융합계열,2024,2,2학기
426110,수리금융학,2024,2,NM217,금융공학2,A,전공선택,2,3,"월요일(09:30~10:45), 수요일(11:00~12:15)","7315, 7315",박기현,19940031,13/50,우선순위: 수리금융학 전공 // 전공(복수포함)자,,1,,대면,426110,수리금융학,2024,2,2학기
426110,수리금융학,2024,2,NM222,금융프로그래밍,A,전공선택,2,3,"월요일(13:00~14:15), 수요일(13:00~14:15)","7108, 7108",윤성식,19960015,40/40,우선순위: 수리금융학 전공 // 전공(복수포함)자,,1,,대면,426110,수리금융학,2024,2,2학기
426110,수리금융학,2024,2,NM235,고등미적분학,A,전공선택,2,3,"화요일(14:30~15:45), 목요일(14:30~15:45)","7315, 7315",김수현,20240015,19/50,우선순위: 수리금융학 전공 // 전공(복수포함)자,,1,,대면,426110,수리금융학,2024,2,2학기
426110,수리금융학,2024,2,NM279,선형대수학,A,전공선택,2,3,"월요일(11:00~12:15), 수요일(09:30~10:45)","7315, 7315",박기현,19940031,38/50,우선순위: 수리금융학 전공 // 전공(복수포함)자,,1,,대면,426110,수리금융학,2024,2,2학기
426110,수리금융학,2024,2,NM280,미분방정식,A,전공필수,2,3,"월요일(14:30~15:45), 수요일(14:30~15:45)","7315, 7315",양춘우,19940027,46/50,우선순위: 수리금융학 전공 // 전공(복수포함)자,,1,,대면,426110,수리금융학,2024,2,2학기
426110,수리금융학,2024,2,NM312,보험수리학2,A,전공선택,3,3,"목요일(16:00~17:15), 목요일(17:30~18:45)","7315, 7315",이호규,20220156,8/50,우선순위: 수리금융학 전공,,1,,대면,426110,수리금융학,2024,2,2학기
426110,수리금융학,2024,2,NM320,측도론,A,전공선택,3,3,"화요일(16:00~17:15), 화요일(17:30~18:45)","7315, 7315",양춘우,19940027,18/50,"우선순위: 수리금융학 전공, 수리금융-524(2024.10.31.)절대평가요청 // 전공(복수포함)자",,1,,대면,426110,수리금융학,2024,2,2학기
426110,수리금융학,2024,2,NM322,C언어Ⅱ,A,전공선택,2,3,"화요일(16:00~17:15), 화요일(17:30~18:45)","7108, 7108",윤성식,19960015,15/40,우선순위: 수리금융학 전공 // 전공(복수포함)자,,1,,대면,426110,수리금융학,2024,2,2학기
426110,수리금융학,2024,2,NM327,고급재무관리,A,전공선택,3,3,,,정재웅,20210034,90/90,우선순위: 수리금융학 전공 // 전공(복수포함)자 // 교내온라인,,1,,교내온라인,426110,수리금융학,2024,2,2학기
426110,수리금융학,2024,2,NM328,채권분석,A,전공선택,3,3,"금요일(16:00~17:15), 금요일(17:30~18:45)","7315, 7315",정재웅,20210034,9/50,우선순위: 수리금융학 전공 // 전공(복수포함)자,,1,,대면,426110,수리금융학,2024,2,2학기
426110,수리금융학,2024,2,NM439,파생상품이론2,A,전공선택,4,3,,,정재웅,20210034,89/90,우선순위: 수리금융학 전공 // 전공(복수포함)자 // 교내온라인,,1,,교내온라인,426110,수리금융학,2024,2,2학기
426110,수리금융학,2024,2,NM450,졸업논문,A,전공필수,4,(3),,,정재웅,20210034,40/50,전공(복수포함)자,,1,,N,426110,수리금융학,2024,2,2학기
426120,응용통계학,2024,2,NS221,SAS프로그래밍,A,전공선택,2,3,"금요일(09:30~10:45), 금요일(11:00~12:15)","7202, 7202",박상현,20240177,46/50,,,1,,대면,426120,응용통계학,2024,2,2학기
426120,응용통계학,2024,2,NS304,표본이론,A,전공선택,2,3,"월요일(14:30~15:45), 수요일(14:30~15:45)","7203, 7203",변종석,19970018,34/40,,,1,,대면,426120,응용통계학,2024,2,2학기
426120,응용통계학,2024,2,NS306,다변량분석,A,전공선택,"3, 4",3,"월요일(11:00~12:15), 수요일(09:30~10:45)","7202, 7202",김유신,20240163,10/50,,,1,,대면,426120,응용통계학,2024,2,2학기
426120,응용통계학,2024,2,NS310,범주형자료분석,A,전공선택,"3, 4",3,"월요일(16:00~17:15), 수요일(17:30~18:45)","7202, 7202",변종석,19970018,37/50,,,1,,대면,426120,응용통계학,2024,2,2학기
426120,응용통계학,2024,2,NS345,통계자료분석실습,A,전공필수,3,3,"월요일(13:00~14:15), 수요일(13:00~14:15)","7202, 7202",박동련,19960011,38/50,,,1,,대면,426120,응용통계학,2024,2,2학기
426120,응용통계학,2024,2,NS346,응용통계세미나Ⅱ,A,전공선택,"3, 4",3,"월요일(14:30~15:45), 수요일(14:30~15:45)","7202, 7202",박동련,19960011,23/50,,,1,,대면,426120,응용통계학,2024,2,2학기
426120,응용통계학,2024,2,NS347,비모수통계자료분석,A,전공선택,"3, 4",3,"금요일(13:00~14:15), 금요일(14:30~15:45)","7202, 7202",최영훈,20210088,15/50,,,1,,대면,426120,응용통계학,2024,2,2학기
426120,응용통계학,2024,2,NS361,공공데이터분석,A,전공선택,"3, 4",3,"월요일(17:30~18:45), 수요일(16:00~17:15)","7103, 7103",김유신,20240163,19/50,,,1,,대면,426120,응용통계학,2024,2,2학기
426120,응용통계학,2024,2,NS362,R데이터분석,A,전공선택,"3, 4",3,"화요일(16:00~17:15), 화요일(17:30~18:45)","7202, 7202",유한나,20220033,14/50,,,1,,대면,426120,응용통계학,2024,2,2학기
426120,응용통계학,2024,2,NS367,데이터관리,A,전공선택,"3, 4",3,"화요일(09:30~10:45), 목요일(11:00~12:15)","7202, 7202",변종석,19970018,12/50,,,1,,대면,426120,응용통계학,2024,2,2학기
426120,응용통계학,2024,2,NS419,졸업논문,A,전공필수,4,(3),,,유한나,20220033,41/80,,,1,,N,426120,응용통계학,2024,2,2학기
427100,AI·SW계열,2024,2,AS004,AI·SW수학,A,계열공통,1,3,"월요일(14:30~15:45), 수요일(14:30~15:45)","18421, 18421",나경욱,20080158,52/45,전공(복수포함)자,,1,,대면,427100,AI·SW계열,2024,2,2학기
427100,AI·SW계열,2024,2,AS004,AI·SW수학,B,계열공통,1,3,"목요일(13:00~14:15), 목요일(14:30~15:45)","18520, 18520",한근식,20230033,33/45,전공(복수포함)자,,1,,대면,427100,AI·SW계열,2024,2,2학기
427100,AI·SW계열,2024,2,AS004,AI·SW수학,C,계열공통,1,3,"화요일(13:00~14:15), 목요일(13:00~14:15)","18420-1, 18420-1",김선만,20240166,38/45,전공(복수포함)자,,1,,대면,427100,AI·SW계열,2024,2,2학기
427100,AI·SW계열,2024,2,AS004,AI·SW수학,D,계열공통,1,3,"월요일(13:00~14:15), 수요일(13:00~14:15)","18420-1, 18420-1",김선만,20240166,46/45,전공(복수포함)자,,1,,대면,427100,AI·SW계열,2024,2,2학기
427100,AI·SW계열,2024,2,AS004,AI·SW수학,E,계열공통,1,3,"화요일(09:30~10:45), 목요일(11:00~12:15)","18212, 18212",강민구,20000145,42/45,전공(복수포함)자,,1,,대면,427100,AI·SW계열,2024,2,2학기
427100,AI·SW계열,2024,2,AS004,AI·SW수학,F,계열공통,1,3,"금요일(09:30~10:45), 금요일(11:00~12:15)","18421, 18421",이주희,20240029,42/45,전공(복수포함)자,,1,,대면,427100,AI·SW계열,2024,2,2학기
427100,AI·SW계열,2024,2,AS005,문제해결형프로그래밍,A,계열공통,1,3,"화요일(16:00~17:15), 화요일(17:30~18:45)","18314, 18314",강영경,19970108,41/40,전공(복수포함)자,,1,,대면,427100,AI·SW계열,2024,2,2학기
427100,AI·SW계열,2024,2,AS005,문제해결형프로그래밍,B,계열공통,1,3,"화요일(11:00~12:15), 목요일(09:30~10:45)","18424, 18424",박기홍,20240073,39/40,전공(복수포함)자,,1,,대면,427100,AI·SW계열,2024,2,2학기
427100,AI·SW계열,2024,2,AS005,문제해결형프로그래밍,C,계열공통,1,3,"화요일(13:00~14:15), 목요일(13:00~14:15)","18314, 18314",안현,20210024,39/40,전공(복수포함)자,,1,,대면,427100,AI·SW계열,2024,2,2학기
427100,AI·SW계열,2024,2,AS005,문제해결형프로그래밍,D,계열공통,1,3,"월요일(13:00~14:15), 수요일(13:00~14:15)","18312, 18312",이용걸,20210023,50/40,전공(복수포함)자,,1,,대면,427100,AI·SW계열,2024,2,2학기
427100,AI·SW계열,2024,2,AS005,문제해결형프로그래밍,E,계열공통,1,3,"화요일(13:00~14:15), 목요일(13:00~14:15)","18521, 18521",서정욱,20200078,39/40,전공(복수포함)자,,1,,대면,427100,AI·SW계열,2024,2,2학기
427100,AI·SW계열,2024,2,AS005,문제해결형프로그래밍,F,계열공통,1,3,"화요일(16:00~17:15), 화요일(17:30~18:45)","18309, 18309",오석희,20240165,41/40,전공(복수포함)자,,1,,대면,427100,AI·SW계열,2024,2,2학기
427100,AI·SW계열,2024,2,AS005,문제해결형프로그래밍,G,계열공통,1,3,"월요일(17:30~18:45), 수요일(16:00~17:15)","18521, 18521",오석희,20240165,41/40,전공(복수포함)자,,1,,대면,427100,AI·SW계열,2024,2,2학기
427100,AI·SW계열,2024,2,AS005,문제해결형프로그래밍,H,계열공통,1,3,"화요일(13:00~14:15), 목요일(13:00~14:15)","18425, 18425",백수진,20230139,26/35,"AI시스템반도체 학생만 수강신청 가능/소웨융,컴공부,아영콘인정수업x // 전공(복수포함)자",,1,,대면,427100,AI·SW계열,2024,2,2학기
427100,AI·SW계열,2024,2,AS006,웹프로그래밍,A,계열공통,1,3,"목요일(13:00~14:15), 목요일(14:30~15:45)","18308, 18308",박성진,20000021,40/40,전공(복수포함)자,,1,,대면,427100,AI·SW계열,2024,2,2학기
427100,AI·SW계열,2024,2,AS006,웹프로그래밍,B,계열공통,1,3,"화요일(09:30~10:45), 목요일(11:00~12:15)","18314, 18314",나근식,19920037,30/40,전공(복수포함)자,,1,,대면,427100,AI·SW계열,2024,2,2학기
427100,AI·SW계열,2024,2,AS006,웹프로그래밍,C,계열공통,1,3,"화요일(11:00~12:15), 목요일(09:30~10:45)","18314, 18314",나근식,19920037,38/40,전공(복수포함)자,,1,,대면,427100,AI·SW계열,2024,2,2학기
427100,AI·SW계열,2024,2,AS006,웹프로그래밍,D,계열공통,1,3,"화요일(09:30~10:45), 목요일(11:00~12:15)","18422, 18422",조성호,20020194,40/40,전공(복수포함)자,,1,,대면,427100,AI·SW계열,2024,2,2학기
427100,AI·SW계열,2024,2,AS006,웹프로그래밍,E,계열공통,1,3,"목요일(16:00~17:15), 목요일(17:30~18:45)","18422, 18422",손승일,20020195,38/40,전공(복수포함)자,,1,,대면,427100,AI·SW계열,2024,2,2학기
427100,AI·SW계열,2024,2,AS006,웹프로그래밍,F,계열공통,1,3,"월요일(17:30~18:45), 수요일(16:00~17:15)","18314, 18314",이양선,20210020,40/40,전공(복수포함)자,,1,,대면,427100,AI·SW계열,2024,2,2학기
427100,AI·SW계열,2024,2,AS006,웹프로그래밍,G,계열공통,1,3,"화요일(14:30~15:45), 목요일(14:30~15:45)","18312, 18312",이경호,20220237,41/40,전공(복수포함)자,,1,,대면,427100,AI·SW계열,2024,2,2학기
427100,AI·SW계열,2024,2,AS006,웹프로그래밍,H,계열공통,1,3,"화요일(14:30~15:45), 목요일(14:30~15:45)","18425, 18425",백수진,20230139,27/35,"AI시스템반도체 학생만 수강신청 가능/소웨융,컴공부,아영콘인정수업x // 전공(복수포함)자",,1,,대면,427100,AI·SW계열,2024,2,2학기
427100,AI·SW계열,2024,2,AS009,논리회로,A,계열공통,2,3,"월요일(17:30~18:45), 수요일(16:00~17:15)","18309, 18309",손승일,20020195,40/40,전공(복수포함)자,,1,,대면,427100,AI·SW계열,2024,2,2학기
427100,AI·SW계열,2024,2,AS009,논리회로,B,계열공통,2,3,"월요일(16:00~17:15), 수요일(17:30~18:45)","18309, 18309",손승일,20020195,40/40,전공(복수포함)자,,1,,대면,427100,AI·SW계열,2024,2,2학기
427100,AI·SW계열,2024,2,AS009,논리회로,C,계열공통,2,3,"목요일(16:00~17:15), 목요일(17:30~18:45)","18425, 18425",여협구,20090007,30/40,전공(복수포함)자,,1,,대면,427100,AI·SW계열,2024,2,2학기
427100,AI·SW계열,2024,2,AS009,논리회로,D,계열공통,2,3,"월요일(16:00~17:15), 수요일(17:30~18:45)","18424, 18424",여협구,20090007,30/40,전공(복수포함)자,,1,,대면,427100,AI·SW계열,2024,2,2학기
427100,AI·SW계열,2024,2,AS009,논리회로,E,계열공통,2,3,"월요일(09:30~10:45), 수요일(11:00~12:15)","18425, 18425",백수진,20230139,40/40,전공(복수포함)자,,1,,대면,427100,AI·SW계열,2024,2,2학기
427100,AI·SW계열,2024,2,AS009,논리회로,F,계열공통,2,3,"월요일(11:00~12:15), 수요일(09:30~10:45)","18425, 18425",백수진,20230139,40/40,전공(복수포함)자,,1,,대면,427100,AI·SW계열,2024,2,2학기
427100,AI·SW계열,2024,2,AS011,운영체제,A,계열공통,2,3,"월요일(13:00~14:15), 수요일(13:00~14:15)","18422, 18422",윤효석,20190207,35/35,전공(복수포함)자,,1,,대면,427100,AI·SW계열,2024,2,2학기
427100,AI·SW계열,2024,2,AS011,운영체제,B,계열공통,2,3,"월요일(09:30~10:45), 수요일(11:00~12:15)","18520, 18520",조성호,20020194,36/35,전공(복수포함)자,,1,,대면,427100,AI·SW계열,2024,2,2학기
427100,AI·SW계열,2024,2,AS011,운영체제,C,계열공통,2,3,"월요일(11:00~12:15), 수요일(09:30~10:45)","18520, 18520",조성호,20020194,35/35,전공(복수포함)자,,1,,대면,427100,AI·SW계열,2024,2,2학기
427100,AI·SW계열,2024,2,AS011,운영체제,D,계열공통,2,3,"월요일(16:00~17:15), 수요일(17:30~18:45)","18419, 18419",홍승필,20240164,14/35,"강의시간 변경 월3,수3블럭->월5, 수6블럭 // 전공(복수포함)자",,2,,대면,427100,AI·SW계열,2024,2,2학기
427100,AI·SW계열,2024,2,AS011,운영체제,E,계열공통,2,3,"월요일(09:30~10:45), 수요일(11:00~12:15)","18424, 18424",윤효석,20190207,50/50,전공(복수포함)자,,2,,대면,427100,AI·SW계열,2024,2,2학기
427100,AI·SW계열,2024,2,AS011,운영체제,F,계열공통,2,3,"월요일(11:00~12:15), 수요일(09:30~10:45)","18424, 18424",윤효석,20190207,49/50,전공(복수포함)자,,2,,대면,427100,AI·SW계열,2024,2,2학기
427100,AI·SW계열,2024,2,AS012,데이터베이스,A,계열공통,2,3,"화요일(11:00~12:15), 목요일(09:30~10:45)","18422, 18422",김성기,19930045,42/40,전공(복수포함)자,,1,,대면,427100,AI·SW계열,2024,2,2학기
427100,AI·SW계열,2024,2,AS012,데이터베이스,B,계열공통,2,3,"월요일(13:00~14:15), 수요일(13:00~14:15)","18424, 18424",박성진,20000021,50/50,전공(복수포함)자,,1,,대면,427100,AI·SW계열,2024,2,2학기
427100,AI·SW계열,2024,2,AS012,데이터베이스,C,계열공통,2,3,"월요일(16:00~17:15), 수요일(17:30~18:45)","18422, 18422",박성진,20000021,48/48,전공(복수포함)자,,1,,대면,427100,AI·SW계열,2024,2,2학기
427100,AI·SW계열,2024,2,AS012,데이터베이스,D,계열공통,2,3,"목요일(16:00~17:15), 목요일(17:30~18:45)","18424, 18424",오윤식,20240027,40/40,전공(복수포함)자,,1,,대면,427100,AI·SW계열,2024,2,2학기
427100,AI·SW계열,2024,2,AS012,데이터베이스,E,계열공통,2,3,"목요일(16:00~17:15), 목요일(17:30~18:45)","18307, 18307",홍승필,20240164,17/40,,,1,,대면,427100,AI·SW계열,2024,2,2학기
427100,AI·SW계열,2024,2,AS012,데이터베이스,F,계열공통,2,3,"월요일(13:00~14:15), 수요일(13:00~14:15)","18307, 18307",홍승필,20240164,40/40,전공(복수포함)자,,1,,대면,427100,AI·SW계열,2024,2,2학기
427110,소프트웨어,2024,2,SH202,고급프로그래밍,A,전공선택,2,3,"월요일(11:00~12:15), 수요일(09:30~10:45)","18314, 18314",이형우,20030008,14/35,"소프트웨어, 데이터사이언스, XR콘텐츠, 휴먼머신인터렉션,인공지능 교차전공",지식정보,1,,대면,427110,소프트웨어,2024,2,2학기
427120,인공지능,2024,2,SH309,기계학습,A,전공선택,2,3,"화요일(11:00~12:15), 목요일(09:30~10:45)","18419, 18419",이용걸,20210023,29/35,"인공지능, 소프트웨어, 데이터사이언스, 지능형IoT, XR콘텐츠 교차전공, AI‧SW대학-1891(2024.11.4.)절대평가요청 // 전공(복수포함)자",지식정보,1,,대면,427120,인공지능,2024,2,2학기
427130,데이터사이언스,2024,2,SH202,고급프로그래밍,B,전공선택,2,3,"화요일(16:00~17:15), 화요일(17:30~18:45)","18422, 18422",이형우,20030008,15/35," 소프트웨어, 데이터사이언스, XR콘텐츠, 휴먼머신인터렉션,인공지능 교차전공 // 전공(복수포함)자",지식정보,1,,대면,427130,데이터사이언스,2024,2,2학기
427130,데이터사이언스,2024,2,SH301,데이터수집및시각화,A,전공선택,2,3,"화요일(09:30~10:45), 목요일(11:00~12:15)","18312, 18312",서정욱,20200078,18/35,"데이터사이언스, 인공지능, 지능형IoT,XR콘텐츠,휴먼머신인터렉션 교차전공, AI‧SW대학-1856(2024.10.29.)절대평가요청 // 전공(복수포함)자",지식정보,1,,대면,427130,데이터사이언스,2024,2,2학기
427140,XR콘텐츠,2024,2,SH202,고급프로그래밍,C,전공선택,2,3,"목요일(13:00~14:15), 목요일(14:30~15:45)","18422, 18422",김성기,19930045,29/35," 소프트웨어, 데이터사이언스, XR콘텐츠, 휴먼머신인터렉션, 인공지능 교차전공 // 전공(복수포함)자",지식정보,1,,대면,427140,XR콘텐츠,2024,2,2학기
427140,XR콘텐츠,2024,2,XR202,XR콘텐츠응용,A,전공선택,2,3,"화요일(09:30~10:45), 목요일(11:00~12:15)","18307, 18307",임익수,20230014,33/35,"XR콘텐츠 고유전공/ 컴퓨터공학부, IT영상콘텐츠학과, 소프트웨어융합학부 전공인정과목(복수포함), AI‧SW대학-1890(2024.11.4.)절대평가요청 // 전공(복수포함)자",,1,,대면,427140,XR콘텐츠,2024,2,2학기
427150,지능형IoT,2024,2,AT301,임베디드시스템설계,A,전공선택,2,3,"화요일(13:00~14:15), 목요일(13:00~14:15)","18312, 18312",강민구,20000145,7/35,"지능형IoT 고유전공/IT영상콘텐츠학과, 소프트웨어융합학부 전공인정과목/전공(복수포함) // 전공(복수포함)자",,1,,대면,427150,지능형IoT,2024,2,2학기
427160,휴먼머신인터랙션,2024,2,SH202,고급프로그래밍,D,전공선택,2,3,"화요일(16:00~17:15), 화요일(17:30~18:45)","18312, 18312",이성구,19990055,29/35," 소프트웨어, 데이터사이언스, XR콘텐츠, 휴먼머신인터렉션, 인공지능 교차전공 // 전공(복수포함)자",지식정보,1,,대면,427160,휴먼머신인터랙션,2024,2,2학기
427200,AI·SW학,2024,2,GP672,데이터사이언스특론,A,학석연계,"3, 4",3,"수요일(16:00~17:15), 수요일(17:30~18:45)","18208, 18208",서정욱,20200078,6/10,수업시간 변경(수09:30~12:15-> 수16:00~18:45),,1,,대면,,,2024,2,2학기
427200,AI·SW학,2024,2,GP673,감성컴퓨팅,A,학석연계,"3, 4",3,"수요일(09:30~10:45), 수요일(11:00~12:15)","18208, 18208",오석희,20240165,7/10,강의시간변경(수요일 16:00~18:45 -> 수요일 09:30~12:15),,2,,대면,,,2024,2,2학기
427300,AI시스템반도체학,2024,2,AC102,반도체수학,A,전공선택,1,3,"월요일(17:30~18:45), 수요일(16:00~17:15)","18425, 18425",정승민,20060142,25/35,"AI시스템반도체학 학생만 수강신청 가능, AI.SW대학-1803(2024.10.21)절대평가요청",지식정보,1,,대면,,,2024,2,2학기
400000,교양과정,2024,3,KY410,진로와상담,A,교양필수,4,(0),,,"강종곤, 김용희",20220224,54/90,4학년만 수강신청가능 // 외부온라인,,0,,외부온라인,,,2024,3,여름계절
400000,교양과정,2024,3,KY677,대학생활길잡이,A,교양필수,4,1,,,"이상헌, 최성혜",20080165,5/70,4학년만 수강신청가능 // 외부온라인,,0,,외부온라인,,,2024,3,여름계절
400000,교양과정,2024,3,KY909,사이버영어토익(초급),A,교양선택,"2, 3, 4",2,,,류수윤,20210009,26,  // 외부온라인,,1,,외부온라인,,,2024,3,여름계절
400000,교양과정,2024,3,KY910,사이버영어토익(중급),A,교양선택,"2, 3, 4",2,,,류수윤,20210009,5,  // 외부온라인,,1,,외부온라인,,,2024,3,여름계절
400000,교양과정,2024,3,KY921,사회생활길잡이,A,교양필수,4,1,,,"김용희, 황애양",20220224,26/90,4학년만 수강신청가능 // 교내온라인,,0,,교내온라인,,,2024,3,여름계절
400000,교양과정,2024,3,KYC03,컴퓨터활용능력을위한엑셀2016,A,교양선택,"2, 3, 4",2,,,류수윤,20210009,37,  // 외부온라인,,1,,외부온라인,,,2024,3,여름계절
400000,교양과정,2024,3,KYC04,컴퓨터활용능력을위한파워포인트2016,A,교양선택,"2, 3, 4",2,,,류수윤,20210009,6,  // 외부온라인,,1,,외부온라인,,,2024,3,여름계절
402030,독어독문학과,2024,3,HD904,손짓언어와글로벌커뮤니케이션,A,전공선택,"2, 3, 4",3,,,전춘명,19960084,19,  // 교내온라인,,1,,교내온라인,,,2024,3,여름계절
402043,중국어문화학과,2024,3,HC609,중국음식문화의이해,A,전공선택,"2, 3, 4",2,,,문미진,20190194,17,  // 교내온라인,,1,,교내온라인,,,2024,3,여름계절
402044,한중문화콘텐츠학과,2024,3,DC604,중국언어문화탐사,A,전공선택,"1, 2, 3, 4",3,,,김남희,20200038,4/10,"해외계절학기, 중국어문화콘텐츠학(학과운영프로그램), 전공내사전신청생만 수강대상",,0,,N,,,2024,3,여름계절
402044,한중문화콘텐츠학과,2024,3,DC902,젊은이를위한맹자,A,전공선택,"2, 3, 4",3,,,최민성,20090008,3,  // 교내온라인,,1,,교내온라인,,,2024,3,여름계절
402096,디지털영상문화콘텐츠학과,2024,3,DV315,한국영화사특강,A,전공선택,"2, 3, 4",3,,,신광철,19960087,5,  // 교내온라인,,1,,교내온라인,,,2024,3,여름계절
402096,디지털영상문화콘텐츠학과,2024,3,DV420,SF영화와미래사회,A,전공선택,"2, 3, 4",3,,,신광철,19960087,38,  // 교내온라인,,1,,교내온라인,,,2024,3,여름계절
402096,디지털영상문화콘텐츠학과,2024,3,DV422,OJT2,A,전공선택,4,3,,,김윤성,20060020,1,,,0,,N,,,2024,3,여름계절
402960,독일어문화학부,2024,3,HD624,독일의여가문화와맥주,A,전공선택,"2, 3, 4",3,,,전춘명,19960084,29,  // 교내온라인,,1,,교내온라인,,,2024,3,여름계절
402960,독일어문화학부,2024,3,HD901,현지독일어실습,A,전공선택,"2, 3, 4",3,,,전춘명,19960084,14,(독일대학교프로그램참여자)현지교류학생 확정자만 신청 공지참조후 국제교류원으로 문의 ,,1,,N,,,2024,3,여름계절
402962,독일어문화학과,2024,3,HD668,OJT2,A,전공선택,4,3,,,전춘명,19960084,1,,,0,,N,,,2024,3,여름계절
402962,독일어문화학과,2024,3,HD906,독일히든챔피언과창업,A,전공선택,"2, 3, 4",3,,,전춘명,19960084,18,  // 교내온라인,,1,,교내온라인,,,2024,3,여름계절
403032,재활상담학과,2024,3,TR347,집단상담,A,전공선택,"2, 3, 4",3,,,김용훈,20210025,21,LMS+실시간원격화상수업(MS-Teams) 혼합/실시간원격화상수업시간:13:00-15:45 ,,1,,블랜디드,,,2024,3,여름계절
403062,중국학과,2024,3,HN483,OJT2,A,전공선택,4,3,,,김도희,20050055,1,,,0,,N,,,2024,3,여름계절
403072,일본학과,2024,3,HJ463,OJT2,A,전공선택,4,3,,,오미정,20100011,1,,,0,,N,,,2024,3,여름계절
403960,글로벌비즈니스학부,2024,3,EH421,OJT2,A,전공선택,4,3,,,양영수,20210032,4,,,0,,N,,,2024,3,여름계절
403980,미디어영상광고홍보학부,2024,3,EM104,영상의이해,A,공통선택,"2, 3, 4",3,,,채희상,20130174,/20,  // 교내온라인,,0,,교내온라인,,,2024,3,여름계절
403990,심리·아동학부,2024,3,SA109,심리아동체험학습Ⅱ,A,전공선택,"2, 3, 4",(0),,,"구훈정, 김상원, 김영주, 안도연",20150127,40,전공자(복수전공자 포함) 졸업 내규 기준 필수 과목. 기업탐방 진행.,,1,,N,,,2024,3,여름계절
404030,경영학과,2024,3,EB101,경영학원론,A,전공선택,"2, 3, 4",3,,,박규호,20120084,16,  // 교내온라인,,1,,교내온라인,,,2024,3,여름계절
404030,경영학과,2024,3,EB212,회계원리,A,전공선택,"2, 3, 4",3,,,김병조,20140011,19,  // 교내온라인,,1,,교내온라인,,,2024,3,여름계절
404030,경영학과,2024,3,EB479,OJT2,A,전공선택,4,3,,,김경민,20160030,12,,,0,,N,,,2024,3,여름계절
405940,컴퓨터공학부,2024,3,NE444,IPP3(장기현장실습),A,전공선택,"3, 4",3,,,이양선,20210020,2,전공(복수포함)자,,0,,N,,,2024,3,여름계절
405940,컴퓨터공학부,2024,3,NE445,IPP4(장기현장실습),A,전공선택,"3, 4",3,,,이양선,20210020,1,전공(복수포함)자,,0,,N,,,2024,3,여름계절
405940,컴퓨터공학부,2024,3,NE450,OJT2,A,전공선택,4,3,,,이양선,20210020,25,,,0,,N,,,2024,3,여름계절
405970,소프트웨어융합학부,2024,3,NI140,머신러닝,A,전공선택,"2, 3, 4",3,,,이용걸,20210023,35,  // 교내온라인,,1,,교내온라인,,,2024,3,여름계절
405970,소프트웨어융합학부,2024,3,NI500,OJT2,A,전공선택,4,3,,,이용걸,20210023,13,,,0,,N,,,2024,3,여름계절
409010,학점교류,2024,3,KH669,초급영어청취,A,교양선택,"2, 3, 4",3,,,대진대,20030045,1/6,,,0,,N,,,2024,3,여름계절
409010,학점교류,2024,3,KH670,인물로풀어본중국역사,A,교양선택,"2, 3, 4",2,,,대진대,20030045,1/7,,,0,,N,,,2024,3,여름계절
409010,학점교류,2024,3,OC106,뮤지컬영화감상과이해,A,교양선택,"1, 2, 3, 4",3,,,OCU컨소시엄,20150091,5/9,  // 외부온라인,,0,,외부온라인,,,2024,3,여름계절
409010,학점교류,2024,3,OC108,범죄와범죄심리,A,교양선택,"1, 2, 3, 4",3,,,OCU컨소시엄,20150091,5/8,  // 외부온라인,,0,,외부온라인,,,2024,3,여름계절
409010,학점교류,2024,3,OC112,생활속의심리학,A,교양선택,"1, 2, 3, 4",3,,,OCU컨소시엄,20150091,4/7,  // 외부온라인,,0,,외부온라인,,,2024,3,여름계절
409010,학점교류,2024,3,OC122,호신술과자기방어,A,교양선택,"1, 2, 3, 4",3,,,OCU컨소시엄,20150091,5/9,  // 외부온라인,,0,,외부온라인,,,2024,3,여름계절
409010,학점교류,2024,3,OC129,TED로배우는영화속바이오테크놀로지,A,교양선택,"1, 2, 3, 4",3,,,OCU컨소시엄,20150091,4/99,  // 외부온라인,,0,,외부온라인,,,2024,3,여름계절
409010,학점교류,2024,3,OC159,마음을읽어주는미술치료,A,교양선택,"1, 2, 3, 4",3,,,OCU컨소시엄,20150091,2/7,  // 외부온라인,,0,,외부온라인,,,2024,3,여름계절
409010,학점교류,2024,3,OC160,식생활과건강,A,교양선택,"1, 2, 3, 4",3,,,OCU컨소시엄,20150091,4/8,  // 외부온라인,,0,,외부온라인,,,2024,3,여름계절
409010,학점교류,2024,3,OC233,이야기로치유하기,A,교양선택,"1, 2, 3, 4",3,,,OCU컨소시엄,20150091,1/8,  // 외부온라인,,0,,외부온라인,,,2024,3,여름계절
409010,학점교류,2024,3,OC235,나를찾는행복레슨,A,교양선택,"1, 2, 3, 4",3,,,OCU컨소시엄,20150091,8/7,  // 외부온라인,,0,,외부온라인,,,2024,3,여름계절
411010,IT경영학과,2024,3,EZ253,전산회계Ⅰ,A,전공선택,"3, 4",3,,,"강종곤, 김병조",20140011,28/28,"경영계열 전공 수강불가(경영,T경영,글로벌비즈니스등)/수강료제외교과목/수강문의(진로취업팀_0054),고용노동부 사업, 타대학 학생 수강가능 // 교내온라인",,1,,교내온라인,,,2024,3,여름계절
411010,IT경영학과,2024,3,EZ441,OJT2,A,전공선택,4,3,,,신재우,20240071,6,전공(복수포함)자,,0,,N,,,2024,3,여름계절
419010,중국어문화영상융합학과,2024,3,HC468,OJT2,A,전공선택,4,3,,,장정해,19930050,1,,,0,,N,,,2024,3,여름계절
419020,IT영상콘텐츠학과,2024,3,IT416,AWS클라우드서비스,A,전공선택,"2, 3, 4",3,,,"강종곤, 오윤식, 이경호",20220237,17/18,수업방식은 교내LMS/수강료제외교과목/수강문의(진로취업팀_0054) // 교내온라인,,1,,교내온라인,,,2024,3,여름계절
419020,IT영상콘텐츠학과,2024,3,IT421,OJT2,A,전공선택,4,3,,,임익수,20230014,3,,,0,,N,,,2024,3,여름계절
419020,IT영상콘텐츠학과,2024,3,IT515,IPP3(장기현장실습),A,전공선택,"3, 4",3,,,임익수,20230014,1,전공(복수포함)자,,0,,N,,,2024,3,여름계절
419020,IT영상콘텐츠학과,2024,3,IT516,IPP4(장기현장실습),A,전공선택,"3, 4",3,,,임익수,20230014,1,전공(복수포함)자,,0,,N,,,2024,3,여름계절
422140,독일어문화학,2024,3,HD227,독일동화의세상,A,전공선택,"2, 3, 4",3,,,오동식,20100188,30,  // 교내온라인,,1,,교내온라인,422140,독일어문화학,2024,3,여름계절
422140,독일어문화학,2024,3,HD637,스포츠와문화,A,전공선택,"2, 3, 4",3,,,오동식,20100188,2,  // 교내온라인,,1,,교내온라인,422140,독일어문화학,2024,3,여름계절
423120,일본학,2024,3,HJ451,일본현지연수및실습Ⅰ,A,전공선택,"1, 2, 3, 4",3,,,오미정,20100011,20,"1-4학년, 전공계열생, 타과생, 남학생도 신청 가능. 단, 일본어로 신청서와 자기소개서를 간단히 작성할 정도의 레벨 대상. 외국어기초1,2 , 초급일본어회화 1,2 이수 혹은 수강 정도의 레벨 가능 문의: sh1391@hs.ac.kr",,1,,N,423120,일본학,2024,3,여름계절
423140,경제학,2024,3,EE476,OJT2,A,전공선택,4,3,,,성락선,19960085,1,,,0,,N,423140,경제학,2024,3,여름계절
423220,공공인재빅데이터융합학,2024,3,PS422,OJT2,A,전공선택,4,3,,,노승철,20210027,2,,,0,,N,423220,공공인재빅데이터융합학,2024,3,여름계절
424110,경영학,2024,3,EB249,경영전산처리,A,전공선택,"2, 3, 4",3,,,염건,20230143,20,  // 교내온라인,,1,,교내온라인,424110,경영학,2024,3,여름계절
424130,글로벌비즈니스학,2024,3,EH103,경제원론,A,전공선택,"2, 3, 4",3,,,장종익,20120119,21,  // 교내온라인,,1,,교내온라인,424130,글로벌비즈니스학,2024,3,여름계절
424130,글로벌비즈니스학,2024,3,EJ207,사회적가치와기업가정신,A,전공선택,"2, 3, 4",3,,,유한나,20220223,16,  // 교내온라인,,1,,교내온라인,424130,글로벌비즈니스학,2024,3,여름계절
424140,미디어영상광고홍보학,2024,3,EA335,소셜마케팅커뮤니케이션,A,전공선택,"2, 3, 4",3,,,박혜영,20210072,20,  // 교내온라인,,1,,교내온라인,424140,미디어영상광고홍보학,2024,3,여름계절
424140,미디어영상광고홍보학,2024,3,EA336,비즈니스모델과마케팅전략,A,전공선택,"2, 3, 4",3,,,지원배,20170127,27,  // 교내온라인,,1,,교내온라인,424140,미디어영상광고홍보학,2024,3,여름계절
424140,미디어영상광고홍보학,2024,3,EM235,대중문화와다중,A,공통선택,"2, 3, 4",3,,,채희상,20130174,20,  // 교내온라인,,1,,교내온라인,424140,미디어영상광고홍보학,2024,3,여름계절
424140,미디어영상광고홍보학,2024,3,EM412,캡스톤디자인I,A,전공선택,"2, 3, 4",3,,,지원배,20170127,12,"외부기업실습과목, 전공에 신청된 수강신청 허용 학생들만 신청가능(협의대상아닐시 취소됨)",,1,,N,424140,미디어영상광고홍보학,2024,3,여름계절
424140,미디어영상광고홍보학,2024,3,EM413,캡스톤디자인II,A,전공선택,"2, 3, 4",3,,,지원배,20170127,5,"외부기업실습과목, 전공에 신청된 수강신청 허용 학생들만 신청가능(협의대상아닐시 취소됨) ",,1,,N,424140,미디어영상광고홍보학,2024,3,여름계절
400000,교양과정,2024,4,KY410,진로와상담,A,교양필수,4,(0),,,"강종곤, 김용희",20220224,45/100,4학년만신청가능 // 외부온라인,,1,,외부온라인,,,2024,4,겨울계절
400000,교양과정,2024,4,KY677,대학생활길잡이,A,교양필수,4,1,,,"이상헌, 최성혜",20080165,10/70,4학년만 수강신청가능 // 외부온라인,,0,,외부온라인,,,2024,4,겨울계절
400000,교양과정,2024,4,KY909,사이버영어토익(초급),A,교양선택,"2, 3, 4",2,,,박슬기롭다,20240093,19/90,  // 외부온라인,,1,,외부온라인,,,2024,4,겨울계절
400000,교양과정,2024,4,KY910,사이버영어토익(중급),A,교양선택,"2, 3, 4",2,,,박슬기롭다,20240093,1/90,  // 외부온라인,,1,,외부온라인,,,2024,4,겨울계절
400000,교양과정,2024,4,KY921,사회생활길잡이,A,교양필수,4,1,,,"김용희, 황애양",20220224,12/100,  // 외부온라인,,0,,외부온라인,,,2024,4,겨울계절
400000,교양과정,2024,4,KYC03,컴퓨터활용능력을위한엑셀2016,A,교양선택,"2, 3, 4",2,,,박슬기롭다,20240093,15/90,  // 외부온라인,,1,,외부온라인,,,2024,4,겨울계절
400000,교양과정,2024,4,KYC04,컴퓨터활용능력을위한파워포인트2016,A,교양선택,"2, 3, 4",2,,,박슬기롭다,20240093,5/90,  // 외부온라인,,1,,외부온라인,,,2024,4,겨울계절
400000,교양과정,2024,4,KYC53,미래사회를위한시민교육,A,교양선택,"2, 3, 4",3,,,옥장흠,20060143,4/50,  // 교내온라인,,1,,교내온라인,,,2024,4,겨울계절
400000,교양과정,2024,4,KYC84,브랜드인문학,A,교양선택,"2, 3, 4",3,,,강석원,20130152,30/30,  // 교내온라인,,1,,교내온라인,,,2024,4,겨울계절
400000,교양과정,2024,4,OC235,나를찾는행복레슨,A,교양선택,"1, 2, 3, 4",3,,,OCU컨소시엄,20150091,1/10,  // 외부온라인,,0,,외부온라인,,,2024,4,겨울계절
402030,독어독문학과,2024,4,HD904,손짓언어와글로벌커뮤니케이션,A,전공선택,"2, 3, 4",3,,,전춘명,19960084,20/20,  // 교내온라인,,1,,교내온라인,,,2024,4,겨울계절
402043,중국어문화학과,2024,4,HC910,영화로배우는매너와에티켓,A,전공선택,"2, 3, 4",2,,,문미진,20190194,29/30,  // 교내온라인,,1,,교내온라인,,,2024,4,겨울계절
402044,한중문화콘텐츠학과,2024,4,DC456,사랑과중국문학,A,전공선택,"2, 3, 4",3,,,김용표,20190301,7/10,  // 교내온라인,,1,,교내온라인,,,2024,4,겨울계절
402044,한중문화콘텐츠학과,2024,4,DC902,젊은이를위한맹자,A,전공선택,"2, 3, 4",3,,,최민성,20090008,13/90,온라인강의(학교LMS) // 교내온라인,,1,,교내온라인,,,2024,4,겨울계절
402960,독일어문화학부,2024,4,HD624,독일의여가문화와맥주,A,전공선택,"2, 3, 4",3,,,전춘명,19960084,26/26,  // 교내온라인,,1,,교내온라인,,,2024,4,겨울계절
402960,독일어문화학부,2024,4,HD625,한독문화교류의자취를찾아서,A,전공선택,"2, 3, 4",3,,,전춘명,19960084,20/20,  // 교내온라인,,1,,교내온라인,,,2024,4,겨울계절
403030,재활학과,2024,4,TR275,인지행동놀이치료,A,전공선택,"2, 3, 4",3,,,김용훈,20210025,18/20,  // 교내온라인,,1,,교내온라인,,,2024,4,겨울계절
403980,미디어영상광고홍보학부,2024,4,EA335,소셜마케팅커뮤니케이션,A,전공선택,"2, 3, 4",3,,,박혜영,20210072,13/20,  // 교내온라인,,0,,교내온라인,,,2024,4,겨울계절
403980,미디어영상광고홍보학부,2024,4,EA336,비즈니스모델과마케팅전략,A,전공선택,"2, 3, 4",3,,,지원배,20170127,22/20,  // 교내온라인,,1,,교내온라인,,,2024,4,겨울계절
403980,미디어영상광고홍보학부,2024,4,EA337,브랜딩트렌드,A,전공선택,"2, 3, 4",3,,,이성미,20170128,39/40,  // 교내온라인,,1,,교내온라인,,,2024,4,겨울계절
403990,심리·아동학부,2024,4,SA110,심리아동체험학습Ⅲ,A,전공선택,"2, 3, 4",(0),,,"구훈정, 김상원, 김영주, 안도연",20150127,17/60,전공자(복수전공자 포함) 졸업 내규 기준 필수 과목. 국내연수프로그램.,,1,,N,,,2024,4,겨울계절
404030,경영학과,2024,4,EB101,경영학원론,A,전공선택,"2, 3, 4",3,,,박규호,20120084,8/20,  // 교내온라인,,1,,교내온라인,,,2024,4,겨울계절
404030,경영학과,2024,4,EB212,회계원리,A,전공선택,"2, 3, 4",3,,,김병조,20140011,13/20,  // 교내온라인,,1,,교내온라인,,,2024,4,겨울계절
405940,컴퓨터공학부,2024,4,NE115,확률과통계,A,전공선택,"2, 3, 4",3,,,나경욱,20080158,26/25,  // 교내온라인,,1,,교내온라인,,,2024,4,겨울계절
405940,컴퓨터공학부,2024,4,NE116,선형대수,A,전공선택,"2, 3, 4",3,,,나경욱,20080158,26/25,  // 교내온라인,,1,,교내온라인,,,2024,4,겨울계절
405940,컴퓨터공학부,2024,4,NE118,웹프로그래밍기초,A,전공선택,"2, 3, 4",3,,,이찬행,20220199,24/25,  // 교내온라인,,1,,교내온라인,,,2024,4,겨울계절
405940,컴퓨터공학부,2024,4,NE209,컴퓨터구조,A,전공선택,"2, 3, 4",3,,,이찬행,20220199,24/26,  // 교내온라인,,1,,교내온라인,,,2024,4,겨울계절
405940,컴퓨터공학부,2024,4,NE444,IPP3(장기현장실습),A,전공선택,"3, 4",3,,,"김익중, 이양선",20210020,3,전공(복수포함)자,,0,,N,,,2024,4,겨울계절
405940,컴퓨터공학부,2024,4,NE445,IPP4(장기현장실습),A,전공선택,"3, 4",3,,,"김익중, 이양선",20210020,3,전공(복수포함)자,,0,,N,,,2024,4,겨울계절
405970,소프트웨어융합학부,2024,4,NI510,IPP3(장기현장실습),A,전공선택,"3, 4",3,,,"김익중, 이용걸",20210023,3,전공(복수포함)자,,0,,N,,,2024,4,겨울계절
405970,소프트웨어융합학부,2024,4,NI511,IPP4(장기현장실습),A,전공선택,"3, 4",3,,,"김익중, 이용걸",20210023,3,전공(복수포함)자,,0,,N,,,2024,4,겨울계절
409010,학점교류,2024,4,OC112,생활속의심리학,A,교양선택,"1, 2, 3, 4",3,,,OCU컨소시엄,20150091,4/10,  // 외부온라인,,0,,외부온라인,,,2024,4,겨울계절
409010,학점교류,2024,4,OC129,TED로배우는영화속바이오테크놀로지,A,교양선택,"1, 2, 3, 4",3,,,OCU컨소시엄,20150091,2/10,  // 외부온라인,,0,,외부온라인,,,2024,4,겨울계절
409010,학점교류,2024,4,OC141,창의적문제해결TRIZ기본,A,교양선택,"1, 2, 3, 4",3,,,OCU컨소시엄,20150091,2/3,  // 외부온라인,,0,,외부온라인,,,2024,4,겨울계절
409010,학점교류,2024,4,OC159,마음을읽어주는미술치료,A,교양선택,"1, 2, 3, 4",3,,,OCU컨소시엄,20150091,3/10,  // 외부온라인,,0,,외부온라인,,,2024,4,겨울계절
409010,학점교류,2024,4,OC160,식생활과건강,A,교양선택,"1, 2, 3, 4",3,,,OCU컨소시엄,20150091,6/10,  // 외부온라인,,0,,외부온라인,,,2024,4,겨울계절
409010,학점교류,2024,4,OC238,인퓨징마케팅,A,교양선택,"1, 2, 3, 4",3,,,OCU컨소시엄,20150091,4/10,  // 외부온라인,,0,,외부온라인,,,2024,4,겨울계절
419020,IT영상콘텐츠학과,2024,4,IT416,AWS클라우드서비스,A,전공선택,"2, 3, 4",3,,,"강종곤, 오윤식, 이경호",20220237,23/15,  // 교내온라인,,1,,교내온라인,,,2024,4,겨울계절
422200,디지털영상문화콘텐츠학,2024,4,DV315,한국영화사특강,A,전공선택,"2, 3, 4",3,,,신광철,19960087,7/40,  // 교내온라인,,1,,교내온라인,422200,디지털영상문화콘텐츠학,2024,4,겨울계절
422200,디지털영상문화콘텐츠학,2024,4,DV420,SF영화와미래사회,A,전공선택,"2, 3, 4",3,,,신광철,19960087,17/40,  // 교내온라인,,1,,교내온라인,422200,디지털영상문화콘텐츠학,2024,4,겨울계절
424110,경영학,2024,4,EB249,경영전산처리,A,전공선택,"2, 3, 4",3,,,염건,20230143,21/20,  // 교내온라인,,0,,교내온라인,424110,경영학,2024,4,겨울계절
424110,경영학,2024,4,EB385,전산회계실무_NCS,A,전공선택,"2, 3, 4",3,,,"강종곤, 김병조",20140011,58/50,경영학전공 수강 불가(경영학 복수전공자 수강가능) // 교내온라인,,1,,교내온라인,424110,경영학,2024,4,겨울계절
424130,글로벌비즈니스학,2024,4,EH103,경제원론,A,전공선택,"2, 3, 4",3,,,장종익,20120119,11/30,전공(복수포함)자 // 교내온라인,,0,,교내온라인,424130,글로벌비즈니스학,2024,4,겨울계절
424140,미디어영상광고홍보학,2024,4,EM235,대중문화와다중,A,공통선택,"2, 3, 4",3,,,채희상,20130174,24/40,  // 교내온라인,,1,,교내온라인,424140,미디어영상광고홍보학,2024,4,겨울계절
425100,휴먼서비스계열,2024,4,SS008,장애인복지론,A,계열공통,"2, 3, 4",3,,,백변경희,20010014,13/25,실시간원격화상수업(MS-teams)진행 수업시간:09:30~12:15,,1,,원격화상수업,425100,휴먼서비스계열,2024,4,겨울계절
426110,수리금융학,2024,4,NM381,수학기초론,A,전공선택,"2, 3, 4",3,,,양춘우,19940027,/30,  // 교내온라인,,0,,교내온라인,426110,수리금융학,2024,4,겨울계절
400000,교양과정,2025,1,*KY037,한류문화의이해,A,교양선택,"1, 2, 3, 4",3,"화요일(13:00~14:15), 화요일(14:30~15:45)","3308, 3308",PANG LI,20120123,14/15,외국인학생 전용강의,글로벌,1,,대면,,,2025,1,1학기
400000,교양과정,2025,1,*KY042,영화로배우는한국어와한국문화,A,교양선택,"1, 2, 3, 4",3,"금요일(16:00~17:15), 금요일(17:30~18:45)","3308, 3308",PANG LI,20120123,15/15,외국인학생 전용강의 / 신설(2024.11.27),글로벌,1,,대면,,,2025,1,1학기
400000,교양과정,2025,1,*KY043,외국인을위한한국세계유산탐방,A,교양선택,1,3,"금요일(13:00~14:15), 금요일(14:30~15:45)","3308, 3308",PANG LI,20120123,15/15,외국인학생 전용강의 / 신설(2024.11.27),지식정보,1,,대면,,,2025,1,1학기
400000,교양과정,2025,1,*KY044,응급처치와생존수영,A,교양선택,1,2,화요일(13:00~14:40),10205,정예수,20208014,23/25,집중이수제과목 / 외국인학생 전용강의 / 신설(2024.11.27),소통,1,,대면,,,2025,1,1학기
400000,교양과정,2025,1,*KY045,고급심화한국어문법1,A,교양선택,"1, 2, 3, 4",3,"금요일(13:00~14:15), 금요일(14:30~15:45)","3412, 3412",김연숙,20220165,13/15,"외국인학생 전용 강의 / TOPIK 4급 읽기,문법,쓰기",소통,1,,대면,,,2025,1,1학기
400000,교양과정,2025,1,*KY046,고급심화한국어회화1,A,교양선택,"1, 2, 3, 4",3,"금요일(13:00~14:15), 금요일(14:30~15:45)","20506, 20506",최현실,20220145,8/15,"외국인학생 전용강의 / TOPIK 4급 듣기, 말하기",소통,1,,대면,,,2025,1,1학기
400000,교양과정,2025,1,*KY046,고급심화한국어회화1,B,교양선택,"1, 2, 3, 4",3,"월요일(13:00~14:15), 수요일(13:00~14:15)","3410, 3410",신남미,20220143,15/15,"외국인학생 전용강의 / TOPIK 4급 듣기, 말하기",소통,1,,대면,,,2025,1,1학기
400000,교양과정,2025,1,*KY121,한국생활배우기2,A,교양선택,1,3,"목요일(13:00~14:15), 목요일(14:30~15:45)","2307, 2307",정예수,20208014,17/25,외국인학생 전용강의,창의융합,1,,대면,,,2025,1,1학기
400000,교양과정,2025,1,*KY128,뮤지컬의이해,A,교양선택,1,3,"월요일(13:00~14:15), 수요일(13:00~14:15)","3409, 3409",이승원,20230131,15/15,외국인학생 전용강의,글로벌,1,,대면,,,2025,1,1학기
400000,교양과정,2025,1,*KY130,고급한국어회화2,A,교양선택,1,3,"월요일(14:30~15:45), 수요일(14:30~15:45)","3410, 3410",신남미,20220143,15/15,"외국인학생 전용강의 / TOPIK 4급 듣기, 말하기",소통,1,,대면,,,2025,1,1학기
400000,교양과정,2025,1,*KY132,고급한국어문법2,A,교양선택,1,3,"금요일(09:30~10:45), 금요일(11:00~12:15)","3412, 3412",김연숙,20220165,15/15,"외국인학생 전용강의 / TOPIK 4급 읽기,문법,쓰기",소통,1,,대면,,,2025,1,1학기
400000,교양과정,2025,1,*KY133,소통의기술,A,교양선택,1,3,"화요일(09:30~10:45), 목요일(11:00~12:15)","3505, 3505",정예수,20208014,14/25,외국인학생 전용강의,소통,1,,대면,,,2025,1,1학기
400000,교양과정,2025,1,*KY134,K-POP실습,A,교양선택,1,3,"월요일(11:00~12:15), 수요일(09:30~10:45)","10203, 10203",강형모,20230137,13/15,외국인학생 전용강의,글로벌,1,,대면,,,2025,1,1학기
400000,교양과정,2025,1,*KY134,K-POP실습,B,교양선택,1,3,"월요일(09:30~10:45), 수요일(11:00~12:15)","10203, 10203",강형모,20230137,9/15,외국인학생 전용강의,글로벌,1,,대면,,,2025,1,1학기
400000,교양과정,2025,1,*KYC72,신체표현활동,A,교양선택,1,3,"목요일(13:00~14:15), 목요일(14:30~15:45)","10205, 10205",김환희,20230047,14/15,외국인학생 전용강의,글로벌,1,,대면,,,2025,1,1학기
400000,교양과정,2025,1,KY100,채플,A,교양필수,"1, 2",(1),"월요일(17:30~18:20), 수요일(16:00~16:50)","4105, 4105","김광연, 진형섭, 한경미",20240162,9/100,~22학번 신학대학 2~4학년 복학생(대예배실에서 채플 진행),,1,,대면,,,2025,1,1학기
400000,교양과정,2025,1,KY101,채플,A,교양필수,"1, 2",.5,월요일(14:30~15:20),채플실,"김광연, 진형섭, 한경미",20240162,580/580,"첨단융합(수리,응통,금융공학,빅데이터융합),AI·SW계열(컴공, 소웨융, IT영상콘텐츠), AI시스템반도체,휴먼서비스계열(1학년)",,1,,대면,,,2025,1,1학기
400000,교양과정,2025,1,KY101,채플,B,교양필수,"1, 2",.5,수요일(14:30~15:20),채플실,"강은미, 김광연, 한경미",20240162,547/550,"인문융합(국문,종교,철학,독일어,영미,문예,한국사,중문,한중문콘,디영문콘,일본),자유전공",,1,,대면,,,2025,1,1학기
400000,교양과정,2025,1,KY201,채플,A,교양필수,"1, 2",.5,월요일(16:00~16:50),채플실,"김광연, 진형섭, 한경미",20240162,571/580,"경영·미디어계열(경영,IT경영,글비,미영), 휴먼서비스계열(사회학과,사복,재활,심아), 특수체육학계열(특체), 휴먼서비스계열(1학년)",,1,,대면,,,2025,1,1학기
400000,교양과정,2025,1,KY201,채플,B,교양필수,"1, 2",.5,수요일(16:00~16:50),채플실,"강은미, 김광연, 한경미",20240162,581/580,"경제·국제·공공인재융합(중국,동아시아,국경,경제,경제금융,국관,글인,공공인재),휴먼서비스계열(1학년)",,1,,대면,,,2025,1,1학기
400000,교양과정,2025,1,KY217,성서의세계,A,교양필수,"2, 3, 4",2,화요일(17:30~19:10),18420,이수연,20250019,61/90,"교필과목/2,3,4학년 성서관련 과목 미이수자",,1,,대면,,,2025,1,1학기
400000,교양과정,2025,1,KY241,노벨상으로보는과학의역사,A,교양선택,1,3,"화요일(13:00~14:15), 화요일(14:30~15:45)","18418, 18418",정태성,20080106,50/50,,지식정보,1,,대면,,,2025,1,1학기
400000,교양과정,2025,1,KY245,수재수학:수포자를위한재미있는수학,A,교양선택,1,3,"화요일(13:00~14:15), 화요일(14:30~15:45)","18520, 18520",나경욱,20080158,80/80,,지식정보,1,,대면,,,2025,1,1학기
400000,교양과정,2025,1,KY286,서양사의이해,A,교양선택,1,3,"금요일(13:00~14:15), 금요일(14:30~15:45)","18421, 18421",이시연,20220138,61/90,,인문,1,,대면,,,2025,1,1학기
400000,교양과정,2025,1,KY304,채플,A,교양필수,"2, 3, 4",(1),월요일(17:30~18:20),채플실,"김광연, 진형섭, 한경미",20240162,62/200,"신학대학 2~4학년 수강(복수전공자 포함), P/NP",,1,,대면,,,2025,1,1학기
400000,교양과정,2025,1,KY304,채플,B,교양필수,1,(1),월요일(17:30~18:20),4107,"김광연, 진형섭, 한경미",20240162,17/50,"신학 1학년, 신학전공 예정자(대예배실에서 채플 진행)",,1,,대면,,,2025,1,1학기
400000,교양과정,2025,1,KY309,생활속의실용금융,A,교양선택,1,3,"금요일(13:00~14:15), 금요일(14:30~15:45)","18212, 18212",장순택,20240159,50/50,수강생 전원 교재 지원 / 외부기관 지원사업,지식정보,1,,대면,,,2025,1,1학기
400000,교양과정,2025,1,KY313,기독교와문화,A,교양필수,1,2,화요일(17:30~19:10),18421,박재형,20250018,87/90,교필과목/기독교과목,소통,1,,대면,,,2025,1,1학기
400000,교양과정,2025,1,KY313,기독교와문화,B,교양필수,1,2,화요일(11:00~12:40),3423,이수연,20250019,88/90,교필과목/기독교과목,소통,1,,대면,,,2025,1,1학기
400000,교양과정,2025,1,KY313,기독교와문화,C,교양필수,1,2,월요일(11:00~12:40),18420,진형섭,20209150,90/90,교필과목/기독교과목,소통,1,,대면,,,2025,1,1학기
400000,교양과정,2025,1,KY313,기독교와문화,D,교양필수,1,2,수요일(11:00~12:40),18420,진형섭,20209150,90/90,교필과목/기독교과목,소통,1,,대면,,,2025,1,1학기
400000,교양과정,2025,1,KY313,기독교와문화,E,교양필수,1,2,목요일(17:30~19:10),7215,한경미,20240162,80/80,교필과목/기독교과목,소통,1,,대면,,,2025,1,1학기
400000,교양과정,2025,1,KY382,종교와인간,A,교양선택,1,3,"화요일(13:00~14:15), 화요일(14:30~15:45)","7215, 7215",류성민,20210167,61/90,종교문화학과 수강금지(1학년 허용),인문,1,,대면,,,2025,1,1학기
400000,교양과정,2025,1,KY410,진로와상담,A1,교양필수,"2, 3",(0),,,이영미,20050062,11/50,수강신청 변경기간에 조교안내 후 신청,,1,,N,,,2025,1,1학기
400000,교양과정,2025,1,KY410,진로와상담,A2,교양필수,"2, 3",(0),,,김희선,20220035,6/50,수강신청 변경기간에 조교안내 후 신청,,1,,N,,,2025,1,1학기
400000,교양과정,2025,1,KY410,진로와상담,A3,교양필수,"2, 3",(0),,,한경미,20240162,10/50,수강신청 변경기간에 조교안내 후 신청,,1,,N,,,2025,1,1학기
400000,교양과정,2025,1,KY410,진로와상담,A6,교양필수,"2, 3",(0),,,이서영,20220036,9/50,수강신청 변경기간에 조교안내 후 신청,,1,,N,,,2025,1,1학기
400000,교양과정,2025,1,KY410,진로와상담,A7,교양필수,"2, 3",(0),,,김주한,20080110,7/50,수강신청 변경기간에 조교안내 후 신청,,1,,N,,,2025,1,1학기
400000,교양과정,2025,1,KY410,진로와상담,AA,교양필수,"2, 3",(0),,,김선만,20240166,11/15,"AI·SW전공(3학년), 컴공부, 소웨융, 아영콘 수강신청/대생길 및 사생길과 중복 수강 금지",,1,,N,,,2025,1,1학기
400000,교양과정,2025,1,KY410,진로와상담,AB,교양필수,"2, 3",(0),,,홍승필,20240164,12/15,"AI·SW전공(3학년), 컴공부, 소웨융, 아영콘 수강신청/대생길 및 사생길과 중복 수강 금지",,1,,N,,,2025,1,1학기
400000,교양과정,2025,1,KY410,진로와상담,AC,교양필수,"2, 3",(0),,,오석희,20240165,13/15,"AI·SW전공(3학년), 컴공부, 소웨융, 아영콘 수강신청/대생길 및 사생길과 중복 수강 금지",,1,,N,,,2025,1,1학기
400000,교양과정,2025,1,KY410,진로와상담,AD,교양필수,"2, 3",(0),,,안현,20210024,15/15,"AI·SW전공(3학년), 컴공부, 소웨융, 아영콘 수강신청/대생길 및 사생길과 중복 수강 금지",,1,,N,,,2025,1,1학기
400000,교양과정,2025,1,KY410,진로와상담,AE,교양필수,"2, 3",(0),,,서정욱,20200078,14/15,"AI·SW전공(3학년), 컴공부, 소웨융, 아영콘 수강신청/대생길 및 사생길과 중복 수강 금지",,1,,N,,,2025,1,1학기
400000,교양과정,2025,1,KY410,진로와상담,B1,교양필수,"2, 3",(0),,,김지혜,20230138,32/50,"[교필] 2016학번부터 필수/ 국어국문학과 수강/ 학번 끝자리 6,7,8,9,0 수강신청/ P/NP",,1,,N,,,2025,1,1학기
400000,교양과정,2025,1,KY410,진로와상담,B2,교양필수,"2, 3",(0),,,유형동,20220034,43/50,"[교필]2016학번부터 필수/ 국어국문학과 수강/학번 끝자리 1,2,3,4,5 수강/ p/np",,1,,N,,,2025,1,1학기
400000,교양과정,2025,1,KY410,진로와상담,B4,교양필수,"2, 3",(0),,,김지혜,20210073,18/40,"대생길 때 수강했던 지도교수와 동일하게 신청, 대생길을 타전공 교수님께 수강한 학생의 경우 정정기간에 학번끝자리 0,1,2,3 재신청",,0,,N,,,2025,1,1학기
400000,교양과정,2025,1,KY410,진로와상담,B5,교양필수,"2, 3",(0),,,이향미,20200051,28/40,"대생길 때 수강했던 지도교수와 동일하게 신청, 대생길을 타전공 교수님께 수강한 학생의 경우 정정기간에 학번끝자리 4,5,6 재신청",,1,,N,,,2025,1,1학기
400000,교양과정,2025,1,KY410,진로와상담,B6,교양필수,"2, 3",(0),,,박미선,20090009,27/40,"대생길 때 수강했던 지도교수와 동일하게 신청, 대생길을 타전공 교수님께 수강한 학생의 경우 정정기간에 학번끝자리 7,8,9 재신청",,1,,N,,,2025,1,1학기
400000,교양과정,2025,1,KY410,진로와상담,C1,교양필수,"2, 3",(0),,,이형원,20210030,20/20,,,1,,N,,,2025,1,1학기
400000,교양과정,2025,1,KY410,진로와상담,C2,교양필수,"2, 3",(0),,,정해득,20140042,12/20,,,1,,N,,,2025,1,1학기
400000,교양과정,2025,1,KY410,진로와상담,C3,교양필수,"2, 3",(0),,,정무용,20230010,16/20,,,1,,N,,,2025,1,1학기
400000,교양과정,2025,1,KY410,진로와상담,C4,교양필수,"2, 3",(0),,,이영남,20170017,13/20,,,0,,N,,,2025,1,1학기
400000,교양과정,2025,1,KY410,진로와상담,C5,교양필수,"2, 3",(0),,,백수린,20240068,28/28,"학과에 상담지도교수 안내 받고 직접 수강 신청함,[교필]문예창작",,1,,N,,,2025,1,1학기
400000,교양과정,2025,1,KY410,진로와상담,C7,교양필수,"2, 3",(0),,,정한아,20220222,20/28,"학과에 상담지도교수 안내 받고 직접 수강 신청함,[교필]문예창작",,0,,N,,,2025,1,1학기
400000,교양과정,2025,1,KY410,진로와상담,C8,교양필수,"2, 3",(0),,,강지희,20190189,23/30,"학과에 상담지도교수 안내 받고 직접 수강 신청함,[교필]문예창작",,0,,N,,,2025,1,1학기
400000,교양과정,2025,1,KY410,진로와상담,D1,교양필수,"2, 3",(0),,,전춘명,19960084,27/30,학과에서 상담교수  지정후 공지 및 개별신청,,1,,N,,,2025,1,1학기
400000,교양과정,2025,1,KY410,진로와상담,D2,교양필수,"2, 3",(0),,,오동식,20100188,14/30,학과에서 상담교수  지정후 공지 및 개별신청,,1,,N,,,2025,1,1학기
400000,교양과정,2025,1,KY410,진로와상담,D3,교양필수,"2, 3",(0),,,김대오,19970107,22/50,[교양필수]대생길 때 수강했던 지도교수와 동일하게 신청,,1,,N,,,2025,1,1학기
400000,교양과정,2025,1,KY410,진로와상담,D6,교양필수,"2, 3",(0),,,김희정,20080164,17/25,[교양필수]대생길 때 수강했던 지도교수와 동일하게 신청,,1,,N,,,2025,1,1학기
400000,교양과정,2025,1,KY410,진로와상담,E1,교양필수,"2, 3",(0),,,신광철,19960087,14/40,[교필]종교문화학. 상담지도교수 안내 받고 직접 신청요함.,,0,,N,,,2025,1,1학기
400000,교양과정,2025,1,KY410,진로와상담,E6,교양필수,"2, 3",(0),,,김윤성,20060020,33/60,디지털영상문화콘텐츠학(한국인 2-3학년 짝수번호)/영상문화학,,1,,N,,,2025,1,1학기
400000,교양과정,2025,1,KY410,진로와상담,E7,교양필수,"2, 3",(0),,,이종현,20230011,29/60,디지털영상문화콘텐츠학(한국인 2-3학년 홀수번호/외국인 5학기자까지),,1,,N,,,2025,1,1학기
400000,교양과정,2025,1,KY410,진로와상담,E8,교양필수,"2, 3",(0),,,신광철,19960087,24/60,"디지털영상문화콘텐츠학(한국인 1학년,4학년,전입자/외국인 6학기자부터)/디지털문화콘텐츠학",,1,,N,,,2025,1,1학기
400000,교양과정,2025,1,KY410,진로와상담,F1,교양필수,"2, 3",(0),,,류기수,19950013,7/50,"학과에 상담지도교수 안내 받고 직접 수강 신청함, 중국어문화학과",,1,,N,,,2025,1,1학기
400000,교양과정,2025,1,KY410,진로와상담,F2,교양필수,"2, 3",(0),,,장정해,19930050,16/25,"학과에 상담지도교수 안내 받고 직접 수강 신청함, 중국어문화학과",,1,,N,,,2025,1,1학기
400000,교양과정,2025,1,KY410,진로와상담,F3,교양필수,"2, 3",(0),,,최민성,20090008,30/30,짝수 학번 수강생 신청,,1,,N,,,2025,1,1학기
400000,교양과정,2025,1,KY410,진로와상담,F4,교양필수,"2, 3",(0),,,김남희,20200038,29/30,홀수 학번 수강생 신청,,1,,N,,,2025,1,1학기
400000,교양과정,2025,1,KY410,진로와상담,G1,교양필수,"2, 3",(0),,,이해영,19960013,13/20,본인 지도교수 확인후 수강신청할 것.,,0,,N,,,2025,1,1학기
400000,교양과정,2025,1,KY410,진로와상담,G4,교양필수,"2, 3",(0),,,최형익,20040020,20/20,본인 지도교수 확인후 수강신청할 것.,,0,,N,,,2025,1,1학기
400000,교양과정,2025,1,KY410,진로와상담,G5,교양필수,"2, 3",(0),,,박상남,20060141,30/30,본인 지도교수 확인후 수강신청할 것.,,1,,N,,,2025,1,1학기
400000,교양과정,2025,1,KY410,진로와상담,G7,교양필수,"2, 3",(0),,,한재명,20240069,28/30,,,1,,N,,,2025,1,1학기
400000,교양과정,2025,1,KY410,진로와상담,G8,교양필수,"2, 3",(0),,,성락선,19960085,27/27,,,1,,N,,,2025,1,1학기
400000,교양과정,2025,1,KY410,진로와상담,H2,교양필수,"2, 3",(0),,,김종엽,19990047,22/25,포털시스템에서 상담 지도교수 확인 후 수강신청,,1,,N,,,2025,1,1학기
400000,교양과정,2025,1,KY410,진로와상담,H3,교양필수,"2, 3",(0),,,노중기,19970047,18/25,포털시스템에서 상담 지도교수 확인 후 수강신청,,1,,N,,,2025,1,1학기
400000,교양과정,2025,1,KY410,진로와상담,I1,교양필수,"2, 3",(0),,,문철수,20010229,33/33,,,1,,N,,,2025,1,1학기
400000,교양과정,2025,1,KY410,진로와상담,I2,교양필수,"2, 3",(0),,,채희상,20130174,34/33,,,1,,N,,,2025,1,1학기
400000,교양과정,2025,1,KY410,진로와상담,I3,교양필수,"2, 3",(0),,,지원배,20170127,33/33,,,1,,N,,,2025,1,1학기
400000,교양과정,2025,1,KY410,진로와상담,I4,교양필수,"2, 3",(0),,,박혜영,20210072,33/33,,,1,,N,,,2025,1,1학기
400000,교양과정,2025,1,KY410,진로와상담,I5,교양필수,"2, 3",(0),,,이성미,20170128,32/33,,,1,,N,,,2025,1,1학기
400000,교양과정,2025,1,KY410,진로와상담,I6,교양필수,"2, 3",(0),,,김민철,20250012,11/33,,,1,,N,,,2025,1,1학기
400000,교양과정,2025,1,KY410,진로와상담,J1,교양필수,"2, 3",(0),,,홍선미,19960088,30/30,학번 마지막 숫자 0~2 수강 신청,,0,,N,,,2025,1,1학기
400000,교양과정,2025,1,KY410,진로와상담,J2,교양필수,"2, 3",(0),,,김예랑,20080163,37/30,학번 마지막 숫자 3~5 수강 신청,,1,,N,,,2025,1,1학기
400000,교양과정,2025,1,KY410,진로와상담,J4,교양필수,"2, 3",(0),,,장익현,20200052,36/35,학번 마지막 숫자 6~9 수강 신청,,0,,N,,,2025,1,1학기
400000,교양과정,2025,1,KY410,진로와상담,J5,교양필수,"2, 3",(0),,,백변경희,20010014,20/20,"학과 상담지도교수 안내받고 직접 수강신청,[2016학번부터필수]재활학과/P/NP과목",,0,,N,,,2025,1,1학기
400000,교양과정,2025,1,KY410,진로와상담,J6,교양필수,"2, 3",(0),,,이인재,19940025,12/20,"학과 상담지도교수 안내받고 직접 수강신청,[2016학번부터필수]재활학과/P/NP과목",,0,,N,,,2025,1,1학기
400000,교양과정,2025,1,KY410,진로와상담,J7,교양필수,"2, 3",(0),,,이경숙,19990077,20/20,"학과 상담지도교수 안내받고 직접 수강신청,[2016학번부터필수]재활학과/P/NP과목",,1,,N,,,2025,1,1학기
400000,교양과정,2025,1,KY410,진로와상담,J8,교양필수,"2, 3",(0),,,남세현,20170011,8/20,"학과 상담지도교수 안내받고 직접 수강신청,[2016학번부터필수]재활학과/P/NP과목",,1,,N,,,2025,1,1학기
400000,교양과정,2025,1,KY410,진로와상담,K2,교양필수,"2, 3",(0),,,조규청,20080107,28/45,,,1,,N,,,2025,1,1학기
400000,교양과정,2025,1,KY410,진로와상담,K3,교양필수,"2, 3",(0),,,박상현,20210074,28/45,,,1,,N,,,2025,1,1학기
400000,교양과정,2025,1,KY410,진로와상담,K4,교양필수,"2, 3",(0),,,구훈정,20150127,33/30,포털시스템에서 상담 지도교수 확인 후 수강 신청,,1,,N,,,2025,1,1학기
400000,교양과정,2025,1,KY410,진로와상담,K5,교양필수,"2, 3",(0),,,김상원,20230013,29/30,포털시스템에서 상담 지도교수 확인 후 수강 신청,,1,,N,,,2025,1,1학기
400000,교양과정,2025,1,KY410,진로와상담,K6,교양필수,"2, 3",(0),,,오현숙,20040021,23/30,포털시스템에서 상담 지도교수 확인 후 수강 신청,,1,,N,,,2025,1,1학기
400000,교양과정,2025,1,KY410,진로와상담,K7,교양필수,"2, 3",(0),,,유희정,20170124,16/30,포털시스템에서 상담 지도교수 확인 후 수강 신청,,1,,N,,,2025,1,1학기
400000,교양과정,2025,1,KY410,진로와상담,K8,교양필수,"2, 3",(0),,,안도연,20210035,35/30,포털시스템에서 상담 지도교수 확인 후 수강 신청,,1,,N,,,2025,1,1학기
400000,교양과정,2025,1,KY410,진로와상담,L1,교양필수,"2, 3",(0),,,최지환,20230015,3/35,"희망 상담지도교수로 직접 수강 신청, 인원 초과시 신청 가능한 타 상담지도교수로 신청할 것",,1,,N,,,2025,1,1학기
400000,교양과정,2025,1,KY410,진로와상담,L2,교양필수,"2, 3",(0),,,김경민,20160030,29/35,"희망 상담지도교수로 직접 수강 신청, 인원 초과시 신청 가능한 타 상담지도교수로 신청할 것",,1,,N,,,2025,1,1학기
400000,교양과정,2025,1,KY410,진로와상담,L3,교양필수,"2, 3",(0),,,정의범,20210033,21/37,"희망 상담지도교수로 직접 수강 신청, 인원 초과시 신청 가능한 타 상담지도교수로 신청할 것",,1,,N,,,2025,1,1학기
400000,교양과정,2025,1,KY410,진로와상담,L4,교양필수,"2, 3",(0),,,이건범,20090026,32/35,"희망 상담지도교수로 직접 수강 신청, 인원 초과시 신청 가능한 타 상담지도교수로 신청할 것",,1,,N,,,2025,1,1학기
400000,교양과정,2025,1,KY410,진로와상담,L5,교양필수,"2, 3",(0),,,유현미,20240070,32/35,"희망 상담지도교수로 직접 수강 신청, 인원 초과시 신청 가능한 타 상담지도교수로 신청할 것",,1,,N,,,2025,1,1학기
400000,교양과정,2025,1,KY410,진로와상담,L6,교양필수,"2, 3",(0),,,양영수,20210032,22/50,포털메인 상담현황 상담사(=지도교수) 확인후 신청,,1,,N,,,2025,1,1학기
400000,교양과정,2025,1,KY410,진로와상담,L7,교양필수,"2, 3",(0),,,장종익,20120119,6/50,포털메인 상담현황 상담사(=지도교수) 확인후 신청,,0,,N,,,2025,1,1학기
400000,교양과정,2025,1,KY410,진로와상담,L8,교양필수,"2, 3",(0),,,유한나,20220223,6/50,포털메인 상담현황 상담사(=지도교수) 확인후 신청,,1,,N,,,2025,1,1학기
400000,교양과정,2025,1,KY410,진로와상담,M1,교양필수,"2, 3",(0),,,신재우,20240071,30/35,"학번 맨 끝자리 1~10, 26~30, 편입생 수강",,1,,N,,,2025,1,1학기
400000,교양과정,2025,1,KY410,진로와상담,M3,교양필수,"2, 3",(0),,,김상욱,20030021,19/30,"학번 맨 끝자리 11~20, 21~25 수강",,1,,N,,,2025,1,1학기
400000,교양과정,2025,1,KY410,진로와상담,M6,교양필수,"2, 3",(0),,,이일영,19970044,10/25,"학과에 상담지도교수 안내 받고 직접 수강 신청함,[교필]중국학과",,1,,N,,,2025,1,1학기
400000,교양과정,2025,1,KY410,진로와상담,M7,교양필수,"2, 3",(0),,,김도희,20050055,10/25,"학과에 상담지도교수 안내 받고 직접 수강 신청함,[교필]중국학과",,1,,N,,,2025,1,1학기
400000,교양과정,2025,1,KY410,진로와상담,M8,교양필수,"2, 3",(0),,,주장환,20080160,10/20,"학과에 상담지도교수 안내 받고 직접 수강 신청함,[교필]중국학과",,0,,N,,,2025,1,1학기
400000,교양과정,2025,1,KY410,진로와상담,M9,교양필수,"2, 3",(0),,,황선미,20190193,10/20,"학과에 상담지도교수 안내 받고 직접 수강 신청함,[교필]중국학과",,1,,N,,,2025,1,1학기
400000,교양과정,2025,1,KY410,진로와상담,N1,교양필수,"2, 3",(0),,,송주명,19990049,30/40,"학과에 상담지도교수 안내 받고 직접 수강 신청함,[교필]일본학과",,1,,N,,,2025,1,1학기
400000,교양과정,2025,1,KY410,진로와상담,N2,교양필수,"2, 3",(0),,,하종문,19960016,21/40,"학과에 상담지도교수 안내 받고 직접 수강 신청함,[교필]일본학과",,1,,N,,,2025,1,1학기
400000,교양과정,2025,1,KY410,진로와상담,N5,교양필수,"2, 3",(0),,,전창환,19970038,17/20,"[교필]국제경제학과 (학번 끝 뒷자리 0, 1, 2, 3 수강 신청)",,1,,N,,,2025,1,1학기
400000,교양과정,2025,1,KY410,진로와상담,N6,교양필수,"2, 3",(0),,,정지영,20190192,22/20,"[교필]국제경제학과 (학번 끝 뒷자리 4, 5, 6 수강 신청)",,1,,N,,,2025,1,1학기
400000,교양과정,2025,1,KY410,진로와상담,N7,교양필수,"2, 3",(0),,,정희진,20230012,22/20,"[교필]국제경제학과 (학번 끝 뒷자리 7, 8, 9 수강 신청)",,1,,N,,,2025,1,1학기
400000,교양과정,2025,1,KY410,진로와상담,O1,교양필수,"2, 3",(0),,,박기현,19940031,25/25,,,0,,N,,,2025,1,1학기
400000,교양과정,2025,1,KY410,진로와상담,O2,교양필수,"2, 3",(0),,,양춘우,19940027,16/25,,,1,,N,,,2025,1,1학기
400000,교양과정,2025,1,KY410,진로와상담,O3,교양필수,"2, 3",(0),,,정재웅,20210034,25/25,,,1,,N,,,2025,1,1학기
400000,교양과정,2025,1,KY410,진로와상담,O5,교양필수,"2, 3",(0),,,박동련,19960011,20/25,"학과에 상담지도교수 안내 받고 직접 수강 신청함,[교필]응용통계학과",,1,,N,,,2025,1,1학기
400000,교양과정,2025,1,KY410,진로와상담,O6,교양필수,"2, 3",(0),,,유한나,20220033,14/25,"학과에 상담지도교수 안내 받고 직접 수강 신청함,[교필]응용통계학과",,1,,N,,,2025,1,1학기
400000,교양과정,2025,1,KY410,진로와상담,O7,교양필수,"2, 3",(0),,,김유신,20240163,1/25,"학과에 상담지도교수 안내 받고 직접 수강 신청함,[교필]응용통계학과",,1,,N,,,2025,1,1학기
400000,교양과정,2025,1,KY410,진로와상담,O8,교양필수,"2, 3",(0),,,변종석,19970018,12/25,"학과에 상담지도교수 안내 받고 직접 수강 신청함,[교필]응용통계학과",,1,,N,,,2025,1,1학기
400000,교양과정,2025,1,KY410,진로와상담,P1,교양필수,"2, 3",(0),,,윤효석,20190207,10/15,"AI·SW전공(3학년), 컴공부, 소웨융, 아영콘 수강신청/대생길 및 사생길과 중복 수강 금지",,1,,N,,,2025,1,1학기
400000,교양과정,2025,1,KY410,진로와상담,P2,교양필수,"2, 3",(0),,,강민구,20000145,11/15,"AI·SW전공(3학년), 컴공부, 소웨융, 아영콘 수강신청/대생길 및 사생길과 중복 수강 금지",,1,,N,,,2025,1,1학기
400000,교양과정,2025,1,KY410,진로와상담,P3,교양필수,"2, 3",(0),,,정승민,20060142,14/15,"AI·SW전공(3학년), 컴공부, 소웨융, 아영콘 수강신청/대생길 및 사생길과 중복 수강 금지",,1,,N,,,2025,1,1학기
400000,교양과정,2025,1,KY410,진로와상담,P4,교양필수,"2, 3",(0),,,이용걸,20210023,15/15,"AI·SW전공(3학년), 컴공부, 소웨융, 아영콘 수강신청/대생길 및 사생길과 중복 수강 금지",,1,,N,,,2025,1,1학기
400000,교양과정,2025,1,KY410,진로와상담,P5,교양필수,"2, 3",(0),,,최창원,19960009,9/15,"AI·SW전공(3학년), 컴공부, 소웨융, 아영콘 수강신청/대생길 및 사생길과 중복 수강 금지",,1,,N,,,2025,1,1학기
400000,교양과정,2025,1,KY410,진로와상담,P6,교양필수,"2, 3",(0),,,안현,20210024,10/15,"AI·SW전공(3학년), 컴공부, 소웨융, 아영콘 수강신청/대생길 및 사생길과 중복 수강 금지",,1,,N,,,2025,1,1학기
400000,교양과정,2025,1,KY410,진로와상담,Q1,교양필수,"2, 3",(0),,,류승택,20040026,13/15,"AI·SW전공(3학년), 컴공부, 소웨융, 아영콘 수강신청/대생길 및 사생길과 중복 수강 금지",,1,,N,,,2025,1,1학기
400000,교양과정,2025,1,KY410,진로와상담,Q2,교양필수,"2, 3",(0),,,이양선,20210020,11/15,"AI·SW전공(3학년), 컴공부, 소웨융, 아영콘 수강신청/대생길 및 사생길과 중복 수강 금지",,1,,N,,,2025,1,1학기
400000,교양과정,2025,1,KY410,진로와상담,Q3,교양필수,"2, 3",(0),,,임익수,20230014,20/20,"AI·SW전공(3학년), 컴공부, 소웨융, 아영콘 수강신청/대생길 및 사생길과 중복 수강 금지",,1,,N,,,2025,1,1학기
400000,교양과정,2025,1,KY410,진로와상담,Q4,교양필수,"2, 3",(0),,,강영경,19970108,15/15,"AI·SW전공(3학년), 컴공부, 소웨융, 아영콘 수강신청/대생길 및 사생길과 중복 수강 금지",,1,,N,,,2025,1,1학기
400000,교양과정,2025,1,KY410,진로와상담,Q5,교양필수,"2, 3",(0),,,박기홍,20240073,13/15,"AI·SW전공(3학년), 컴공부, 소웨융, 아영콘 수강신청/대생길 및 사생길과 중복 수강 금지",,1,,N,,,2025,1,1학기
400000,교양과정,2025,1,KY410,진로와상담,Q6,교양필수,"2, 3",(0),,,백수진,20230139,9/15,"AI·SW전공(3학년), 컴공부, 소웨융, 아영콘 수강신청/대생길 및 사생길과 중복 수강 금지",,1,,N,,,2025,1,1학기
400000,교양과정,2025,1,KY410,진로와상담,R1,교양필수,"2, 3",(0),,,조성호,20020194,11/15,"AI·SW전공(3학년), 컴공부, 소웨융, 아영콘 수강신청/대생길 및 사생길과 중복 수강 금지",,1,,N,,,2025,1,1학기
400000,교양과정,2025,1,KY410,진로와상담,R2,교양필수,"2, 3",(0),,,여협구,20090007,10/15,"AI·SW전공(3학년), 컴공부, 소웨융, 아영콘 수강신청/대생길 및 사생길과 중복 수강 금지",,1,,N,,,2025,1,1학기
400000,교양과정,2025,1,KY410,진로와상담,R3,교양필수,"2, 3",(0),,,손승일,20020195,11/15,"AI·SW전공(3학년), 컴공부, 소웨융, 아영콘 수강신청/대생길 및 사생길과 중복 수강 금지",,1,,N,,,2025,1,1학기
400000,교양과정,2025,1,KY410,진로와상담,R4,교양필수,"2, 3",(0),,,이성구,19990055,9/15,"AI·SW전공(3학년), 컴공부, 소웨융, 아영콘 수강신청/대생길 및 사생길과 중복 수강 금지",,1,,N,,,2025,1,1학기
400000,교양과정,2025,1,KY410,진로와상담,R5,교양필수,"2, 3",(0),,,박성진,20000021,13/15,"AI·SW전공(3학년), 컴공부, 소웨융, 아영콘 수강신청/대생길 및 사생길과 중복 수강 금지",,1,,N,,,2025,1,1학기
400000,교양과정,2025,1,KY410,진로와상담,R6,교양필수,"2, 3",(0),,,이형우,20030008,11/15,"AI·SW전공(3학년), 컴공부, 소웨융, 아영콘 수강신청/대생길 및 사생길과 중복 수강 금지",,1,,N,,,2025,1,1학기
400000,교양과정,2025,1,KY410,진로와상담,R7,교양필수,"2, 3",(0),,,김성기,19930045,10/15,"AI·SW전공(3학년), 컴공부, 소웨융, 아영콘 수강신청/대생길 및 사생길과 중복 수강 금지",,1,,N,,,2025,1,1학기
400000,교양과정,2025,1,KY410,진로와상담,R8,교양필수,"2, 3",(0),,,김현경,19970045,9/15,"AI·SW전공(3학년), 컴공부, 소웨융, 아영콘 수강신청/대생길 및 사생길과 중복 수강 금지",,1,,N,,,2025,1,1학기
400000,교양과정,2025,1,KY410,진로와상담,V1,교양필수,"2, 3",(0),,,이석민,20200034,11/15,학과에서 지도교수 확인 및 안내 받은 후 수강신청,,1,,N,,,2025,1,1학기
400000,교양과정,2025,1,KY410,진로와상담,V2,교양필수,"2, 3",(0),,,윤건,20200035,15/15,학과에서 지도교수 확인 및 안내 받은 후 수강신청,,0,,N,,,2025,1,1학기
400000,교양과정,2025,1,KY410,진로와상담,V3,교양필수,"2, 3",(0),,,노승철,20210027,21/15,학과에서 지도교수 확인 및 안내 받은 후 수강신청,,1,,N,,,2025,1,1학기
400000,교양과정,2025,1,KY410,진로와상담,Z1,교양필수,1,(0),,,신광철,19960087,3/30,"대학생활길잡이 이수 완료자 / 신학, 인문 융합 계열 수강",,1,,N,,,2025,1,1학기
400000,교양과정,2025,1,KY410,진로와상담,Z2,교양필수,1,(0),,,이일영,19970044,1/20,"대학생활길잡이 이수 완료자 / 경제통상, 국제지역 계열 수강",,1,,N,,,2025,1,1학기
400000,교양과정,2025,1,KY410,진로와상담,Z4,교양필수,1,(0),,,이건범,20090026,2/20,"대학생활길잡이 이수 완료자 / 경영, 미디어 계열 수강",,1,,N,,,2025,1,1학기
400000,교양과정,2025,1,KY410,진로와상담,Z5,교양필수,1,(0),,,홍선미,19960088,4/20,대학생활길잡이 이수 완료자 / 휴먼서비스 계열 수강,,1,,N,,,2025,1,1학기
400000,교양과정,2025,1,KY419,현대사회와복지,A,교양선택,1,3,"금요일(09:30~10:45), 금요일(11:00~12:15)","18519, 18519",한서연,20240146,33/90,,리더십,1,,대면,,,2025,1,1학기
400000,교양과정,2025,1,KY472,생활법률,A,교양선택,1,3,"화요일(13:00~14:15), 화요일(14:30~15:45)","18211, 18211",최영호,20220019,90/90,,지식정보,1,,대면,,,2025,1,1학기
400000,교양과정,2025,1,KY508,1인미디어만들기,A,교양선택,1,3,수요일(16:00~17:15),20404,최은경,20210026,29/30,,지식정보,1,,원격화상수업,,,2025,1,1학기
400000,교양과정,2025,1,KY509,채플,A,교양필수,"1, 2, 3, 4",(1),,,"김광연, 한경미",20240162,10/20,"신학대학 NP대상자 수강, 교목실과 상담 후 수강신청, P/NP",,1,,대면,,,2025,1,1학기
400000,교양과정,2025,1,KY532,한신탐구,A,교양선택,1,2,수요일(11:00~12:40),4107,이상철,20220188,46/50,,리더십,1,,대면,,,2025,1,1학기
400000,교양과정,2025,1,KY554,e-비즈니스의이해,A,교양선택,1,3,"화요일(13:00~14:15), 화요일(14:30~15:45)","18523, 18523",한광희,20240064,71/90,IT경영학과/e-비즈니스학과 수강불가,창의융합,1,,대면,,,2025,1,1학기
400000,교양과정,2025,1,KY588,생활속의수학,A,교양선택,1,3,,,이호규,20220156,90/90,LMS 온라인 수업  // 교내온라인,지식정보,1,,교내온라인,,,2025,1,1학기
400000,교양과정,2025,1,KY593,진로선택과취업준비,A,교양선택,"3, 4",3,,,"김용희, 순혜란",20220224,196/200,"3,4학년만 수강/온라인수업/P/NP교과목, 외부온라인, 취창업스쿨1과 동일학기 중복 수강 불가 // 외부온라인",창의융합,1,,외부온라인,,,2025,1,1학기
400000,교양과정,2025,1,KY612,성서입문,A,교양필수,1,2,화요일(11:00~12:40),4107,최은경,20240194,34/50,교필과목/성서관련과목 신학전공예정자 교양필수과목,인문,1,,대면,,,2025,1,1학기
400000,교양과정,2025,1,KY620,드라마속의기독교,A,교양필수,1,2,목요일(17:30~19:10),18211,강은미,20209151,89/90,교필과목/기독교과목,소통,1,,대면,,,2025,1,1학기
400000,교양과정,2025,1,KY620,드라마속의기독교,B,교양필수,1,2,금요일(11:00~12:40),18211,강은미,20209151,89/90,교필과목/기독교과목,소통,1,,대면,,,2025,1,1학기
400000,교양과정,2025,1,KY646,프랑스어회화및실습Ⅰ,A,교양선택,1,2,"월요일(16:00~17:15), 수요일(17:30~18:45)","18418, 18418",이익주,20150010,22/30,,글로벌,1,,대면,,,2025,1,1학기
400000,교양과정,2025,1,KY661,취창업스쿨1,A,교양선택,"2, 3, 4",3,,,홍창기,20130034,30/30,"P/NP, 2,3,4학년, 비대면, 역량>경험>STAR화법 , 진로선택과취업준비와 동일학기 중복 수강 불가 // 교내온라인",리더십,1,,교내온라인,,,2025,1,1학기
400000,교양과정,2025,1,KY661,취창업스쿨1,B,교양선택,"2, 3, 4",3,,,김흥기,20130154,30/30,"P/NP 2,3,4학년 교내온라인 , 진로선택과취업준비와 동일학기 중복 수강 불가 // 교내온라인",리더십,1,,교내온라인,,,2025,1,1학기
400000,교양과정,2025,1,KY661,취창업스쿨1,D,교양선택,"2, 3, 4",3,,,김흥기,20130154,30/30,"P/NP 2,3,4학년 교내온라인 , 진로선택과취업준비와 동일학기 중복 수강 불가 // 교내온라인",리더십,1,,교내온라인,,,2025,1,1학기
400000,교양과정,2025,1,KY661,취창업스쿨1,E,교양선택,"2, 3, 4",3,,,김대숙,20200075,30/30,"P/NP 2,3,4학년 교내온라인 , 진로선택과취업준비와 동일학기 중복 수강 불가 // 교내온라인",리더십,1,,교내온라인,,,2025,1,1학기
400000,교양과정,2025,1,KY661,취창업스쿨1,F,교양선택,"2, 3, 4",3,,,김대숙,20200075,30/30,"P/NP 2,3,4학년 교내온라인 , 진로선택과취업준비와 동일학기 중복 수강 불가 // 교내온라인",리더십,1,,교내온라인,,,2025,1,1학기
400000,교양과정,2025,1,KY661,취창업스쿨1,G,교양선택,"2, 3, 4",3,,,강석원,20130152,30/30,"P/NP 2,3,4학년 교내온라인 , 진로선택과취업준비와 동일학기 중복 수강 불가 // 교내온라인",리더십,1,,교내온라인,,,2025,1,1학기
400000,교양과정,2025,1,KY661,취창업스쿨1,H,교양선택,"2, 3, 4",3,,,허태윤,20208015,30/30,"P/NP 2,3,4학년 교내온라인 , 진로선택과취업준비와 동일학기 중복 수강 불가 // 교내온라인",리더십,1,,교내온라인,,,2025,1,1학기
400000,교양과정,2025,1,KY662,초급일본어Ⅰ,A,교양선택,1,2,"화요일(13:00~14:15), 목요일(13:00~14:15)","18103, 18103",이혜원,20220149,40/40,일본학과수강금지(1학년허용),글로벌,1,,대면,,,2025,1,1학기
400000,교양과정,2025,1,KY667,초급일본어회화Ⅰ,A,교양선택,1,1,화요일(11:00~12:40),18103,이혜원,20220149,34/35,일본학과수강금지(1학년허용),글로벌,1,,대면,,,2025,1,1학기
400000,교양과정,2025,1,KY677,대학생활길잡이,A1,교양필수,1,1,목요일(11:00~11:50),3207,김주한,20080110,25/35,"신학·인문융합계열 A반 수강 /재학생, 편입생 : 신학부 신청",,1,,대면,,,2025,1,1학기
400000,교양과정,2025,1,KY677,대학생활길잡이,A2,교양필수,1,1,목요일(11:00~11:50),4107,한경미,20240162,19/35,"[신학전공예약분반] 신학·인문융합계열 A반 수강 /재학생, 편입생 : 신학 ",,1,,대면,,,2025,1,1학기
400000,교양과정,2025,1,KY677,대학생활길잡이,AA,교양필수,1,1,월요일(18:50~19:40),3409,이석민,20200034,7/20,"경제통상·국제·공공인재융합계열 D반 수강 / 재학생, 편입생 : 공공인재 신청",,1,,대면,,,2025,1,1학기
400000,교양과정,2025,1,KY677,대학생활길잡이,AB,교양필수,1,1,월요일(18:50~19:40),3410,윤건,20200035,16/20,"[공공인재전공예약분반] 경제통상·국제·공공인재융합계열 D반 수강 / 재학생, 편입생 : 공공인재 신청",,0,,대면,,,2025,1,1학기
400000,교양과정,2025,1,KY677,대학생활길잡이,AC,교양필수,1,1,월요일(18:50~19:40),3411,노승철,20210027,10/16,"경제통상·국제·공공인재융합계열 D반 수강/ 재학생, 편입생 : 공공인재",,1,,대면,,,2025,1,1학기
400000,교양과정,2025,1,KY677,대학생활길잡이,B2,교양필수,1,1,월요일(18:50~19:40),20401,유형동,20220034,18/20,"[한국어문학 전공예약분반] 신학·인문융합계열 G반 수강 / 재학생, 편입생 : 한국어문학",,1,,대면,,,2025,1,1학기
400000,교양과정,2025,1,KY677,대학생활길잡이,B4,교양필수,1,1,월요일(18:50~19:40),20506,김지혜,20230138,16/20,"신학·인문융합계열 G반 수강 / 재학생, 편입생 : 한국어문학 신청",,1,,대면,,,2025,1,1학기
400000,교양과정,2025,1,KY677,대학생활길잡이,C1,교양필수,1,1,목요일(11:00~11:50),3203,박미선,20090009,15/17,"[영미문화 전공예약분반] 신학·인문융합계열 E반 수강 / 재학생, 편입생 : 영미문화",,1,,대면,,,2025,1,1학기
400000,교양과정,2025,1,KY677,대학생활길잡이,C2,교양필수,1,1,목요일(11:00~11:50),3201,이향미,20200051,10/17,"신학·인문융합계열 E반 수강 / 재학생, 편입생 : 영미문화 신청",,1,,대면,,,2025,1,1학기
400000,교양과정,2025,1,KY677,대학생활길잡이,C3,교양필수,1,1,목요일(11:00~11:50),20405,김지혜,20210073,13/17,"신학·인문융합계열 E반 수강 / 재학생, 편입생 : 영미문화학 신청",,0,,대면,,,2025,1,1학기
400000,교양과정,2025,1,KY677,대학생활길잡이,D1,교양필수,1,1,목요일(11:00~11:50),3503,전춘명,19960084,15/20,"신학·인문융합계열 D반 수강 / 재학생, 편입생 : 독일어문화 신청",,1,,대면,,,2025,1,1학기
400000,교양과정,2025,1,KY677,대학생활길잡이,D2,교양필수,1,1,목요일(11:00~11:50),20403,오동식,20100188,12/20,"[독일어문화학 전공예약분반] 신학·인문융합계열 D반 수강 / 재학생, 편입생 : 독일어문화학",,1,,대면,,,2025,1,1학기
400000,교양과정,2025,1,KY677,대학생활길잡이,E1,교양필수,1,1,월요일(18:50~19:40),3408,김대오,19970107,13/20,"[철학 전공예약분반] 신학·인문융합계열 C반 수강 / 재학생, 편입생 : 철학",,1,,대면,,,2025,1,1학기
400000,교양과정,2025,1,KY677,대학생활길잡이,E2,교양필수,1,1,월요일(18:50~19:40),3506,김희정,20080164,13/20,"신학·인문융합계열 C반 수강 / 재학생, 편입생 : 철학 신청",,1,,대면,,,2025,1,1학기
400000,교양과정,2025,1,KY677,대학생활길잡이,F1,교양필수,1,1,월요일(18:50~19:40),3403,이형원,20210030,12/15,"신학·인문융합계열 H반 수강 / 재학생, 편입생 : 한국사학 신청",,1,,대면,,,2025,1,1학기
400000,교양과정,2025,1,KY677,대학생활길잡이,F2,교양필수,1,1,월요일(18:50~19:40),3405,정해득,20140042,9/15,"신학·인문융합계열 H반 수강 / 재학생, 편입생 : 한국사학 신청",,1,,대면,,,2025,1,1학기
400000,교양과정,2025,1,KY677,대학생활길잡이,F3,교양필수,1,1,월요일(18:50~19:40),20402,정무용,20230010,15/15,"[한국사학 전공예약분반] 신학·인문융합계열 H반 수강 / 재학생, 편입생 : 한국사학",,1,,대면,,,2025,1,1학기
400000,교양과정,2025,1,KY677,대학생활길잡이,F4,교양필수,1,1,월요일(18:50~19:40),3407,이영남,20170017,7/15,"신학·인문융합계열 H반 수강 / 재학생, 편입생 : 한국사학 신청",,0,,대면,,,2025,1,1학기
400000,교양과정,2025,1,KY677,대학생활길잡이,G3,교양필수,1,1,목요일(11:00~11:50),3403,신광철,19960087,13/13,[디영문콘 전공예약생 수강] 신학·인문융합계열 J반 수강,,1,,대면,,,2025,1,1학기
400000,교양과정,2025,1,KY677,대학생활길잡이,G4,교양필수,1,1,목요일(11:00~11:50),18105,이종현,20230011,12/11,신학·인문융합계열 J반 수강,,1,,대면,,,2025,1,1학기
400000,교양과정,2025,1,KY677,대학생활길잡이,G7,교양필수,1,1,목요일(11:00~11:50),3405,김윤성,20060020,16/20,"디영문콘 재학생, 편입생, 외국인 신청",,1,,대면,,,2025,1,1학기
400000,교양과정,2025,1,KY677,대학생활길잡이,H1,교양필수,1,1,화요일(18:50~19:40),3408,백수린,20240068,17/20,"신학·인문융합계열 F반 수강 / 재학생, 편입생 : 문예창작 신청",,1,,대면,,,2025,1,1학기
400000,교양과정,2025,1,KY677,대학생활길잡이,H3,교양필수,1,1,화요일(18:50~19:40),3409,정한아,20220222,16/20,"[문예창작학 전공예약분반] 신학·인문융합계열 F반 수강 / 재학생, 편입생 : 문예창작학",,0,,대면,,,2025,1,1학기
400000,교양과정,2025,1,KY677,대학생활길잡이,H4,교양필수,1,1,화요일(18:50~19:40),3410,강지희,20190189,11/20,"신학·인문융합계열 F반 수강 / 재학생, 편입생 : 문예창작 신청",,0,,대면,,,2025,1,1학기
400000,교양과정,2025,1,KY677,대학생활길잡이,I2,교양필수,1,1,목요일(11:00~11:50),7107,장정해,19930050,16/35,"[중국어문화콘텐츠학전공예약분반] 신학·인문융합계열 I반 수강 / 재학생, 편입생 : 중국어문화콘텐츠학",,1,,대면,,,2025,1,1학기
400000,교양과정,2025,1,KY677,대학생활길잡이,I4,교양필수,1,1,목요일(11:00~11:50),18110,김남희,20200038,19/20,"신학·인문융합계열 I반 수강 / 재학생, 편입생 : 중국어문화 신청",,1,,대면,,,2025,1,1학기
400000,교양과정,2025,1,KY677,대학생활길잡이,I5,교양필수,1,1,목요일(11:00~11:50),18101,강영경,19970108,25/25,"AI·SW계열(H) 수강 / 재학생, 편입생 : IT영상콘텐츠학과 신청",,1,,대면,,,2025,1,1학기
400000,교양과정,2025,1,KY677,대학생활길잡이,J1,교양필수,1,1,수요일(18:50~19:40),20301,성락선,19960085,23/25,"[경제금융학 전공예약분반] 경제통상·국제·공공인재융합계열 B반 수강 / 재학생, 편입생 : 경제금융학",,1,,대면,,,2025,1,1학기
400000,교양과정,2025,1,KY677,대학생활길잡이,J2,교양필수,1,1,목요일(11:00~11:50),3423,한재명,20240069,18/20,"경제통상·국제·공공인재융합계열 B반 수강 / 재학생, 편입생 : 경제금융(경제학) 신청",,1,,대면,,,2025,1,1학기
400000,교양과정,2025,1,KY677,대학생활길잡이,K1,교양필수,1,1,목요일(11:00~11:50),3406,김종엽,19990047,18/20,"휴먼서비스계열 A반 수강 / 재학생, 편입생 : 사회학 신청",,1,,대면,,,2025,1,1학기
400000,교양과정,2025,1,KY677,대학생활길잡이,K4,교양필수,1,1,목요일(11:00~11:50),3206,노중기,19970047,14/20,"[사회학 전공예약분반] 휴먼서비스계열 A반 수강 / 재학생, 편입생 : 사회학",,1,,대면,,,2025,1,1학기
400000,교양과정,2025,1,KY677,대학생활길잡이,L1,교양필수,1,1,목요일(11:00~11:50),7103,송주명,19990049,19/24,"[일본학 전공예약분반] 신학·인문융합계열 K반 수강 / 재학생, 편입생 : 일본학",,1,,대면,,,2025,1,1학기
400000,교양과정,2025,1,KY677,대학생활길잡이,L2,교양필수,1,1,월요일(18:50~19:40),3406,하종문,19960016,14/24,"신학·인문융합계열 K반 수강 / 재학생, 편입생 : 일본학 신청",,1,,대면,,,2025,1,1학기
400000,교양과정,2025,1,KY677,대학생활길잡이,M1,교양필수,1,1,목요일(11:00~11:50),18104,이해영,19960013,16/16,"[국제관계 전공예약분반] 경제통상·국제·공공인재융합계열 A반 수강 / 재학생, 편입생 : 국제관계",,0,,대면,,,2025,1,1학기
400000,교양과정,2025,1,KY677,대학생활길잡이,M4,교양필수,1,1,목요일(11:00~11:50),3407,최형익,20040020,11/12,"경제통상·국제·공공인재융합계열 C반 수강 / 재학생, 편입생 : 국제관계(글로벌인재) 신청",,0,,대면,,,2025,1,1학기
400000,교양과정,2025,1,KY677,대학생활길잡이,M5,교양필수,1,1,월요일(18:50~19:40),3206,박상남,20060141,14/12,"경제통상·국제·공공인재융합계열 C반 수강 / 재학생, 편입생 : 국제관계(글로벌인재) 신청",,1,,대면,,,2025,1,1학기
400000,교양과정,2025,1,KY677,대학생활길잡이,N1,교양필수,1,1,목요일(11:00~11:50),3204,주장환,20080160,9/15,"경제통상·국제·공공인재융합계열 A반 수강 / 재학생, 편입생 : 동아시아(중국학) 신청",,0,,대면,,,2025,1,1학기
400000,교양과정,2025,1,KY677,대학생활길잡이,N2,교양필수,1,1,목요일(11:00~11:50),20502,이일영,19970044,8/15,"경제통상·국제·공공인재융합계열 A반 수강 / 재학생, 편입생 : 동아시아(중국학) 신청",,1,,대면,,,2025,1,1학기
400000,교양과정,2025,1,KY677,대학생활길잡이,N3,교양필수,1,1,목요일(11:00~11:50),20501,김도희,20050055,8/20,"[동아시아 전공예약분반] 경제통상·국제·공공인재융합계열 A반 수강 / 재학생, 편입생 : 동아시아",,1,,대면,,,2025,1,1학기
400000,교양과정,2025,1,KY677,대학생활길잡이,N4,교양필수,1,1,목요일(11:00~11:50),3321,황선미,20190193,8/15,"경제통상·국제·공공인재융합계열 A반 수강 / 재학생, 편입생 : 동아시아(중국학) 신청",,1,,대면,,,2025,1,1학기
400000,교양과정,2025,1,KY677,대학생활길잡이,O1,교양필수,1,1,목요일(11:00~11:50),20507,김예랑,20080163,20/20,"휴먼서비스계열 B반 수강 / 재학생, 편입생 : 사회복지학 신청",,1,,대면,,,2025,1,1학기
400000,교양과정,2025,1,KY677,대학생활길잡이,O2,교양필수,1,1,목요일(11:00~11:50),18210,장익현,20200052,25/26,"[사회복지학 전공예약분반] 휴먼서비스계열 B반 수강 / 재학생, 편입생 : 사회복지학",,0,,대면,,,2025,1,1학기
400000,교양과정,2025,1,KY677,대학생활길잡이,O3,교양필수,1,1,목요일(11:00~11:50),18420,남세현,20170011,5/15,"휴먼서비스계열 C반 수강 / 재학생, 편입생 : 재활상담학 신청",,1,,대면,,,2025,1,1학기
400000,교양과정,2025,1,KY677,대학생활길잡이,O4,교양필수,1,1,목요일(11:00~11:50),3506,이인재,19940025,4/15,"휴먼서비스계열 C반 수강 / 재학생, 편입생 : 재활상담학 신청",,0,,대면,,,2025,1,1학기
400000,교양과정,2025,1,KY677,대학생활길잡이,O5,교양필수,1,1,목요일(11:00~11:50),18417,이경숙,19990077,15/15,"[재활상담학 전공예약분반] 휴먼서비스계열 C반 수강 / 재학생, 편입생 : 재활상담학",,1,,대면,,,2025,1,1학기
400000,교양과정,2025,1,KY677,대학생활길잡이,O6,교양필수,1,1,목요일(11:00~11:50),3409,백변경희,20010014,6/15,"휴먼서비스계열 C반 수강 / 재학생, 편입생 : 재활상담학 신청",,0,,대면,,,2025,1,1학기
400000,교양과정,2025,1,KY677,대학생활길잡이,P1,교양필수,1,1,화요일(18:50~19:40),7104,전창환,19970038,5/15,"경제통상·국제·공공인재융합계열 B반 수강 / 재학생, 편입생 : 경제금융(국제경제학) 신청",,1,,대면,,,2025,1,1학기
400000,교양과정,2025,1,KY677,대학생활길잡이,P2,교양필수,1,1,화요일(18:50~19:40),8110,정지영,20190192,10/15,"경제통상·국제·공공인재융합계열 B반 수강 / 재학생, 편입생 : 경제금융(국제경제학) 신청",,1,,대면,,,2025,1,1학기
400000,교양과정,2025,1,KY677,대학생활길잡이,P3,교양필수,1,1,목요일(11:00~11:50),20505,정희진,20230012,13/15,"경제통상·국제·공공인재융합계열 B반 수강 / 재학생, 편입생 : 경제금융(국제경제학) 신청",,1,,대면,,,2025,1,1학기
400000,교양과정,2025,1,KY677,대학생활길잡이,Q1,교양필수,1,1,목요일(11:00~11:50),18311,김경민,20160030,15/16,"[경영학 전공예약분반1] 경영·미디어계열 A반 수강 / 재학생, 편입생 : 경영학",,1,,대면,,,2025,1,1학기
400000,교양과정,2025,1,KY677,대학생활길잡이,Q3,교양필수,1,1,목요일(11:00~11:50),18102,이건범,20090026,15/15,"[경영학 전공예약분반2] 경영·미디어계열 A반 수강 / 재학생, 편입생 : 경영학",,1,,대면,,,2025,1,1학기
400000,교양과정,2025,1,KY677,대학생활길잡이,Q4,교양필수,1,1,수요일(18:50~19:40),3506,유현미,20240070,7/15,"경영·미디어계열 A반 수강 / 재학생, 편입생 : 경영학 신청",,1,,대면,,,2025,1,1학기
400000,교양과정,2025,1,KY677,대학생활길잡이,Q5,교양필수,1,1,월요일(18:50~19:40),18101,정의범,20210033,8/15,"경영·미디어계열 A반 수강 / 재학생, 편입생 : 경영학 신청",,1,,대면,,,2025,1,1학기
400000,교양과정,2025,1,KY677,대학생활길잡이,Q6,교양필수,1,1,목요일(11:00~11:50),18106,최지환,20230015,9/15,"경영·미디어계열 A반 수강 / 재학생, 편입생 : 경영학 신청",,1,,대면,,,2025,1,1학기
400000,교양과정,2025,1,KY677,대학생활길잡이,R1,교양필수,1,1,목요일(11:00~11:50),18211,문철수,20010229,13/13,"경영·미디어계열 D반 수강 / 재학생, 편입생 : 미영광홍 신청",,1,,대면,,,2025,1,1학기
400000,교양과정,2025,1,KY677,대학생활길잡이,R2,교양필수,1,1,목요일(11:00~11:50),18211-1,채희상,20130174,13/13,"[미영광홍 전공예약분반1] 경영·미디어계열 D반 수강 / 재학생, 편입생 : 미영광홍",,1,,대면,,,2025,1,1학기
400000,교양과정,2025,1,KY677,대학생활길잡이,R3,교양필수,1,1,목요일(11:00~11:50),18212,지원배,20170127,12/13,"경영·미디어계열 D반 수강 / 재학생, 편입생 : 미영광홍 신청",,1,,대면,,,2025,1,1학기
400000,교양과정,2025,1,KY677,대학생활길잡이,R4,교양필수,1,1,목요일(11:00~11:50),18310,박혜영,20210072,14/14,"[미영광홍 전공예약분반2] 경영·미디어계열 D반 수강 / 재학생, 편입생 : 미영광홍",,1,,대면,,,2025,1,1학기
400000,교양과정,2025,1,KY677,대학생활길잡이,R5,교양필수,1,1,목요일(11:00~11:50),18421,이성미,20170128,8/13,"경영·미디어계열 D반 수강 / 재학생, 편입생 : 미영광홍 신청",,1,,대면,,,2025,1,1학기
400000,교양과정,2025,1,KY677,대학생활길잡이,R6,교양필수,1,1,목요일(11:00~11:50),18309,김민철,20250012,8/13,"경영·미디어계열 D반 수강 / 재학생, 편입생 : 미영광홍 신청",,1,,대면,,,2025,1,1학기
400000,교양과정,2025,1,KY677,대학생활길잡이,S1,교양필수,1,1,화요일(18:50~19:40),7305,김상욱,20030021,11/15,"경영·미디어계열 B반 수강 / 재학생, 편입생 : IT경영학 신청",,1,,대면,,,2025,1,1학기
400000,교양과정,2025,1,KY677,대학생활길잡이,S2,교양필수,1,1,화요일(18:50~19:40),7301,신재우,20240071,17/20,"[IT경영학 전공예약분반] 경영·미디어계열 B반 수강 / 재학생, 편입생 : IT경영학",,1,,대면,,,2025,1,1학기
400000,교양과정,2025,1,KY677,대학생활길잡이,T1,교양필수,1,1,목요일(11:00~11:50),18418,장종익,20120119,9/15,"경영·미디어계열 C반 수강 / 재학생, 편입생 : 글로벌비즈니스학 신청",,0,,대면,,,2025,1,1학기
400000,교양과정,2025,1,KY677,대학생활길잡이,T2,교양필수,1,1,화요일(18:50~19:40),3412,양영수,20210032,8/15,"경영·미디어계열 C반 수강 / 재학생, 편입생 : 글로벌비즈니스학 신청",,1,,대면,,,2025,1,1학기
400000,교양과정,2025,1,KY677,대학생활길잡이,T3,교양필수,1,1,수요일(18:50~19:40),7105,유한나,20220223,12/15,"[글로벌비즈니스학 전공예약분반] 경영·미디어계열 C반 수강 / 재학생, 편입생 : 글로벌비즈니스학",,1,,대면,,,2025,1,1학기
400000,교양과정,2025,1,KY677,대학생활길잡이,U1,교양필수,1,1,목요일(11:00~11:50),7316,박기현,19940031,23/25,"첨단(이공계)융합계열 A반 수강 / 재학생, 편입생 : 금융공학(수리금융학) 신청",,0,,대면,,,2025,1,1학기
400000,교양과정,2025,1,KY677,대학생활길잡이,U2,교양필수,1,1,월요일(18:50~19:40),7315,정재웅,20210034,21/20,"[금융공학 전공예약분반] 첨단융합계열 A반 수강 / 재학생, 편입생 : 금융공학",,1,,대면,,,2025,1,1학기
400000,교양과정,2025,1,KY677,대학생활길잡이,V1,교양필수,1,1,금요일(11:00~11:50),7203,박동련,19960011,17/25,"첨단(이공계)융합계열 B반 수강 / 재학생, 편입생 : 빅데이터융합학(응용통계학) 신청",,1,,대면,,,2025,1,1학기
400000,교양과정,2025,1,KY677,대학생활길잡이,V3,교양필수,1,1,화요일(18:50~19:40),7202,김유신,20240163,21/25,"[빅데이터융합학 전공예약분반] 첨단융합계열 B반 수강 / 재학생, 편입생 : 빅데이터융합학",,1,,대면,,,2025,1,1학기
400000,교양과정,2025,1,KY677,대학생활길잡이,W2,교양필수,1,1,화요일(18:50~19:40),10204,박상현,20210074,14/20,"특수체육학계열 A반 수강 / 재학생, 편입생 : 특수체육학 신청",,1,,대면,,,2025,1,1학기
400000,교양과정,2025,1,KY677,대학생활길잡이,W3,교양필수,1,1,목요일(11:00~11:50),10201,조규청,20080107,21/20,"특수체육학계열 A반 수강 / 재학생, 편입생 : 특수체육학 신청",,1,,대면,,,2025,1,1학기
400000,교양과정,2025,1,KY677,대학생활길잡이,X1,교양필수,1,1,목요일(11:00~11:50),18207,손승일,20020195,25/25,"AI·SW계열 수강 / 재학생, 편입생 : AISW계열(H), 컴퓨터공학부 신청",,1,,대면,,,2025,1,1학기
400000,교양과정,2025,1,KY677,대학생활길잡이,X2,교양필수,1,1,목요일(11:00~11:50),18208,류승택,20040026,18/25,"AI·SW계열 수강 / 재학생, 편입생 : AISW계열(H), 컴퓨터공학부 신청",,1,,대면,,,2025,1,1학기
400000,교양과정,2025,1,KY677,대학생활길잡이,X3,교양필수,1,1,월요일(18:50~19:40),18209,조성호,20020194,14/25,"AI·SW계열 수강 / 재학생, 편입생 : AISW계열(H), 컴퓨터공학부 신청",,1,,대면,,,2025,1,1학기
400000,교양과정,2025,1,KY677,대학생활길잡이,X4,교양필수,1,1,목요일(11:00~11:50),18314,이성구,19990055,20/25,"AI·SW계열 수강 / 재학생, 편입생 : AISW계열(H), 컴퓨터공학부 신청",,0,,대면,,,2025,1,1학기
400000,교양과정,2025,1,KY677,대학생활길잡이,X5,교양필수,1,1,목요일(11:00~11:50),18419,이용걸,20210023,21/25,"AI·SW계열 수강 / 재학생, 편입생 : AISW계열(H), 컴퓨터공학부 신청",,1,,대면,,,2025,1,1학기
400000,교양과정,2025,1,KY677,대학생활길잡이,X6,교양필수,1,1,목요일(11:00~11:50),18422,김선만,20240166,17/25,"AI·SW계열 수강 / 재학생, 편입생 : AISW계열(H), 컴퓨터공학부 신청",,1,,대면,,,2025,1,1학기
400000,교양과정,2025,1,KY677,대학생활길잡이,Y1,교양필수,1,1,목요일(11:00~11:50),18424,홍승필,20240164,22/25,"AI·SW계열 수강 / 재학생, 편입생 : AISW계열(H), 소웨융 신청",,1,,대면,,,2025,1,1학기
400000,교양과정,2025,1,KY677,대학생활길잡이,Y2,교양필수,1,1,목요일(11:00~11:50),18307,오석희,20240165,18/25,"AI·SW계열 수강 / 재학생, 편입생 : AISW계열(H), 소웨융 신청",,1,,대면,,,2025,1,1학기
400000,교양과정,2025,1,KY677,대학생활길잡이,Y3,교양필수,1,1,목요일(11:00~11:50),18521,서정욱,20200078,24/25,"AI·SW계열 수강 / 재학생, 편입생 : AISW계열(H), 소웨융 신청",,1,,대면,,,2025,1,1학기
400000,교양과정,2025,1,KY677,대학생활길잡이,Y4,교양필수,1,1,목요일(11:00~11:50),18520,윤효석,20190207,25/25,"AI·SW계열 수강 / 재학생, 편입생 : AISW계열(H), 소웨융 신청",,1,,대면,,,2025,1,1학기
400000,교양과정,2025,1,KY677,대학생활길잡이,Y5,교양필수,1,1,목요일(11:00~11:50),18523,박기홍,20240073,25/25,"AI·SW계열 수강 / 재학생, 편입생 : AISW계열(H), 소웨융 신청",,1,,대면,,,2025,1,1학기
400000,교양과정,2025,1,KY677,대학생활길잡이,Y7,교양필수,1,1,목요일(11:00~11:50),18425,백수진,20230139,32/35,교양필수 / AI시스템반도체학(1학년) 신청,,1,,대면,,,2025,1,1학기
400000,교양과정,2025,1,KY677,대학생활길잡이,Z1,교양필수,1,1,목요일(11:00~11:50),17204,김상원,20230013,13/20,"[심리아동학 전공예약분반2] 휴먼서비스계열 D반 수강 / 재학생, 편입생 : 심리아동학",,1,,대면,,,2025,1,1학기
400000,교양과정,2025,1,KY677,대학생활길잡이,Z2,교양필수,1,1,목요일(11:00~11:50),18420-1,유희정,20170124,13/20,"교양필수 / 휴먼서비스계열 D반 수강 / 재학생, 편입생 : 심리아동학 신청",,1,,대면,,,2025,1,1학기
400000,교양과정,2025,1,KY677,대학생활길잡이,Z3,교양필수,1,1,목요일(11:00~11:50),18212-1,안도연,20210035,14/15,"교양필수 / 휴먼서비스계열 D반 수강 / 재학생, 편입생 : 심리아동학 신청",,1,,대면,,,2025,1,1학기
400000,교양과정,2025,1,KY677,대학생활길잡이,Z4,교양필수,1,1,목요일(11:00~11:50),17201,구훈정,20150127,13/15,"[심리아동학 전공예약분반1] 휴먼서비스계열 D반 수강 / 재학생, 편입생 : 심리아동학",,1,,대면,,,2025,1,1학기
400000,교양과정,2025,1,KY693,광고와삶,A,교양선택,1,3,,,강석원,20130152,90/90,교내온라인 / 미디어영상광고홍보제외 // 교내온라인,창의융합,1,,교내온라인,,,2025,1,1학기
400000,교양과정,2025,1,KY696,문학과영화에서죽음의의미,A,교양선택,1,3,"금요일(16:00~17:15), 금요일(17:30~18:45)","18523, 18523",오동식,20100188,81/90,,인문,1,,대면,,,2025,1,1학기
400000,교양과정,2025,1,KY721,영어Ⅰ,A,교양필수,"3, 4",2,"월요일(14:30~15:45), 수요일(14:30~15:45)","3412, 3412",야니,20120086,18/20,교양필수 영어1 재수강반(2022학번까지 수강 가능) / 한시적개설,글로벌,1,,대면,,,2025,1,1학기
400000,교양과정,2025,1,KY724,드라마의이해,A,교양선택,1,3,"목요일(13:00~14:15), 목요일(14:30~15:45)","3506, 3506",김민수,20240009,48/48,,인문,1,,대면,,,2025,1,1학기
400000,교양과정,2025,1,KY734,영화입문,A,교양선택,1,3,"화요일(16:00~17:15), 화요일(17:30~18:45)","3423, 3423",이익주,20150010,89/90,,인문,1,,대면,,,2025,1,1학기
400000,교양과정,2025,1,KY755,철학이란무엇인가,A,교양선택,1,3,"월요일(16:00~17:15), 수요일(17:30~18:45)","18519, 18519",이문교,20220135,60/90,,인문,1,,대면,,,2025,1,1학기
400000,교양과정,2025,1,KY756,현대사회와윤리,A,교양선택,1,3,"화요일(16:00~17:15), 화요일(17:30~18:45)","3505, 3505",김대오,19970107,41/48,,인문,1,,대면,,,2025,1,1학기
400000,교양과정,2025,1,KY765,정치란무엇인가,A,교양선택,1,3,"목요일(16:00~17:15), 목요일(17:30~18:45)","3203, 3203",박상준,20220225,69/70,,리더십,1,,대면,,,2025,1,1학기
400000,교양과정,2025,1,KY786,뉴턴과근대과학탄생의비밀,A,교양선택,1,3,"월요일(09:30~10:45), 수요일(11:00~12:15)","18418, 18418",정태성,20080106,46/50,,지식정보,1,,대면,,,2025,1,1학기
400000,교양과정,2025,1,KY796,"식품,건강,사회",A,교양선택,1,3,,,이일영,19970044,48/50,LMS 온라인강의 // 교내온라인,지식정보,1,,교내온라인,,,2025,1,1학기
400000,교양과정,2025,1,KY800,구급과안전교육,A,교양선택,1,2,"금요일(09:30~10:45), 금요일(11:00~12:15)","18523, 18523",강이용,20240148,46/90,,지식정보,1,,대면,,,2025,1,1학기
400000,교양과정,2025,1,KY817,축구,A,교양선택,1,2,"수요일(16:00~17:15), 수요일(17:30~18:45)","10301, 10301",명왕성,20210019,27/30,특체과수강금지(1학년허용),인문,1,,대면,,,2025,1,1학기
400000,교양과정,2025,1,KY818,농구,A,교양선택,1,2,"목요일(13:00~14:15), 목요일(14:30~15:45)","10301, 10301",박상현,20210074,22/25,특체과수강금지(1학년허용),인문,1,,대면,,,2025,1,1학기
400000,교양과정,2025,1,KY820,테니스,A,교양선택,1,2,"목요일(09:30~10:45), 목요일(11:00~12:15)","10301, 10301",김수겸,20130148,19/20,특체과수강금지(1학년허용),인문,1,,대면,,,2025,1,1학기
400000,교양과정,2025,1,KY826,호신술,A,교양선택,1,2,"목요일(13:00~14:15), 목요일(14:30~15:45)","10206, 10206",김윤정,20220148,23/30,특체과수강금지(1학년허용),인문,1,,대면,,,2025,1,1학기
400000,교양과정,2025,1,KY828,등산과트래킹,A,교양선택,1,2,"금요일(13:00~14:15), 금요일(14:30~15:45)","10204, 10204",명왕성,20210019,29/30,특체과수강금지(1학년허용),인문,1,,대면,,,2025,1,1학기
400000,교양과정,2025,1,KY835,봉사활동Ⅰ,A,교양선택,1,1,,,"김예랑, 박원식",20080163,65/90,"P/N 교과목/오리엔테이션 필참,30시간이상 봉사활동 수행, 인증서 제출",리더십,1,,N,,,2025,1,1학기
400000,교양과정,2025,1,KY842,중국어Ⅰ,A,교양선택,1,2,"화요일(13:00~14:15), 목요일(13:00~14:15)","3405, 3405",문미진,20190194,35/36,중국어문화콘텐츠학 2학년 이상 수강 금지,글로벌,1,,대면,,,2025,1,1학기
400000,교양과정,2025,1,KY844,중국어회화Ⅰ,A,교양선택,1,2,"월요일(14:30~15:45), 수요일(14:30~15:45)","3308, 3308",PANG LI,20120123,23/30,"중국어문화콘텐츠전공(중국어문화영상융합포함), 중국학전공 2학년 이상 학생 수강 금지.",글로벌,1,,대면,,,2025,1,1학기
400000,교양과정,2025,1,KY861,올바른언어생활,A,교양선택,1,2,"화요일(16:00~17:15), 화요일(17:30~18:45)","7215, 7215",성은실,20220206,33/74,,소통,1,,대면,,,2025,1,1학기
400000,교양과정,2025,1,KY876,노동과인간,A,교양선택,1,3,"목요일(13:00~14:15), 목요일(14:30~15:45)","18106, 18106",노중기,19970047,49/50,,리더십,1,,대면,,,2025,1,1학기
400000,교양과정,2025,1,KY879,기독교와인문학,A,교양필수,1,2,화요일(11:00~12:40),18420,박재형,20250018,90/90,교필과목/기독교과목,소통,1,,대면,,,2025,1,1학기
400000,교양과정,2025,1,KY879,기독교와인문학,B,교양필수,1,2,수요일(17:30~19:10),18420,진형섭,20209150,89/90,교필과목/기독교과목,소통,1,,대면,,,2025,1,1학기
400000,교양과정,2025,1,KY879,기독교와인문학,C,교양필수,1,2,금요일(11:00~12:40),18420,진형섭,20209150,89/90,교필과목/기독교과목,소통,1,,대면,,,2025,1,1학기
400000,교양과정,2025,1,KY879,기독교와인문학,D,교양필수,1,2,금요일(13:00~14:40),18420,진형섭,20209150,89/90,교필과목/기독교과목,소통,1,,대면,,,2025,1,1학기
400000,교양과정,2025,1,KY882,기독교와세계종교,A,교양필수,1,2,월요일(11:00~12:40),18212,박재형,20250018,90/90,교필과목/기독교과목,소통,1,,대면,,,2025,1,1학기
400000,교양과정,2025,1,KY882,기독교와세계종교,B,교양필수,1,2,월요일(17:30~19:10),18420,박재형,20250018,90/90,교필과목/기독교과목,소통,1,,대면,,,2025,1,1학기
400000,교양과정,2025,1,KY883,영화속의기독교,A,교양필수,1,2,수요일(17:30~19:10),18211,강은미,20209151,90/90,교필과목/기독교과목,소통,1,,대면,,,2025,1,1학기
400000,교양과정,2025,1,KY883,영화속의기독교,B,교양필수,1,2,금요일(13:00~14:40),18211,강은미,20209151,90/90,교필과목/기독교과목,소통,1,,대면,,,2025,1,1학기
400000,교양과정,2025,1,KY890,교회음악Ⅰ,A,교양선택,1,2,화요일(11:00~12:40),3506,정춘,20220217,20/20,강의실변경 4105->3506,인문,1,,대면,,,2025,1,1학기
400000,교양과정,2025,1,KY896,서양고전문학길잡이,A,교양선택,1,3,,,오동식,20100188,90/90,교내온라인 // 교내온라인,인문,1,,교내온라인,,,2025,1,1학기
400000,교양과정,2025,1,KY898,재미있는광고이야기,A,교양선택,1,3,,,최환진,20230031,90/90,교내온라인 / 미디어영상광고홍보학부 수강금지 // 교내온라인,창의융합,1,,교내온라인,,,2025,1,1학기
400000,교양과정,2025,1,KY921,사회생활길잡이,AA,교양필수,2,1,수요일(18:50~19:40),18101,임익수,20230014,22/40,AI·SW계열(2학년) 수강신청,리더십,1,,대면,,,2025,1,1학기
400000,교양과정,2025,1,KY921,사회생활길잡이,AB,교양필수,2,1,수요일(17:30~18:20),18102,이성구,19990055,13/40,AI·SW계열(2학년) 수강신청,리더십,1,,대면,,,2025,1,1학기
400000,교양과정,2025,1,KY921,사회생활길잡이,AC,교양필수,2,1,수요일(17:30~18:20),18103,이형우,20030008,40/40,AI·SW계열(2학년) 수강신청,리더십,1,,대면,,,2025,1,1학기
400000,교양과정,2025,1,KY921,사회생활길잡이,AD,교양필수,2,1,수요일(17:30~18:20),18104,여협구,20090007,28/40,AI·SW계열(2학년) 수강신청,리더십,1,,대면,,,2025,1,1학기
400000,교양과정,2025,1,KY921,사회생활길잡이,AE,교양필수,2,1,수요일(18:50~19:40),18211-1,박성진,20000021,2/40,AI·SW계열(2학년) 수강신청,리더십,1,,대면,,,2025,1,1학기
400000,교양과정,2025,1,KY921,사회생활길잡이,AF,교양필수,2,1,수요일(17:30~18:20),18212-1,임익수,20230014,2/40,"컴공부, 소웨융, 아영콘 신청",리더십,1,,대면,,,2025,1,1학기
400000,교양과정,2025,1,KY921,사회생활길잡이,AG,교양필수,2,1,수요일(17:30~18:20),18420-1,이양선,20210020,39/40,"컴공부, 소웨융, 아영콘 신청",리더십,1,,대면,,,2025,1,1학기
400000,교양과정,2025,1,KY921,사회생활길잡이,AH,교양필수,2,1,수요일(17:30~18:20),18101,안현,20210024,17/40,"컴공부, 소웨융, 아영콘 신청",리더십,1,,대면,,,2025,1,1학기
400000,교양과정,2025,1,KY921,사회생활길잡이,R2,교양필수,2,1,월요일(17:30~18:20),10201,박상현,20210074,14/30,학과 지도교수 확인 후 신청,리더십,1,,대면,,,2025,1,1학기
400000,교양과정,2025,1,KY921,사회생활길잡이,R3,교양필수,2,1,월요일(17:30~18:20),10204,조규청,20080107,3/25,학과 지도교수 확인 후 신청,리더십,1,,대면,,,2025,1,1학기
400000,교양과정,2025,1,KY921,사회생활길잡이,V1,교양필수,2,1,수요일(16:00~16:50),7301,신재우,20240071,6/20,"학번 맨 끝자리 1~10, 26~30, 편입생 수강",리더십,1,,대면,,,2025,1,1학기
400000,교양과정,2025,1,KY921,사회생활길잡이,X1,교양필수,2,1,화요일(17:30~18:20),18211-1,정재웅,20210034,4/25,,리더십,1,,대면,,,2025,1,1학기
400000,교양과정,2025,1,KY921,사회생활길잡이,X2,교양필수,2,1,수요일(16:00~16:50),18420-1,윤성식,19960015,8/25,,리더십,0,,대면,,,2025,1,1학기
400000,교양과정,2025,1,KY921,사회생활길잡이,X4,교양필수,2,1,수요일(16:00~16:50),7202,변종석,19970018,16/25,,리더십,1,,대면,,,2025,1,1학기
400000,교양과정,2025,1,KY921,사회생활길잡이,X5,교양필수,2,1,수요일(16:00~16:50),7203,유한나,20220033,2/25,,리더십,1,,대면,,,2025,1,1학기
400000,교양과정,2025,1,KY921,사회생활길잡이,Y7,교양필수,2,1,수요일(17:30~18:20),18425,정승민,20060142,12/35,교양필수 / AI시스템반도체학(2학년) 신청,리더십,1,,대면,,,2025,1,1학기
400000,교양과정,2025,1,KY921,사회생활길잡이,Z1,교양필수,2,1,수요일(17:30~18:20),18419,이용걸,20210023,35/35,[2016학번부터필수] 소프트웨어융합학부/P/NP과목,리더십,1,,대면,,,2025,1,1학기
400000,교양과정,2025,1,KY949,유럽속의독일문화,A,교양선택,1,3,,,심혜경,20210029,59/60,교내온라인 // 교내온라인,글로벌,1,,교내온라인,,,2025,1,1학기
400000,교양과정,2025,1,KY952,한국미술의감상과이해,A,교양선택,1,3,,,공주형,20150011,90/90,교내 온라인 강좌 // 교내온라인,인문,1,,교내온라인,,,2025,1,1학기
400000,교양과정,2025,1,KY961,결혼과가족,A,교양선택,1,3,수요일(13:00~14:15),18106,김영주,20210018,50/50,블랜디드 수업,지식정보,1,,블랜디드,,,2025,1,1학기
400000,교양과정,2025,1,KY963,예술로말하기1,A,교양선택,1,3,"화요일(13:00~14:15), 화요일(14:30~15:45)","18212-1, 18212-1",유순혜,20230127,20/20,,인문,1,,대면,,,2025,1,1학기
400000,교양과정,2025,1,KY964,시각문화의역사,A,교양선택,1,3,"월요일(13:00~14:15), 수요일(13:00~14:15)","18421, 18421",이익주,20150010,90/90,,인문,1,,대면,,,2025,1,1학기
400000,교양과정,2025,1,KY967,명화의사회사,A,교양선택,1,3,,,공주형,20150011,90/90,교내온라인 강좌 // 교내온라인,인문,1,,교내온라인,,,2025,1,1학기
400000,교양과정,2025,1,KY968,미술로의초대,A,교양선택,1,3,,,공주형,20150011,72/73,온라인 수업으로 변경 // 교내온라인,인문,1,,교내온라인,,,2025,1,1학기
400000,교양과정,2025,1,KY983,시사영어,A,교양선택,1,3,"월요일(14:30~15:45), 수요일(14:30~15:45)","18101, 18101",이아름,20240155,20/35,,,1,,대면,,,2025,1,1학기
400000,교양과정,2025,1,KY991,기초영어회화1,A1,교양선택,1,2,"월요일(09:30~10:45), 수요일(11:00~12:15)","3412, 3412",야니,20120086,10/20,영문과수강금지(1학년허용) / 수강인원 5명 이상 개설,글로벌,1,,대면,,,2025,1,1학기
400000,교양과정,2025,1,KY991,기초영어회화1,A2,교양선택,1,2,"월요일(13:00~14:15), 수요일(13:00~14:15)","3412, 3412",야니,20120086,20/20,영문과수강금지(1학년허용) / 수강인원 5명 이상 개설,글로벌,1,,대면,,,2025,1,1학기
400000,교양과정,2025,1,KY991,기초영어회화1,A3,교양선택,1,2,"화요일(09:30~10:45), 목요일(11:00~12:15)","3412, 3412",야니,20120086,6/20,영문과수강금지(1학년허용) / 수강인원 5명 이상 개설,글로벌,1,,대면,,,2025,1,1학기
400000,교양과정,2025,1,KY991,기초영어회화1,A4,교양선택,1,2,"화요일(11:00~12:15), 목요일(09:30~10:45)","3412, 3412",야니,20120086,10/20,영문과수강금지(1학년허용) / 수강인원 5명 이상 개설,글로벌,1,,대면,,,2025,1,1학기
400000,교양과정,2025,1,KY991,기초영어회화1,B1,교양선택,1,2,"월요일(11:00~12:15), 수요일(09:30~10:45)","3411, 3411",모리스,20120085,11/20,영문과수강금지(1학년허용) / 수강인원 5명 이상 개설,글로벌,1,,대면,,,2025,1,1학기
400000,교양과정,2025,1,KY991,기초영어회화1,B2,교양선택,1,2,"월요일(13:00~14:15), 수요일(13:00~14:15)","3411, 3411",모리스,20120085,18/20,영문과수강금지(1학년허용) / 수강인원 5명 이상 개설,글로벌,1,,대면,,,2025,1,1학기
400000,교양과정,2025,1,KY991,기초영어회화1,B3,교양선택,1,2,"화요일(09:30~10:45), 목요일(11:00~12:15)","3411, 3411",모리스,20120085,11/20,영문과수강금지(1학년허용) / 수강인원 5명 이상 개설,글로벌,1,,대면,,,2025,1,1학기
400000,교양과정,2025,1,KY991,기초영어회화1,B4,교양선택,1,2,"화요일(11:00~12:15), 목요일(09:30~10:45)","3411, 3411",모리스,20120085,10/20,영문과수강금지(1학년허용) / 수강인원 5명 이상 개설,글로벌,1,,대면,,,2025,1,1학기
400000,교양과정,2025,1,KY991,기초영어회화1,C1,교양선택,1,2,"화요일(13:00~14:15), 목요일(13:00~14:15)","20506, 20506",매튜,20140043,14/20,영문과수강금지(1학년허용) / 수강인원 5명 이상 개설,글로벌,1,,대면,,,2025,1,1학기
400000,교양과정,2025,1,KY993,중급영어회화1,A1,교양선택,1,2,"월요일(09:30~10:45), 수요일(11:00~12:15)","20506, 20506",매튜,20140043,14/15,영문과수강금지(1학년허용) / 수강인원 5명 이상 개설(절대평가),글로벌,1,,대면,,,2025,1,1학기
400000,교양과정,2025,1,KY993,중급영어회화1,A2,교양선택,1,2,"월요일(11:00~12:15), 수요일(09:30~10:45)","20506, 20506",매튜,20140043,13/15,영문과수강금지(1학년허용) / 수강인원 5명 이상 개설(절대평가),글로벌,1,,대면,,,2025,1,1학기
400000,교양과정,2025,1,KY993,중급영어회화1,A3,교양선택,1,2,"월요일(13:00~14:15), 수요일(13:00~14:15)","20506, 20506",매튜,20140043,15/15,영문과수강금지(1학년허용) / 수강인원 5명 이상 개설(절대평가),글로벌,1,,대면,,,2025,1,1학기
400000,교양과정,2025,1,KY993,중급영어회화1,A4,교양선택,1,2,"월요일(14:30~15:45), 수요일(14:30~15:45)","20506, 20506",매튜,20140043,14/15,영문과수강금지(1학년허용) / 수강인원 5명 이상 개설(절대평가),글로벌,1,,대면,,,2025,1,1학기
400000,교양과정,2025,1,KYA21,물리란무엇인가,A,교양선택,1,3,"월요일(13:00~14:15), 수요일(13:00~14:15)","18418, 18418",정태성,20080106,50/50,구) 물리및실험 이수자 수강 불가,지식정보,1,,대면,,,2025,1,1학기
400000,교양과정,2025,1,KYA22,인간과교육,A,교양선택,1,3,화요일(14:30~15:45),7107,옥장흠,20060143,49/49,블랜디드 수업,리더십,1,,블랜디드,,,2025,1,1학기
400000,교양과정,2025,1,KYA24,중국문화길잡이,A,교양선택,1,3,,,류기수,19950013,89/90,온라인 수강. 중국 관련 전공(복수전공 포함)3-4학년 수강 불인정 // 교내온라인,인문,1,,교내온라인,,,2025,1,1학기
400000,교양과정,2025,1,KYA30,기초독일어실습Ⅰ,A,교양선택,1,2,,,전춘명,19960084,90/90,"교내온라인 / 독어독문학 수강금지(1학년허용), 구)독일어Ⅰ // 교내온라인",글로벌,1,,교내온라인,,,2025,1,1학기
400000,교양과정,2025,1,KYA67,지혜로운소비와재테크,A,교양선택,1,3,"화요일(16:00~17:15), 화요일(17:30~18:45)","18212, 18212",염동호,20190191,71/90,,지식정보,1,,대면,,,2025,1,1학기
400000,교양과정,2025,1,KYA69,연기예술1:행동,A,교양선택,1,3,"목요일(13:00~14:15), 목요일(14:30~15:45)","18523, 18523",장우현,20220169,32/50,,창의융합,1,,대면,,,2025,1,1학기
400000,교양과정,2025,1,KYA70,감정수업:침묵과말,A,교양선택,1,3,"목요일(16:00~17:15), 목요일(17:30~18:45)","18523, 18523",장우현,20220169,47/50,,창의융합,1,,대면,,,2025,1,1학기
400000,교양과정,2025,1,KYA77,도시와환경,A,교양선택,1,3,"목요일(13:00~14:15), 목요일(14:30~15:45)","18520, 18520",이상헌,20080165,83/90,구)생태론이란무엇인가,글로벌,1,,대면,,,2025,1,1학기
400000,교양과정,2025,1,KYA81,금융과사회,A,교양선택,1,3,,,전창환,19970038,62/65,교내온라인 // 교내온라인,글로벌,1,,교내온라인,,,2025,1,1학기
400000,교양과정,2025,1,KYA82,아동발달과양육사의이해,A,교양선택,1,3,"화요일(13:00~14:15), 화요일(14:30~15:45)","18420, 18420",홍정은,20240171,82/90,발달재활서비스제공인력 놀이심리재활 공통선택 과목,인문,1,,대면,,,2025,1,1학기
400000,교양과정,2025,1,KYA88,기독교와음식문화,A,교양선택,1,3,,,옥장흠,20060143,90/90,"교양필수아님,일반교양선택과목 // 교내온라인",창의융합,1,,교내온라인,,,2025,1,1학기
400000,교양과정,2025,1,KYA94,문학으로읽는동아시아의평화,A,교양선택,1,3,"월요일(13:00~14:15), 수요일(13:00~14:15)","3321, 3321",김계자,20190276,40/40,,리더십,1,,대면,,,2025,1,1학기
400000,교양과정,2025,1,KYC01,좋은기업찾기프로젝트,A,교양선택,"2, 3, 4",3,,,김용희,20220224,90/90,교내온라인 // 교내온라인,창의융합,1,,교내온라인,,,2025,1,1학기
400000,교양과정,2025,1,KYC21,오르간연주법1,A,교양선택,1,2,월요일(13:00~14:40),4105,정춘,20220217,20/20,,인문,1,,대면,,,2025,1,1학기
400000,교양과정,2025,1,KYC41,나를찾아떠나는여행,A,교양선택,1,2,금요일(17:30~19:10),4107,강은미,20209151,30/30,,,1,,대면,,,2025,1,1학기
400000,교양과정,2025,1,KYC45,게임과e스포츠영상의이해,A,교양선택,1,3,"월요일(13:00~14:15), 수요일(13:00~14:15)","3506, 3506",최은경,20210026,48/48,,지식정보,1,,원격화상수업,,,2025,1,1학기
400000,교양과정,2025,1,KYC46,국제개발협력과글로벌이슈,A,교양선택,1,3,"화요일(13:00~14:15), 화요일(14:30~15:45)","3505, 3505",이종운,20190145,44/45,국제관계학(글로벌인재학) 전공학생 수강불가,리더십,1,,대면,,,2025,1,1학기
400000,교양과정,2025,1,KYC54,Essential English,A1,교양필수,1,3,"월요일(09:30~10:45), 수요일(11:00~12:15)","18102, 18102",김경선,20250082,35/37,발표수업 / 신학인문/경제통상/국제/공공인재/경영미디어 계열수강 / 2025학번 교양필수,글로벌,1,,대면,,,2025,1,1학기
400000,교양과정,2025,1,KYC54,Essential English,A2,교양필수,1,3,"월요일(09:30~10:45), 수요일(11:00~12:15)","18106, 18106",차윤정,20090005,44/45,독해수업 / 신학인문/경제통상/국제/공공인재/경영미디어 계열수강 / 2025학번 교양필수,글로벌,1,,대면,,,2025,1,1학기
400000,교양과정,2025,1,KYC54,Essential English,A3,교양필수,1,3,"월요일(09:30~10:45), 수요일(11:00~12:15)","18103, 18103",목승혜,20220141,45/45,독해수업 / 신학인문/경제통상/국제/공공인재/경영미디어 계열수강 / 2025학번 교양필수,글로벌,1,,대면,,,2025,1,1학기
400000,교양과정,2025,1,KYC54,Essential English,A4,교양필수,1,3,"월요일(09:30~10:45), 수요일(11:00~12:15)","18104, 18104",김나영,20230141,45/45,독해수업 / 신학인문/경제통상/국제/공공인재/경영미디어 계열수강 / 2025학번 교양필수,글로벌,1,,대면,,,2025,1,1학기
400000,교양과정,2025,1,KYC54,Essential English,B1,교양필수,1,3,"월요일(11:00~12:15), 수요일(09:30~10:45)","18102, 18102",김경선,20250082,37/37,발표수업 / 신학인문/경제통상/국제/공공인재/경영미디어 계열수강 / 2025학번 교양필수,글로벌,1,,대면,,,2025,1,1학기
400000,교양과정,2025,1,KYC54,Essential English,B2,교양필수,1,3,"월요일(11:00~12:15), 수요일(09:30~10:45)","18104, 18104",심주연,20170023,20/37,발표수업 / 신학인문/경제통상/국제/공공인재/경영미디어 계열수강 / 2025학번 교양필수,글로벌,1,,대면,,,2025,1,1학기
400000,교양과정,2025,1,KYC54,Essential English,B4,교양필수,1,3,"월요일(11:00~12:15), 수요일(09:30~10:45)","18103, 18103",목승혜,20220141,45/45,독해수업 / 신학인문/경제통상/국제/공공인재/경영미디어 계열수강 / 2025학번 교양필수,글로벌,1,,대면,,,2025,1,1학기
400000,교양과정,2025,1,KYC54,Essential English,B5,교양필수,1,3,"화요일(11:00~12:15), 목요일(09:30~10:45)","3204, 3204",고우경,20140010,45/45,독해수업 / 신학인문/경제통상/국제/공공인재/경영미디어 계열수강 / 2025학번 교양필수,글로벌,1,,대면,,,2025,1,1학기
400000,교양과정,2025,1,KYC54,Essential English,C1,교양필수,1,3,"월요일(13:00~14:15), 수요일(13:00~14:15)","18104, 18104",심주연,20170023,36/37,발표수업 / 신학인문/경제통상/국제/공공인재/경영미디어 계열수강 / 2025학번 교양필수,글로벌,1,,대면,,,2025,1,1학기
400000,교양과정,2025,1,KYC54,Essential English,C2,교양필수,1,3,"월요일(13:00~14:15), 수요일(13:00~14:15)","3204, 3204",고우경,20140010,45/45,독해수업 / 신학인문/경제통상/국제/공공인재/경영미디어 계열수강 / 2025학번 교양필수 ,글로벌,1,,대면,,,2025,1,1학기
400000,교양과정,2025,1,KYC54,Essential English,C3,교양필수,1,3,"월요일(13:00~14:15), 수요일(13:00~14:15)","18101, 18101",이아름,20240155,45/45,독해수업 / 신학인문/경제통상/국제/공공인재/경영미디어 계열수강 / 2025학번 교양필수,글로벌,1,,대면,,,2025,1,1학기
400000,교양과정,2025,1,KYC54,Essential English,C4,교양필수,1,3,"월요일(13:00~14:15), 수요일(13:00~14:15)","18102, 18102",김나영,20230141,45/45,독해수업 / 신학인문/경제통상/국제/공공인재/경영미디어 계열수강 / 2025학번 교양필수,글로벌,1,,대면,,,2025,1,1학기
400000,교양과정,2025,1,KYC54,Essential English,D1,교양필수,1,3,"월요일(11:00~12:15), 수요일(09:30~10:45)","18101, 18101",이아름,20240155,43/45,독해수업 / 신학인문/경제통상/국제/공공인재/경영미디어 계열수강 / 2025학번 교양필수,글로벌,1,,대면,,,2025,1,1학기
400000,교양과정,2025,1,KYC54,Essential English,D2,교양필수,1,3,"월요일(14:30~15:45), 수요일(14:30~15:45)","18104, 18104",심주연,20170023,36/37,발표수업 / 신학인문/경제통상/국제/공공인재/경영미디어 계열수강 / 2025학번 교양필수,글로벌,1,,대면,,,2025,1,1학기
400000,교양과정,2025,1,KYC54,Essential English,D3,교양필수,1,3,"월요일(14:30~15:45), 수요일(14:30~15:45)","3204, 3204",고우경,20140010,45/45,독해수업 / 신학인문/경제통상/국제/공공인재/경영미디어 계열수강 / 2025학번 교양필수,글로벌,1,,대면,,,2025,1,1학기
400000,교양과정,2025,1,KYC55,글쓰기의기초,A1,교양필수,1,3,"화요일(13:00~14:15), 화요일(14:30~15:45)","20505, 20505",송주현,20130175,31/31,자유전공/휴먼서비스/첨단융합/AI•SW/특체계열 수강 / 2025학번 교양필수 / ~2022학번 수강X 기존 글쓰기의기초와 다른 교과목,소통,1,,대면,,,2025,1,1학기
400000,교양과정,2025,1,KYC55,글쓰기의기초,A2,교양필수,1,3,"화요일(13:00~14:15), 화요일(14:30~15:45)","3408, 3408",신혜수,20250054,31/31,자유전공/휴먼서비스/첨단융합/AI•SW/특체계열 수강 / 2025학번 교양필수 / ~2022학번 수강X 기존 글쓰기의기초와 다른 교과목,소통,1,,대면,,,2025,1,1학기
400000,교양과정,2025,1,KYC55,글쓰기의기초,A3,교양필수,1,3,"화요일(13:00~14:15), 화요일(14:30~15:45)","3412, 3412",유예원,20220202,31/31,자유전공/휴먼서비스/첨단융합/AI•SW/특체계열 수강 / 2025학번 교양필수 / ~2022학번 수강X 기존 글쓰기의기초와 다른 교과목,소통,1,,대면,,,2025,1,1학기
400000,교양과정,2025,1,KYC55,글쓰기의기초,A4,교양필수,1,3,"화요일(13:00~14:15), 화요일(14:30~15:45)","3410, 3410",한정미,20220137,31/31,자유전공/휴먼서비스/첨단융합/AI•SW/특체계열 수강 / 2025학번 교양필수 / ~2022학번 수강X 기존 글쓰기의기초와 다른 교과목,소통,1,,대면,,,2025,1,1학기
400000,교양과정,2025,1,KYC55,글쓰기의기초,B1,교양필수,1,3,"금요일(13:00~14:15), 금요일(14:30~15:45)","3408, 3408",김소륜,20250053,31/31,자유전공/휴먼서비스/첨단융합/AI•SW/특체계열 수강 / 2025학번 교양필수 / ~2022학번 수강X 기존 글쓰기의기초와 다른 교과목,소통,1,,대면,,,2025,1,1학기
400000,교양과정,2025,1,KYC55,글쓰기의기초,B2,교양필수,1,3,"금요일(13:00~14:15), 금요일(14:30~15:45)","20505, 20505",허난희,20250055,30/31,자유전공/휴먼서비스/첨단융합/AI•SW/특체계열 수강 / 2025학번 교양필수 / ~2022학번 수강X 기존 글쓰기의기초와 다른 교과목,소통,1,,대면,,,2025,1,1학기
400000,교양과정,2025,1,KYC55,글쓰기의기초,B3,교양필수,1,3,"화요일(16:00~17:15), 화요일(17:30~18:45)","3408, 3408",신혜수,20250054,31/31,자유전공/휴먼서비스/첨단융합/AI•SW/특체계열 수강 / 2025학번 교양필수 / ~2022학번 수강X 기존 글쓰기의기초와 다른 교과목,소통,1,,대면,,,2025,1,1학기
400000,교양과정,2025,1,KYC55,글쓰기의기초,B4,교양필수,1,3,"화요일(16:00~17:15), 화요일(17:30~18:45)","3412, 3412",유예원,20220202,31/31,자유전공/휴먼서비스/첨단융합/AI•SW/특체계열 수강 / 2025학번 교양필수 / ~2022학번 수강X 기존 글쓰기의기초와 다른 교과목,소통,1,,대면,,,2025,1,1학기
400000,교양과정,2025,1,KYC55,글쓰기의기초,B5,교양필수,1,3,"화요일(16:00~17:15), 화요일(17:30~18:45)","3410, 3410",한정미,20220137,31/31,자유전공/휴먼서비스/첨단융합/AI•SW/특체계열 수강 / 2025학번 교양필수 / ~2022학번 수강X 기존 글쓰기의기초와 다른 교과목,소통,1,,대면,,,2025,1,1학기
400000,교양과정,2025,1,KYC55,글쓰기의기초,C1,교양필수,1,3,"목요일(13:00~14:15), 목요일(14:30~15:45)","3409, 3409",서경희,20120121,31/31,자유전공/휴먼서비스/첨단융합/AI•SW/특체계열 수강 / 2025학번 교양필수 / ~2022학번 수강X 기존 글쓰기의기초와 다른 교과목,소통,1,,대면,,,2025,1,1학기
400000,교양과정,2025,1,KYC55,글쓰기의기초,C2,교양필수,1,3,"목요일(13:00~14:15), 목요일(14:30~15:45)","20505, 20505",김민환,20160021,31/31,자유전공/휴먼서비스/첨단융합/AI•SW/특체계열 수강 / 2025학번 교양필수 / ~2022학번 수강X 기존 글쓰기의기초와 다른 교과목,소통,1,,대면,,,2025,1,1학기
400000,교양과정,2025,1,KYC55,글쓰기의기초,C3,교양필수,1,3,"목요일(13:00~14:15), 목요일(14:30~15:45)","3410, 3410",강아람,20220168,31/31,자유전공/휴먼서비스/첨단융합/AI•SW/특체계열 수강 / 2025학번 교양필수 / ~2022학번 수강X 기존 글쓰기의기초와 다른 교과목,소통,1,,대면,,,2025,1,1학기
400000,교양과정,2025,1,KYC55,글쓰기의기초,C4,교양필수,1,3,"목요일(13:00~14:15), 목요일(14:30~15:45)","3412, 3412",계광수,20220161,31/31,자유전공/휴먼서비스/첨단융합/AI•SW/특체계열 수강 / 2025학번 교양필수 / ~2022학번 수강X 기존 글쓰기의기초와 다른 교과목,소통,1,,대면,,,2025,1,1학기
400000,교양과정,2025,1,KYC55,글쓰기의기초,C5,교양필수,1,3,"목요일(13:00~14:15), 목요일(14:30~15:45)","3407, 3407",서영화,20220204,31/31,자유전공/휴먼서비스/첨단융합/AI•SW/특체계열 수강 / 2025학번 교양필수 / ~2022학번 수강X 기존 글쓰기의기초와 다른 교과목,소통,1,,대면,,,2025,1,1학기
400000,교양과정,2025,1,KYC55,글쓰기의기초,D1,교양필수,1,3,"목요일(16:00~17:15), 목요일(17:30~18:45)","3410, 3410",강아람,20220168,31/31,자유전공/휴먼서비스/첨단융합/AI•SW/특체계열 수강 / 2025학번 교양필수 / ~2022학번 수강X 기존 글쓰기의기초와 다른 교과목,소통,1,,대면,,,2025,1,1학기
400000,교양과정,2025,1,KYC55,글쓰기의기초,D2,교양필수,1,3,"목요일(16:00~17:15), 목요일(17:30~18:45)","3412, 3412",계광수,20220161,31/31,자유전공/휴먼서비스/첨단융합/AI•SW/특체계열 수강 / 2025학번 교양필수 / ~2022학번 수강X 기존 글쓰기의기초와 다른 교과목,소통,1,,대면,,,2025,1,1학기
400000,교양과정,2025,1,KYC55,글쓰기의기초,D3,교양필수,1,3,"목요일(16:00~17:15), 목요일(17:30~18:45)","3407, 3407",서영화,20220204,30/31,자유전공/휴먼서비스/첨단융합/AI•SW/특체계열 수강 / 2025학번 교양필수 / ~2022학번 수강X 기존 글쓰기의기초와 다른 교과목,소통,1,,대면,,,2025,1,1학기
400000,교양과정,2025,1,KYC55,글쓰기의기초,E1,교양필수,1,3,"금요일(09:30~10:45), 금요일(11:00~12:15)","20502, 20502",허난희,20250055,31/31,자유전공/휴먼서비스/첨단융합/AI•SW/특체계열 수강 / 2025학번 교양필수 / ~2022학번 수강X 기존 글쓰기의기초와 다른 교과목,소통,1,,대면,,,2025,1,1학기
400000,교양과정,2025,1,KYC55,글쓰기의기초,E2,교양필수,1,3,"화요일(13:00~14:15), 화요일(14:30~15:45)","18421, 18421",유영국,20240072,31/31,자유전공/휴먼서비스/첨단융합/AI•SW/특체계열 수강 / 2025학번 교양필수 / ~2022학번 수강X 기존 글쓰기의기초와 다른 교과목,소통,2,,대면,,,2025,1,1학기
400000,교양과정,2025,1,KYC55,글쓰기의기초,E3,교양필수,1,3,"금요일(09:30~10:45), 금요일(11:00~12:15)","3408, 3408",김소륜,20250053,31/31,자유전공/휴먼서비스/첨단융합/AI•SW/특체계열 수강 / 2025학번 교양필수 / ~2022학번 수강X 기존 글쓰기의기초와 다른 교과목,소통,1,,대면,,,2025,1,1학기
400000,교양과정,2025,1,KYC56,컴퓨팅사고와SW코딩,A1,교양필수,1,3,월요일(11:00~12:15),18309,최진,20240161,52/53,AISW 계열 수강 / 교양필수,지식정보,1,,블랜디드,,,2025,1,1학기
400000,교양과정,2025,1,KYC56,컴퓨팅사고와SW코딩,A2,교양필수,1,3,월요일(11:00~12:15),18308,주수경,20250043,42/42,AISW 계열 수강 / 교양필수,지식정보,1,,블랜디드,,,2025,1,1학기
400000,교양과정,2025,1,KYC56,컴퓨팅사고와SW코딩,A3,교양필수,1,3,월요일(13:00~14:15),18309,최진,20240161,53/53,AISW 계열 수강 / 교양필수,지식정보,1,,블랜디드,,,2025,1,1학기
400000,교양과정,2025,1,KYC56,컴퓨팅사고와SW코딩,A4,교양필수,1,3,화요일(11:00~12:15),18309,김보경,20220140,53/53,AISW 계열 수강 / 교양필수,지식정보,1,,블랜디드,,,2025,1,1학기
400000,교양과정,2025,1,KYC56,컴퓨팅사고와SW코딩,A5,교양필수,1,3,수요일(14:30~15:45),18309,박종현,20180154,53/53,AISW 계열 수강 / 교양필수,지식정보,1,,블랜디드,,,2025,1,1학기
400000,교양과정,2025,1,KYC56,컴퓨팅사고와SW코딩,A6,교양필수,1,3,월요일(09:30~10:45),18309,주수경,20250043,25/53,AISW 계열 수강 / 교양필수,지식정보,1,,블랜디드,,,2025,1,1학기
400000,교양과정,2025,1,KYC56,컴퓨팅사고와SW코딩,B1,교양필수,1,3,화요일(09:30~10:45),18309,김보경,20220140,52/53,휴먼서비스 계열 수강 / 교양필수,지식정보,1,,블랜디드,,,2025,1,1학기
400000,교양과정,2025,1,KYC56,컴퓨팅사고와SW코딩,B2,교양필수,1,3,수요일(11:00~12:15),18309,박종현,20180154,53/53,휴먼서비스 계열 수강 / 교양필수,지식정보,1,,블랜디드,,,2025,1,1학기
400000,교양과정,2025,1,KYC56,컴퓨팅사고와SW코딩,B3,교양필수,1,3,수요일(13:00~14:15),18308,윤정희,20230050,42/42,휴먼서비스 계열 수강 / 교양필수,지식정보,1,,블랜디드,,,2025,1,1학기
400000,교양과정,2025,1,KYC56,컴퓨팅사고와SW코딩,C1,교양필수,1,3,수요일(13:00~14:15),18307,나경욱,20080158,42/42,첨단융합 계열 수강 / 교양필수,지식정보,1,,블랜디드,,,2025,1,1학기
400000,교양과정,2025,1,KYC56,컴퓨팅사고와SW코딩,C2,교양필수,1,3,화요일(11:00~12:15),18308,박종현,20180154,37/42,첨단융합 계열 수강 / 교양필수,지식정보,1,,블랜디드,,,2025,1,1학기
400000,교양과정,2025,1,KYC56,컴퓨팅사고와SW코딩,D1,교양필수,1,3,수요일(09:30~10:45),18309,윤정희,20230050,43/53,자율전공 계열 수강 / 교양필수,지식정보,1,,블랜디드,,,2025,1,1학기
400000,교양과정,2025,1,KYC56,컴퓨팅사고와SW코딩,D2,교양필수,1,3,수요일(11:00~12:15),18308,윤정희,20230050,34/42,특체 계열 수강 / 교양필수,지식정보,1,,블랜디드,,,2025,1,1학기
400000,교양과정,2025,1,KYC56,컴퓨팅사고와SW코딩,D3,교양필수,1,3,수요일(13:00~14:15),18309,박종현,20180154,53/53,자율전공 계열 수강 / 교양필수,지식정보,1,,블랜디드,,,2025,1,1학기
400000,교양과정,2025,1,KYC58,아시아도시문화탐방,A,교양선택,1,3,"목요일(13:00~14:15), 목요일(14:30~15:45)","3321, 3321",김계자,20190276,40/40,,소통,1,,대면,,,2025,1,1학기
400000,교양과정,2025,1,KYC60,먼나라이웃나라,A,교양선택,"1, 2, 3, 4",3,"월요일(09:30~10:45), 수요일(11:00~12:15)","3411, 3411",모리스,20120085,15/30,,소통,1,,대면,,,2025,1,1학기
400000,교양과정,2025,1,KYC61,어서와한국은처음이지,A,교양선택,"1, 2, 3, 4",3,"월요일(11:00~12:15), 수요일(09:30~10:45)","3412, 3412",야니,20120086,14/30,,글로벌,1,,대면,,,2025,1,1학기
400000,교양과정,2025,1,KYC63,책읽기와말하기,A,교양선택,"1, 2, 3, 4",3,"화요일(13:00~14:15), 화요일(14:30~15:45)","3506, 3506",김민환,20160021,29/30,,소통,1,,대면,,,2025,1,1학기
400000,교양과정,2025,1,KYC63,책읽기와말하기,D,교양선택,"1, 2, 3, 4",3,"화요일(13:00~14:15), 화요일(14:30~15:45)","20502, 20502",서경희,20120121,30/30,,소통,1,,대면,,,2025,1,1학기
400000,교양과정,2025,1,KYC67,미디어일본어,A,교양선택,"1, 2, 3, 4",3,"월요일(16:00~17:15), 수요일(17:30~18:45)","3505, 3505",김계자,20190276,35/36,구)중급일본어1,글로벌,1,,대면,,,2025,1,1학기
400000,교양과정,2025,1,KYC69,실용영어,A,교양선택,1,3,"월요일(11:00~12:15), 수요일(09:30~10:45)","18106, 18106",김나영,20230141,27/35,전학년 수강가능/구)비즈니스영어/구)실용영어연습,소통,1,,대면,,,2025,1,1학기
400000,교양과정,2025,1,KYC70,문화산업과콘텐츠,A,교양선택,1,3,,,배현주,20220205,88/90,기존 '문화산업과대중문화' 수강생 수강불가 / 교내온라인 // 교내온라인,인문,1,,교내온라인,,,2025,1,1학기
400000,교양과정,2025,1,KYC82,음악의이해와기악실습,A,교양선택,1,2,화요일(13:00~14:40),17204,정춘,20220217,20/20,,창의융합,1,,대면,,,2025,1,1학기
400000,교양과정,2025,1,KYC85,우리가몰랐던동남아시아,A,교양선택,1,3,"화요일(13:00~14:15), 화요일(14:30~15:45)","3321, 3321",유은하,20190136,40/50,강의실 변경 3503 > 3321,글로벌,1,,대면,,,2025,1,1학기
400000,교양과정,2025,1,KYC86,e스포츠경영의이해,A,교양선택,1,3,"월요일(14:30~15:45), 수요일(14:30~15:45)","3506, 3506",최은경,20210026,30/30,,리더십,1,,원격화상수업,,,2025,1,1학기
400000,교양과정,2025,1,KYC87,인공지능시대말과글,A,교양선택,1,3,월요일(16:00~17:15),20404,최은경,20210026,30/30,,지식정보,1,,원격화상수업,,,2025,1,1학기
400000,교양과정,2025,1,KYC88,인간관계와의사소통,A,교양선택,1,3,,,옥장흠,20060143,90/90,교내온라인 // 교내온라인,소통,1,,교내온라인,,,2025,1,1학기
400000,교양과정,2025,1,KYC89,세계의전쟁과평화,A,교양선택,1,3,,,유은하,20190136,50/50,교내온라인 // 교내온라인,인문,1,,교내온라인,,,2025,1,1학기
400000,교양과정,2025,1,KYC91,중국사를통해본리더십,A,교양선택,1,3,,,류기수,19950013,90/90,교내온라인 // 교내온라인,소통,1,,교내온라인,,,2025,1,1학기
400000,교양과정,2025,1,KYC94,문화유산으로만나는정조시대,A,교양선택,1,3,"화요일(13:00~14:15), 화요일(14:30~15:45)","3423, 3423",김선희,20220176,48/90,구)18세기조선과정조의꿈 수강생 수강금지,인문,1,,대면,,,2025,1,1학기
400000,교양과정,2025,1,KYC95,경제생활과법,A,교양선택,1,3,"화요일(16:00~17:15), 화요일(17:30~18:45)","18523, 18523",유영국,20240072,90/90,,,1,,대면,,,2025,1,1학기
400000,교양과정,2025,1,KYC96,공정거래와법정책이야기,A,교양선택,1,3,"월요일(13:00~14:15), 수요일(13:00~14:15)","3503, 3503",유영국,20240072,49/50,,지식정보,1,,대면,,,2025,1,1학기
400000,교양과정,2025,1,KYD01,자기탐색과소통,A1,교양필수,1,1,"화요일(09:30~10:45), 목요일(11:00~12:15)","20506, 20506",고우경,20140010,11/12,자유전공학부 교양필수,리더십,1,,대면,,,2025,1,1학기
400000,교양과정,2025,1,KYD01,자기탐색과소통,A2,교양필수,1,1,"화요일(09:30~10:45), 목요일(11:00~12:15)","2203, 2203",공주형,20150011,11/12,자유전공학부 교양필수,리더십,1,,대면,,,2025,1,1학기
400000,교양과정,2025,1,KYD01,자기탐색과소통,A3,교양필수,1,1,"화요일(09:30~10:45), 목요일(11:00~12:15)","3308, 3308",김민환,20160021,11/12,자유전공학부 교양필수,리더십,1,,대면,,,2025,1,1학기
400000,교양과정,2025,1,KYD01,자기탐색과소통,A4,교양필수,1,1,"화요일(09:30~10:45), 목요일(11:00~12:15)","20305, 20305",박종현,20180154,10/12,자유전공학부 교양필수,리더십,1,,대면,,,2025,1,1학기
400000,교양과정,2025,1,KYD01,자기탐색과소통,A5,교양필수,1,1,"화요일(09:30~10:45), 목요일(11:00~12:15)","18103, 18103",송주현,20130175,11/12,자유전공학부 교양필수,리더십,1,,대면,,,2025,1,1학기
400000,교양과정,2025,1,KYD01,자기탐색과소통,A6,교양필수,1,1,"화요일(09:30~10:45), 목요일(11:00~12:15)","20406, 20406",서경희,20120121,12/12,자유전공학부 교양필수,리더십,1,,대면,,,2025,1,1학기
400000,교양과정,2025,1,KYD01,자기탐색과소통,A7,교양필수,1,1,"화요일(09:30~10:45), 목요일(11:00~12:15)","8110, 8110",심주연,20170023,12/12,자유전공학부 교양필수,리더십,1,,대면,,,2025,1,1학기
400000,교양과정,2025,1,KYD01,자기탐색과소통,A8,교양필수,1,1,"화요일(09:30~10:45), 목요일(11:00~12:15)","3408, 3408",염동호,20190191,10/12,자유전공학부 교양필수,리더십,1,,대면,,,2025,1,1학기
400000,교양과정,2025,1,KYD01,자기탐색과소통,A9,교양필수,1,1,"화요일(09:30~10:45), 목요일(11:00~12:15)","3410, 3410",이익주,20150010,12/12,자유전공학부 교양필수,리더십,1,,대면,,,2025,1,1학기
400000,교양과정,2025,1,KYD03,AI아트코딩과윤리,A1,교양필수,1,3,월요일(16:00~17:15),18309,이영우,20250038,53/53,신학인문융합계열 수강 / 교양필수,지식정보,1,,블랜디드,,,2025,1,1학기
400000,교양과정,2025,1,KYD03,AI아트코딩과윤리,A2,교양필수,1,3,월요일(14:30~15:45),18308,옥장흠,20060143,42/42,신학인문융합계열 수강 / 교양필수,지식정보,1,,블랜디드,,,2025,1,1학기
400000,교양과정,2025,1,KYD03,AI아트코딩과윤리,A3,교양필수,1,3,월요일(14:30~15:45),18309,김동심,20180010,53/53,신학인문융합계열 수강 / 교양필수,지식정보,1,,블랜디드,,,2025,1,1학기
400000,교양과정,2025,1,KYD03,AI아트코딩과윤리,A4,교양필수,1,3,월요일(16:00~17:15),18314,홍혜승,20250042,45/46,신학인문융합계열 수강 / 교양필수,지식정보,1,,블랜디드,,,2025,1,1학기
400000,교양과정,2025,1,KYD03,AI아트코딩과윤리,A5,교양필수,1,3,수요일(14:30~15:45),18424,김시윤,20250040,46/46,신학인문융합계열 수강 / 교양필수,지식정보,1,,블랜디드,,,2025,1,1학기
400000,교양과정,2025,1,KYD03,AI아트코딩과윤리,A6,교양필수,1,3,월요일(16:00~17:15),18308,김시윤,20250040,18/42,신학인문융합계열 수강 / 교양필수,지식정보,1,,블랜디드,,,2025,1,1학기
400000,교양과정,2025,1,KYD03,AI아트코딩과윤리,A7,교양필수,1,3,수요일(14:30~15:45),18308,이영우,20250038,42/42,신학인문융합계열 수강 / 교양필수,지식정보,1,,블랜디드,,,2025,1,1학기
400000,교양과정,2025,1,KYD03,AI아트코딩과윤리,B1,교양필수,1,3,월요일(16:00~17:15),18307,최현범,20250039,42/42,경제통상·국제·공공인재 계열 수강 / 교양필수,지식정보,1,,블랜디드,,,2025,1,1학기
400000,교양과정,2025,1,KYD03,AI아트코딩과윤리,B2,교양필수,1,3,수요일(14:30~15:45),18307,최현범,20250039,42/42,경제통상·국제·공공인재 계열 수강 / 교양필수,지식정보,1,,블랜디드,,,2025,1,1학기
400000,교양과정,2025,1,KYD03,AI아트코딩과윤리,B3,교양필수,1,3,월요일(14:30~15:45),18307,김애영,20210071,42/42,경제통상·국제·공공인재 계열 수강 / 교양필수,지식정보,0,,블랜디드,,,2025,1,1학기
400000,교양과정,2025,1,KYD03,AI아트코딩과윤리,B4,교양필수,1,3,수요일(16:00~17:15),18308,백상현,20230140,18/42,경제통상·국제·공공인재 계열 수강 / 교양필수,지식정보,1,,블랜디드,,,2025,1,1학기
400000,교양과정,2025,1,KYD03,AI아트코딩과윤리,C1,교양필수,1,3,수요일(16:00~17:15),18307,김희선,20250041,43/44,경영·미디어 계열 수강 / 교양필수,지식정보,1,,블랜디드,,,2025,1,1학기
400000,교양과정,2025,1,KYD03,AI아트코딩과윤리,C2,교양필수,1,3,월요일(14:30~15:45),18424,김희선,20250041,48/48,경영·미디어 계열 수강 / 교양필수,지식정보,1,,블랜디드,,,2025,1,1학기
400000,교양과정,2025,1,KYD03,AI아트코딩과윤리,C3,교양필수,1,3,수요일(16:00~17:15),18309,홍혜승,20250042,45/54,경영·미디어 계열 수강 / 교양필수,지식정보,1,,블랜디드,,,2025,1,1학기
400000,교양과정,2025,1,KYD04,신체활동과긍정적인자아정체성,A,교양선택,1,3,"월요일(13:00~14:15), 월요일(14:30~15:45)","10204, 10301",서연태,20220252,37/40,신설(2024.11.27),창의융합,1,,대면,,,2025,1,1학기
400000,교양과정,2025,1,KYD05,AI시대창의성과브랜딩,A,교양선택,1,3,"화요일(13:00~14:15), 화요일(14:30~15:45)","18106, 18106",허태윤,20208015,47/50,신설(2024.11.27),소통,1,,대면,,,2025,1,1학기
400000,교양과정,2025,1,KYD06,한반도와국제평화론,A,교양선택,1,3,"목요일(13:00~14:15), 목요일(14:30~15:45)","3308, 3308",이영수,20250035,40/55,신설(2024.11.27),소통,1,,대면,,,2025,1,1학기
400000,교양과정,2025,1,KYD07,쟁점으로본한국근현대사,A,교양선택,1,3,"화요일(16:00~17:15), 화요일(17:30~18:45)","3203, 3203",정경민,20250021,39/60,구)쟁점으로본한국현대사,지식정보,1,,대면,,,2025,1,1학기
400000,교양과정,2025,1,KYD09,우주의기원과진화,A,교양선택,1,3,"월요일(11:00~12:15), 수요일(09:30~10:45)","18418, 18418",정태성,20080106,50/50,구)우주의한마을:지구의이해,지식정보,1,,대면,,,2025,1,1학기
401011,신학,2025,1,TT111,목회실습Ⅰ,A,전공필수,2,(1),,,"김광연, 한경미",20240162,19/50,,,1,,N,401011,신학,2025,1,1학기
401011,신학,2025,1,TT112,목회실습Ⅱ,A,전공필수,2,(1),,,"김광연, 한경미",20240162,4/50,,,1,,N,401011,신학,2025,1,1학기
401011,신학,2025,1,TT150,신앙수련회Ⅰ,A,전공선택,1,(1),,,이영미,20050062,5/30,,,1,,N,401011,신학,2025,1,1학기
401011,신학,2025,1,TT151,신앙수련회Ⅱ,A,전공필수,2,(1),,,이영미,20050062,20/30,,,1,,N,401011,신학,2025,1,1학기
401011,신학,2025,1,TT152,신앙수련회Ⅲ,A,전공필수,3,(1),,,이영미,20050062,21/30,,,1,,N,401011,신학,2025,1,1학기
401011,신학,2025,1,TT153,신앙수련회Ⅳ,A,전공필수,4,(1),,,이영미,20050062,27/30,,,1,,N,401011,신학,2025,1,1학기
401011,신학,2025,1,TT217,목회실습Ⅲ,A,전공필수,3,(1),,,"김광연, 한경미",20240162,36/50,,,1,,N,401011,신학,2025,1,1학기
401011,신학,2025,1,TT218,목회실습Ⅳ,A,전공필수,"3, 4",(1),,,"김광연, 한경미",20240162,10/50,,,1,,N,401011,신학,2025,1,1학기
401011,신학,2025,1,TT416,졸업논문,A,전공필수,4,(3),,,이영미,20050062,10/30,,,1,,N,401011,신학,2025,1,1학기
401011,신학,2025,1,TT430,복음서이해,A,전공선택,3,3,"월요일(11:00~12:15), 수요일(09:30~10:45)","4107, 4107",이서영,20220036,16/40,,,1,,대면,401011,신학,2025,1,1학기
401011,신학,2025,1,TT484,성서주석방법론,A,전공선택,3,3,"화요일(13:00~14:15), 화요일(14:30~15:45)","4107, 4107",최은경,20240194,30/40,,,1,,대면,401011,신학,2025,1,1학기
401011,신학,2025,1,TT509,목회실습,A,전공필수,"3, 4",(1),,,"김광연, 한경미",20240162,3/30,,,1,,N,401011,신학,2025,1,1학기
401011,신학,2025,1,TT521,신학과철학,A,전공선택,3,3,"화요일(16:00~17:15), 화요일(17:30~18:45)","3207, 3207",허석헌,20240179,22/40,,,1,,대면,401011,신학,2025,1,1학기
401011,신학,2025,1,TT566,성서헬라어문법,A,전공선택,2,3,"목요일(13:00~14:15), 목요일(14:30~15:45)","3207, 3207",이종철,20220185,19/40,,,1,,대면,401011,신학,2025,1,1학기
401011,신학,2025,1,TT574,기도와영성훈련의실제,A,전공선택,4,3,"목요일(13:00~14:15), 목요일(14:30~15:45)","4107, 4107",이영미,20050062,21/40,,,1,,대면,401011,신학,2025,1,1학기
401011,신학,2025,1,TT577,구약학개론,A,전공선택,2,3,"월요일(13:00~14:15), 수요일(13:00~14:15)","3207, 3207",이영미,20050062,26/40,,,1,,대면,401011,신학,2025,1,1학기
401011,신학,2025,1,TT580,기독교생태교육,A,전공선택,3,3,"화요일(16:00~17:15), 화요일(17:30~18:45)","4107, 4107",이향명,20230144,20/40,,,1,,대면,401011,신학,2025,1,1학기
401011,신학,2025,1,TT588,어린이ㆍ청소년교육,A,전공선택,3,3,"월요일(13:00~14:15), 수요일(13:00~14:15)","4107, 4107",한경미,20240162,23/40,,,1,,대면,401011,신학,2025,1,1학기
401011,신학,2025,1,TT611,조직신학개론,A,전공선택,2,3,"화요일(13:00~14:15), 화요일(14:30~15:45)","3207, 3207",류장현,20240185,18/40,,,1,,대면,401011,신학,2025,1,1학기
401011,신학,2025,1,TT632,그리스도교신학과문화 ,A,전공필수,2,3,월요일(14:30~15:45),3207,김주한,20080110,21/40,블랜디드 수업,,1,,블랜디드,401011,신학,2025,1,1학기
401011,신학,2025,1,TT640,성서인물과성격심리,A,전공선택,3,3,"목요일(16:00~17:15), 목요일(17:30~18:45)","3207, 3207",김정수,20220186,19/40,,,1,,대면,401011,신학,2025,1,1학기
401011,신학,2025,1,TT647,목회신학개론,A,전공선택,2,3,"월요일(14:30~15:45), 수요일(14:30~15:45)","4107, 4107",김희선,20220035,16/40,,,1,,대면,401011,신학,2025,1,1학기
401011,신학,2025,1,TT954,한국교회사,A,전공선택,3,3,"목요일(16:00~17:15), 목요일(17:30~18:45)","4107, 4107",연규홍,20000038,16/40,,,1,,대면,401011,신학,2025,1,1학기
402044,한중문화콘텐츠학과,2025,1,DC419,졸업논문,A,전공필수,4,(3),,,김남희,20200038,4/30,4학년 막학기학생만 신청/한중콘텐츠전공과목 // 전공(복수포함)자,,1,,N,422190,중국어문화콘텐츠학,2025,1,1학기
402051,철학,2025,1,HP137,철학여행Ⅰ,A,전공필수,2,1,수요일(09:30~10:20),20307,김희정,20080164,21/38,,,1,,대면,402051,철학,2025,1,1학기
402051,철학,2025,1,HP141,서양고중세철학사,A,전공필수,2,3,"화요일(09:30~10:45), 목요일(11:00~12:15)","20307, 20307",김대오,19970107,33/38,,,1,,대면,402051,철학,2025,1,1학기
402051,철학,2025,1,HP150,철학개론,A,전공필수,2,3,"월요일(16:00~17:15), 수요일(17:30~18:45)","20307, 20307",김희정,20080164,18/38,,,1,,대면,402051,철학,2025,1,1학기
402051,철학,2025,1,HP204,미학의기초,A,전공선택,2,3,"화요일(16:00~17:15), 화요일(17:30~18:45)","20307, 20307",김희정,20080164,17/38,,,1,,대면,402051,철학,2025,1,1학기
402051,철학,2025,1,HP208,형이상학과인식론,A,전공선택,2,3,"월요일(17:30~18:45), 수요일(16:00~17:15)","18104, 18104",이문교,20220135,22/40,,,1,,대면,402051,철학,2025,1,1학기
402051,철학,2025,1,HP221,서양근세철학사,A,전공선택,2,3,"화요일(13:00~14:15), 화요일(14:30~15:45)","20307, 20307",조현진,20220201,13/38,,,1,,대면,402051,철학,2025,1,1학기
402051,철학,2025,1,HP287,철학여행Ⅱ,A,전공필수,3,1,목요일(09:30~10:20),20307,김대오,19970107,16/38,,,1,,대면,402051,철학,2025,1,1학기
402051,철학,2025,1,HP318,현대영미철학,A,전공선택,4,3,"월요일(13:00~14:15), 수요일(13:00~14:15)","20307, 20307",김희정,20080164,19/38,,,1,,대면,402051,철학,2025,1,1학기
402051,철학,2025,1,HP382,불교철학,A,전공선택,3,3,"목요일(16:00~17:15), 목요일(17:30~18:45)","20307, 20307",최천식,20240156,17/38,,,1,,대면,402051,철학,2025,1,1학기
402051,철학,2025,1,HP419,졸업논문,A,전공필수,4,(3),,,김대오,19970107,14/30,,,1,,N,402051,철학,2025,1,1학기
402051,철학,2025,1,HP471,신화와사상,A,전공선택,3,3,"월요일(14:30~15:45), 수요일(14:30~15:45)","18103, 18103",김대오,19970107,38/48,,,1,,대면,402051,철학,2025,1,1학기
402051,철학,2025,1,HP496,논문작성법,A,전공선택,4,(1),수요일(11:00~11:50),20307,"김대오, 김희정",19970107,15/38,,,1,,대면,402051,철학,2025,1,1학기
402051,철학,2025,1,HP518,한국사상,A,전공선택,3,3,"목요일(13:00~14:15), 목요일(14:30~15:45)","20307, 20307",최천식,20240156,21/38,,,1,,대면,402051,철학,2025,1,1학기
402060,종교문화학,2025,1,HR102,종교학개론,A,전공필수,2,3,"화요일(09:30~10:45), 목요일(11:00~12:15)","7106, 7106",류성민,20210167,7/30,,,1,,대면,402060,종교문화학,2025,1,1학기
402060,종교문화학,2025,1,HR239,종교상상력예술,A,전공선택,2,3,"목요일(16:00~17:15), 목요일(17:30~18:45)","7106, 7106",이창익,20220170,15/20,,,1,,대면,402060,종교문화학,2025,1,1학기
402060,종교문화학,2025,1,HR254,한국종교문화사,A,전공선택,2,3,"화요일(13:00~14:15), 화요일(14:30~15:45)","7106, 7106",이창익,20220170,19/20,,,1,,대면,402060,종교문화학,2025,1,1학기
402060,종교문화학,2025,1,HR266,종교문화워크숍2,A,전공필수,2,(1),,,신광철,19960087,9/20,,,1,,N,402060,종교문화학,2025,1,1학기
402060,종교문화학,2025,1,HR270,영화로읽는종교갈등사,A,전공선택,"2, 3, 4",3,"화요일(16:00~17:15), 화요일(17:30~18:45)","7106, 7106",박현준,20220160,17/20,,,1,,대면,402060,종교문화학,2025,1,1학기
402060,종교문화학,2025,1,HR273,악마의문화사,A,전공선택,"2, 3, 4",3,,,박현준,20220160,43/25,  // 교내온라인,,1,,교내온라인,402060,종교문화학,2025,1,1학기
402060,종교문화학,2025,1,HR314,종교문화유산답사Ⅱ,A,전공필수,2,1,수요일(16:00~16:50),7106,김상덕,20250013,7/20,종교문화유산답사Ⅲ 합동수업,,1,,대면,402060,종교문화학,2025,1,1학기
402060,종교문화학,2025,1,HR371,종교문화워크숍3,A,전공필수,3,(1),,,신광철,19960087,3/20,,,1,,N,402060,종교문화학,2025,1,1학기
402060,종교문화학,2025,1,HR406,종교문화유산답사Ⅲ,A,전공필수,3,1,수요일(17:30~18:20),7106,김상덕,20250013,6/20,종교문화유산답사Ⅱ 합동수업,,1,,대면,402060,종교문화학,2025,1,1학기
402060,종교문화학,2025,1,HR413,한국의민간신앙과샤머니즘,A,전공선택,4,3,"화요일(13:00~14:15), 화요일(14:30~15:45)","3403, 3403",허남진,20240143,19/20,,,1,,대면,402060,종교문화학,2025,1,1학기
402060,종교문화학,2025,1,HR419,졸업논문,A,전공필수,4,(3),,,신광철,19960087,2/20,,,1,,N,402060,종교문화학,2025,1,1학기
402060,종교문화학,2025,1,HR434,논문지도,A,전공필수,4,3,"목요일(13:00~14:15), 목요일(14:30~15:45)","3403, 3403",김상덕,20250013,5/20,,,1,,대면,402060,종교문화학,2025,1,1학기
402071,한국사학과,2025,1,GP627,기록학개론,A,학석연계,4,3,"수요일(19:00~20:15), 수요일(20:30~21:45)","2109, 2109",이영남,20170017,2/10,실수업 진행 강의실 : 2305//학석사연계과정생 외 수강불가,,1,,대면,422180,한국사학,2025,1,1학기
402095,디지털문화콘텐츠학,2025,1,DR419,졸업논문,A,전공필수,4,(3),,,김윤성,20060020,1/30,전공(복수포함)자 // 전공(복수포함)자,,1,,N,422200,디지털영상문화콘텐츠학,2025,1,1학기
402100,영상문화학,2025,1,HM419,졸업논문,A,전공필수,4,(3),,,김윤성,20060020,1/30,전공(복수포함)자,,1,,N,,,2025,1,1학기
403021,사회복지학,2025,1,TS117,사회복지학개론,A,전공선택,2,3,"목요일(13:00~14:15), 목요일(14:30~15:45)","18211, 18211",이아영,20240022,57/60,사회복지사 1·2급 필수 과목,,1,,대면,403021,사회복지학,2025,1,1학기
403021,사회복지학,2025,1,TS269,사회복지와인권,A,전공선택,2,3,"목요일(16:00~17:15), 목요일(17:30~18:45)","18210, 18210",민병록,20250049,43/45,사회복지사 1·2급 선택 과목,,1,,대면,403021,사회복지학,2025,1,1학기
403021,사회복지학,2025,1,TS352,사회복지실천론,A,전공선택,3,3,"화요일(11:00~12:15), 목요일(09:30~10:45)","18210, 18210",김예랑,20080163,37/40,사회복지사 1·2급 필수 과목,,1,,대면,403021,사회복지학,2025,1,1학기
403021,사회복지학,2025,1,TS352,사회복지실천론,B,전공선택,3,3,"화요일(16:00~17:15), 화요일(17:30~18:45)","18420-1, 18420-1",서동미,20240184,26/30,사회복지사 1·2급 필수 과목,,1,,대면,403021,사회복지학,2025,1,1학기
403021,사회복지학,2025,1,TS353,지역사회복지론,A,전공선택,3,3,"목요일(16:00~17:15), 목요일(17:30~18:45)","18212, 18212",강병노,20240176,38/40,사회복지사 1·2급 필수 과목,,1,,대면,403021,사회복지학,2025,1,1학기
403021,사회복지학,2025,1,TS353,지역사회복지론,B,전공선택,3,3,"금요일(13:00~14:15), 금요일(14:30~15:45)","18210, 18210",한서연,20240146,31/30,사회복지사 1·2급 필수 과목,,1,,대면,403021,사회복지학,2025,1,1학기
403021,사회복지학,2025,1,TS354,사회복지정책론,A,전공선택,3,3,"월요일(17:30~18:45), 수요일(16:00~17:15)","18210, 18210",장익현,20200052,42/50,사회복지사 1·2급 필수 과목,,1,,대면,403021,사회복지학,2025,1,1학기
403021,사회복지학,2025,1,TS354,사회복지정책론,B,전공선택,3,3,"화요일(13:00~14:15), 화요일(14:30~15:45)","18210, 18210",제갈현숙,20220162,29/30,사회복지사 1·2급 필수 과목,,1,,대면,403021,사회복지학,2025,1,1학기
403021,사회복지학,2025,1,TS356,사회복지자료분석론,A,전공선택,3,3,"화요일(13:00~14:15), 화요일(14:30~15:45)","18308, 18308",김동심,20180010,30/30,사회복지사 1·2급 선택 과목. 강의실변경,,1,,대면,403021,사회복지학,2025,1,1학기
403021,사회복지학,2025,1,TS362,의료사회복지론,A,전공선택,3,3,"목요일(13:00~14:15), 목요일(14:30~15:45)","7215, 7215",김유진,20240042,40/50,,,1,,대면,403021,사회복지학,2025,1,1학기
403021,사회복지학,2025,1,TS363,사회복지현장실습의이해Ⅰ,A,전공선택,3,2,월요일(11:00~12:40),8101,홍선미,19960088,19/25,"실습전 필수 선수과목//전공생만 신청가능 (복수전공, 부전공 제외)// 전과, 편입 및 복전생의 경우 학적변동 학기가 첫학기이며, 다음학기 2학기째부터 이수 가능//23학년도 하계실습 및 2학기중실습 진행 예정이며, 1학기 수강과목 포함하여 8개 기초과목중(사회복지학 졸시과목) 4과목 이상 이수한 자에 한함 // 전공(복수포함)자",,1,,대면,403021,사회복지학,2025,1,1학기
403021,사회복지학,2025,1,TS363,사회복지현장실습의이해Ⅰ,B,전공선택,3,2,수요일(11:00~12:40),8101,홍선미,19960088,24/25,"실습전 필수 선수과목//전공생만 신청가능 (복수전공, 부전공 제외)// 전과, 편입 및 복전생의 경우 학적변동 학기가 첫학기이며, 다음학기 2학기째부터 이수 가능//23학년도 하계실습 및 2학기중실습 진행 예정이며, 1학기 수강과목 포함하여 8개 기초과목중(사회복지학 졸시과목) 4과목 이상 이수한 자에 한함 // 전공(복수포함)자",,1,,대면,403021,사회복지학,2025,1,1학기
403021,사회복지학,2025,1,TS419,졸업논문,A,전공필수,4,(3),,,장익현,20200052,11/60,전공(복수포함)자만 수강신청 가능// 졸업기준 충족(수강신청 학기 포함하여 학점 및 필수과목 이수 등)시 수강신청 가능 // 전공(복수포함)자,,0,,N,403021,사회복지학,2025,1,1학기
403021,사회복지학,2025,1,TS455,사회복지현장실습Ⅱ,A,전공선택,4,3,"금요일(16:00~17:15), 금요일(17:30~18:45)","18210, 18210",홍선미,19960088,14/30,30명초과불가/실습의이해 과목(실습 선수과목)을 이수했으며 동계실습 진행했거나 1학기중 실습예정자만 신청 가능 // 전공(복수포함)자,,1,,대면,403021,사회복지학,2025,1,1학기
403021,사회복지학,2025,1,TS455,사회복지현장실습Ⅱ,B,전공선택,4,3,"금요일(09:30~10:45), 금요일(11:00~12:15)","18210, 18210",홍선미,19960088,13/30,30명초과불가/실습의이해 과목(실습 선수과목)을 이수했으며 동계실습 진행했거나 1학기중 실습예정자만 신청 가능 // 전공(복수포함)자,,1,,대면,403021,사회복지학,2025,1,1학기
403021,사회복지학,2025,1,TS459,프로그램개발과평가,A,전공선택,3,3,"월요일(13:00~14:15), 수요일(13:00~14:15)","18210, 18210",김예랑,20080163,31/40,사회복지사 1·2급 선택 과목,,1,,대면,403021,사회복지학,2025,1,1학기
403021,사회복지학,2025,1,TS459,프로그램개발과평가,B,전공선택,3,3,"월요일(14:30~15:45), 수요일(14:30~15:45)","18210, 18210",김예랑,20080163,25/40,사회복지사 1·2급 선택 과목,,1,,대면,403021,사회복지학,2025,1,1학기
403021,사회복지학,2025,1,TS473,가족상담및가족치료,A,전공선택,4,3,"월요일(14:30~15:45), 수요일(14:30~15:45)","18106, 18106",김은영,20060025,14/40,,,1,,대면,403021,사회복지학,2025,1,1학기
403021,사회복지학,2025,1,TS502,사회문제론,A,전공선택,2,3,"화요일(16:00~17:15), 화요일(17:30~18:45)","18210, 18210",제갈현숙,20220162,40/45,사회복지사 1·2급 선택 과목,,1,,대면,403021,사회복지학,2025,1,1학기
403021,사회복지학,2025,1,TS516,사회복지법제,A,전공선택,4,3,"월요일(09:30~10:45), 수요일(11:00~12:15)","18210, 18210",장익현,20200052,40/30,사회복지사 1·2급 필수 과목,,1,,대면,403021,사회복지학,2025,1,1학기
403021,사회복지학,2025,1,TS516,사회복지법제,B,전공선택,4,3,"목요일(13:00~14:15), 목요일(14:30~15:45)","18210, 18210",민병록,20250049,25/40,사회복지사 1·2급 필수 과목,,1,,대면,403021,사회복지학,2025,1,1학기
403021,사회복지학,2025,1,TS519,아동복지론,A,전공선택,2,3,"월요일(09:30~10:45), 수요일(11:00~12:15)","18212, 18212",김은영,20060025,16/30,사회복지사 1·2급 선택 과목,,1,,대면,403021,사회복지학,2025,1,1학기
403021,사회복지학,2025,1,TS519,아동복지론,B,전공선택,2,3,"월요일(11:00~12:15), 수요일(09:30~10:45)","18210, 18210",김은영,20060025,29/30,사회복지사 1·2급 선택 과목,,1,,대면,403021,사회복지학,2025,1,1학기
403990,심리·아동학부,2025,1,GP644,고급발달심리학,A,학석연계,4,3,"화요일(13:00~14:15), 화요일(14:30~15:45)","2109, 2109",김용훈,20210025,1/10,학석사연계과정 화 13:00 – 15:45 2207강의실,,1,,대면,425140,심리·아동학,2025,1,1학기
405940,컴퓨터공학부,2025,1,NE419,졸업논문,A,전공필수,4,(3),,,윤효석,20190207,18/99,전공(복수포함)자,,1,,N,427200,AI·SW학,2025,1,1학기
405940,컴퓨터공학부,2025,1,NE447,캡스톤디자인1,A,전공선택,4,3,"화요일(13:00~14:15), 화요일(14:30~15:45)","18424, 18424",이양선,20210020,42/42,전공(복수포함)자,,1,,대면,427200,AI·SW학,2025,1,1학기
405940,컴퓨터공학부,2025,1,NE447,캡스톤디자인1,B,전공선택,4,3,"화요일(13:00~14:15), 화요일(14:30~15:45)","18314, 18314",박기홍,20240073,43/40,전공(복수포함)자,,1,,대면,427200,AI·SW학,2025,1,1학기
405940,컴퓨터공학부,2025,1,NE447,캡스톤디자인1,C,전공선택,4,3,"화요일(13:00~14:15), 화요일(14:30~15:45)","18422, 18422","오석희, 이은경",20240165,22/40,전공(복수포함)자,,1,,대면,427200,AI·SW학,2025,1,1학기
405940,컴퓨터공학부,2025,1,NE448,캡스톤디자인2,A,전공선택,4,3,"화요일(13:00~14:15), 화요일(14:30~15:45)","18208, 18208","류승택, 이은경",20040026,14/36,전공(복수포함)자,,1,,대면,427200,AI·SW학,2025,1,1학기
405940,컴퓨터공학부,2025,1,NE457,데이터베이스와NoSQL_NCS,A,전공선택,4,3,"화요일(13:00~14:15), 화요일(14:30~15:45)","18209, 18209",박성진,20000021,20/35,전공(복수포함)자,,1,,대면,427200,AI·SW학,2025,1,1학기
405940,컴퓨터공학부,2025,1,NE507,통합구현_NCS,A,전공선택,"3, 4",3,"화요일(16:00~17:15), 화요일(17:30~18:45)","18207, 18207",이양선,20210020,9/35,전공(복수포함)자,,1,,대면,427200,AI·SW학,2025,1,1학기
405940,컴퓨터공학부,2025,1,PD001,자기설계기초,B1,일반선택,"2, 3, 4",3,,,이양선,20210020,1/1,지정된 학생외 수강금지(신청시 추후 삭제),,1,,N,427200,AI·SW학,2025,1,1학기
405940,컴퓨터공학부,2025,1,PD001,자기설계기초,E1,일반선택,"2, 3, 4",3,,,박기홍,20240073,1/2,지정된 학생외 수강금지(신청시 추후 삭제),,1,,N,427200,AI·SW학,2025,1,1학기
405940,컴퓨터공학부,2025,1,PD001,자기설계기초,E2,일반선택,"2, 3, 4",3,,,박기홍,20240073,1/2,,,0,,N,427200,AI·SW학,2025,1,1학기
405960,정보통신학부,2025,1,PD001,자기설계기초,C1,일반선택,"2, 3, 4",3,,,이용걸,20210023,1/1,지정된 학생외 수강금지(신청시 추후 삭제),,0,,N,427200,AI·SW학,2025,1,1학기
405970,소프트웨어융합학부,2025,1,NI317,디지털시스템설계및실험,A,전공선택,"3, 4",3,"월요일(09:30~10:45), 수요일(11:00~12:15)","18419, 18419",손승일,20020195,37/40,전공(복수포함)자,,1,,대면,427200,AI·SW학,2025,1,1학기
405970,소프트웨어융합학부,2025,1,NI400,졸업논문,A,전공필수,4,(3),,,이용걸,20210023,9/40,전공(복수포함)자,,1,,N,427200,AI·SW학,2025,1,1학기
405970,소프트웨어융합학부,2025,1,NI430,멀티미디어영상처리,A,전공선택,4,3,"화요일(16:00~17:15), 화요일(17:30~18:45)","18425, 18425",정승민,20060142,29/40,전공(복수포함)자,,1,,대면,427200,AI·SW학,2025,1,1학기
405970,소프트웨어융합학부,2025,1,NI513,응용SW설계_NCS,A,전공선택,"3, 4",3,"월요일(13:00~14:15), 수요일(13:00~14:15)","18212-1, 18212-1",임익수,20230014,9/40,전공(복수포함)자,,1,,대면,427200,AI·SW학,2025,1,1학기
405970,소프트웨어융합학부,2025,1,NI514,프로그래밍언어활용_NCS,A,전공선택,"3, 4",3,"월요일(14:30~15:45), 수요일(14:30~15:45)","18419, 18419",박기홍,20240073,9/40,전공(복수포함)자,,1,,대면,427200,AI·SW학,2025,1,1학기
405970,소프트웨어융합학부,2025,1,NI523,소프트웨어융합종합설계1,A,전공선택,4,3,"금요일(09:30~10:45), 금요일(11:00~12:15)","18521, 18521","안현, 전소화",20210024,38/40,전공(복수포함)자,,1,,대면,427200,AI·SW학,2025,1,1학기
405970,소프트웨어융합학부,2025,1,NI523,소프트웨어융합종합설계1,B,전공선택,4,3,"금요일(09:30~10:45), 금요일(11:00~12:15)","18419, 18419","신대진, 이용걸",20210023,27/40,전공(복수포함)자,,1,,대면,427200,AI·SW학,2025,1,1학기
405970,소프트웨어융합학부,2025,1,NI524,소프트웨어융합종합설계2,A,전공선택,4,3,"금요일(16:00~17:15), 금요일(17:30~18:45)","18312, 18312","신대진, 이용걸",20210023,10/40,전공(복수포함)자,,1,,대면,427200,AI·SW학,2025,1,1학기
405970,소프트웨어융합학부,2025,1,NI526,빅데이터플랫폼_NCS,A,전공선택,4,3,"화요일(16:00~17:15), 화요일(17:30~18:45)","3404, 3404",안현,20210024,20/27,전공(복수포함)자,,1,,대면,427200,AI·SW학,2025,1,1학기
405970,소프트웨어융합학부,2025,1,PD001,자기설계기초,H1,일반선택,"2, 3, 4",3,,,안현,20210024,2/2,지정된 학생외 수강금지(신청시 추후 삭제),,1,,N,427200,AI·SW학,2025,1,1학기
405970,소프트웨어융합학부,2025,1,PD001,자기설계기초,N1,일반선택,"2, 3, 4",3,,,김애영,20210071,1/1,지정된 학생외 수강금지(신청시 추후 삭제),,0,,N,427200,AI·SW학,2025,1,1학기
406030,동북아국제통상학,2025,1,NA419,졸업논문,A,전공필수,4,(3),,,정희진,20230012,2/50,,,0,,N,406030,동북아국제통상학,2025,1,1학기
406060,마케팅사회조사학,2025,1,MO419,졸업논문,A,전공필수,4,(3),,,유한나,20220033,1/50,마케팅사회조사학 연계전공자 중 졸업대상자 필수,,0,,N,406060,마케팅사회조사학,2025,1,1학기
406100,평생교육학·HRD,2025,1,KS205,평생교육론,A,평생교육,"2, 3, 4",3,수요일(13:00~14:15),3308,백상현,20230140,30/30,,,1,,블랜디드,406100,평생교육학·HRD,2025,1,1학기
406100,평생교육학·HRD,2025,1,KS206,성인학습및상담,A,평생교육,"2, 3, 4",3,,,김남희,20220181,49/50,  // 교내온라인,,1,,교내온라인,406100,평생교육학·HRD,2025,1,1학기
406100,평생교육학·HRD,2025,1,KS209,시민교육론,A,평생교육,"2, 3, 4",3,화요일(11:00~12:15),3201,옥장흠,20060143,18/40,,,1,,블랜디드,406100,평생교육학·HRD,2025,1,1학기
406100,평생교육학·HRD,2025,1,KS305,평생교육경영론,A,평생교육,"2, 3, 4",3,월요일(13:00~14:15),18103,옥장흠,20060143,23/40,,,1,,블랜디드,406100,평생교육학·HRD,2025,1,1학기
406100,평생교육학·HRD,2025,1,KS309,인적자원개발론,A,평생교육,"2, 3, 4",3,수요일(11:00~12:15),8110,김동심,20180010,28/30,,,1,,블랜디드,406100,평생교육학·HRD,2025,1,1학기
406100,평생교육학·HRD,2025,1,KS310,교육사회학,A,평생교육,"2, 3, 4",3,목요일(13:00~14:15),3201,김윤정,20220142,21/30,,,1,,블랜디드,406100,평생교육학·HRD,2025,1,1학기
406100,평생교육학·HRD,2025,1,KS412,평생교육실습,A,평생교육,4,3,"월요일(16:00~17:15), 수요일(17:30~18:45)","18212, 18212",옥장흠,20060143,4/20,"필수선수과목 4과목 이수자만 신청가능, 실습 학기중 160시간 이수",,1,,N,406100,평생교육학·HRD,2025,1,1학기
406100,평생교육학·HRD,2025,1,KS419,졸업논문,A,전공필수,4,(3),,,백상현,20230140,1/50,,,1,,N,406100,평생교육학·HRD,2025,1,1학기
406100,평생교육학·HRD,2025,1,KS420,교육공학,A,평생교육,"2, 3, 4",3,월요일(11:00~12:15),8110,김동심,20180010,30/30,,,1,,블랜디드,406100,평생교육학·HRD,2025,1,1학기
408010,국외교환,2025,1,CX121,*한어청력,A,전공선택,"2, 3, 4",4,,,하얼빈상업대,20209136,2/10,,,0,,N,,,2025,1,1학기
408010,국외교환,2025,1,CX481,*재미있는중국어,A,전공선택,"2, 3, 4",2,,,대만장영대,20209140,3/10,,,0,,N,,,2025,1,1학기
408010,국외교환,2025,1,CX484,*중국어1,A,전공선택,"2, 3, 4",4,,,산동여자대학,20249901,3/10,,,0,,N,,,2025,1,1학기
408010,국외교환,2025,1,CX485,*중국어2,A,전공선택,"2, 3, 4",4,,,산동여자대학,20249901,3/10,,,0,,N,,,2025,1,1학기
408010,국외교환,2025,1,CX489,*한국어(기본)Ⅱ,A,일반선택,"2, 3, 4",2,,,대만장영대,20209140,1/10,,,0,,N,,,2025,1,1학기
408010,국외교환,2025,1,CX505,*사진촬영,A,일반선택,"2, 3, 4",3,,,산동여자대학,20249901,1/10,,,0,,N,,,2025,1,1학기
408010,국외교환,2025,1,CX512,*제과제빵,A,교양선택,"2, 3, 4",3,,,대만장영대,20209140,4/10,,,0,,N,,,2025,1,1학기
408010,국외교환,2025,1,CX513,*기초중국어 II,A,전공선택,"2, 3, 4",3,,,대만장영대,20209140,4/10,,,0,,N,,,2025,1,1학기
408010,국외교환,2025,1,CX520,*어휘및문법,A,전공선택,"2, 3, 4",6,,,목단강사범대학교,20209121,1/10,,,0,,N,,,2025,1,1학기
408010,국외교환,2025,1,CX541,*기초중국어Ⅲ,A,일반선택,"2, 3, 4",3,,,대만장영대,20209140,1/10,,,0,,N,,,2025,1,1학기
408010,국외교환,2025,1,CX545,*인물촬영,A,교양선택,"2, 3, 4",2,,,산동여자대학,20249901,3/10,,,0,,N,,,2025,1,1학기
408010,국외교환,2025,1,CX567,*현대중국어Ⅱ,A,전공선택,"2, 3, 4",2,,,화동사범대학,20209103,1/10,,,0,,N,,,2025,1,1학기
408010,국외교환,2025,1,CX593,*HSK2,A,전공선택,"2, 3, 4",4,,,목단강사범대학교,20209121,1/10,,,0,,N,,,2025,1,1학기
408010,국외교환,2025,1,CX594,*읽기와쓰기,A,전공선택,"2, 3, 4",2,,,목단강사범대학교,20209121,1/10,,,0,,N,,,2025,1,1학기
408010,국외교환,2025,1,CX595,*문화연구입문,A,전공선택,"2, 3, 4",2,,,대만장영대,20209140,3/10,,,0,,N,,,2025,1,1학기
408010,국외교환,2025,1,CX596,*컴퓨터지원번역과편집,A,전공선택,"2, 3, 4",2,,,대만장영대,20209140,3/10,,,0,,N,,,2025,1,1학기
408010,국외교환,2025,1,CX597,*기념품으로구운페이스트리,A,교양선택,"2, 3, 4",3,,,대만장영대,20209140,2/10,,,0,,N,,,2025,1,1학기
408010,국외교환,2025,1,CX598,*한국어Ⅱ(중급),A,교양선택,"2, 3, 4",2,,,대만장영대,20209140,1/10,,,0,,N,,,2025,1,1학기
408010,국외교환,2025,1,CX599,*여행일정기획및설계,A,일반선택,"2, 3, 4",2,,,대만장영대,20209140,1/10,,,0,,N,,,2025,1,1학기
408010,국외교환,2025,1,CX600,*게임번역(중-영),A,일반선택,"2, 3, 4",2,,,대만장영대,20209140,1/10,,,0,,N,,,2025,1,1학기
408010,국외교환,2025,1,CX601,*유럽식디저트,A,교양선택,"2, 3, 4",3,,,대만장영대,20209140,1/10,,,0,,N,,,2025,1,1학기
408010,국외교환,2025,1,CX602,*배드민턴,A,교양선택,"2, 3, 4",1,,,산동여자대학,20249901,2/10,,,0,,N,,,2025,1,1학기
408010,국외교환,2025,1,CX603,*요가,A,교양선택,"2, 3, 4",1,,,산동여자대학,20249901,2/10,,,0,,N,,,2025,1,1학기
408010,국외교환,2025,1,CX604,*영상후기편집,A,교양선택,"2, 3, 4",3,,,산동여자대학,20249901,1/10,,,0,,N,,,2025,1,1학기
408010,국외교환,2025,1,CX605,*영상저작(글쓰기)입문,A,교양선택,"2, 3, 4",3,,,산동여자대학,20249901,1/10,,,0,,N,,,2025,1,1학기
408010,국외교환,2025,1,CX606,*문화시장마케팅학,A,교양선택,"2, 3, 4",2,,,산동여자대학,20249901,1/10,,,0,,N,,,2025,1,1학기
408010,국외교환,2025,1,CX607,*티비편집기초,A,전공선택,"2, 3, 4",3,,,산동여자대학,20249901,1/10,,,0,,N,,,2025,1,1학기
408010,국외교환,2025,1,CX608,*외국어로중국어교육에대한일반적인소개,A,교양선택,"2, 3, 4",2,,,화동사범대학,20209103,1/10,,,0,,N,,,2025,1,1학기
408010,국외교환,2025,1,CX609,*중국관용어문화와사용,A,교양선택,"2, 3, 4",2,,,화동사범대학,20209103,1/10,,,0,,N,,,2025,1,1학기
408010,국외교환,2025,1,DX061,*Film Studies,A,전공선택,"2, 3, 4",1,,,일본나가사키대학,20209132,2/10,,,0,,N,,,2025,1,1학기
408010,국외교환,2025,1,DX629,*Vocabulary A,A,전공선택,"2, 3, 4",3,,,독일하이델베르크,20209122,2/10,,,0,,N,,,2025,1,1학기
408010,국외교환,2025,1,DX764,*소그룹대화A,A,전공선택,"2, 3, 4",3,,,독일하이델베르크,20209122,1/10,,,0,,N,,,2025,1,1학기
408010,국외교환,2025,1,DX784,*창의적글쓰기2(B2),A,전공선택,"2, 3, 4",5,,,독일하이델베르크,20209122,1/10,,,0,,N,,,2025,1,1학기
408010,국외교환,2025,1,DX819,"*일반독일어코스,CEFR레벨B2.2",A,전공선택,"2, 3, 4",4,,,독일하이델베르크,20209122,1/10,,,0,,N,,,2025,1,1학기
408010,국외교환,2025,1,DX820,*프랑스어A2.2,A,일반선택,"2, 3, 4",3,,,독일하이델베르크,20209122,1/10,,,0,,N,,,2025,1,1학기
408010,국외교환,2025,1,DX821,"*일반독일어코스,CEFR레벨A2.2",A,전공선택,"2, 3, 4",8,,,독일하이델베르크,20209122,1/10,,,0,,N,,,2025,1,1학기
408010,국외교환,2025,1,DX822,*탄뎀파트너와함께하는언어학습,A,전공선택,"2, 3, 4",3,,,독일하이델베르크,20209122,2/10,,,0,,N,,,2025,1,1학기
408010,국외교환,2025,1,EX166,*일본어Ⅲ,A,전공선택,"2, 3, 4",2,,,게이센여자대학,20209124,2/8,,,0,,N,,,2025,1,1학기
408010,국외교환,2025,1,EX253,*교양기초연습Ⅰ,A,교양선택,"2, 3, 4",1,,,게이센여자대학,20209124,2/8,,,0,,,,,2025,1,1학기
408010,국외교환,2025,1,EX776,*고급일본어Ⅱa,A,전공선택,"2, 3, 4",2,,,일본나가사키대학,20209132,1/10,,,0,,N,,,2025,1,1학기
408010,국외교환,2025,1,EX778,*일본어학,A,전공선택,"2, 3, 4",2,,,일본나가사키대학,20209132,2/10,,,0,,N,,,2025,1,1학기
408010,국외교환,2025,1,EX851,*문화인류학기초(관광),A,복수선택,"2, 3, 4",1,,,일본나가사키대학,20209132,1/10,,,0,,N,,,2025,1,1학기
408010,국외교환,2025,1,EX885,*일본어Ⅰ,A,교양선택,"2, 3, 4",2,,,게이센여자대학,20209124,2/8,,,0,,N,,,2025,1,1학기
408010,국외교환,2025,1,EX901,*커리어개발,A,교양선택,"2, 3, 4",2,,,일본나가사키대학,20209132,1/10,,,0,,N,,,2025,1,1학기
408010,국외교환,2025,1,EX910,*문자와사회,A,교양선택,"2, 3, 4",2,,,일본나가사키대학,20209132,1/10,,,0,,N,,,2025,1,1학기
408010,국외교환,2025,1,EX912,*초등습자교육,A,전공선택,"2, 3, 4",1,,,일본나가사키대학,20209132,1/10,,,0,,N,,,2025,1,1학기
408010,국외교환,2025,1,EX955,*윤리·철학,A,전공선택,"2, 3, 4",2,,,게이센여자대학,20209124,2/8,,,0,,N,,,2025,1,1학기
408010,국외교환,2025,1,EX956,*지방자치론,A,전공선택,"2, 3, 4",2,,,게이센여자대학,20209124,2/8,,,0,,N,,,2025,1,1학기
408010,국외교환,2025,1,EX957,*가족심리학,A,일반선택,"2, 3, 4",2,,,게이센여자대학,20209124,2/8,,,0,,N,,,2025,1,1학기
408010,국외교환,2025,1,EX958,*일본문화기초Ⅴ,A,전공선택,"2, 3, 4",2,,,게이센여자대학,20209124,1/8,,,0,,N,,,2025,1,1학기
408010,국외교환,2025,1,EX959,*커뮤니케이션입문,A,전공선택,"2, 3, 4",2,,,일본나가사키대학,20209132,1/10,,,0,,N,,,2025,1,1학기
408010,국외교환,2025,1,EX960,*프레젠테이션기초,A,전공선택,"2, 3, 4",2,,,일본나가사키대학,20209132,2/10,,,0,,N,,,2025,1,1학기
408010,국외교환,2025,1,EX961,*응용언어학기초A,A,교양선택,"2, 3, 4",1,,,일본나가사키대학,20209132,1/10,,,0,,N,,,2025,1,1학기
408010,국외교환,2025,1,EX962,*응용언어학기초B,A,교양선택,"2, 3, 4",1,,,일본나가사키대학,20209132,1/10,,,0,,N,,,2025,1,1학기
408010,국외교환,2025,1,EX963,*일본어연습C,A,전공선택,"2, 3, 4",1,,,일본나가사키대학,20209132,2/10,,,0,,N,,,2025,1,1학기
408010,국외교환,2025,1,EX964,*인류학및민속학인문,A,복수선택,"2, 3, 4",1,,,일본나가사키대학,20209132,1/10,,,0,,N,,,2025,1,1학기
408010,국외교환,2025,1,EX965,*가족사회학기초,A,교양선택,"2, 3, 4",1,,,일본나가사키대학,20209132,1/10,,,0,,N,,,2025,1,1학기
408010,국외교환,2025,1,EX966,*윤리학기초,A,복수선택,"2, 3, 4",1,,,일본나가사키대학,20209132,1/10,,,0,,N,,,2025,1,1학기
408010,국외교환,2025,1,EX967,*문화간이해와가족,A,교양선택,"2, 3, 4",2,,,일본나가사키대학,20209132,1/10,,,0,,N,,,2025,1,1학기
408010,국외교환,2025,1,EX968,*고급일본어Ⅰ,A,전공선택,"2, 3, 4",2,,,일본나가사키대학,20209132,2/10,,,0,,N,,,2025,1,1학기
408010,국외교환,2025,1,EX969,*대체보육Ⅰ,A,전공선택,"2, 3, 4",2,,,일본나가사키대학,20209132,3/10,,,0,,N,,,2025,1,1학기
408010,국외교환,2025,1,EX970,*초등학교미술,A,전공선택,"2, 3, 4",1,,,일본나가사키대학,20209132,3/10,,,0,,N,,,2025,1,1학기
408010,국외교환,2025,1,EX971,*일본현대언어학입문(세미나),A,전공선택,"2, 3, 4",2,,,일본나가사키대학,20209132,2/10,,,0,,N,,,2025,1,1학기
408010,국외교환,2025,1,EX972,*악기성능연구a,A,교양선택,"2, 3, 4",1,,,일본나가사키대학,20209132,2/10,,,0,,N,,,2025,1,1학기
408010,국외교환,2025,1,EX977,*고급일본어Ⅱa,A,전공선택,"2, 3, 4",2,,,일본나가사키대학,20209132,1/10,,,0,,N,,,2025,1,1학기
408010,국외교환,2025,1,EX978,*일본어작문,A,전공선택,"2, 3, 4",1,,,일본나가사키대학,20209132,1/10,,,0,,N,,,2025,1,1학기
408010,국외교환,2025,1,EX980,*모노폴리게임을통한비즈니스기반®,A,교양선택,"2, 3, 4",2,,,일본나가사키대학,20209132,1/10,,,0,,N,,,2025,1,1학기
408010,국외교환,2025,1,EX981,*언어와문화의연결A(중국어),A,일반선택,"2, 3, 4",1,,,일본나가사키대학,20209132,1/10,,,0,,N,,,2025,1,1학기
408010,국외교환,2025,1,EX982,*인도학입문과정,A,일반선택,"2, 3, 4",2,,,일본나가사키대학,20209132,1/10,,,0,,N,,,2025,1,1학기
408010,국외교환,2025,1,EX983,*조각a,A,교양선택,"2, 3, 4",2,,,일본나가사키대학,20209132,1/10,,,0,,N,,,2025,1,1학기
408010,국외교환,2025,1,HX013,*중국문화,A,전공선택,"2, 3, 4",2,,,하얼빈상업대,20209136,2/10,,,0,,N,,,2025,1,1학기
408010,국외교환,2025,1,HX298,*구어,A,전공선택,"2, 3, 4",4,,,하얼빈상업대,20209136,1/10,,,0,,N,,,2025,1,1학기
408010,국외교환,2025,1,HX377,*문화체험,A,전공선택,"2, 3, 4",4,,,목단강사범대학교,20209121,1/10,,,0,,N,,,2025,1,1학기
408010,국외교환,2025,1,HX399,*사자,A,전공선택,"2, 3, 4",4,,,하얼빈상업대,20209136,1/10,,,0,,N,,,2025,1,1학기
408010,국외교환,2025,1,HX426,*중국어종합,A,전공선택,"2, 3, 4",6,,,하얼빈상업대,20209136,3/10,,,0,,N,,,2025,1,1학기
408010,국외교환,2025,1,HX432,*구어,A,전공선택,"2, 3, 4",6,,,하얼빈상업대,20209136,2/10,,,0,,N,,,2025,1,1학기
408010,국외교환,2025,1,HX450,*듣기,A,일반선택,"2, 3, 4",3,,,목단강사범대학교,20209121,/10,,,0,,N,,,2025,1,1학기
408010,국외교환,2025,1,HX451,*말하기,A,전공선택,"2, 3, 4",4,,,목단강사범대학교,20209121,1/10,,,0,,N,,,2025,1,1학기
408010,국외교환,2025,1,HX457,*한자쓰기,A,전공선택,"2, 3, 4",2,,,하얼빈상업대,20209136,1/10,,,0,,N,,,2025,1,1학기
408010,국외교환,2025,1,HX458,*중국어독해,A,전공선택,"2, 3, 4",4,,,하얼빈상업대,20209136,1/10,,,0,,N,,,2025,1,1학기
408010,국외교환,2025,1,HX468,*종합중국어501,A,전공선택,"2, 3, 4",10,,,북경공업대학,20209144,3/10,,,0,,N,,,2025,1,1학기
408010,국외교환,2025,1,HX469,*중국어읽기&쓰기501,A,전공선택,"2, 3, 4",4,,,북경공업대학,20209144,3/10,,,0,,N,,,2025,1,1학기
408010,국외교환,2025,1,HX470,*문화활동,A,교양선택,"2, 3, 4",3,,,북경공업대학,20209144,3/10,,,0,,N,,,2025,1,1학기
408010,국외교환,2025,1,HX471,*중국어듣기&말하기501,A,전공선택,"2, 3, 4",4,,,북경공업대학,20209144,2/10,,,0,,N,,,2025,1,1학기
408010,국외교환,2025,1,HX485,*일본어독해712,A,일반선택,"2, 3, 4",1,,,도쿄외국어대학,20209129,1/10,,,0,,N,,,2025,1,1학기
408010,국외교환,2025,1,HX486,*일본어작문714,A,일반선택,"2, 3, 4",1,,,도쿄외국어대학,20209129,1/5,,,0,,N,,,2025,1,1학기
408010,국외교환,2025,1,HX487,*일본어한자904,A,일반선택,"2, 3, 4",1,,,도쿄외국어대학,20209129,1/5,,,0,,N,,,2025,1,1학기
408010,국외교환,2025,1,HX488,*대학생세계사1,A,일반선택,"2, 3, 4",2,,,도쿄외국어대학,20209129,1/5,,,0,,N,,,2025,1,1학기
408010,국외교환,2025,1,HX489,*일본문화이론,A,일반선택,"2, 3, 4",2,,,도쿄외국어대학,20209129,1/7,,,0,,N,,,2025,1,1학기
408010,국외교환,2025,1,HX490,*한국어문학번역실습,A,일반선택,"2, 3, 4",2,,,도쿄외국어대학,20209129,1/7,,,0,,N,,,2025,1,1학기
408010,국외교환,2025,1,HX491,*메이지시대와다이쇼시대의근대일본시읽기,A,일반선택,"2, 3, 4",2,,,도쿄외국어대학,20209129,2/7,,,0,,N,,,2025,1,1학기
408010,국외교환,2025,1,HX500,*기초베트남어,A,일반선택,,1,,,,,1/7,,,0,,,,,2025,1,1학기
408010,국외교환,2025,1,HZ155,*윤리학,A,전공선택,"2, 3, 4",2,,,일본나가사키대학,20209132,1/10,,,0,,N,,,2025,1,1학기
408010,국외교환,2025,1,HZ306,*고급일본어1,A,복수선택,"2, 3, 4",2,,,일본나가사키대학,20209132,1/10,,,0,,N,,,2025,1,1학기
408010,국외교환,2025,1,HZ321,*사회복지,A,전공선택,"2, 3, 4",2,,,일본나가사키대학,20209132,3/10,,,0,,N,,,2025,1,1학기
408010,국외교환,2025,1,HZ338,*기독교의소개Ⅱ,A,전공선택,"2, 3, 4",2,,,게이센여자대학,20209124,2/8,,,0,,N,,,2025,1,1학기
408010,국외교환,2025,1,HZ363,*기독교입문,A,교양필수,"2, 3, 4",2,,,오키나와기독교학원대학,20239902,1/10,오키나와기독교학원대학 ,,0,,N,,,2025,1,1학기
408010,국외교환,2025,1,HZ364,*건강을위한농구와배구,A,일반선택,"2, 3, 4",1,,,오키나와기독교학원대학,20239902,1/10,오키나와기독교학원대학 ,,0,,,,,2025,1,1학기
408010,국외교환,2025,1,HZ365,*기초컴퓨팅,A,일반선택,"2, 3, 4",2,,,오키나와기독교학원대학,20239902,1/5,오키나와기독교학원대학 ,,0,,N,,,2025,1,1학기
408010,국외교환,2025,1,HZ366,*응용컴퓨팅,A,일반선택,"2, 3, 4",2,,,오키나와기독교학원대학,20239902,1/5,,,0,,N,,,2025,1,1학기
408010,국외교환,2025,1,HZ367,*문화간이해,A,전공선택,"2, 3, 4",2,,,오키나와기독교학원대학,20239902,1/5,오키나와기독교학원대학 ,,0,,N,,,2025,1,1학기
408010,국외교환,2025,1,HZ368,*기초세미나Ⅰ,A,전공선택,"2, 3, 4",2,,,오키나와기독교학원대학,20239902,1/5,,,0,,N,,,2025,1,1학기
408010,국외교환,2025,1,HZ369,*다문화사회,A,일반선택,"2, 3, 4",2,,,오키나와기독교학원대학,20239902,1/5,,,0,,N,,,2025,1,1학기
408010,국외교환,2025,1,HZ370,*류큐/오키나와 역사문화입문,A,전공선택,"2, 3, 4",2,,,오키나와기독교학원대학,20239902,1/5,,,0,,N,,,2025,1,1학기
408010,국외교환,2025,1,HZ371,*일본역사문화입문,A,전공선택,"2, 3, 4",2,,,오키나와기독교학원대학,20239902,1/5,,,0,,N,,,2025,1,1학기
408010,국외교환,2025,1,HZ372,*일본수어입문,A,일반선택,"2, 3, 4",2,,,오키나와기독교학원대학,20239902,1/5,,,0,,N,,,2025,1,1학기
408010,국외교환,2025,1,HZ702,*영어말하기,A,전공선택,"2, 3, 4",1,,,흐라데츠클라로베,20209142,1/10,,,0,,N,,,2025,1,1학기
408010,국외교환,2025,1,HZ877,*외국인을위한체코어,A,일반선택,"2, 3, 4",3,,,흐라데츠클라로베,20209142,1/10,,,0,,N,,,2025,1,1학기
408010,국외교환,2025,1,HZ896,*정량적방법론:요소와예시,A,전공선택,"2, 3, 4",4,,,흐라데츠클라로베,20209142,0/10,,,0,,N,,,2025,1,1학기
408010,국외교환,2025,1,HZ912,*여가교육학,A,일반선택,"2, 3, 4",2,,,흐라데츠클라로베,20209142,2/10,,,0,,,,,2025,1,1학기
408010,국외교환,2025,1,HZ976,*일본어문법411,A,일반선택,,1,,,,,1/7,,,0,,N,,,2025,1,1학기
408010,국외교환,2025,1,HZ977,*일본어독해312,A,일반선택,,1,,,,,1/7,,,0,,N,,,2025,1,1학기
408010,국외교환,2025,1,HZ978,*일본어청해413,A,일반선택,,1,,,,,1/7,,,0,,N,,,2025,1,1학기
408010,국외교환,2025,1,HZ979,*일본어작문314,A,일반선택,,1,,,,,1/7,,,0,,N,,,2025,1,1학기
408010,국외교환,2025,1,HZ980,*일본어커뮤니케이션415,A,일반선택,,1,,,,,1/7,,,0,,N,,,2025,1,1학기
408010,국외교환,2025,1,HZ991,*체코음악의역사,A,일반선택,"2, 3, 4",3,,,흐라데츠클라로베,20209142,4/10,,,0,,N,,,2025,1,1학기
408010,국외교환,2025,1,HZ992,*가치관의변화와현대사회,A,전공선택,"2, 3, 4",3,,,흐라데츠클라로베,20209142,2/10,,,0,,N,,,2025,1,1학기
408010,국외교환,2025,1,HZ993,*전통섬유기법2,A,일반선택,"2, 3, 4",1,,,흐라데츠클라로베,20209142,4/10,,,0,,N,,,2025,1,1학기
408010,국외교환,2025,1,HZ994,*정량적방법론:요소와예시,A,일반선택,"2, 3, 4",3,,,흐라데츠클라로베,20209142,4/10,,,0,,N,,,2025,1,1학기
408010,국외교환,2025,1,HZ995,*가족사회학,A,일반선택,"2, 3, 4",3,,,흐라데츠클라로베,20209142,2/10,,,0,,N,,,2025,1,1학기
408010,국외교환,2025,1,RS102,*대학성공영어:대학청해기법,A,일반선택,"2, 3, 4",3,,,레니슨대학교,20239901,1/9,,,0,,N,,,2025,1,1학기
408010,국외교환,2025,1,RS103,*대학성공영어:대학구술기법,A,일반선택,"2, 3, 4",3,,,레니슨대학교,20239901,1/9,,,0,,N,,,2025,1,1학기
408010,국외교환,2025,1,RS104,*대학성공영어:구술의사소통기법,A,일반선택,"2, 3, 4",3,,,레니슨대학교,20239901,1/9,,,0,,N,,,2025,1,1학기
408010,국외교환,2025,1,RS105,*대학성공영어:대학작문기법,A,일반선택,"2, 3, 4",3,,,레니슨대학교,20239901,1/9,,,0,,N,,,2025,1,1학기
408010,국외교환,2025,1,RS109,*대학성공영어:대학독해기법,A,일반선택,"2, 3, 4",2,,,레니슨대학교,20239901,2/9,,,0,,N,,,2025,1,1학기
408010,국외교환,2025,1,RS110,*EFAS:대학작문기법,A,교양선택,"2, 3, 4",4,,,레니슨대학교,20239901,1/7,,,0,,N,,,2025,1,1학기
408010,국외교환,2025,1,RS111,*EFAS:대학청해기법,A,교양선택,"2, 3, 4",4,,,레니슨대학교,20239901,1/7,,,0,,N,,,2025,1,1학기
408010,국외교환,2025,1,RS112,*EFAS:대학구술기법,A,교양선택,"2, 3, 4",4,,,레니슨대학교,20239901,1/7,,,0,,N,,,2025,1,1학기
408010,국외교환,2025,1,RS113,*EFAS:구술의사소통기법,A,교양선택,"2, 3, 4",4,,,레니슨대학교,20239901,1/7,,,0,,N,,,2025,1,1학기
409010,학점교류,2025,1,KH070,법학개론,A,일반선택,"2, 3, 4",3,,,인천대,20030042,1/1,,,0,,N,,,2025,1,1학기
409010,학점교류,2025,1,KH424,경영의이해,A,교양선택,"2, 3, 4",3,,,인천대,20030042,1/1,,,0,,N,,,2025,1,1학기
409010,학점교류,2025,1,KH668,평생교육방법론,A,평생교육,"2, 3, 4",3,,,인천대,20030042,2/2,,,0,,N,,,2025,1,1학기
409010,학점교류,2025,1,KH671,실전토익700,A,교양선택,"2, 3, 4",2,,,인천대,20030042,1/1,,,0,,N,,,2025,1,1학기
409010,학점교류,2025,1,KH672,StepbyStep피아노,A,교양선택,"2, 3, 4",1,,,인천대,20030042,1/1,,,0,,N,,,2025,1,1학기
409010,학점교류,2025,1,KH673,휴먼커뮤니케이션입문,A,일반선택,"2, 3, 4",3,,,인천대,20030042,1/1,,,0,,N,,,2025,1,1학기
409010,학점교류,2025,1,OC112,생활속의심리학,A,교양선택,"1, 2, 3, 4",3,,,"OCU컨소시엄, 박슬기롭다",20150091,89/90,"사이버대학교(OCU)강의/교양과목/별도수강료납부(24,000원)/강의계획서는 OCU에서 확인 // 외부온라인",,0,,외부온라인,,,2025,1,1학기
409010,학점교류,2025,1,OC129,TED로배우는영화속바이오테크놀로지,A,교양선택,"1, 2, 3, 4",3,,,"OCU컨소시엄, 박슬기롭다",20150091,89/90,"사이버대학교(OCU)강의/교양과목/별도수강료납부(24,000원)/강의계획서는 OCU에서 확인 // 외부온라인",창의융합,0,,외부온라인,,,2025,1,1학기
409010,학점교류,2025,1,OC160,식생활과건강,A,교양선택,"1, 2, 3, 4",3,,,"OCU컨소시엄, 박슬기롭다",20150091,88/90,"사이버대학교(OCU)강의/교양과목/별도수강료납부(24,000원)/강의계획서는 OCU에서 확인 // 외부온라인",,0,,외부온라인,,,2025,1,1학기
409010,학점교류,2025,1,OC206,모두의인공지능,A,교양선택,"1, 2, 3, 4",3,,,"OCU컨소시엄, 박슬기롭다",20150091,51/90,"사이버대학교(OCU)강의/교양과목/별도수강료납부(24,000원)/강의계획서는 OCU에서 확인 // 외부온라인",,0,,외부온라인,,,2025,1,1학기
409010,학점교류,2025,1,OC214,현대음악의이해,A,교양선택,"1, 2, 3, 4",3,,,"OCU컨소시엄, 박슬기롭다",20150091,21/90,"사이버대학교(OCU)강의/교양과목/별도수강료납부(24,000원)/강의계획서는 OCU에서 확인 // 외부온라인",,0,,외부온라인,,,2025,1,1학기
409010,학점교류,2025,1,OC219,문학과상상력,A,교양선택,"1, 2, 3, 4",3,,,"OCU컨소시엄, 박슬기롭다",20150091,43/90,"사이버대학교(OCU)강의/교양과목/별도수강료납부(24,000원)/강의계획서는 OCU에서 확인 // 외부온라인",,0,,외부온라인,,,2025,1,1학기
409010,학점교류,2025,1,OC235,나를찾는행복레슨,A,교양선택,"1, 2, 3, 4",3,,,"OCU컨소시엄, 박슬기롭다",20150091,88/90,"사이버대학교(OCU)강의/교양과목/별도수강료납부(24,000원)/강의계획서는 OCU에서 확인 // 외부온라인",,0,,외부온라인,,,2025,1,1학기
409010,학점교류,2025,1,OC239,챗GPT의이해와활용,A,교양선택,"1, 2, 3, 4",3,,,"OCU컨소시엄, 박슬기롭다",20150091,66/90,"사이버대학교(OCU)강의/교양과목/별도수강료납부(24,000원)/강의계획서는 OCU에서 확인 // 외부온라인",,0,,외부온라인,,,2025,1,1학기
409010,학점교류,2025,1,OC240,제4차산업혁명과자기경영,A,교양선택,"1, 2, 3, 4",3,,,"OCU컨소시엄, 박슬기롭다",20150091,9/90,"사이버대학교(OCU)강의/교양과목/별도수강료납부(24,000원)/강의계획서는 OCU에서 확인 // 외부온라인",,0,,외부온라인,,,2025,1,1학기
409010,학점교류,2025,1,OC241,부자들의성공심리학,A,교양선택,"1, 2, 3, 4",3,,,"OCU컨소시엄, 박슬기롭다",20150091,40/90,"사이버대학교(OCU)강의/교양과목/별도수강료납부(24,000원)/강의계획서는 OCU에서 확인 // 외부온라인",,0,,외부온라인,,,2025,1,1학기
418010,공공인재학부,2025,1,PD001,자기설계기초,I1,일반선택,"2, 3, 4",3,,,노승철,20210027,2/2,지정된 학생외 수강금지(신청시 추후 삭제),,0,,N,423220,공공인재빅데이터융합학,2025,1,1학기
419010,중국어문화영상융합학과,2025,1,HC419,졸업논문,A,전공필수,4,(3),,,장정해,19930050,16/30,4학년 막학기학생만 신청/중국어문전공과목 // 전공(복수포함)자,,1,,N,422190,중국어문화콘텐츠학,2025,1,1학기
419020,IT영상콘텐츠학과,2025,1,IT213,게임플랫폼실습,A,전공선택,"2, 3, 4",3,"화요일(16:00~17:15), 화요일(17:30~18:45)","18521, 18521",강명구,20230018,13/40,전공(복수포함)자,,1,,대면,427200,AI·SW학,2025,1,1학기
419020,IT영상콘텐츠학과,2025,1,IT231,IT스마트관광플랫폼,A,전공선택,"2, 3, 4",3,"목요일(16:00~17:15), 목요일(17:30~18:45)","18521, 18521",최명일,20230019,7/40,전공(복수포함)자,,1,,대면,427200,AI·SW학,2025,1,1학기
419020,IT영상콘텐츠학과,2025,1,IT319,IoT콘텐츠플랫폼,A,전공선택,"3, 4",3,"월요일(17:30~18:45), 수요일(16:00~17:15)","18419, 18419",서정욱,20200078,24/40,전공(복수포함)자,,1,,대면,427200,AI·SW학,2025,1,1학기
419020,IT영상콘텐츠학과,2025,1,IT325,AI-XR영상콘텐츠제작실습,A,전공선택,"3, 4",3,"월요일(09:30~10:45), 수요일(11:00~12:15)","18208, 18208",임익수,20230014,21/36,전공(복수포함)자,,1,,대면,427200,AI·SW학,2025,1,1학기
419020,IT영상콘텐츠학과,2025,1,IT401,개인미디어실습,A,전공선택,4,3,"화요일(13:00~14:15), 화요일(14:30~15:45)","18521, 18521",강명구,20230018,30/40,전공(복수포함)자,,1,,대면,427200,AI·SW학,2025,1,1학기
419020,IT영상콘텐츠학과,2025,1,IT413,딥러닝응용,A,전공선택,"3, 4",3,"목요일(13:00~14:15), 목요일(14:30~15:45)","18521, 18521",최명일,20230019,15/40,전공(복수포함)자,,1,,대면,427200,AI·SW학,2025,1,1학기
419020,IT영상콘텐츠학과,2025,1,IT419,졸업논문,A,전공필수,4,(3),,,오석희,20240165,3/40,전공(복수포함)자,,2,,N,427200,AI·SW학,2025,1,1학기
422100,신학·인문융합계열,2025,1,TH001,유럽문화와비전,A,계열공통,1,3,"목요일(16:00~17:15), 목요일(17:30~18:45)","20403, 20403","심혜경, 오동식, 전춘명",19960084,38/30,,,1,,대면,422000,인문융합대학,2025,1,1학기
422100,신학·인문융합계열,2025,1,TH001,유럽문화와비전,B,계열공통,1,3,"목요일(16:00~17:15), 목요일(17:30~18:45)","20502, 20502","심혜경, 오동식, 전춘명",20100188,31/30,,,1,,대면,422000,인문융합대학,2025,1,1학기
422100,신학·인문융합계열,2025,1,TH001,유럽문화와비전,C,계열공통,1,3,"목요일(16:00~17:15), 목요일(17:30~18:45)","20505, 20505","심혜경, 오동식, 전춘명",20210029,29/30,,,1,,대면,422000,인문융합대학,2025,1,1학기
422100,신학·인문융합계열,2025,1,TH004,중국문화와스토리텔링,A,계열공통,1,3,"월요일(16:00~17:15), 수요일(17:30~18:45)","18110, 18110",최민성,20090008,41/46,,,1,,대면,422000,인문융합대학,2025,1,1학기
422100,신학·인문융합계열,2025,1,TH004,중국문화와스토리텔링,B,계열공통,1,3,"월요일(17:30~18:45), 수요일(16:00~17:15)","18110, 18110",최민성,20090008,46/46,,,1,,대면,422000,인문융합대학,2025,1,1학기
422100,신학·인문융합계열,2025,1,TH007,"문화적다양성,상상력,콘텐츠",A,계열공통,1,3,"화요일(16:00~17:15), 화요일(17:30~18:45)","3308, 3308",신광철,19960087,59/60,,,1,,대면,422000,인문융합대학,2025,1,1학기
422100,신학·인문융합계열,2025,1,TH007,"문화적다양성,상상력,콘텐츠",B,계열공통,1,3,"화요일(16:00~17:15), 화요일(17:30~18:45)","3201, 3201",이종현,20230011,50/50,,,1,,대면,422000,인문융합대학,2025,1,1학기
422100,신학·인문융합계열,2025,1,TH009,문학과나의만남:동시대문학읽기와쓰기,A,계열공통,1,3,"월요일(16:00~17:15), 수요일(17:30~18:45)","3321, 3321",백수린,20240068,29/35,,,2,,대면,422000,인문융합대학,2025,1,1학기
422100,신학·인문융합계열,2025,1,TH009,문학과나의만남:동시대문학읽기와쓰기,B,계열공통,1,3,"월요일(17:30~18:45), 수요일(16:00~17:15)","3321, 3321",강지희,20190189,35/35,,,1,,대면,422000,인문융합대학,2025,1,1학기
422100,신학·인문융합계열,2025,1,TH011,기독교와세계문명,A,계열공통,1,3,"월요일(16:00~17:15), 수요일(17:30~18:45)","3207, 3207",김주한,20080110,35/50,,,1,,대면,422000,인문융합대학,2025,1,1학기
422140,독일어문화학,2025,1,HD222,독일문학과영상문화,A,전공선택,2,3,"월요일(17:30~18:45), 수요일(16:00~17:15)","20403, 20403",오동식,20100188,35/35,,,1,,대면,,,2025,1,1학기
422140,독일어문화학,2025,1,HD377,독일역사와언어변화,A,전공선택,4,3,월요일(16:00~17:15),20403,국세라,20250045,22/30,독일역사와 언어변화 / 독어학개론(2학기) 둘중 한과목 내규필수,,1,,블랜디드,,,2025,1,1학기
422140,독일어문화학,2025,1,HD417,독일어어휘의이해,A,전공선택,4,3,,,오동식,20100188,37/50,  // 교내온라인,,1,,교내온라인,,,2025,1,1학기
422140,독일어문화학,2025,1,HD419,졸업논문,A,전공필수,4,(3),,,오동식,20100188,4/30,,,1,,N,,,2025,1,1학기
422140,독일어문화학,2025,1,HD508,영상으로보는유럽문화사,A,전공선택,2,3,화요일(13:00~14:15),20403,심혜경,20210029,33/35,영상으로보는유럽문화사 / 문화텍스트읽는유럽의젠더(2학기) 둘중 한과목 내규필수,,1,,블랜디드,,,2025,1,1학기
422140,독일어문화학,2025,1,HD629,독일어듣기말하기실습A2-2,A,전공선택,4,3,"화요일(16:00~17:15), 화요일(17:30~18:45)","20403, 20403",발렌틴 안더르트,20230029,8/35,독일어듣기말하기A2-2 / 독일어듣기말하기B1-1(2학기) 둘중 한과목 내규필수,,0,,대면,,,2025,1,1학기
422140,독일어문화학,2025,1,HD649,독일역사로보는문학이야기I,A,전공선택,3,3,"월요일(14:30~15:45), 수요일(14:30~15:45)","20403, 20403",오동식,20100188,29/30,독일역사로보는문학이야기1 / 독일역사로보는문학이야기2(2학기) 둘중 한과목 내규필수,,1,,대면,,,2025,1,1학기
422140,독일어문화학,2025,1,HD657,영화이해의길잡이,A,전공선택,2,3,화요일(11:00~12:15),20403,심혜경,20210029,27/30,,,1,,블랜디드,,,2025,1,1학기
422140,독일어문화학,2025,1,HD658,유럽영화축제기행,A,전공선택,2,3,수요일(14:30~15:45),3423,심혜경,20210029,59/60,도서관 소극장에서 진행,,1,,블랜디드,,,2025,1,1학기
422140,독일어문화학,2025,1,HD659,영상콘텐츠제작실습2,A,전공선택,3,3,"목요일(13:00~14:15), 목요일(14:30~15:45)","20403, 20403",심윤진,20240142,21/30,,,1,,대면,,,2025,1,1학기
422140,독일어문화학,2025,1,HD662,독일어듣기말하기실습A1-0 ,A,전공선택,2,3,"월요일(11:00~12:15), 수요일(09:30~10:45)","20403, 20403",오동식,20100188,21/30,,,1,,대면,,,2025,1,1학기
422140,독일어문화학,2025,1,HD665,기본독일어실습Ⅰ,A,전공선택,2,3,화요일(14:30~15:45),20403,전춘명,19960084,41/40,,,1,,블랜디드,,,2025,1,1학기
422140,독일어문화학,2025,1,HD669,국내외유럽문화탐사1,A,전공선택,"3, 4",3,"금요일(09:30~10:45), 금요일(11:00~12:15)","20403, 20403",전춘명,19960084,25/25,,,1,,대면,,,2025,1,1학기
422140,독일어문화학,2025,1,HD906,독일히든챔피언과창업,A,전공선택,2,3,,,전춘명,19960084,92/90,  // 교내온라인,,1,,교내온라인,,,2025,1,1학기
422140,독일어문화학,2025,1,PD001,자기설계기초,J1,일반선택,"2, 3, 4",3,,,오동식,20100188,1/1,지정된 학생외 수강금지(신청시 추후 삭제),,0,,N,,,2025,1,1학기
422150,영미문화학,2025,1,HE219,영문학개관,A,전공필수,2,3,"화요일(16:00~17:15), 화요일(17:30~18:45)","7103, 7103",이향미,20200051,36/35,,,1,,대면,422150,영미문화학,2025,1,1학기
422150,영미문화학,2025,1,HE219,영문학개관,B,전공필수,2,3,"목요일(16:00~17:15), 목요일(17:30~18:45)","20308, 20308",서강목,20240061,13/35,,,1,,대면,422150,영미문화학,2025,1,1학기
422150,영미문화학,2025,1,HE264,영어문법,A,전공선택,"3, 4",3,"목요일(13:00~14:15), 목요일(14:30~15:45)","20405, 20405",홍승진,20240044,20/35,,,1,,대면,422150,영미문화학,2025,1,1학기
422150,영미문화학,2025,1,HE270,영어작문,A,전공선택,2,2,수요일(11:00~12:40),20405,LUCIER PETER,20240051,31/35,,,1,,대면,422150,영미문화학,2025,1,1학기
422150,영미문화학,2025,1,HE274,영어토론,A,전공선택,"3, 4",3,"화요일(11:00~12:15), 목요일(09:30~10:45)","7305, 7305",LUCIER PETER,20240051,10/35,,,1,,대면,422150,영미문화학,2025,1,1학기
422150,영미문화학,2025,1,HE275,영미문화의이해,A,전공필수,2,3,"월요일(14:30~15:45), 수요일(14:30~15:45)","7106, 7106",이향미,20200051,34/35,,,1,,대면,422150,영미문화학,2025,1,1학기
422150,영미문화학,2025,1,HE275,영미문화의이해,B,전공필수,2,3,"목요일(13:00~14:15), 목요일(14:30~15:45)","18212-1, 18212-1",김지혜,20210073,17/35,,,1,,대면,422150,영미문화학,2025,1,1학기
422150,영미문화학,2025,1,HE276,영어회화실습,A,전공선택,2,2,"화요일(09:30~10:45), 목요일(11:00~12:15)","7305, 7305",LUCIER PETER,20240051,9/35,,,1,,대면,422150,영미문화학,2025,1,1학기
422150,영미문화학,2025,1,HE276,영어회화실습,B,전공선택,2,2,"화요일(13:00~14:15), 화요일(14:30~15:45)","7105, 7105",LUCIER PETER,20240051,34/35,,,1,,대면,422150,영미문화학,2025,1,1학기
422150,영미문화학,2025,1,HE282,글로벌트렌드영어1,A,전공선택,2,3,"월요일(11:00~12:15), 수요일(09:30~10:45)","7305, 7305",박미선,20090009,38/45,,,1,,대면,422150,영미문화학,2025,1,1학기
422150,영미문화학,2025,1,HE314,현대영미소설,A,전공선택,"3, 4",3,"월요일(13:00~14:15), 수요일(13:00~14:15)","7106, 7106",이향미,20200051,28/35,,,1,,대면,422150,영미문화학,2025,1,1학기
422150,영미문화학,2025,1,HE315,영어연설강독및실습,A,전공선택,2,3,"월요일(13:00~14:15), 수요일(13:00~14:15)","7305, 7305",박미선,20090009,33/45,,,1,,대면,422150,영미문화학,2025,1,1학기
422150,영미문화학,2025,1,HE332,현대영미시,A,전공선택,"3, 4",3,"화요일(13:00~14:15), 화요일(14:30~15:45)","20405, 20405",서강목,20240061,12/35,,,1,,대면,422150,영미문화학,2025,1,1학기
422150,영미문화학,2025,1,HE376,디지털문화읽기,A,전공선택,"3, 4",3,"월요일(14:30~15:45), 수요일(14:30~15:45)","18211-1, 18211-1",김지혜,20210073,28/35,,,1,,대면,422150,영미문화학,2025,1,1학기
422150,영미문화학,2025,1,HE412,졸업논문,A,전공필수,4,(3),,,박미선,20090009,8/40,,,1,,N,422150,영미문화학,2025,1,1학기
422150,영미문화학,2025,1,HE440,현대영미희곡,A,전공선택,"3, 4",3,"월요일(17:30~18:45), 수요일(16:00~17:15)","18211-1, 18211-1",김지혜,20210073,10/35,,,1,,대면,422150,영미문화학,2025,1,1학기
422160,문예창작학,2025,1,HW238,동시대시강독Ⅰ,A,전공선택,2,3,"화요일(09:30~10:45), 목요일(11:00~12:15)","20308, 20308",임지은,20230052,28/36,전공(복수포함)자 // 전공(복수포함)자,,1,,대면,422160,문예창작학,2025,1,1학기
422160,문예창작학,2025,1,HW240,서사학입문,A,전공선택,2,3,"월요일(09:30~10:45), 수요일(11:00~12:15)","20308, 20308",이미선,20220154,30/36,전공(복수포함)자 // 전공(복수포함)자,,1,,대면,422160,문예창작학,2025,1,1학기
422160,문예창작학,2025,1,HW243,드라마작법Ⅰ,A,전공선택,2,3,"목요일(16:00~17:15), 목요일(17:30~18:45)","3506, 3506",김민수,20240009,27/24,전공(복수포함)자 // 전공(복수포함)자,,1,,대면,422160,문예창작학,2025,1,1학기
422160,문예창작학,2025,1,HW245,연극과뮤지컬작법 ,A,전공선택,3,3,"금요일(13:00~14:15), 금요일(14:30~15:45)","20308, 20308",박춘근,20250061,21/24,전공(복수포함)자 // 전공(복수포함)자,,1,,대면,422160,문예창작학,2025,1,1학기
422160,문예창작학,2025,1,HW246,동시대소설강독Ⅰ,A,전공선택,2,3,"화요일(16:00~17:15), 화요일(17:30~18:45)","18103, 18103",강지희,20190189,44/36,전공(복수포함)자 // 전공(복수포함)자,,1,,대면,422160,문예창작학,2025,1,1학기
422160,문예창작학,2025,1,HW301,시창작실습Ⅰ,A,전공선택,2,3,"화요일(11:00~12:15), 목요일(09:30~10:45)","20308, 20308",임지은,20230052,26/24,전공(복수포함)자,,1,,대면,422160,문예창작학,2025,1,1학기
422160,문예창작학,2025,1,HW302,소설창작실습Ⅰ,A,전공선택,2,3,"월요일(14:30~15:45), 수요일(14:30~15:45)","20308, 20308",백수린,20240068,24/24,전공(복수포함)자 // 전공(복수포함)자,,1,,대면,422160,문예창작학,2025,1,1학기
422160,문예창작학,2025,1,HW328,아동문학창작실습Ⅰ,A,전공선택,3,3,"화요일(16:00~17:15), 화요일(17:30~18:45)","20308, 20308",류재향,20240010,25/24,전공(복수포함)자 // 전공(복수포함)자,,1,,대면,422160,문예창작학,2025,1,1학기
422160,문예창작학,2025,1,HW331,현대시연구,A,전공선택,3,3,"월요일(17:30~18:45), 수요일(16:00~17:15)","20308, 20308",정한아,20220222,34/36,전공(복수포함)자 // 전공(복수포함)자,,1,,대면,422160,문예창작학,2025,1,1학기
422160,문예창작학,2025,1,HW340,아동문학작품연구,A,전공선택,3,3,"화요일(13:00~14:15), 화요일(14:30~15:45)","20308, 20308",류재향,20240010,36/36,전공(복수포함)자 // 전공(복수포함)자,,1,,대면,422160,문예창작학,2025,1,1학기
422160,문예창작학,2025,1,HW401,시창작실습Ⅲ,A,전공선택,3,3,"월요일(16:00~17:15), 수요일(17:30~18:45)","20308, 20308",정한아,20220222,24/24,전공(복수포함)자 // 전공(복수포함)자,,1,,대면,422160,문예창작학,2025,1,1학기
422160,문예창작학,2025,1,HW402,소설창작실습Ⅲ,A,전공선택,3,3,"월요일(11:00~12:15), 수요일(09:30~10:45)","20308, 20308",이미선,20220154,14/24,전공(복수포함)자 // 전공(복수포함)자,,1,,대면,422160,문예창작학,2025,1,1학기
422160,문예창작학,2025,1,HW405,비평이론,A,전공선택,4,3,"월요일(14:30~15:45), 수요일(14:30~15:45)","20401, 20401",강지희,20190189,26/36,전공(복수포함)자 // 전공(복수포함)자,,1,,대면,422160,문예창작학,2025,1,1학기
422160,문예창작학,2025,1,HW419,졸업논문,A,전공필수,4,(3),,,정한아,20220222,7/40,전공(복수포함)자 // 전공(복수포함)자,,0,,N,422160,문예창작학,2025,1,1학기
422170,한국어문학,2025,1,HK105,한국문학개론,A,전공필수,2,3,"월요일(17:30~18:45), 수요일(16:00~17:15)","18102, 18102",유형동,20220034,39/38,,,1,,대면,422170,한국어문학,2025,1,1학기
422170,한국어문학,2025,1,HK106,한국어학개론,A,전공필수,2,3,"금요일(09:30~10:45), 금요일(11:00~12:15)","3423, 3423",김지혜,20230138,33/50,,,1,,대면,422170,한국어문학,2025,1,1학기
422170,한국어문학,2025,1,HK276,현대소설탐구,A,전공선택,2,3,"화요일(13:00~14:15), 화요일(14:30~15:45)","20401, 20401",심동수,20220209,37/38,,,1,,대면,422170,한국어문학,2025,1,1학기
422170,한국어문학,2025,1,HK277,고전시가탐구 ,A,전공선택,2,3,"화요일(16:00~17:15), 화요일(17:30~18:45)","3503, 3503",김혜진,20230041,27/38,,,1,,대면,422170,한국어문학,2025,1,1학기
422170,한국어문학,2025,1,HK380,한국어이해교육론,A,전공선택,"3, 4",3,"목요일(16:00~17:15), 목요일(17:30~18:45)","20401, 20401",김혜련,20250044,23/38,,,1,,대면,422170,한국어문학,2025,1,1학기
422170,한국어문학,2025,1,HK381,한국민속의이해,A,전공선택,"3, 4",3,"월요일(11:00~12:15), 수요일(09:30~10:45)","3423, 3423",유형동,20220034,39/38,,,1,,대면,422170,한국어문학,2025,1,1학기
422170,한국어문학,2025,1,HK383,사회언어학론,A,전공선택,3,3,"화요일(11:00~12:15), 목요일(09:30~10:45)","20401, 20401",김지혜,20230138,38/38,,,1,,대면,422170,한국어문학,2025,1,1학기
422170,한국어문학,2025,1,HK384,한국어발음교육론,A,전공선택,3,3,"화요일(09:30~10:45), 목요일(11:00~12:15)","20401, 20401",김지혜,20230138,38/38,,,1,,대면,422170,한국어문학,2025,1,1학기
422170,한국어문학,2025,1,HK385,현대시인탐구,A,전공선택,3,3,"월요일(13:00~14:15), 수요일(13:00~14:15)","3505, 3505",유문선,20240189,33/38,,,1,,대면,422170,한국어문학,2025,1,1학기
422170,한국어문학,2025,1,HK391,한국신화와판타지문화탐구,A,전공선택,3,3,"화요일(16:00~17:15), 화요일(17:30~18:45)","3204, 3204",유형동,20220034,33/45,,,1,,대면,422170,한국어문학,2025,1,1학기
422170,한국어문학,2025,1,HK419,졸업논문,A,전공필수,4,(3),,,유형동,20220034,48/60,전공(복수포함)자,,1,,N,422170,한국어문학,2025,1,1학기
422170,한국어문학,2025,1,HK440,논문연습,A,전공선택,4,3,"월요일(14:30~15:45), 수요일(14:30~15:45)","3505, 3505",유문선,20240189,20/45,,,1,,대면,422170,한국어문학,2025,1,1학기
422170,한국어문학,2025,1,HK444,한국어교육과정론,A,전공선택,"3, 4",3,"목요일(13:00~14:15), 목요일(14:30~15:45)","20507, 20507",김혜련,20250044,39/38,,,1,,대면,422170,한국어문학,2025,1,1학기
422180,한국사학,2025,1,GP146,취락고고학2,A,학석연계,4,3,"화요일(09:30~10:45), 화요일(11:00~12:15)","2109, 2109",이형원,20210030,1/10,실수업 진행 강의실 : 2307//학석사연계과정생 외 수강불가,,1,,대면,422180,한국사학,2025,1,1학기
422180,한국사학,2025,1,HH116,한국사학입문,A,전공필수,2,3,"월요일(16:00~17:15), 수요일(17:30~18:45)","20402, 20402",정무용,20230010,44/50,,,1,,대면,422180,한국사학,2025,1,1학기
422180,한국사학,2025,1,HH205,관광고고학,A,전공선택,"2, 3, 4",3,"월요일(17:30~18:45), 수요일(16:00~17:15)","20402, 20402",이형원,20210030,33/50,,,1,,대면,422180,한국사학,2025,1,1학기
422180,한국사학,2025,1,HH263,고고학입문,A,전공필수,"2, 3",3,"월요일(09:30~10:45), 수요일(11:00~12:15)","20402, 20402",이형원,20210030,24/50,,,1,,대면,422180,한국사학,2025,1,1학기
422180,한국사학,2025,1,HH272,기록학입문,A,전공필수,2,3,"월요일(11:00~12:15), 수요일(09:30~10:45)","20402, 20402",이영남,20170017,29/50,,,1,,대면,422180,한국사학,2025,1,1학기
422180,한국사학,2025,1,HH303,아카이브와콘텐츠,A,전공선택,"2, 3, 4",3,"목요일(13:00~14:15), 목요일(14:30~15:45)","20402, 20402",조민지,20220174,43/60,,,1,,대면,422180,한국사학,2025,1,1학기
422180,한국사학,2025,1,HH304,서양사특강,A,전공선택,3,3,"금요일(09:30~10:45), 금요일(11:00~12:15)","18421, 18421",이시연,20220138,35/50,,,1,,대면,422180,한국사학,2025,1,1학기
422180,한국사학,2025,1,HH307,유교문화사,A,전공선택,"3, 4",3,"월요일(14:30~15:45), 수요일(14:30~15:45)","20402, 20402",정해득,20140042,39/50,,,1,,대면,422180,한국사학,2025,1,1학기
422180,한국사학,2025,1,HH344,한국사특강Ⅰ,A,전공선택,"2, 3",3,"목요일(16:00~17:15), 목요일(17:30~18:45)","20402, 20402",이미선,20220247,39/50,,,1,,대면,422180,한국사학,2025,1,1학기
422180,한국사학,2025,1,HH393,고고학이론과방법론,A,전공선택,3,3,"화요일(13:00~14:15), 화요일(14:30~15:45)","20402, 20402",김한상,20240045,28/50,,,1,,대면,422180,한국사학,2025,1,1학기
422180,한국사학,2025,1,HH403,문화유산과박물관전시,A,전공선택,"1, 2, 3, 4",3,"목요일(16:00~17:15), 목요일(17:30~18:45)","18106, 18106",김봉수,20240170,15/50,,,1,,대면,422180,한국사학,2025,1,1학기
422180,한국사학,2025,1,HH406,한국사사료읽기1,B,전공필수,2,2,"화요일(11:00~12:15), 목요일(09:30~10:45)","20402, 20402",정해득,20140042,21/50,"짝수 학번 신청, 변동을 원할 경우 담당 교수 확인 필요.",,1,,대면,422180,한국사학,2025,1,1학기
422180,한국사학,2025,1,HH411,졸업논문,A,전공필수,4,(3),,,정무용,20230010,20/60,전공(복수포함)자,,1,,N,422180,한국사학,2025,1,1학기
422180,한국사학,2025,1,HH463,한국사논문연습,A,전공선택,4,3,"월요일(13:00~14:15), 수요일(13:00~14:15)","20402, 20402","이영남, 이형원, 정무용",20230010,20/50,전공(복수포함)자,,1,,대면,422180,한국사학,2025,1,1학기
422180,한국사학,2025,1,HH470,학술답사A,A,전공필수,2,.5,금요일(16:00~16:50),20402,이형원,20210030,33/50,"구) 학술답사Ⅱ 수강자 신청 불가, 학술답사Ⅱ와 같음/ 16시 ~16:50분 수업",,1,,대면,422180,한국사학,2025,1,1학기
422180,한국사학,2025,1,HH472,학술답사C,A,전공필수,3,.5,금요일(17:30~18:20),20402,정무용,20230010,32/50,"구) 학술답사Ⅳ 수강자 신청 불가, 학술답사Ⅳ와 같음 / 17시~17:50분 수업",,1,,대면,422180,한국사학,2025,1,1학기
422180,한국사학,2025,1,HH496,개인사,A,전공선택,"3, 4",3,"화요일(16:00~17:15), 화요일(17:30~18:45)","20402, 20402",이영남,20170017,27/50,,,1,,대면,422180,한국사학,2025,1,1학기
422190,중국어문화콘텐츠학,2025,1,DC163,한중공연콘텐츠의이해,A,전공선택,2,3,"목요일(16:00~17:15), 목요일(17:30~18:45)","18110, 18110",이광복,20230104,17/30,한중콘텐츠전공과목,,1,,대면,422190,중국어문화콘텐츠학,2025,1,1학기
422190,중국어문화콘텐츠학,2025,1,DC456,사랑과중국문학,A,전공선택,2,3,,,김용표,20190301,59/60,한중콘텐츠전공과목 // 교내온라인,,1,,교내온라인,422190,중국어문화콘텐츠학,2025,1,1학기
422190,중국어문화콘텐츠학,2025,1,DC460,한중관광콘텐츠디자인,A,전공선택,2,3,"화요일(16:00~17:15), 화요일(17:30~18:45)","18110, 18110",최정규,20220178,30/30,"한중콘텐츠전공과목, 마이크로전공과목",,1,,대면,422190,중국어문화콘텐츠학,2025,1,1학기
422190,중국어문화콘텐츠학,2025,1,DC462,중국고전과스토리텔링,A,전공선택,2,3,"화요일(14:30~15:45), 목요일(14:30~15:45)","18110, 18110",최민성,20090008,29/30,한중콘텐츠전공과목/공통과목,,1,,대면,422190,중국어문화콘텐츠학,2025,1,1학기
422190,중국어문화콘텐츠학,2025,1,DC586,한중문화콘텐츠장르론,A,전공선택,2,3,"화요일(13:00~14:15), 목요일(13:00~14:15)","18110, 18110",최민성,20090008,30/30,한중콘텐츠전공과목/공통과목,,1,,대면,422190,중국어문화콘텐츠학,2025,1,1학기
422190,중국어문화콘텐츠학,2025,1,DC607,전공중국어Ⅰ,A,전공선택,2,3,"월요일(13:00~14:15), 수요일(13:00~14:15)","18110, 18110",김남희,20200038,21/30,한중콘텐츠전공과목/공통과목,,1,,대면,422190,중국어문화콘텐츠학,2025,1,1학기
422190,중국어문화콘텐츠학,2025,1,HC216,HSK4급Ⅰ,A,전공선택,"2, 3, 4",3,월요일(14:30~15:45),7107,장정해,19930050,20/30,전공자(복수포함)에 한해 수강 허용 (중국체류 및 교환학생 6개월 이상 / 新HSK 5급 이상 학생은 수강을 불허함) / 중국어문전공과목 // 전공(복수포함)자,,1,,블랜디드,422190,중국어문화콘텐츠학,2025,1,1학기
422190,중국어문화콘텐츠학,2025,1,HC224,고사성어,A,전공선택,"2, 3, 4",3,,,문미진,20190194,41/41,중국어문전공과목 // 교내온라인,,1,,교내온라인,422190,중국어문화콘텐츠학,2025,1,1학기
422190,중국어문화콘텐츠학,2025,1,HC293,중국문화의이해Ⅰ,A,전공선택,"2, 3, 4",3,수요일(14:30~15:45),7107,장정해,19930050,38/40,"전공자, 복수전공자에 한해 수강 허용/중국어문전공과목/공통과목 // 전공(복수포함)자",,1,,블랜디드,422190,중국어문화콘텐츠학,2025,1,1학기
422190,중국어문화콘텐츠학,2025,1,HC296,HSK실습Ⅰ,A,전공선택,"2, 3, 4",3,,,진연,20230038,37/40,중국어문전공과목 // 교내온라인,,1,,교내온라인,422190,중국어문화콘텐츠학,2025,1,1학기
422190,중국어문화콘텐츠학,2025,1,HC396,글로벌비즈니스예절,A,전공선택,"2, 3, 4",3,,,문미진,20190194,40/40,중국어문전공과목 // 전공(복수포함)자 // 교내온라인,,1,,교내온라인,422190,중국어문화콘텐츠학,2025,1,1학기
422190,중국어문화콘텐츠학,2025,1,HC540,무역중국어,A,전공선택,"2, 3, 4",3,,,진연,20230038,29/38,중국어문전공과목 // 교내온라인,,1,,교내온라인,422190,중국어문화콘텐츠학,2025,1,1학기
422190,중국어문화콘텐츠학,2025,1,HC548,중국어문법,A,전공선택,"2, 3, 4",3,"화요일(16:00~17:15), 화요일(17:30~18:45)","7107, 7107",문미진,20190194,12/40,중국어문전공과목/공통과목 // 전공(복수포함)자,,1,,대면,422190,중국어문화콘텐츠학,2025,1,1학기
422190,중국어문화콘텐츠학,2025,1,HC591,초급중국어회화Ⅰ,A,전공선택,2,3,"화요일(13:00~14:15), 목요일(13:00~14:15)","7107, 7107",류기수,19950013,19/40,중국어문전공과목/공통과목,,1,,대면,422190,중국어문화콘텐츠학,2025,1,1학기
422190,중국어문화콘텐츠학,2025,1,HC592,고사성어와스토리텔링Ⅰ,A,전공선택,"2, 3, 4",3,"금요일(16:00~17:15), 금요일(17:30~18:45)","7107, 7107",류기수,19950013,12/40,중국어문전공과목,,1,,대면,422190,중국어문화콘텐츠학,2025,1,1학기
422190,중국어문화콘텐츠학,2025,1,HC599,중급중국어회화Ⅰ,A,전공필수,"2, 3",1,월요일(11:00~12:40),3408,PANG LI,20120123,12/35,홀수학번 (분반변경은 교수와 상의하여 변경 바람)/중국어문전공과목 // 전공(복수포함)자,,1,,대면,422190,중국어문화콘텐츠학,2025,1,1학기
422190,중국어문화콘텐츠학,2025,1,HC599,중급중국어회화Ⅰ,B,전공필수,"2, 3",1,수요일(11:00~12:40),3408,PANG LI,20120123,18/35,짝수학번 (분반변경은 교수와 상의하여 변경 바람)/중국어문전공과목 // 전공(복수포함)자,,1,,대면,422190,중국어문화콘텐츠학,2025,1,1학기
422190,중국어문화콘텐츠학,2025,1,HC600,HSK5급Ⅰ,A,전공필수,"3, 4",2,"금요일(13:00~14:15), 금요일(14:30~15:45)","7107, 7107",문미진,20190194,28/40,중국어문전공과목 // 전공(복수포함)자,,1,,대면,422190,중국어문화콘텐츠학,2025,1,1학기
422200,디지털영상문화콘텐츠학,2025,1,DV101,문화콘텐츠학,A,전공필수,2,3,"월요일(14:30~15:45), 수요일(14:30~15:45)","18105, 18105",이종현,20230011,36/50,"디영문콘,디문콘,영상문화 소속 전공자에 한함 / 복수전공자 및 타과생 수강금지 / 문화콘텐츠학입문(DR101) 수강생 수강금지 // 전공(복수포함)자",,1,,대면,422200,디지털영상문화콘텐츠학,2025,1,1학기
422200,디지털영상문화콘텐츠학,2025,1,DV101,문화콘텐츠학,B,전공필수,2,3,"화요일(16:00~17:15), 화요일(17:30~18:45)","18105, 18105",박민하,20220207,44/50,"디영문콘,디문콘,영상문화 복수전공자 및 타과생 수강 / 문화콘텐츠학입문(DR101) 수강생 수강금지",,1,,대면,422200,디지털영상문화콘텐츠학,2025,1,1학기
422200,디지털영상문화콘텐츠학,2025,1,DV102,영상문화학,A,전공필수,2,3,"월요일(13:00~14:15), 수요일(13:00~14:15)","18105, 18105",김윤성,20060020,39/50,"디영문콘,디문콘,영상문화 소속 전공자에 한함 / 복수전공자 및 타과생 수강금지 / 영상문화학입문(HM101) 수강생 수강금지  // 전공(복수포함)자",,1,,대면,422200,디지털영상문화콘텐츠학,2025,1,1학기
422200,디지털영상문화콘텐츠학,2025,1,DV102,영상문화학,B,전공필수,2,3,"화요일(13:00~14:15), 화요일(14:30~15:45)","18105, 18105",김윤성,20060020,52/50,"디영문콘,디문콘,영상문화 복수전공자 및 타과생 수강 / 영상문화학입문(HM101) 수강생 수강금지",,1,,대면,422200,디지털영상문화콘텐츠학,2025,1,1학기
422200,디지털영상문화콘텐츠학,2025,1,DV107,글로컬문화비즈니스입문,A,전공선택,2,3,"화요일(13:00~14:15), 화요일(14:30~15:45)","18212, 18212",박민하,20220207,59/60,[글로컬문화비즈니스기획] 마이크로전공. 전공제한없음,,1,,대면,422200,디지털영상문화콘텐츠학,2025,1,1학기
422200,디지털영상문화콘텐츠학,2025,1,DV206,영화학,A,전공선택,2,3,"목요일(13:00~14:15), 목요일(14:30~15:45)","18105, 18105",박미영,20220146,63/60,영화학개론(HM203) 수강생 수강금지,,1,,대면,422200,디지털영상문화콘텐츠학,2025,1,1학기
422200,디지털영상문화콘텐츠학,2025,1,DV207,한류와문화콘텐츠,A,전공선택,2,3,"금요일(09:30~10:45), 금요일(11:00~12:15)","18105, 18105",장해라,20220136,60/60,,,1,,대면,422200,디지털영상문화콘텐츠학,2025,1,1학기
422200,디지털영상문화콘텐츠학,2025,1,DV210,영화제탐사2,A,전공선택,2,2,수요일(11:00~12:40),18105,김윤성,20060020,43/50,P/NP. 디영문콘/디문콘/영상문화 전공자(한국인)에 한함 / 복수전공자 및 타과생 수강금지 // 전공(복수포함)자,,1,,대면,422200,디지털영상문화콘텐츠학,2025,1,1학기
422200,디지털영상문화콘텐츠학,2025,1,DV210,영화제탐사2,B,전공선택,2,2,수요일(11:00~12:40),18519,이종현,20230011,28/50,P/NP. 디영문콘/디문콘/영상문화 전공자(외국인) 및 복수전공자 신청 / 타과생 수강금지 // 전공(복수포함)자,,1,,대면,422200,디지털영상문화콘텐츠학,2025,1,1학기
422200,디지털영상문화콘텐츠학,2025,1,DV214,공연예술콘텐츠분석및기획실습,A,전공선택,2,3,"월요일(16:00~17:15), 수요일(17:30~18:45)","18105, 18105",이종현,20230011,30/29,전공(복수포함)자,,1,,대면,422200,디지털영상문화콘텐츠학,2025,1,1학기
422200,디지털영상문화콘텐츠학,2025,1,DV221,글로컬문화콘텐츠인프라탐사 ,A,전공선택,"2, 3",3,,,신광철,19960087,90/60,[글로컬문화비즈니스기획] 마이크로전공. 절대평가. 전공제한없음 // 교내온라인 // 교내온라인,,1,,교내온라인,422200,디지털영상문화콘텐츠학,2025,1,1학기
422200,디지털영상문화콘텐츠학,2025,1,DV235,"K-pop의과거,현재,미래",A,전공선택,2,3,"금요일(13:00~14:15), 금요일(14:30~15:45)","18105, 18105",신광철,19960087,44/60,,,1,,대면,422200,디지털영상문화콘텐츠학,2025,1,1학기
422200,디지털영상문화콘텐츠학,2025,1,DV301,문화콘텐츠비즈니스의이론과실제,A,전공선택,3,3,"화요일(16:00~17:15), 화요일(17:30~18:45)","18106, 18106",배현주,20220205,29/60,,,1,,대면,422200,디지털영상문화콘텐츠학,2025,1,1학기
422200,디지털영상문화콘텐츠학,2025,1,DV302,테마공간스토리텔링,A,전공선택,3,3,"금요일(13:00~14:15), 금요일(14:30~15:45)","18106, 18106",장해라,20220136,59/60,,,1,,대면,422200,디지털영상문화콘텐츠학,2025,1,1학기
422200,디지털영상문화콘텐츠학,2025,1,DV306,영상비평의이론과실제,A,전공선택,3,3,"목요일(16:00~17:15), 목요일(17:30~18:45)","18420, 18420",박미영,20220146,60/60,,,1,,대면,422200,디지털영상문화콘텐츠학,2025,1,1학기
422200,디지털영상문화콘텐츠학,2025,1,DV311,글로벌문화콘텐츠인프라탐사Ⅲ,A,전공선택,3,2,화요일(11:00~12:40),18105,신광철,19960087,20/40,P/NP. 디영문콘/디문콘/영상문화 전공자에 한함 / 타과생 수강금지 // 전공(복수포함)자,,1,,대면,422200,디지털영상문화콘텐츠학,2025,1,1학기
422200,디지털영상문화콘텐츠학,2025,1,DV402,문화콘텐츠조사연구의이론과실제,A,전공선택,4,3,"화요일(11:00~12:15), 목요일(09:30~10:45)","18101, 18101",이종현,20230011,13/40,디영문콘/디문콘/영상문화 전공자(복수포함)자에 한함 // 전공(복수포함)자,,1,,대면,422200,디지털영상문화콘텐츠학,2025,1,1학기
422200,디지털영상문화콘텐츠학,2025,1,DV419,졸업논문,A,전공필수,4,(3),,,김윤성,20060020,17/50,P/NP. 전공(복수포함)자 // 전공(복수포함)자,,1,,N,422200,디지털영상문화콘텐츠학,2025,1,1학기
422200,디지털영상문화콘텐츠학,2025,1,PD001,자기설계기초,G1,일반선택,"2, 3, 4",3,,,이종현,20230011,3/3,지정된 학생외 수강금지(신청시 추후 삭제),,0,,N,422200,디지털영상문화콘텐츠학,2025,1,1학기
422200,디지털영상문화콘텐츠학,2025,1,PD001,자기설계기초,L1,일반선택,"2, 3, 4",3,,,김윤성,20060020,2/2,지정된 학생외 수강금지(신청시 추후 삭제),,0,,N,422200,디지털영상문화콘텐츠학,2025,1,1학기
423110,중국학,2025,1,HN216,중국정치개론,A,전공필수,2,3,"화요일(11:00~12:15), 목요일(09:30~10:45)","20501, 20501",주장환,20080160,18/50,,,1,,대면,423150,동아시아통상학,2025,1,1학기
423110,중국학,2025,1,HN217,중국문화개론,A,전공선택,2,3,"월요일(13:00~14:15), 수요일(13:00~14:15)","20501, 20501",황선미,20190193,40/50,,,1,,대면,423150,동아시아통상학,2025,1,1학기
423110,중국학,2025,1,HN244,지역연구워크숍Ⅱ,A,전공선택,"2, 3, 4",2,수요일(11:00~12:40),20501,"이일영, 황선미",19970044,14/30,,,1,,대면,423150,동아시아통상학,2025,1,1학기
423110,중국학,2025,1,HN244,지역연구워크숍Ⅱ,B,전공선택,"2, 3, 4",2,수요일(11:00~12:40),20505,"김도희, 주장환",20050055,14/30,,,1,,대면,423150,동아시아통상학,2025,1,1학기
423110,중국학,2025,1,HN268,중국어회화Ⅰ,A,전공선택,2,3,"월요일(14:30~15:45), 수요일(14:30~15:45)","20505, 20505",김도희,20050055,16/30,,,1,,대면,423150,동아시아통상학,2025,1,1학기
423110,중국학,2025,1,HN370,집중중국어실습,A,전공선택,"3, 4",3,"월요일(14:30~15:45), 수요일(14:30~15:45)","20501, 20501",황선미,20190193,18/40,,,1,,대면,423150,동아시아통상학,2025,1,1학기
423110,중국학,2025,1,HN385,개혁기중국정치,A,전공선택,"3, 4",3,"화요일(14:30~15:45), 목요일(14:30~15:45)","20301, 20301",주장환,20080160,21/40,,,1,,대면,423150,동아시아통상학,2025,1,1학기
423110,중국학,2025,1,HN396,중국도시와문학,A,전공선택,"3, 4",3,"화요일(16:00~17:15), 화요일(17:30~18:45)","20506, 20506",황선미,20190193,20/38,,,1,,대면,423150,동아시아통상학,2025,1,1학기
423110,중국학,2025,1,HN419,졸업논문,A,전공필수,4,(3),,,김도희,20050055,8/50,,,1,,N,423150,동아시아통상학,2025,1,1학기
423110,중국학,2025,1,HN484,실용중국어회화Ⅰ,A,전공선택,"3, 4",3,"화요일(13:00~14:15), 목요일(13:00~14:15)","3204, 3204",황선미,20190193,20/25,,,1,,대면,423150,동아시아통상학,2025,1,1학기
423110,중국학,2025,1,HN485,중국소비트렌드분석,A,전공선택,"3, 4",3,"월요일(13:00~14:15), 수요일(13:00~14:15)","20502, 20502",유은하,20190136,11/38,,,1,,대면,423150,동아시아통상학,2025,1,1학기
423120,일본학,2025,1,HJ115,일본사첫걸음,A,전공선택,2,3,"월요일(11:00~12:15), 수요일(09:30~10:45)","7103, 7103",하종문,19960016,44/40,,,1,,대면,423120,일본학,2025,1,1학기
423120,일본학,2025,1,HJ128,초급일본어회화1,A,전공선택,2,2,"월요일(13:00~14:15), 수요일(13:00~14:15)","7103, 7103",YOSHIDA SAORI,20250084,29/30,,,0,,대면,423120,일본학,2025,1,1학기
423120,일본학,2025,1,HJ218,일본어강독,A,전공선택,3,3,"화요일(13:00~14:15), 화요일(14:30~15:45)","18101, 18101",소리마치 마스미,20240145,30/30,,,1,,대면,423120,일본학,2025,1,1학기
423120,일본학,2025,1,HJ256,중급일본어Ⅰ,A,전공선택,2,3,"화요일(16:00~17:15), 화요일(17:30~18:45)","18101, 18101",소리마치 마스미,20240145,30/30,JLPT N3~N2 수준의 수업,,1,,대면,423120,일본학,2025,1,1학기
423120,일본학,2025,1,HJ269,일본학조사연구Ⅰ,A,전공필수,2,3,"금요일(09:30~10:45), 금요일(11:00~12:15)","18211-1, 18211-1",송주명,19990049,34/50,세미나 수업 ,,1,,대면,423120,일본학,2025,1,1학기
423120,일본학,2025,1,HJ271,한일시민사회,A,전공선택,2,3,"화요일(13:00~14:15), 화요일(14:30~15:45)","7103, 7103",송주명,19990049,14/30, 세미나/토론과목,,1,,대면,423120,일본학,2025,1,1학기
423120,일본학,2025,1,HJ319,현대일본정치,A,전공선택,3,3,"금요일(13:00~14:15), 금요일(14:30~15:45)","7103, 7103",김남은,20250046,21/30,,,1,,대면,423120,일본학,2025,1,1학기
423120,일본학,2025,1,HJ344,일본연구해외자료강독,A,전공선택,3,3,"월요일(09:30~10:45), 수요일(11:00~12:15)","7103, 7103",하종문,19960016,16/30,,,1,,대면,423120,일본학,2025,1,1학기
423120,일본학,2025,1,HJ359,일본학조사연구Ⅲ,A,전공필수,3,3,"금요일(09:30~10:45), 금요일(11:00~12:15)","18212, 18212",하종문,19960016,28/50,,,1,,대면,423120,일본학,2025,1,1학기
423120,일본학,2025,1,HJ392,현대일본사회와대중문화,A,전공선택,2,3,"월요일(14:30~15:45), 수요일(14:30~15:45)","7103, 7103",YOSHIDA SAORI,20250084,34/40,,,0,,대면,423120,일본학,2025,1,1학기
423120,일본학,2025,1,HJ393,일본경제사,A,전공선택,3,3,"목요일(13:00~14:15), 목요일(14:30~15:45)","7103, 7103",염동호,20190191,30/30,,,1,,대면,423120,일본학,2025,1,1학기
423120,일본학,2025,1,HJ395,프리젠테이션일본어,A,전공선택,3,3,"화요일(11:00~12:15), 목요일(09:30~10:45)","7103, 7103",YOSHIDA SAORI,20250084,14/30,,,0,,대면,423120,일본학,2025,1,1학기
423120,일본학,2025,1,HJ419,졸업논문,A,전공필수,4,(3),,,송주명,19990049,20/30,,,1,,N,423120,일본학,2025,1,1학기
423120,일본학,2025,1,HJ465,일본과동아시아국제관계,A,전공선택,3,3,"금요일(16:00~17:15), 금요일(17:30~18:45)","7103, 7103",김남은,20250046,18/30,,,1,,대면,423120,일본학,2025,1,1학기
423130,국제경제학,2025,1,EI221,무역관계법,A,전공선택,"2, 3",3,"화요일(11:00~12:15), 목요일(09:30~10:45)","7104, 7104",정희진,20230012,41/50,,,1,,대면,423160,경제금융학,2025,1,1학기
423130,국제경제학,2025,1,EI232,무역실무,A,전공필수,2,3,"화요일(13:00~14:15), 목요일(13:00~14:15)","7305, 7305",정희진,20230012,50/50,글로벌비즈니스학부 전공인정과목,,1,,대면,423160,경제금융학,2025,1,1학기
423130,국제경제학,2025,1,EI232,무역실무,B,전공필수,2,3,"화요일(14:30~15:45), 목요일(14:30~15:45)","7305, 7305",정희진,20230012,41/50,글로벌비즈니스학부 전공인정과목,,1,,대면,423160,경제금융학,2025,1,1학기
423130,국제경제학,2025,1,EI251,미시경제론,A,전공필수,2,3,"월요일(13:00~14:15), 수요일(13:00~14:15)","7215, 7215",정지영,20190192,59/50,선수권장과목-경제학개론1(미시경제입문),,1,,대면,423160,경제금융학,2025,1,1학기
423130,국제경제학,2025,1,EI253,국제거시경제학,A,전공선택,2,3,"월요일(09:30~10:45), 수요일(11:00~12:15)","7104, 7104",연제호,20240018,52/55,,,1,,대면,423160,경제금융학,2025,1,1학기
423130,국제경제학,2025,1,EI256,현대경제와기업,A,전공선택,"3, 4",3,"월요일(13:00~14:15), 수요일(13:00~14:15)","7104, 7104",전창환,19970038,19/50,,,1,,대면,423160,경제금융학,2025,1,1학기
423130,국제경제학,2025,1,EI258,기초통계학,A,전공선택,"2, 3",3,"월요일(11:00~12:15), 수요일(09:30~10:45)","7104, 7104",연제호,20240018,33/50,,,1,,대면,423160,경제금융학,2025,1,1학기
423130,국제경제학,2025,1,EI269,거시경제입문,A,전공선택,2,3,"월요일(14:30~15:45), 수요일(14:30~15:45)","7104, 7104",전창환,19970038,27/50,,,1,,대면,423160,경제금융학,2025,1,1학기
423130,국제경제학,2025,1,EI270,미시경제입문,A,전공선택,2,3,"월요일(09:30~10:45), 수요일(11:00~12:15)","7215, 7215",정지영,20190192,50/50,,,1,,대면,423160,경제금융학,2025,1,1학기
423130,국제경제학,2025,1,EI374,국제통상정책론,A,전공선택,"3, 4",3,"금요일(13:00~14:15), 금요일(14:30~15:45)","7104, 7104",정희진,20230012,38/50,,,1,,대면,423160,경제금융학,2025,1,1학기
423130,국제경제학,2025,1,EI380,국제무역과운송물류,A,전공선택,"2, 3",3,"목요일(16:00~17:15), 목요일(17:30~18:45)","7104, 7104",남혜지,20230109,48/50,,,1,,대면,423160,경제금융학,2025,1,1학기
423130,국제경제학,2025,1,EI385,무역계약법규,A,전공선택,"3, 4",3,"목요일(13:00~14:15), 목요일(14:30~15:45)","7104, 7104",남혜지,20230109,30/50,,,1,,대면,423160,경제금융학,2025,1,1학기
423130,국제경제학,2025,1,EI411,졸업논문,A,전공필수,4,(3),,,정희진,20230012,40/60,"8학기, 초과학기자 또는 조기졸업 신청자 필수과목",,1,,N,423160,경제금융학,2025,1,1학기
423130,국제경제학,2025,1,EI415,시사국제금융세미나,A,전공선택,4,3,"화요일(16:00~17:15), 화요일(17:30~18:45)","8110, 8110",정지영,20190192,6/30,,,1,,대면,423160,경제금융학,2025,1,1학기
423130,국제경제학,2025,1,EI470,금융과회계,A,전공선택,"2, 3, 4",3,"화요일(16:00~17:15), 화요일(17:30~18:45)","7104, 7104",전창환,19970038,28/50,,,1,,대면,423160,경제금융학,2025,1,1학기
423130,국제경제학,2025,1,EI471,보험학개론,A,전공선택,"3, 4",3,"금요일(09:30~10:45), 금요일(11:00~12:15)","7104, 7104",김혜성,20220152,48/50,,,1,,대면,423160,경제금융학,2025,1,1학기
423140,경제학,2025,1,EE112,경제학원론,A,전공필수,2,3,"월요일(16:00~17:15), 수요일(17:30~18:45)","20301, 20301",최미호,20220134,41/45,,,1,,대면,423160,경제금융학,2025,1,1학기
423140,경제학,2025,1,EE231,계량경제학,A,전공선택,3,3,"화요일(11:00~12:15), 목요일(09:30~10:45)","7108, 7108",한재명,20240069,31/45,,,1,,대면,423160,경제금융학,2025,1,1학기
423140,경제학,2025,1,EE236,한국경제사,A,전공선택,3,3,"화요일(13:00~14:15), 화요일(14:30~15:45)","3406, 3406",양우진,20240190,26/30,,,1,,대면,423160,경제금융학,2025,1,1학기
423140,경제학,2025,1,EE254,경제사,A,전공선택,2,3,"화요일(13:00~14:15), 목요일(13:00~14:15)","20301, 20301",성락선,19960085,13/45,,,1,,대면,423160,경제금융학,2025,1,1학기
423140,경제학,2025,1,EE339,재정학,A,전공선택,3,3,"월요일(11:00~12:15), 수요일(09:30~10:45)","20301, 20301",한재명,20240069,33/45,,,1,,대면,423160,경제금융학,2025,1,1학기
423140,경제학,2025,1,EE344,경제통계학,A,전공필수,2,3,"월요일(14:30~15:45), 수요일(14:30~15:45)","7108, 7108",한재명,20240069,39/45,,,1,,대면,423160,경제금융학,2025,1,1학기
423140,경제학,2025,1,EE367,거시경제학,A,전공필수,3,3,"월요일(13:00~14:15), 수요일(13:00~14:15)","20301, 20301",고기영,20130146,45/45,,,1,,대면,423160,경제금융학,2025,1,1학기
423140,경제학,2025,1,EE411,졸업논문,A,전공필수,4,(3),,,성락선,19960085,7/50,,,1,,N,423160,경제금융학,2025,1,1학기
423140,경제학,2025,1,EE440,경제학세미나,A,전공선택,4,3,"목요일(16:00~17:15), 목요일(17:30~18:45)","7108, 7108",강남훈,20220009,21/45,,,1,,대면,423160,경제금융학,2025,1,1학기
423210,글로벌인재학,2025,1,HI269,국제관계의이론과역사,A,전공필수,"2, 3",3,"월요일(14:30~15:45), 수요일(14:30~15:45)","20306, 20306",최형익,20040020,41/55,,,1,,대면,,,2025,1,1학기
423210,글로벌인재학,2025,1,HI323,정치사상의이해,A,전공필수,"2, 3",3,"월요일(13:00~14:15), 수요일(13:00~14:15)","20306, 20306",이해영,19960013,48/55,,,0,,대면,,,2025,1,1학기
423210,글로벌인재학,2025,1,HI330,미디어와정치,A,전공선택,"2, 3",3,"목요일(16:00~17:15), 목요일(17:30~18:45)","3503, 3503",홍용덕,20220234,22/25,타전공생 추가 신청 희망시 행정실 문의,,1,,대면,,,2025,1,1학기
423210,글로벌인재학,2025,1,HI340,유라시아외교론,A,전공필수,"3, 4",3,"목요일(13:00~14:15), 목요일(14:30~15:45)","3203, 3203",박상준,20220225,14/55,,,1,,대면,,,2025,1,1학기
423210,글로벌인재학,2025,1,HI407,평화학과평화운동의이해,A,전공선택,"2, 3",3,수요일(17:30~18:45),20507,박상남,20060141,30/25,타전공생 추가 신청 희망시 행정실 문의 / 블랜디드 강의,,1,,블랜디드,,,2025,1,1학기
423210,글로벌인재학,2025,1,HI408,국제개발협력개론,A,전공선택,"2, 3",3,"월요일(09:30~10:45), 수요일(11:00~12:15)","20502, 20502",이종운,20190145,23/25,타전공생 추가 신청 희망시 행정실 문의,,1,,대면,,,2025,1,1학기
423210,글로벌인재학,2025,1,HI408,국제개발협력개론,B,전공선택,"2, 3",3,"금요일(13:00~14:15), 금요일(14:30~15:45)","20306, 20306",최지나,20240174,7/55,외국인 유학생 전용 강의,,1,,대면,,,2025,1,1학기
423210,글로벌인재학,2025,1,HI419,졸업논문,A,전공필수,4,(3),,,이해영,19960013,23/30,마지막 학기생 신청/ 국제관계학 전공자 신청과목,,0,,N,,,2025,1,1학기
423210,글로벌인재학,2025,1,HI423,선거정치론,A,전공선택,"2, 3",3,"목요일(13:00~14:15), 목요일(14:30~15:45)","20306, 20306",김형철,20220229,15/25,타전공생 추가 신청 희망시 행정실 문의,,1,,대면,,,2025,1,1학기
423210,글로벌인재학,2025,1,HI427,글로벌커뮤니케이션,A,전공선택,"3, 4",3,"화요일(16:00~17:15), 화요일(17:30~18:45)","20306, 20306",박상남,20060141,22/25,타전공생 추가 신청 희망시 행정실 문의,,1,,대면,,,2025,1,1학기
423210,글로벌인재학,2025,1,HI428,사회과학분석기법,A,전공필수,"3, 4",3,"월요일(09:30~10:45), 수요일(11:00~12:15)","20404, 20404",송종운,20250060,23/45,,,1,,대면,,,2025,1,1학기
423210,글로벌인재학,2025,1,HI441,지정학의이론과실재,B,전공선택,"2, 3",3,"금요일(09:30~10:45), 금요일(11:00~12:15)","20306, 20306",노태경,20240175,28/55,외국인 유학생 전용 강의,,1,,대면,,,2025,1,1학기
423210,글로벌인재학,2025,1,HI443,미국정치와사회,A,전공선택,"2, 3",3,"월요일(11:00~12:15), 수요일(09:30~10:45)","20306, 20306",송종운,20250060,33/41,타전공생 추가 신청 희망시 행정실 문의,,1,,대면,,,2025,1,1학기
423210,글로벌인재학,2025,1,HI454,시사문제연구,A,전공선택,"3, 4",3,수요일(16:00~17:15),20507,박상남,20060141,30/25,타전공생 추가 신청 희망시 행정실 문의 / 블랜디드 강의,,1,,블랜디드,,,2025,1,1학기
423210,글로벌인재학,2025,1,HI457,인문콘텐츠와정치적상상력,A,전공선택,"2, 3",3,"월요일(13:00~14:15), 수요일(13:00~14:15)","20403, 20403",최형익,20040020,20/25,타전공생 추가 신청 희망시 행정실 문의,,1,,대면,,,2025,1,1학기
423210,글로벌인재학,2025,1,PD001,자기설계기초,M1,일반선택,"2, 3, 4",3,,,이해영,19960013,3/3,지정된 학생외 수강금지(신청시 추후 삭제),,0,,N,,,2025,1,1학기
423210,글로벌인재학,2025,1,SP419,졸업논문,A,전공필수,4,(3),,,이해영,19960013,9/30,마지막학기생 신청/ 정치학 전공자 신청과목,,0,,N,,,2025,1,1학기
423220,공공인재빅데이터융합학,2025,1,PS106,웹프로그래밍,A,전공선택,"2, 3",3,"월요일(13:00~14:15), 수요일(13:00~14:15)","20404, 20404",이석민,20200034,34/47,,,1,,대면,423220,공공인재빅데이터융합학,2025,1,1학기
423220,공공인재빅데이터융합학,2025,1,PS109,데이터기반조직및인사관리,A,전공선택,"2, 3",3,"월요일(14:30~15:45), 수요일(14:30~15:45)","20404, 20404",윤건,20200035,39/45,,,1,,대면,423220,공공인재빅데이터융합학,2025,1,1학기
423220,공공인재빅데이터융합학,2025,1,PS110,공공조직관리론,A,전공필수,"2, 3",3,"화요일(11:00~12:15), 목요일(09:30~10:45)","20507, 20507",윤건,20200035,28/55,,,1,,대면,423220,공공인재빅데이터융합학,2025,1,1학기
423220,공공인재빅데이터융합학,2025,1,PS210,머신러닝이해와활용,A,전공선택,"2, 3",3,"월요일(11:00~12:15), 수요일(09:30~10:45)","20404, 20404",노승철,20210027,35/45,,,1,,대면,423220,공공인재빅데이터융합학,2025,1,1학기
423220,공공인재빅데이터융합학,2025,1,PS214,형사법,A,전공선택,"2, 3",3,"화요일(16:00~17:15), 화요일(17:30~18:45)","20507, 20507",강현,20240054,48/50,,,1,,대면,423220,공공인재빅데이터융합학,2025,1,1학기
423220,공공인재빅데이터융합학,2025,1,PS215,정책분석과기획,A,전공선택,"2, 3",3,"화요일(09:30~10:45), 목요일(11:00~12:15)","20404, 20404",이석민,20200034,25/42,,,1,,대면,423220,공공인재빅데이터융합학,2025,1,1학기
423220,공공인재빅데이터융합학,2025,1,PS227,파이썬데이터분석기초,A,전공선택,2,3,"화요일(13:00~14:15), 화요일(14:30~15:45)","20404, 20404",노승철,20210027,43/45,AISW계열 및 첨단융학계열 학생 수강금지,,1,,대면,423220,공공인재빅데이터융합학,2025,1,1학기
423220,공공인재빅데이터융합학,2025,1,PS231,AI에이전트캡스톤,A,전공선택,"2, 3",3,"월요일(17:30~18:45), 수요일(16:00~17:15)","8101, 8101",이석민,20200034,14/42,,,1,,대면,423220,공공인재빅데이터융합학,2025,1,1학기
423220,공공인재빅데이터융합학,2025,1,PS313,지방자치및행정,A,전공선택,"2, 3",3,"월요일(13:00~14:15), 수요일(13:00~14:15)","20507, 20507",장익현,20200052,55/55,,,1,,대면,423220,공공인재빅데이터융합학,2025,1,1학기
423220,공공인재빅데이터융합학,2025,1,PS322,행정사특강,A,전공선택,3,3,"월요일(09:30~10:45), 수요일(11:00~12:15)","20507, 20507",윤건,20200035,27/55,,,1,,대면,423220,공공인재빅데이터융합학,2025,1,1학기
423220,공공인재빅데이터융합학,2025,1,PS409,딥러닝자연어처리,A,전공선택,"3, 4",3,"화요일(13:00~14:15), 화요일(14:30~15:45)","7108, 7108",이석민,20200034,34/47,,,1,,대면,423220,공공인재빅데이터융합학,2025,1,1학기
423220,공공인재빅데이터융합학,2025,1,PS413,공공혁신,A,전공선택,"3, 4",3,"화요일(16:00~17:15), 화요일(17:30~18:45)","3321, 3321",장광호,20240053,17/45,,,1,,대면,423220,공공인재빅데이터융합학,2025,1,1학기
423220,공공인재빅데이터융합학,2025,1,PS414,사회조사분석,A,전공필수,"2, 3",3,"목요일(13:00~14:15), 목요일(14:30~15:45)","20404, 20404",노승철,20210027,37/45,,,1,,대면,423220,공공인재빅데이터융합학,2025,1,1학기
423220,공공인재빅데이터융합학,2025,1,PS417,머신러닝비지도학습,A,전공선택,"2, 3",3,"화요일(11:00~12:15), 목요일(09:30~10:45)","20404, 20404",노승철,20210027,12/45,,,1,,대면,423220,공공인재빅데이터융합학,2025,1,1학기
423220,공공인재빅데이터융합학,2025,1,PS418,데이터분석과시각화_NCS,A,전공선택,4,3,"목요일(13:00~14:15), 목요일(14:30~15:45)","3404, 3404",이석민,20200034,21/27, IPP형 일학습병행 찹여학생(학습근로자) 수강 가능,,1,,대면,423220,공공인재빅데이터융합학,2025,1,1학기
423220,공공인재빅데이터융합학,2025,1,PSA01,졸업논문,A,전공필수,4,(3),,,윤건,20200035,3/30,마지막학기생 신청/ 행정학 전공자 신청과목,,0,,N,423220,공공인재빅데이터융합학,2025,1,1학기
423220,공공인재빅데이터융합학,2025,1,PSB01,졸업논문,A,전공필수,4,(3),,,윤건,20200035,2/30,마지막학기생 신청/ 정책학 전공자 신청과목,,0,,N,423220,공공인재빅데이터융합학,2025,1,1학기
423300,경제통상·국제·공공인재융합계열,2025,1,EN007,경제금융학의기초,A,계열공통,1,3,"화요일(16:00~17:15), 화요일(17:30~18:45)","20301, 20301",성락선,19960085,49/50,,,1,,대면,,,2025,1,1학기
423300,경제통상·국제·공공인재융합계열,2025,1,EN007,경제금융학의기초,B,계열공통,1,3,"월요일(17:30~18:45), 수요일(16:00~17:15)","20301, 20301",최미호,20220134,47/50,,,1,,대면,,,2025,1,1학기
423300,경제통상·국제·공공인재융합계열,2025,1,EN009,기초중국어Ⅰ,A,계열공통,1,3,"월요일(16:00~17:15), 수요일(17:30~18:45)","20501, 20501","김도희, 황선미",20190193,26/50,,,1,,대면,,,2025,1,1학기
423300,경제통상·국제·공공인재융합계열,2025,1,EN009,기초중국어Ⅰ,B,계열공통,1,3,"월요일(16:00~17:15), 수요일(17:30~18:45)","20306, 20306","김도희, 황선미",20050055,25/38,,,1,,대면,,,2025,1,1학기
423300,경제통상·국제·공공인재융합계열,2025,1,EN010,동아시아지역의이해,A,계열공통,1,3,"화요일(16:00~17:15), 화요일(17:30~18:45)","20501, 20501",이일영,19970044,54/55,,,1,,대면,,,2025,1,1학기
423300,경제통상·국제·공공인재융합계열,2025,1,GH002,정치학입문,A,계열공통,1,3,"목요일(13:00~14:15), 목요일(14:30~15:45)","3423, 3423",최형익,20040020,90/90,,,1,,대면,,,2025,1,1학기
423300,경제통상·국제·공공인재융합계열,2025,1,GH003,행정학입문,A,계열공통,1,3,"월요일(13:00~14:15), 수요일(13:00~14:15)","3423, 3423",윤건,20200035,90/80,,,1,,대면,,,2025,1,1학기
424100,경영·미디어계열,2025,1,BM001,경영의이해,A,계열공통,1,3,"금요일(09:30~10:45), 금요일(11:00~12:15)","7106, 7106",손정현,20220184,34/30,신입생 수강신청 완료 후 잔여석에 한하여 재학생 수강 허용// 전공(복수포함)자 // 전공(복수포함)자,,1,,대면,424000,경영·미디어대학,2025,1,1학기
424100,경영·미디어계열,2025,1,BM001,경영의이해,B,계열공통,1,3,"화요일(16:00~17:15), 화요일(17:30~18:45)","18211, 18211",신재우,20240071,81/70,,,1,,대면,424000,경영·미디어대학,2025,1,1학기
424100,경영·미디어계열,2025,1,BM002,회계의이해,A,계열공통,1,3,"월요일(16:00~17:15), 수요일(17:30~18:45)","3203, 3203",김병조,20140011,33/30,전공(복수포함)자 // 전공(복수포함)자,,1,,대면,424000,경영·미디어대학,2025,1,1학기
424100,경영·미디어계열,2025,1,BM002,회계의이해,B,계열공통,1,3,"화요일(16:00~17:15), 화요일(17:30~18:45)","7305, 7305",최지환,20230015,36/30,전공(복수포함)자,,1,,대면,424000,경영·미디어대학,2025,1,1학기
424100,경영·미디어계열,2025,1,BM002,회계의이해,C,계열공통,1,3,"월요일(17:30~18:45), 수요일(16:00~17:15)","3203, 3203",김병조,20140011,49/35,전공(복수포함)자 // 전공(복수포함)자,,1,,대면,424000,경영·미디어대학,2025,1,1학기
424100,경영·미디어계열,2025,1,BM003,미디어의이해,A,계열공통,1,3,"화요일(13:00~14:15), 화요일(14:30~15:45)","18310, 18310",정기현,20210164,93/70,미디어영상광고홍보학 예약전공생 우선 수강 // 전공(복수포함)자,,1,,대면,424000,경영·미디어대학,2025,1,1학기
424100,경영·미디어계열,2025,1,BM003,미디어의이해,B,계열공통,1,3,"월요일(16:00~17:15), 수요일(17:30~18:45)","18310, 18310",박혜영,20210072,84/80,경영미디어계열 1학년만 수강 재학생수강가능 // 전공(복수포함)자,,1,,대면,424000,경영·미디어대학,2025,1,1학기
424110,경영학,2025,1,EB201,경영통계학,A,전공선택,2,3,"금요일(09:30~10:45), 금요일(11:00~12:15)","18311, 18311",염건,20230143,39/40,전공(복수포함)자,,1,,대면,424110,경영학,2025,1,1학기
424110,경영학,2025,1,EB203,조직행동론,A,전공필수,2,3,"월요일(13:00~14:15), 수요일(13:00~14:15)","18311, 18311",김경민,20160030,51/40,전공(복수포함)자,,1,,대면,424110,경영학,2025,1,1학기
424110,경영학,2025,1,EB217,중급재무회계1,A,전공선택,2,3,"화요일(14:30~15:45), 목요일(14:30~15:45)","7202, 7202",최지환,20230015,44/40,"회계원리, 회계의이해 수강자 대상 ",,1,,대면,424110,경영학,2025,1,1학기
424110,경영학,2025,1,EB251,마케팅커뮤니케이션,A,전공선택,"3, 4",3,"화요일(09:30~10:45), 목요일(11:00~12:15)","7104, 7104",유현미,20240070,31/40,,,1,,대면,424110,경영학,2025,1,1학기
424110,경영학,2025,1,EB251,마케팅커뮤니케이션,B,전공선택,"3, 4",3,"화요일(11:00~12:15), 목요일(09:30~10:45)","7106, 7106",유현미,20240070,33/40,,,1,,대면,424110,경영학,2025,1,1학기
424110,경영학,2025,1,EB301,인적자원관리,A,전공선택,"3, 4",3,"월요일(14:30~15:45), 수요일(14:30~15:45)","18311, 18311",김경민,20160030,40/40,,,1,,대면,424110,경영학,2025,1,1학기
424110,경영학,2025,1,EB304,전산회계실무,A,전공선택,"3, 4",3,"화요일(11:00~12:15), 목요일(09:30~10:45)","18307, 18307",김병조,20140011,29/27,선수이수과목 : 회계의이해 또는 회계원리 // 전공(복수포함)자 // 전공(복수포함)자,,1,,대면,424110,경영학,2025,1,1학기
424110,경영학,2025,1,EB312,재무관리,A,전공필수,2,3,"화요일(13:00~14:15), 목요일(13:00~14:15)","18311, 18311",이건범,20090026,73/90,선수이수과목: 회계의 이해 또는 회계원리 ,,1,,대면,424110,경영학,2025,1,1학기
424110,경영학,2025,1,EB333,경영정보시스템,A,전공선택,"3, 4",3,"화요일(13:00~14:15), 화요일(14:30~15:45)","18309, 18309",정의범,20210033,34/40,전공(복수전공)자 수강 // 전공(복수포함)자,,1,,대면,424110,경영학,2025,1,1학기
424110,경영학,2025,1,EB385,전산회계실무_NCS,A,전공선택,3,3,"월요일(14:30~15:45), 수요일(14:30~15:45)","3404, 3404",김병조,20140011,4/27,2024년 IPP형 일학습병행 찹여학생(학습근로자) 및 기타학생 수강 가능,,1,,대면,424110,경영학,2025,1,1학기
424110,경영학,2025,1,EB386,서비스운영관리,A,전공선택,"3, 4",3,"월요일(09:30~10:45), 수요일(11:00~12:15)","18311, 18311",정의범,20210033,39/40,,,1,,대면,424110,경영학,2025,1,1학기
424110,경영학,2025,1,EB386,서비스운영관리,B,전공선택,"3, 4",3,"월요일(11:00~12:15), 수요일(09:30~10:45)","18311, 18311",정의범,20210033,38/40,,,1,,대면,424110,경영학,2025,1,1학기
424110,경영학,2025,1,EB412,졸업논문,A,전공필수,4,(3),,,김경민,20160030,81/85,전공(복수포함)자,,1,,N,424110,경영학,2025,1,1학기
424110,경영학,2025,1,EB450,금융제도및기관론,A,전공선택,"3, 4",3,"화요일(14:30~15:45), 목요일(14:30~15:45)","18311, 18311",이건범,20090026,39/40,,,1,,대면,424110,경영학,2025,1,1학기
424110,경영학,2025,1,EB451,경영사례연구,A,전공선택,4,3,"목요일(16:00~17:15), 목요일(17:30~18:45)","18311, 18311",홍원의,20230125,9/40,,,1,,대면,424110,경영학,2025,1,1학기
424110,경영학,2025,1,EB476,마케팅성과관리_NCS,A,전공선택,4,3,"금요일(16:00~17:15), 금요일(17:30~18:45)","7106, 7106",손정현,20220184,33/35,2024학년 IPP형 일학습병행 참여학생(학습근로자)대상 수업,,1,,대면,424110,경영학,2025,1,1학기
424110,경영학,2025,1,EB477,유통관리_NCS,A,전공선택,4,3,"금요일(09:30~10:45), 금요일(11:00~12:15)","20402, 20402",오창호,20240063,33/35,2024학년 IPP형 일학습병행 참여학생(학습근로자)대상 수업,,1,,대면,424110,경영학,2025,1,1학기
424120,IT경영학,2025,1,EZ201,e-비즈니스개론,A,전공선택,2,3,"금요일(09:30~10:45), 금요일(11:00~12:15)","7301, 7301",신재우,20240071,19/40,,,1,,대면,424120,IT경영학,2025,1,1학기
424120,IT경영학,2025,1,EZ214,마케팅원론,A,전공선택,2,3,"월요일(09:30~10:45), 수요일(11:00~12:15)","3423, 3423",김상욱,20030021,35/60,,,1,,대면,424120,IT경영학,2025,1,1학기
424120,IT경영학,2025,1,EZ227,웹프로그래밍활용,A,전공필수,3,3,"월요일(13:00~14:15), 수요일(13:00~14:15)","7108, 7108",신재우,20240071,42/40,,,1,,대면,424120,IT경영학,2025,1,1학기
424120,IT경영학,2025,1,EZ238,파이썬프로그래밍기초,A,전공필수,2,3,"월요일(16:00~17:15), 수요일(17:30~18:45)","7108, 7108",권상지,20240151,38/40,,,1,,대면,424120,IT경영학,2025,1,1학기
424120,IT경영학,2025,1,EZ239,데이터분석,A,전공필수,"2, 3",3,"월요일(17:30~18:45), 수요일(16:00~17:15)","7108, 7108",권상지,20240151,40/40,,,1,,대면,424120,IT경영학,2025,1,1학기
424120,IT경영학,2025,1,EZ250,시장조사방법론,A,전공선택,2,3,"화요일(09:30~10:45), 목요일(11:00~12:15)","7108, 7108",김권수,20240026,29/40,일학습병행 참여학생 수강신청 가능,,1,,대면,424120,IT경영학,2025,1,1학기
424120,IT경영학,2025,1,EZ254,IT경영과혁신,A,전공선택,2,3,"월요일(14:30~15:45), 수요일(14:30~15:45)","7305, 7305",신재우,20240071,30/30,,지식정보,1,,대면,424120,IT경영학,2025,1,1학기
424120,IT경영학,2025,1,EZ313,조직관리론,A,전공선택,3,3,"화요일(11:00~12:15), 목요일(09:30~10:45)","7105, 7105",김권수,20240026,40/50,일학습병행 참여학생 수강신청 가능,,1,,대면,424120,IT경영학,2025,1,1학기
424120,IT경영학,2025,1,EZ324,데이터분석종합설계,A,전공선택,"3, 4",3,"금요일(13:00~14:15), 금요일(14:30~15:45)","7301, 7301",최경아,20240152,29/40,,,1,,대면,424120,IT경영학,2025,1,1학기
424120,IT경영학,2025,1,EZ419,졸업논문,A,전공필수,4,(3),,,신재우,20240071,6/50,전공(복수포함)자,,1,,N,424120,IT경영학,2025,1,1학기
424120,IT경영학,2025,1,EZ431,창업경영론,A,전공선택,4,3,"목요일(16:00~17:15), 목요일(17:30~18:45)","7305, 7305",한광희,20240064,26/40,일학습병행 참여학생 수강신청 가능,,1,,대면,424120,IT경영학,2025,1,1학기
424120,IT경영학,2025,1,EZ431,창업경영론,B,전공선택,"2, 3, 4",3,"목요일(13:00~14:15), 목요일(14:30~15:45)","18102, 18102",이상준,20250057,31/50,"AI융합시니어/장애인라이프케어융합전공 신청학생 우선 수강. 단, IT경영학전공 학생 수강금지 // 전공자제외",,1,,대면,424120,IT경영학,2025,1,1학기
424120,IT경영학,2025,1,EZ436,IT경영세미나Ⅰ,A,전공선택,4,1,수요일(17:30~18:20),7305,"김상욱, 신재우",20240071,23/40,전공(복수포함)자,,1,,대면,424120,IT경영학,2025,1,1학기
424120,IT경영학,2025,1,EZ438,마케팅관리_NCS,A,전공선택,4,3,"화요일(16:00~17:15), 화요일(17:30~18:45)","3506, 3506",유현미,20240070,33/35,일학습병행 참여학생만 수강신청 가능,,0,,대면,424120,IT경영학,2025,1,1학기
424120,IT경영학,2025,1,EZ439,고객분석과데이터관리_NCS,A,전공선택,4,3,"금요일(13:00~14:15), 금요일(14:30~15:45)","7106, 7106",손정현,20220184,33/35,일학습병행 참여학생만 수강신청 가능,,1,,대면,424120,IT경영학,2025,1,1학기
424120,IT경영학,2025,1,EZ447,빅데이터이해및기획_NCS,A,전공선택,4,3,"목요일(16:00~17:15), 목요일(17:30~18:45)","3404, 3404",김권수,20240026,20/20,일학습병행 참여학생만 수강신청 가능,,1,,대면,424120,IT경영학,2025,1,1학기
424130,글로벌비즈니스학,2025,1,EH103,경제원론,A,전공선택,2,3,"월요일(11:00~12:15), 수요일(09:30~10:45)","7105, 7105",장종익,20120119,50/50,,,1,,대면,424130,글로벌비즈니스학,2025,1,1학기
424130,글로벌비즈니스학,2025,1,EH105,글로벌사회입문,A,전공필수,2,3,"월요일(16:00~17:15), 수요일(17:30~18:45)","7105, 7105",유한나,20220223,32/50,,,1,,대면,424130,글로벌비즈니스학,2025,1,1학기
424130,글로벌비즈니스학,2025,1,EH243,국제무역통상영어Ⅰ,A,전공선택,2,3,"금요일(09:30~10:45), 금요일(11:00~12:15)","7105, 7105",김인선,20230046,48/50,,,1,,대면,424130,글로벌비즈니스학,2025,1,1학기
424130,글로벌비즈니스학,2025,1,EJ203,국제개발협력의이해,A,전공필수,2,3,"월요일(14:30~15:45), 수요일(14:30~15:45)","20307, 20307",이종운,20190145,19/50,,,1,,대면,424130,글로벌비즈니스학,2025,1,1학기
424130,글로벌비즈니스학,2025,1,EJ349,협동조합비즈니스모델,A,전공선택,"3, 4",3,"월요일(13:00~14:15), 수요일(13:00~14:15)","7105, 7105",장종익,20120119,6/50,,,1,,대면,424130,글로벌비즈니스학,2025,1,1학기
424130,글로벌비즈니스학,2025,1,EJ419,졸업논문,A,전공필수,4,(3),,,장종익,20120119,3/30,,,0,,N,424130,글로벌비즈니스학,2025,1,1학기
424130,글로벌비즈니스학,2025,1,EJ419,졸업논문,B,전공필수,4,(3),,,유한나,20220223,10/30,,,1,,N,424130,글로벌비즈니스학,2025,1,1학기
424130,글로벌비즈니스학,2025,1,EK201,글로벌경영론,A,전공필수,2,3,"월요일(09:30~10:45), 수요일(11:00~12:15)","7105, 7105",양영수,20210032,38/50,,,1,,대면,424130,글로벌비즈니스학,2025,1,1학기
424130,글로벌비즈니스학,2025,1,EK345,글로벌경영전략,A,전공필수,"3, 4",3,"월요일(13:00~14:15), 수요일(13:00~14:15)","7107, 7107",양영수,20210032,54/50,,,1,,대면,424130,글로벌비즈니스학,2025,1,1학기
424130,글로벌비즈니스학,2025,1,EK350,글로벌경영사례연구,A,전공선택,"3, 4",3,"화요일(16:00~17:15), 화요일(17:30~18:45)","7105, 7105",양영수,20210032,14/50,,,1,,대면,424130,글로벌비즈니스학,2025,1,1학기
424130,글로벌비즈니스학,2025,1,EK353,국제무역통상실무,A,전공선택,"3, 4",3,"금요일(13:00~14:15), 금요일(14:30~15:45)","7105, 7105",김인선,20230046,50/50,,,1,,대면,424130,글로벌비즈니스학,2025,1,1학기
424130,글로벌비즈니스학,2025,1,EK355,글로벌리더십과기업가정신,A,전공선택,"3, 4",3,"월요일(14:30~15:45), 수요일(14:30~15:45)","7105, 7105",고기영,20130146,36/50,,,1,,대면,424130,글로벌비즈니스학,2025,1,1학기
424130,글로벌비즈니스학,2025,1,EK419,졸업논문,A,전공필수,4,(3),,,양영수,20210032,30/30,,,1,,N,424130,글로벌비즈니스학,2025,1,1학기
424130,글로벌비즈니스학,2025,1,EK419,졸업논문,B,전공필수,4,(3),,,유한나,20220223,4/30,,,1,,N,424130,글로벌비즈니스학,2025,1,1학기
424130,글로벌비즈니스학,2025,1,PD001,자기설계기초,F1,일반선택,"2, 3, 4",3,,,유한나,20220223,1/1,지정된 학생외 수강금지(신청시 추후 삭제),,0,,N,424130,글로벌비즈니스학,2025,1,1학기
424140,미디어영상광고홍보학,2025,1,EA229,캠페인기획론,A,전공선택,3,3,"화요일(16:00~17:15), 화요일(17:30~18:45)","18310, 18310",이성미,20170128,71/69,미디어영상광고홍보 재학생(복수전공 포함)만 수강가능 // 전공(복수포함)자,,1,,대면,424140,미디어영상광고홍보학,2025,1,1학기
424140,미디어영상광고홍보학,2025,1,EA323,매체기획론,A,전공선택,3,3,"월요일(13:00~14:15), 수요일(13:00~14:15)","18310, 18310",이성미,20170128,76/70,미디어영상광고홍보 재학생(복수전공 포함)만 수강가능 // 전공(복수포함)자,,1,,대면,424140,미디어영상광고홍보학,2025,1,1학기
424140,미디어영상광고홍보학,2025,1,EA323,매체기획론,B,전공선택,3,3,"월요일(14:30~15:45), 수요일(14:30~15:45)","18310, 18310",이성미,20170128,72/70,미디어영상광고홍보 재학생(복수전공 포함)만 수강가능 // 전공(복수포함)자,,1,,대면,424140,미디어영상광고홍보학,2025,1,1학기
424140,미디어영상광고홍보학,2025,1,EA335,소셜마케팅커뮤니케이션,A,전공선택,3,3,"목요일(16:00~17:15), 목요일(17:30~18:45)","18310, 18310",이윤우,20250033,40/69,미디어영상광고홍보 재학생(복수전공 포함)만 수강가능 // 전공(복수포함)자,,1,,대면,424140,미디어영상광고홍보학,2025,1,1학기
424140,미디어영상광고홍보학,2025,1,EA409,졸업논문,A,전공필수,4,(3),,,채희상,20130174,137/200,전공(복수포함)자,,1,,N,424140,미디어영상광고홍보학,2025,1,1학기
424140,미디어영상광고홍보학,2025,1,EA425,여론과정치PR,A,전공선택,4,3,"월요일(09:30~10:45), 수요일(11:00~12:15)","18310, 18310",문철수,20010229,71/70,미디어영상광고홍보 재학생(복수전공 포함)만 수강가능 // 전공(복수포함)자,,1,,대면,424140,미디어영상광고홍보학,2025,1,1학기
424140,미디어영상광고홍보학,2025,1,EM102,광고학개론,A,공통선택,2,3,"월요일(09:30~10:45), 수요일(11:00~12:15)","18523, 18523",지원배,20170127,83/70,미디어영상광고홍보 재학생(복수전공 포함)만 수강가능 // 전공(복수포함)자,,1,,대면,424140,미디어영상광고홍보학,2025,1,1학기
424140,미디어영상광고홍보학,2025,1,EM102,광고학개론,B,공통선택,2,3,"월요일(11:00~12:15), 수요일(09:30~10:45)","18110, 18110",오세정,20250034,11/70,미디어영상광고홍보 재학생(복수전공 포함)만 수강가능 // 전공(복수포함)자,,1,,대면,424140,미디어영상광고홍보학,2025,1,1학기
424140,미디어영상광고홍보학,2025,1,EM103,홍보학개론,A,공통선택,2,3,"월요일(11:00~12:15), 수요일(09:30~10:45)","18310, 18310",문철수,20010229,92/70,미디어영상광고홍보 재학생(복수전공 포함)만 수강가능 // 전공(복수포함)자,,1,,대면,424140,미디어영상광고홍보학,2025,1,1학기
424140,미디어영상광고홍보학,2025,1,EM202,영상과스토리텔링,A,공통선택,3,3,"목요일(13:00~14:15), 목요일(14:30~15:45)","18104, 18104",차성덕,20220175,30/30,미디어영상광고홍보 재학생(복수전공 포함)만 수강가능 // 전공(복수포함)자,,1,,대면,424140,미디어영상광고홍보학,2025,1,1학기
424140,미디어영상광고홍보학,2025,1,EM202,영상과스토리텔링,B,공통선택,3,3,"목요일(16:00~17:15), 목요일(17:30~18:45)","18104, 18104",차성덕,20220175,29/30,미디어영상광고홍보 재학생(복수전공 포함)만 수강가능 // 전공(복수포함)자,,1,,대면,424140,미디어영상광고홍보학,2025,1,1학기
424140,미디어영상광고홍보학,2025,1,EM229,시네마토그래피실습,A,전공선택,2,3,"화요일(16:00~17:15), 화요일(17:30~18:45)","18212-1, 18212-1",김민철,20250012,35/30,미디어영상광고홍보 재학생(복수전공 포함)만 수강가능 // 전공(복수포함)자,,1,,대면,424140,미디어영상광고홍보학,2025,1,1학기
424140,미디어영상광고홍보학,2025,1,EM229,시네마토그래피실습,B,전공선택,2,3,"금요일(16:00~17:15), 금요일(17:30~18:45)","18310, 18310",김민철,20250012,31/30,미디어영상광고홍보 재학생(복수전공 포함)만 수강가능 // 전공(복수포함)자,,1,,대면,424140,미디어영상광고홍보학,2025,1,1학기
424140,미디어영상광고홍보학,2025,1,EM233,콘텐츠라이팅,A,전공선택,2,3,"월요일(13:00~14:15), 수요일(13:00~14:15)","18519, 18519",박혜영,20210072,89/30,미디어영상광고홍보 재학생(복수전공 포함)만 수강가능 // 전공(복수포함)자,,1,,대면,424140,미디어영상광고홍보학,2025,1,1학기
424140,미디어영상광고홍보학,2025,1,EM233,콘텐츠라이팅,B,전공선택,2,3,"월요일(14:30~15:45), 수요일(14:30~15:45)","18519, 18519",박혜영,20210072,59/30,미디어영상광고홍보 재학생(복수전공 포함)만 수강가능 // 전공(복수포함)자,,1,,대면,424140,미디어영상광고홍보학,2025,1,1학기
424140,미디어영상광고홍보학,2025,1,EM301,영상산업론,A,전공선택,4,3,"월요일(11:00~12:15), 수요일(09:30~10:45)","18421, 18421",채희상,20130174,68/70,미디어영상광고홍보 재학생(복수전공 포함)만 수강가능 // 전공(복수포함)자,,1,,대면,424140,미디어영상광고홍보학,2025,1,1학기
424140,미디어영상광고홍보학,2025,1,EM312,영상작가론,A,전공선택,4,3,"화요일(16:00~17:15), 화요일(17:30~18:45)","18418, 18418",채희상,20130174,37/70,미디어영상광고홍보 재학생(복수전공 포함)만 수강가능 // 전공(복수포함)자,,1,,대면,424140,미디어영상광고홍보학,2025,1,1학기
424140,미디어영상광고홍보학,2025,1,EM314,에디팅실습Ⅰ,A,전공선택,2,3,"목요일(13:00~14:15), 목요일(14:30~15:45)","18301, 18301",류근환,20230040,31/30,미디어영상광고홍보 재학생(복수전공 포함)만 수강가능 // 전공(복수포함)자,,1,,대면,424140,미디어영상광고홍보학,2025,1,1학기
424140,미디어영상광고홍보학,2025,1,EM314,에디팅실습Ⅰ,B,전공선택,2,3,"목요일(16:00~17:15), 목요일(17:30~18:45)","18301, 18301",류근환,20230040,31/30,미디어영상광고홍보 재학생(복수전공 포함)만 수강가능 // 전공(복수포함)자,,1,,대면,424140,미디어영상광고홍보학,2025,1,1학기
424140,미디어영상광고홍보학,2025,1,EM315,논픽션영상제작실습,A,전공선택,3,3,"금요일(09:30~10:45), 금요일(11:00~12:15)","18418, 18418",정일건,20230049,29/30,,,1,,대면,424140,미디어영상광고홍보학,2025,1,1학기
424140,미디어영상광고홍보학,2025,1,EM315,논픽션영상제작실습,B,전공선택,3,3,"금요일(13:00~14:15), 금요일(14:30~15:45)","18418, 18418",정일건,20230049,27/30,,,1,,대면,424140,미디어영상광고홍보학,2025,1,1학기
424140,미디어영상광고홍보학,2025,1,EM409,디지털게임과문화,A,전공선택,4,3,"화요일(13:00~14:15), 화요일(14:30~15:45)","3203, 3203",이수호,20220211,57/55,미디어영상광고홍보 재학생(복수전공 포함)만 수강가능 // 전공(복수포함)자,,1,,대면,424140,미디어영상광고홍보학,2025,1,1학기
424140,미디어영상광고홍보학,2025,1,EM419,졸업논문,A,전공필수,4,(3),,,채희상,20130174,86/200,전공(복수포함)자,,1,,N,424140,미디어영상광고홍보학,2025,1,1학기
424140,미디어영상광고홍보학,2025,1,PD001,자기설계기초,A1,일반선택,"2, 3, 4",3,,,채희상,20130174,3/3,지정된 학생외 수강금지(신청시 추후 삭제),,0,,N,424140,미디어영상광고홍보학,2025,1,1학기
424140,미디어영상광고홍보학,2025,1,PD001,자기설계기초,D1,일반선택,"2, 3, 4",3,,,박혜영,20210072,3/3,지정된 학생외 수강금지(신청시 추후 삭제),,0,,N,424140,미디어영상광고홍보학,2025,1,1학기
425100,휴먼서비스계열,2025,1,SS002,휴먼서비스의이해 ,A,계열공통,1,3,"월요일(16:00~17:15), 수요일(17:30~18:45)","18210, 18210","남세현, 노중기, 안도연, 유희정, 이경숙, 장익현",20210035,65/65,,,1,,대면,410000,휴먼서비스대학,2025,1,1학기
425100,휴먼서비스계열,2025,1,SS002,휴먼서비스의이해 ,B,계열공통,1,3,"월요일(16:00~17:15), 수요일(17:30~18:45)","18417, 18417","남세현, 노중기, 안도연, 유희정, 이경숙, 장익현",20200052,56/65,,,1,,대면,410000,휴먼서비스대학,2025,1,1학기
425100,휴먼서비스계열,2025,1,SS002,휴먼서비스의이해 ,C,계열공통,1,3,"월요일(16:00~17:15), 수요일(17:30~18:45)","18421, 18421","남세현, 노중기, 안도연, 유희정, 이경숙, 장익현",20170011,55/65,,,1,,대면,410000,휴먼서비스대학,2025,1,1학기
425100,휴먼서비스계열,2025,1,SS007,인간관계의심리,A,계열공통,1,3,"화요일(16:00~17:15), 화요일(17:30~18:45)","18311, 18311",김상원,20230013,78/76,,,1,,대면,410000,휴먼서비스대학,2025,1,1학기
425100,휴먼서비스계열,2025,1,SS007,인간관계의심리,B,계열공통,1,3,"금요일(13:00~14:15), 금요일(14:30~15:45)","18417, 18417",허효선,20230114,69/70,,,1,,대면,410000,휴먼서비스대학,2025,1,1학기
425110,사회학,2025,1,HS102,사회심리학,A,전공선택,2,3,"월요일(17:30~18:45), 수요일(16:00~17:15)","3206, 3206",김종엽,19990047,49/50,,,1,,대면,425110,사회학,2025,1,1학기
425110,사회학,2025,1,HS107,신문읽기와사회분석,A,전공선택,2,3,"목요일(16:00~17:15), 목요일(17:30~18:45)","3201, 3201",정찬대,20250047,17/50,,,1,,대면,425110,사회학,2025,1,1학기
425110,사회학,2025,1,HS203,성과사회,A,전공선택,2,3,"화요일(16:00~17:15), 화요일(17:30~18:45)","3206, 3206",김현희,20210086,14/50,,,1,,대면,425110,사회학,2025,1,1학기
425110,사회학,2025,1,HS207,정치사회학,A,전공선택,"3, 4",3,"화요일(11:00~12:15), 목요일(09:30~10:45)","3206, 3206",김민환,20160021,6/50,,,1,,대면,425110,사회학,2025,1,1학기
425110,사회학,2025,1,HS216,현대사속의한국사회,A,전공선택,2,3,"화요일(13:00~14:15), 화요일(14:30~15:45)","3206, 3206",정찬대,20250047,30/50,,,1,,대면,425110,사회학,2025,1,1학기
425110,사회학,2025,1,HS217,고전사회학탐구,A,전공필수,2,3,"월요일(16:00~17:15), 수요일(17:30~18:45)","3206, 3206",김종엽,19990047,24/50,,,1,,대면,425110,사회학,2025,1,1학기
425110,사회학,2025,1,HS316,사회조사방법Ⅱ,A,전공필수,3,3,"목요일(13:00~14:15), 목요일(14:30~15:45)","7108, 7108",김종엽,19990047,16/30,,,1,,대면,425110,사회학,2025,1,1학기
425110,사회학,2025,1,HS324,사회변동과지구화,A,전공선택,"3, 4",3,"금요일(13:00~14:15), 금요일(14:30~15:45)","3206, 3206",박서재,20250048,11/50,,,1,,대면,425110,사회학,2025,1,1학기
425110,사회학,2025,1,HS327,문화와일상생활,A,전공선택,"3, 4",3,"금요일(09:30~10:45), 금요일(11:00~12:15)","3206, 3206",박서재,20250048,10/50,,,1,,대면,425110,사회학,2025,1,1학기
425110,사회학,2025,1,HS329,자본주의사회와노동,A,전공선택,"3, 4",3,"월요일(14:30~15:45), 수요일(14:30~15:45)","3206, 3206",노중기,19970047,32/50,,,1,,대면,425110,사회학,2025,1,1학기
425110,사회학,2025,1,HS332,영상문화와사회,A,전공선택,"3, 4",3,"화요일(16:00~17:15), 화요일(17:30~18:45)","3407, 3407",권오용,20220220,14/40,,,1,,대면,425110,사회학,2025,1,1학기
425110,사회학,2025,1,HS366,사회사상특강,A,전공선택,"3, 4",3,"월요일(13:00~14:15), 수요일(13:00~14:15)","3206, 3206",김종엽,19990047,25/50,,,1,,대면,425110,사회학,2025,1,1학기
425110,사회학,2025,1,HS419,졸업논문,A,전공필수,4,(3),,,김종엽,19990047,14/40,,,0,,N,425110,사회학,2025,1,1학기
425130,재활상담학,2025,1,TR108,장애아동의이해,A,전공선택,2,3,"월요일(09:30~10:45), 수요일(11:00~12:15)","18421, 18421",김용훈,20210025,60/60,발달재활서비스(놀이심리재활) 공통필수 과목,,1,,대면,425130,재활상담학,2025,1,1학기
425130,재활상담학,2025,1,TR124,심리학개론,A,전공선택,2,3,,,이경숙,19990077,48/50,발달재활서비스 제공인력(놀이심리재활) 전공 선택과목 (비전공자도 수강 가능) // 교내온라인,,1,,교내온라인,425130,재활상담학,2025,1,1학기
425130,재활상담학,2025,1,TR124,심리학개론,B,전공선택,2,3,"월요일(11:00~12:15), 수요일(09:30~10:45)","18105, 18105",김용훈,20210025,40/40,발달재활서비스(놀이심리재활) 공통선택 과목,,1,,대면,425130,재활상담학,2025,1,1학기
425130,재활상담학,2025,1,TR259,발달정신병리학,A,전공선택,2,3,"월요일(13:00~14:15), 수요일(13:00~14:15)","18417, 18417",이경숙,19990077,14/40,발달재활서비스(놀이심리재활) 전공필수 과목 (전공생 및 복수전공 수강),,1,,대면,425130,재활상담학,2025,1,1학기
425130,재활상담학,2025,1,TR259,발달정신병리학,B,전공선택,2,3,"목요일(16:00~17:15), 목요일(17:30~18:45)","18418, 18418",강지연,20230108,37/40,발달재활서비스(놀이심리재활) 전공필수 과목,,1,,대면,425130,재활상담학,2025,1,1학기
425130,재활상담학,2025,1,TR271,재활상담,A,전공선택,2,3,"월요일(11:00~12:15), 수요일(09:30~10:45)","18417, 18417",백변경희,20010014,21/40,장애인재활상담사 필수 과목,,0,,대면,425130,재활상담학,2025,1,1학기
425130,재활상담학,2025,1,TR276,장애이해와재활,A,전공선택,"2, 3",3,"목요일(16:00~17:15), 목요일(17:30~18:45)","18102, 18102",장홍영,20250058,9/15,본 전공생 수강제한 없음 // AI융합장애인라이프케어전공 인정교과목,,1,,대면,425130,재활상담학,2025,1,1학기
425130,재활상담학,2025,1,TR327,직업적응훈련,A,전공선택,3,3,"화요일(16:00~17:15), 화요일(17:30~18:45)","18417, 18417",양재희,20250023,21/40,장애인재활상담사 선택 과목,,1,,대면,425130,재활상담학,2025,1,1학기
425130,재활상담학,2025,1,TR348,성격심리학,A,전공선택,"3, 4",3,"월요일(14:30~15:45), 수요일(14:30~15:45)","18212, 18212",김용훈,20210025,44/50,발달재활서비스제공인력(놀이심리재활) 전공 선택과목,,1,,대면,425130,재활상담학,2025,1,1학기
425130,재활상담학,2025,1,TR363,자립생활,A,전공선택,"3, 4",3,"월요일(09:30~10:45), 수요일(11:00~12:15)","18417, 18417",백변경희,20010014,18/40,장애인재활상담사 선택 과목,,0,,대면,425130,재활상담학,2025,1,1학기
425130,재활상담학,2025,1,TR365,재활프로그램개발,A,전공선택,"2, 3",3,"목요일(13:00~14:15), 목요일(14:30~15:45)","18421, 18421",한정재,20240024,14/40,장애인재활상담사 선택 과목,,1,,대면,425130,재활상담학,2025,1,1학기
425130,재활상담학,2025,1,TR370,재활사례관리,A,전공선택,3,3,"목요일(13:00~14:15), 목요일(14:30~15:45)","18417, 18417",김선형,20220179,17/40,장애인재활상담사 필수 과목,,1,,대면,425130,재활상담학,2025,1,1학기
425130,재활상담학,2025,1,TR371,재활윤리와철학,A,전공필수,"3, 4",3,"목요일(16:00~17:15), 목요일(17:30~18:45)","18417, 18417",김선형,20220179,31/40,"전공필수과목// 발달재활서비스 공통선택 과목, 장애인재활상담사 선택과목",,1,,대면,425130,재활상담학,2025,1,1학기
425130,재활상담학,2025,1,TR372,장애의진단과평가,A,전공선택,"2, 3",3,"월요일(14:30~15:45), 수요일(14:30~15:45)","18417, 18417",남세현,20170011,31/40,장애인재활상담사 선택 과목,,1,,대면,425130,재활상담학,2025,1,1학기
425130,재활상담학,2025,1,TR419,졸업논문,A,전공필수,4,(3),,,이경숙,19990077,10/50,전공(복수포함)자,,1,,N,425130,재활상담학,2025,1,1학기
425130,재활상담학,2025,1,TR432,보호및지원고용,A,전공선택,3,3,"화요일(13:00~14:15), 화요일(14:30~15:45)","18417, 18417",최종태,20240023,20/40,장애인재활상담사 선택 과목,,1,,대면,425130,재활상담학,2025,1,1학기
425130,재활상담학,2025,1,TR450,놀이치료실습및슈퍼비전,A,전공선택,4,3,"화요일(16:00~17:15), 화요일(17:30~18:45)","18104, 18104",홍정은,20240171,15/25,발달재활서비스 전공필수 과목,,1,,대면,425130,재활상담학,2025,1,1학기
425130,재활상담학,2025,1,TR453,재활행정,A,전공선택,4,3,"목요일(16:00~17:15), 목요일(17:30~18:45)","18421, 18421",한정재,20240024,27/40,장애인재활상담사 필수 과목,,1,,대면,425130,재활상담학,2025,1,1학기
425140,심리·아동학,2025,1,GP147,아동정신화기반심리치료및상담 ,A,학석연계,4,3,"수요일(17:30~18:45), 수요일(19:00~20:15)","2109, 2109",이경숙,19990077,3/10,실수업 진행 강의실 : 2304  //학석사연계과정생 외 수강불가,,1,,대면,425140,심리·아동학,2025,1,1학기
425140,심리·아동학,2025,1,SA102,상담및심리치료,A,전공선택,3,3,"월요일(14:30~15:45), 수요일(14:30~15:45)","7215, 7215",안도연,20210035,80/75,,,1,,대면,425140,심리·아동학,2025,1,1학기
425140,심리·아동학,2025,1,SA106,심리학개론,A,전공필수,2,3,"월요일(13:00~14:15), 수요일(13:00~14:15)","18212, 18212",조영원,20250050,63/65,,,1,,대면,425140,심리·아동학,2025,1,1학기
425140,심리·아동학,2025,1,SA106,심리학개론,B,전공필수,2,3,"월요일(14:30~15:45), 수요일(14:30~15:45)","18418, 18418",조영원,20250050,64/65,,,1,,대면,425140,심리·아동학,2025,1,1학기
425140,심리·아동학,2025,1,SB202,정신병리학,A,전공필수,2,3,"월요일(13:00~14:15), 수요일(13:00~14:15)","3203, 3203",오현숙,20040021,56/55,전공(복수포함)자,,1,,대면,425140,심리·아동학,2025,1,1학기
425140,심리·아동학,2025,1,SB202,정신병리학,B,전공필수,2,3,"월요일(14:30~15:45), 수요일(14:30~15:45)","3203, 3203",오현숙,20040021,56/55,전공(복수포함)자,,1,,대면,425140,심리·아동학,2025,1,1학기
425140,심리·아동학,2025,1,SB202,정신병리학,C,전공필수,2,3,"월요일(17:30~18:45), 수요일(16:00~17:15)","3423, 3423",장지흠,20250062,15/15,본 전공생 수강제한 없음 // AI융합장애인라이프케어전공 인정교과목 // 전공(복수포함)자,,1,,대면,425140,심리·아동학,2025,1,1학기
425140,심리·아동학,2025,1,SB207,인지심리학,A,전공선택,2,3,"금요일(09:30~10:45), 금요일(11:00~12:15)","3203, 3203",강지은,20240157,50/50,,,1,,대면,425140,심리·아동학,2025,1,1학기
425140,심리·아동학,2025,1,SB210,신경심리평가,A,전공선택,4,3,"금요일(09:30~10:45), 금요일(11:00~12:15)","18106, 18106",허효선,20230114,30/50,,,1,,대면,425140,심리·아동학,2025,1,1학기
425140,심리·아동학,2025,1,SB301,임상심리학,A,전공선택,3,3,"월요일(16:00~17:15), 수요일(17:30~18:45)","3423, 3423",장지흠,20250062,58/50,,,1,,대면,425140,심리·아동학,2025,1,1학기
425140,심리·아동학,2025,1,SB302,심리검사,A,전공선택,3,3,"월요일(13:00~14:15), 수요일(13:00~14:15)","18211, 18211",구훈정,20150127,62/60,,,1,,대면,425140,심리·아동학,2025,1,1학기
425140,심리·아동학,2025,1,SB410,임상현장실습Ⅱ,A,전공선택,4,3,"금요일(16:00~17:15), 금요일(17:30~18:45)","17201, 17201","구훈정, 안도연",20150127,19/20,전공(복수포함)자,,1,,대면,425140,심리·아동학,2025,1,1학기
425140,심리·아동학,2025,1,SB411,코칭심리학,A,전공선택,4,3,"금요일(13:00~14:15), 금요일(14:30~15:45)","3203, 3203",이은선,20240158,44/45,,,1,,대면,425140,심리·아동학,2025,1,1학기
425140,심리·아동학,2025,1,SB419,졸업논문,A,전공필수,4,(3),,,구훈정,20150127,10/50,,,1,,N,425140,심리·아동학,2025,1,1학기
425140,심리·아동학,2025,1,SC202,아동미술,A,전공선택,2,3,"월요일(11:00~12:15), 수요일(09:30~10:45)","17201, 17201",유희정,20170124,26/30,,,1,,대면,425140,심리·아동학,2025,1,1학기
425140,심리·아동학,2025,1,SC202,아동미술,B,전공선택,2,3,"화요일(14:30~15:45), 목요일(14:30~15:45)","17201, 17201",유희정,20170124,29/30,,,1,,대면,425140,심리·아동학,2025,1,1학기
425140,심리·아동학,2025,1,SC314,특수아동이해,A,전공선택,4,3,"목요일(16:00~17:15), 목요일(17:30~18:45)","17201, 17201",이영진,20250051,31/50,,,1,,대면,425140,심리·아동학,2025,1,1학기
425140,심리·아동학,2025,1,SC318,보육교사(인성)론,A,전공선택,3,3,"화요일(11:00~12:15), 목요일(09:30~10:45)","17201, 17201",유희정,20170124,34/50,,,1,,대면,425140,심리·아동학,2025,1,1학기
425140,심리·아동학,2025,1,SC323,아동상담론,A,전공필수,2,3,"월요일(16:00~17:15), 수요일(17:30~18:45)","18106, 18106",김상원,20230013,63/50,,,1,,대면,425140,심리·아동학,2025,1,1학기
425140,심리·아동학,2025,1,SC326,아동멀티미디어교육,A,전공선택,3,3,"금요일(09:30~10:45), 금요일(11:00~12:15)","17201, 17201",김영주,20210018,8/50,,,1,,대면,425140,심리·아동학,2025,1,1학기
425140,심리·아동학,2025,1,SC329,아동청소년학대예방,A,전공선택,3,3,"화요일(13:00~14:15), 목요일(13:00~14:15)","17201, 17201",김상원,20230013,33/50,,,1,,대면,425140,심리·아동학,2025,1,1학기
425140,심리·아동학,2025,1,SC409,아동관찰및행동연구,A,전공선택,4,3,"금요일(13:00~14:15), 금요일(14:30~15:45)","17201, 17201",김영주,20210018,22/50,,,1,,대면,425140,심리·아동학,2025,1,1학기
425140,심리·아동학,2025,1,SC419,졸업논문,A,전공필수,4,(3),,,구훈정,20150127,4/50,,,1,,N,425140,심리·아동학,2025,1,1학기
425140,심리·아동학,2025,1,SC422,정신건강,A,전공선택,4,3,"화요일(16:00~17:15), 화요일(17:30~18:45)","17201, 17201",이영진,20250051,17/50,,,1,,대면,425140,심리·아동학,2025,1,1학기
425210,특수체육학,2025,1,NP124,배드민턴지도법,A,전공선택,3,2,"목요일(16:00~17:15), 목요일(17:30~18:45)","10301, 10301",채수원,20250052,20/24,"이론 수업 시 10204호, 실기 수업 시 10301호",,1,,대면,425210,특수체육학,2025,1,1학기
425210,특수체육학,2025,1,NP132,스포츠학개론,A,전공선택,1,3,"화요일(13:00~14:15), 목요일(13:00~14:15)","10201, 10201",조규청,20080107,25/40,특수체육학 1학년 전공선택 과목,,1,,대면,425210,특수체육학,2025,1,1학기
425210,특수체육학,2025,1,NP133,하계스포츠,A,전공선택,3,3,"금요일(16:00~17:15), 금요일(17:30~18:45)","10201, 10201",조규청,20080107,42/41,전공 예산으로 실습비 사용하므로 전공자(복수전공자)만 수강 가능 // 전공(복수포함)자,,1,,대면,425210,특수체육학,2025,1,1학기
425210,특수체육학,2025,1,NP135,수영지도법,A,전공선택,2,3,"금요일(13:00~14:15), 금요일(14:30~15:45)","10202, 10202",우승정,20250024,20/20,전공 예산으로 실습비 사용하므로 전공자(복수전공자)만 수강 가능 // 전공(복수포함)자,,1,,대면,425210,특수체육학,2025,1,1학기
425210,특수체육학,2025,1,NP201,특수체육개론,A,전공필수,2,3,"화요일(09:30~10:45), 화요일(11:00~12:15)","10301, 10301",명왕성,20210019,26/35,"이론 수업 시 10201호, 실습 수업 시 10301호",,1,,대면,425210,특수체육학,2025,1,1학기
425210,특수체육학,2025,1,NP201,특수체육개론,B,전공필수,2,3,"화요일(16:00~17:15), 화요일(17:30~18:45)","10301, 10301",박현미,20250025,10/15,본 전공생 수강제한 없음 // 15명이하 절대평가 교과목 // AI융합시니어라이프케어전공 인정교과목,,1,,대면,425210,특수체육학,2025,1,1학기
425210,특수체육학,2025,1,NP261,스포츠교육학,A,전공선택,2,3,"목요일(13:00~14:15), 목요일(14:30~15:45)","10202, 10202",연분홍,20250032,42/45,,,1,,대면,425210,특수체육학,2025,1,1학기
425210,특수체육학,2025,1,NP262,유아체육1,A,전공선택,2,2,"금요일(13:00~14:15), 금요일(14:30~15:45)","10301, 10301",강이용,20240148,34/30,이론 수업 시 10201호,,1,,대면,425210,특수체육학,2025,1,1학기
425210,특수체육학,2025,1,NP268,노인체육지도법,A,전공선택,2,3,"화요일(13:00~14:15), 화요일(14:30~15:45)","10301, 10301",김수겸,20130148,30/30,"이론 수업 시 10204호, 실기 수업 시 10301호/화3,4블록",,1,,대면,425210,특수체육학,2025,1,1학기
425210,특수체육학,2025,1,NP273,야외스포츠,A,전공선택,"2, 3",3,"금요일(16:00~17:15), 금요일(17:30~18:45)","10202, 10202",연분홍,20250032,22/20,전공 예산으로 실습비 사용하므로 전공자(복수전공자)만 수강 가능 // 전공(복수포함)자,,1,,대면,425210,특수체육학,2025,1,1학기
425210,특수체육학,2025,1,NP301,운동처방론,A,전공선택,4,3,"목요일(16:00~17:15), 목요일(17:30~18:45)","10201, 10201",전유나,20240149,43/35,,,1,,대면,425210,특수체육학,2025,1,1학기
425210,특수체육학,2025,1,NP339,트레이닝방법론,A,전공선택,3,3,"화요일(13:00~14:15), 화요일(14:30~15:45)","10202, 10202",조석준,20240150,28/30,,,1,,대면,425210,특수체육학,2025,1,1학기
425210,특수체육학,2025,1,NP401,스포츠사회학,A,전공필수,4,3,"금요일(09:30~10:45), 금요일(11:00~12:15)","10201, 10201",명왕성,20210019,40/40,,,1,,대면,425210,특수체육학,2025,1,1학기
425210,특수체육학,2025,1,NP412,골프지도법,A,전공선택,4,2,"목요일(09:30~10:45), 목요일(11:00~12:15)","10204, 10204",연분홍,20250032,24/20,"이론 수업 시 10204호/ 전공 예산으로 실습비 사용하므로 전공자(복수전공자)만 수강 가능/목1,2블록수업 // 전공(복수포함)자",,1,,대면,425210,특수체육학,2025,1,1학기
425210,특수체육학,2025,1,NP419,졸업논문,A,전공필수,4,(3),,,박상현,20210074,5/50,8월 졸업예정자 중 미수강한 학생은 필히 수강. 학점 미포함되므로 고려하여 수강 신청할 것. // 전공(복수포함)자,,1,,대면,425210,특수체육학,2025,1,1학기
425210,특수체육학,2025,1,NP427,특수체육현장실습,A,전공필수,4,1,월요일(13:00~14:40),10202,박상현,20210074,31/50,"2학기에 열리지 않으므로 4학년은 필히 수강할 것, 실습 완료 시 이수 가능 // 전공(복수포함)자",,1,,대면,425210,특수체육학,2025,1,1학기
425210,특수체육학,2025,1,NP448,라켓스포츠,A,전공선택,4,3,"수요일(09:30~10:45), 수요일(11:00~12:15)","10301, 10301",김수겸,20130148,20/20,"이론 수업 시 10201호, 실기 수업 시 10301호/수1,2블록 수업",,1,,대면,425210,특수체육학,2025,1,1학기
426110,수리금융학,2025,1,NM216,금융공학1,A,전공선택,2,3,"월요일(09:30~10:45), 수요일(11:00~12:15)","7315, 7315",박기현,19940031,17/45,대면 수업,,1,,대면,427170,금융공학,2025,1,1학기
426110,수리금융학,2025,1,NM227,금융수치해석,A,전공필수,3,3,"금요일(13:00~14:15), 금요일(14:30~15:45)","18307, 18307",윤성식,19960015,36/40,C언어1 수강 후 수강권장,,1,,대면,427170,금융공학,2025,1,1학기
426110,수리금융학,2025,1,NM228,C언어Ⅰ,A,전공선택,2,3,"화요일(16:00~17:15), 화요일(17:30~18:45)","7108, 7108",윤성식,19960015,34/35,,,1,,대면,427170,금융공학,2025,1,1학기
426110,수리금융학,2025,1,NM313,확률론,A,전공필수,2,3,"월요일(11:00~12:15), 수요일(09:30~10:45)","7315, 7315",박기현,19940031,38/50,,,1,,대면,427170,금융공학,2025,1,1학기
426110,수리금융학,2025,1,NM316,주식시장론,A,전공선택,3,3,"월요일(14:30~15:45), 수요일(14:30~15:45)","8101, 8101",윤성식,19960015,12/40,,,1,,대면,427170,금융공학,2025,1,1학기
426110,수리금융학,2025,1,NM318,편미분방정식,A,전공선택,3,3,,,양춘우,19940027,43/45,  // 교내온라인,,1,,교내온라인,427170,금융공학,2025,1,1학기
426110,수리금융학,2025,1,NM325,재무관리,A,전공필수,2,3,,,정재웅,20210034,72/90,전공(복수포함)자 // 교내온라인,,1,,교내온라인,427170,금융공학,2025,1,1학기
426110,수리금융학,2025,1,NM381,수학기초론,A,전공선택,2,3,"화요일(13:00~14:15), 목요일(13:00~14:15)","7315, 7315",양춘우,19940027,21/45,,,1,,대면,427170,금융공학,2025,1,1학기
426110,수리금융학,2025,1,NM391,투자론,A,전공선택,3,3,"월요일(14:30~15:45), 수요일(14:30~15:45)","7315, 7315",정재웅,20210034,46/50,전공(복수포함)자,,1,,대면,427170,금융공학,2025,1,1학기
426110,수리금융학,2025,1,NM393,핀테크와금융,A,전공선택,3,3,,,정재웅,20210034,89/90,전공(복수포함)자 // 교내온라인,,1,,교내온라인,427170,금융공학,2025,1,1학기
426110,수리금융학,2025,1,NM441,금융세미나,A,전공선택,4,3,"월요일(13:00~14:15), 수요일(13:00~14:15)","8101, 8101",윤성식,19960015,19/40,,,1,,대면,427170,금융공학,2025,1,1학기
426110,수리금융학,2025,1,NM450,졸업논문,A,전공필수,4,(3),,,정재웅,20210034,5/50,전공(복수포함)자,,1,,N,427170,금융공학,2025,1,1학기
426120,응용통계학,2025,1,NS237,회귀분석및실습,A,전공선택,2,3,"월요일(13:00~14:15), 수요일(13:00~14:15)","7203, 7203",박동련,19960011,21/20,,,1,,대면,427180,빅데이터융합학,2025,1,1학기
426120,응용통계학,2025,1,NS237,회귀분석및실습,B,전공선택,2,3,"화요일(13:00~14:15), 목요일(13:00~14:15)","7202, 7202",유한나,20220033,19/20,,,1,,대면,427180,빅데이터융합학,2025,1,1학기
426120,응용통계학,2025,1,NS239,중급R프로그래밍,A,전공선택,2,3,"금요일(13:00~14:15), 금요일(14:30~15:45)","7108, 7108",박동련,19960011,33/40,,,1,,대면,427180,빅데이터융합학,2025,1,1학기
426120,응용통계학,2025,1,NS301,시계열분석,A,전공선택,"3, 4",3,"월요일(14:30~15:45), 수요일(14:30~15:45)","7203, 7203",박동련,19960011,16/40,,,1,,대면,427180,빅데이터융합학,2025,1,1학기
426120,응용통계학,2025,1,NS323,통계조사실습,A,전공필수,3,3,"월요일(09:30~10:45), 수요일(11:00~12:15)","7202, 7202",변종석,19970018,33/40,,,1,,대면,427180,빅데이터융합학,2025,1,1학기
426120,응용통계학,2025,1,NS342,응용통계세미나Ⅰ,A,전공선택,"3, 4",3,"금요일(09:30~10:45), 금요일(11:00~12:15)","7202, 7202",박상현,20240177,18/40,,,1,,대면,427180,빅데이터융합학,2025,1,1학기
426120,응용통계학,2025,1,NS343,통계활용사례연구,A,전공선택,"3, 4",3,"화요일(09:30~10:45), 목요일(11:00~12:15)","7202, 7202",변종석,19970018,16/40,,,1,,대면,427180,빅데이터융합학,2025,1,1학기
426120,응용통계학,2025,1,NS358,보건의학통계,A,전공선택,"3, 4",3,"월요일(11:00~12:15), 수요일(09:30~10:45)","7202, 7202",유한나,20220033,23/40,,,1,,대면,427180,빅데이터융합학,2025,1,1학기
426120,응용통계학,2025,1,NS365,기계학습,A,전공선택,"3, 4",3,"화요일(16:00~17:15), 화요일(17:30~18:45)","7202, 7202",유한나,20220033,25/40,,,1,,대면,427180,빅데이터융합학,2025,1,1학기
426120,응용통계학,2025,1,NS419,졸업논문,A,전공필수,4,(3),,,유한나,20220033,20/80,전공(복수포함)자,,1,,N,427180,빅데이터융합학,2025,1,1학기
426120,응용통계학,2025,1,NS437,텍스트마이닝,A,전공선택,"3, 4",3,"월요일(13:00~14:15), 수요일(13:00~14:15)","7202, 7202",김유신,20240163,29/40,,,1,,대면,427180,빅데이터융합학,2025,1,1학기
427100,AI·SW계열,2025,1,AS001,AI.SW개론,A,계열공통,1,3,"월요일(13:00~14:15), 수요일(13:00~14:15)","18211-1, 18211-1",이형우,20030008,50/50,전공(복수포함)자,,1,,대면,427200,AI·SW학,2025,1,1학기
427100,AI·SW계열,2025,1,AS001,AI.SW개론,B,계열공통,1,3,"월요일(09:30~10:45), 수요일(11:00~12:15)","18521, 18521",조성호,20020194,48/40,전공(복수포함)자,,1,,대면,427200,AI·SW학,2025,1,1학기
427100,AI·SW계열,2025,1,AS001,AI.SW개론,C,계열공통,1,3,"월요일(11:00~12:15), 수요일(09:30~10:45)","18521, 18521",조성호,20020194,43/40,전공(복수포함)자,,1,,대면,427200,AI·SW학,2025,1,1학기
427100,AI·SW계열,2025,1,AS001,AI.SW개론,D,계열공통,1,3,"화요일(11:00~12:15), 목요일(09:30~10:45)","18420-1, 18420-1",강민구,20000145,45/48,전공(복수포함)자,,1,,대면,427200,AI·SW학,2025,1,1학기
427100,AI·SW계열,2025,1,AS001,AI.SW개론,E,계열공통,1,3,"화요일(14:30~15:45), 목요일(14:30~15:45)","18420-1, 18420-1",서정욱,20200078,43/48,전공(복수포함)자,,1,,대면,427200,AI·SW학,2025,1,1학기
427100,AI·SW계열,2025,1,AS001,AI.SW개론,F,계열공통,1,3,"화요일(16:00~17:15), 화요일(17:30~18:45)","18102, 18102",이애본,20250028,24/50,전공(복수포함)자,,1,,대면,427200,AI·SW학,2025,1,1학기
427100,AI·SW계열,2025,1,AS001,AI.SW개론,G,계열공통,1,3,"화요일(14:30~15:45), 목요일(14:30~15:45)","18211-1, 18211-1",이용걸,20210023,48/50,전공(복수포함)자,,1,,대면,427200,AI·SW학,2025,1,1학기
427100,AI·SW계열,2025,1,AS001,AI.SW개론,H,계열공통,1,3,"월요일(13:00~14:15), 수요일(13:00~14:15)","18420-1, 18420-1",김동석,20250059,36/35,본 전공생 수강제한 없음 // AI융합시니어/장애인라이프케어전공 인정교과목 // 전공(복수포함)자,,1,,대면,427200,AI·SW학,2025,1,1학기
427100,AI·SW계열,2025,1,AS002,C언어,A,계열공통,1,3,"화요일(16:00~17:15), 화요일(17:30~18:45)","18424, 18424",강영경,19970108,46/46,전공(복수포함)자,,1,,대면,427200,AI·SW학,2025,1,1학기
427100,AI·SW계열,2025,1,AS002,C언어,B,계열공통,1,3,"목요일(13:00~14:15), 목요일(14:30~15:45)","18314, 18314",윤효석,20190207,48/45,전공(복수포함)자,,1,,대면,427200,AI·SW학,2025,1,1학기
427100,AI·SW계열,2025,1,AS002,C언어,C,계열공통,1,3,"화요일(13:00~14:15), 목요일(13:00~14:15)","18307, 18307",손승일,20020195,46/45,전공(복수포함)자,,1,,대면,427200,AI·SW학,2025,1,1학기
427100,AI·SW계열,2025,1,AS002,C언어,D,계열공통,1,3,"월요일(09:30~10:45), 수요일(11:00~12:15)","18307, 18307",이용걸,20210023,45/45,전공(복수포함)자,,1,,대면,427200,AI·SW학,2025,1,1학기
427100,AI·SW계열,2025,1,AS002,C언어,E,계열공통,1,3,"금요일(13:00~14:15), 금요일(14:30~15:45)","18424, 18424",오윤식,20240027,44/45,AI·SW계열생수강 // 전공(복수포함)자,,1,,대면,427200,AI·SW학,2025,1,1학기
427100,AI·SW계열,2025,1,AS002,C언어,F,계열공통,1,3,"금요일(13:00~14:15), 금요일(14:30~15:45)","18422, 18422",이경호,20220237,8/45,전공(복수포함)자,,1,,대면,427200,AI·SW학,2025,1,1학기
427100,AI·SW계열,2025,1,AS002,C언어,G,계열공통,1,3,"월요일(17:30~18:45), 수요일(16:00~17:15)","18312, 18312",윤효석,20190207,45/45,전공(복수포함)자,,1,,대면,427200,AI·SW학,2025,1,1학기
427100,AI·SW계열,2025,1,AS002,C언어,H,계열공통,1,3,"화요일(11:00~12:15), 목요일(09:30~10:45)","18425, 18425",손승일,20020195,40/40,AI시스템반도체 학생만 수강신청 가능 // 전공(복수포함)자,,1,,대면,427200,AI·SW학,2025,1,1학기
427100,AI·SW계열,2025,1,AS003,공학설계입문,A,계열공통,1,3,"화요일(16:00~17:15), 화요일(17:30~18:45)","18307, 18307",임익수,20230014,48/48,AI·SW계열생수강 // 전공(복수포함)자,,1,,대면,427200,AI·SW학,2025,1,1학기
427100,AI·SW계열,2025,1,AS003,공학설계입문,B,계열공통,1,3,"월요일(16:00~17:15), 수요일(17:30~18:45)","18422, 18422",조연진,20250056,43/45,AI·SW계열생수강 // 전공(복수포함)자,,2,,대면,427200,AI·SW학,2025,1,1학기
427100,AI·SW계열,2025,1,AS003,공학설계입문,C,계열공통,1,3,"월요일(11:00~12:15), 수요일(09:30~10:45)","18419, 18419",손승일,20020195,48/45,AI·SW계열생수강 // 전공(복수포함)자,,1,,대면,427200,AI·SW학,2025,1,1학기
427100,AI·SW계열,2025,1,AS003,공학설계입문,D,계열공통,1,3,"화요일(13:00~14:15), 목요일(13:00~14:15)","18425, 18425",백수진,20230139,40/40,AI·SW계열생수강 // 전공(복수포함)자,,1,,대면,427200,AI·SW학,2025,1,1학기
427100,AI·SW계열,2025,1,AS003,공학설계입문,E,계열공통,1,3,"월요일(16:00~17:15), 수요일(17:30~18:45)","18521, 18521",이애본,20250028,20/45,AI·SW계열생수강 // 전공(복수포함)자,,1,,대면,427200,AI·SW학,2025,1,1학기
427100,AI·SW계열,2025,1,AS003,공학설계입문,F,계열공통,1,3,"목요일(16:00~17:15), 목요일(17:30~18:45)","18314, 18314",임익수,20230014,50/50,AI·SW계열생수강 // 전공(복수포함)자,,1,,대면,427200,AI·SW학,2025,1,1학기
427100,AI·SW계열,2025,1,AS003,공학설계입문,G,계열공통,1,3,"월요일(09:30~10:45), 수요일(11:00~12:15)","18425, 18425",백수진,20230139,37/45,AI시스템반도체 학생만 수강신청 가능 // 전공(복수포함)자,,1,,대면,427200,AI·SW학,2025,1,1학기
427100,AI·SW계열,2025,1,AS007,자료구조,A,계열공통,2,3,"월요일(09:30~10:45), 수요일(11:00~12:15)","18424, 18424",전소화,20250030,45/45,전공(복수포함)자,,1,,대면,427200,AI·SW학,2025,1,1학기
427100,AI·SW계열,2025,1,AS007,자료구조,B,계열공통,2,3,"월요일(11:00~12:15), 수요일(09:30~10:45)","18422, 18422",전소화,20250030,44/45,전공(복수포함)자,,1,,대면,427200,AI·SW학,2025,1,1학기
427100,AI·SW계열,2025,1,AS007,자료구조,C,계열공통,2,3,"월요일(13:00~14:15), 수요일(13:00~14:15)","18312, 18312",박성진,20000021,44/45,전공(복수포함)자,,1,,대면,427200,AI·SW학,2025,1,1학기
427100,AI·SW계열,2025,1,AS007,자료구조,D,계열공통,2,3,"목요일(16:00~17:15), 목요일(17:30~18:45)","18419, 18419",김선만,20240166,45/45,전공(복수포함)자,,1,,대면,427200,AI·SW학,2025,1,1학기
427100,AI·SW계열,2025,1,AS007,자료구조,E,계열공통,2,3,"화요일(11:00~12:15), 목요일(09:30~10:45)","18422, 18422",김선만,20240166,36/45,전공(복수포함)자,,1,,대면,427200,AI·SW학,2025,1,1학기
427100,AI·SW계열,2025,1,AS007,자료구조,F,계열공통,2,3,"화요일(09:30~10:45), 목요일(11:00~12:15)","18312, 18312",김현경,19970045,27/45,전공(복수포함)자,,1,,대면,427200,AI·SW학,2025,1,1학기
427100,AI·SW계열,2025,1,AS007,자료구조,G,계열공통,2,3,"화요일(11:00~12:15), 목요일(09:30~10:45)","18312, 18312",김현경,19970045,29/45,전공(복수포함)자,,1,,대면,427200,AI·SW학,2025,1,1학기
427100,AI·SW계열,2025,1,AS008,자바프로그래밍,A,계열공통,2,3,"화요일(16:00~17:15), 화요일(17:30~18:45)","18312, 18312",이성구,19990055,33/45,전공(복수포함)자,,1,,대면,427200,AI·SW학,2025,1,1학기
427100,AI·SW계열,2025,1,AS008,자바프로그래밍,B,계열공통,2,3,"월요일(09:30~10:45), 수요일(11:00~12:15)","18422, 18422",이형우,20030008,47/48,전공(복수포함)자,,1,,대면,427200,AI·SW학,2025,1,1학기
427100,AI·SW계열,2025,1,AS008,자바프로그래밍,C,계열공통,2,3,"월요일(11:00~12:15), 수요일(09:30~10:45)","18424, 18424",이형우,20030008,45/45,전공(복수포함)자,,1,,대면,427200,AI·SW학,2025,1,1학기
427100,AI·SW계열,2025,1,AS008,자바프로그래밍,D,계열공통,2,3,"목요일(13:00~14:15), 목요일(14:30~15:45)","18422, 18422",김성기,19930045,45/45,전공(복수포함)자,,1,,대면,427200,AI·SW학,2025,1,1학기
427100,AI·SW계열,2025,1,AS008,자바프로그래밍,E,계열공통,2,3,"목요일(16:00~17:15), 목요일(17:30~18:45)","18422, 18422",김성기,19930045,30/45,전공(복수포함)자,,1,,대면,427200,AI·SW학,2025,1,1학기
427100,AI·SW계열,2025,1,AS008,자바프로그래밍,F,계열공통,2,3,"월요일(13:00~14:15), 수요일(13:00~14:15)","18314, 18314",조성호,20020194,46/45,전공(복수포함)자,,1,,대면,427200,AI·SW학,2025,1,1학기
427100,AI·SW계열,2025,1,AS008,자바프로그래밍,G,계열공통,2,3,"월요일(17:30~18:45), 수요일(16:00~17:15)","18521, 18521",이애본,20250028,32/45,전공(복수포함)자,,1,,대면,427200,AI·SW학,2025,1,1학기
427100,AI·SW계열,2025,1,AS010,데이터통신,A,계열공통,2,3,"화요일(16:00~17:15), 화요일(17:30~18:45)","18314, 18314",최창원,19960009,31/50,전공(복수포함)자,,1,,대면,427200,AI·SW학,2025,1,1학기
427100,AI·SW계열,2025,1,AS010,데이터통신,B,계열공통,2,3,"월요일(13:00~14:15), 수요일(13:00~14:15)","18420, 18420",이양선,20210020,50/50,전공(복수포함)자,,1,,대면,427200,AI·SW학,2025,1,1학기
427100,AI·SW계열,2025,1,AS010,데이터통신,C,계열공통,2,3,"월요일(11:00~12:15), 수요일(09:30~10:45)","18312, 18312",서정욱,20200078,50/50,전공(복수포함)자,,1,,대면,427200,AI·SW학,2025,1,1학기
427100,AI·SW계열,2025,1,AS010,데이터통신,D,계열공통,2,3,"화요일(16:00~17:15), 화요일(17:30~18:45)","18308, 18308",여협구,20090007,48/48,전공(복수포함)자,,1,,대면,427200,AI·SW학,2025,1,1학기
427100,AI·SW계열,2025,1,AS010,데이터통신,E,계열공통,2,3,"금요일(09:30~10:45), 금요일(11:00~12:15)","18424, 18424",오윤식,20240027,41/50,전공(복수포함)자,,1,,대면,427200,AI·SW학,2025,1,1학기
427100,AI·SW계열,2025,1,AS010,데이터통신,G,계열공통,2,3,"화요일(09:30~10:45), 목요일(11:00~12:15)","18308, 18308",강민구,20000145,47/48,전공(복수포함)자,,1,,대면,427200,AI·SW학,2025,1,1학기
427110,소프트웨어,2025,1,SH302,소프트웨어공학,A,전공선택,"3, 4",3,"월요일(09:30~10:45), 수요일(11:00~12:15)","18211, 18211",이성구,19990055,60/60,소프트웨어/XR콘텐츠/휴먼머신인터렉션 교차전공 // 전공(복수포함)자,,1,,대면,427200,AI·SW학,2025,1,1학기
427110,소프트웨어,2025,1,SH302,소프트웨어공학,B,전공선택,"3, 4",3,"월요일(11:00~12:15), 수요일(09:30~10:45)","18211, 18211",이성구,19990055,58/60,소프트웨어/XR콘텐츠/휴먼머신인터렉션 교차전공 // 전공(복수포함)자,,1,,대면,427200,AI·SW학,2025,1,1학기
427110,소프트웨어,2025,1,SH304,데이터베이스프로그래밍,A,전공선택,"3, 4",3,"월요일(16:00~17:15), 수요일(17:30~18:45)","18424, 18424",박성진,20000021,39/50,소프트웨어/데이터사이언스/휴먼머신인터렉션 교차전공 // 전공(복수포함)자,,1,,대면,427200,AI·SW학,2025,1,1학기
427110,소프트웨어,2025,1,SH304,데이터베이스프로그래밍,B,전공선택,"3, 4",3,"월요일(17:30~18:45), 수요일(16:00~17:15)","18422, 18422",박성진,20000021,48/48,소프트웨어/데이터사이언스/휴먼머신인터렉션 교차전공 // 전공(복수포함)자,,1,,대면,427200,AI·SW학,2025,1,1학기
427110,소프트웨어,2025,1,SH305,정보보호,A,전공선택,"3, 4",3,"화요일(16:00~17:15), 화요일(17:30~18:45)","18422, 18422",이형우,20030008,48/48,소프트웨어/인공지능/데이터사이언스/지능형IoT 교차전공 // 전공(복수포함)자,,1,,대면,427200,AI·SW학,2025,1,1학기
427110,소프트웨어,2025,1,SH305,정보보호,B,전공선택,"3, 4",3,"월요일(16:00~17:15), 수요일(17:30~18:45)","18312, 18312",김애영,20210071,48/50,소프트웨어/인공지능/데이터사이언스/지능형IoT 교차전공 // 전공(복수포함)자,,1,,대면,427200,AI·SW학,2025,1,1학기
427110,소프트웨어,2025,1,SH306,컴퓨터네트워크,A,전공선택,"3, 4",3,"화요일(09:30~10:45), 목요일(11:00~12:15)","18519, 18519",조성호,20020194,51/45,소프트웨어/인공지능/지능형IoT/XR콘텐츠 교차전공 // 전공(복수포함)자,,1,,대면,427200,AI·SW학,2025,1,1학기
427110,소프트웨어,2025,1,SH306,컴퓨터네트워크,B,전공선택,"3, 4",3,"화요일(11:00~12:15), 목요일(09:30~10:45)","18519, 18519",조성호,20020194,49/50,소프트웨어/인공지능/지능형IoT/XR콘텐츠 교차전공 // 전공(복수포함)자,,1,,대면,427200,AI·SW학,2025,1,1학기
427110,소프트웨어,2025,1,SH308,알고리즘,A,전공선택,"3, 4",3,"월요일(13:00~14:15), 수요일(13:00~14:15)","18422, 18422",강영경,19970108,48/48,소프트웨어/인공지능/데이터사이언스/휴먼머신인터렉션 교차전공 // 전공(복수포함)자,,1,,대면,427200,AI·SW학,2025,1,1학기
427110,소프트웨어,2025,1,SH308,알고리즘,B,전공선택,"3, 4",3,"월요일(14:30~15:45), 수요일(14:30~15:45)","18422, 18422",강영경,19970108,48/48,소프트웨어/인공지능/데이터사이언스/휴먼머신인터렉션 교차전공 // 전공(복수포함)자,,1,,대면,427200,AI·SW학,2025,1,1학기
427110,소프트웨어,2025,1,SH308,알고리즘,C,전공선택,"3, 4",3,"목요일(13:00~14:15), 목요일(14:30~15:45)","18424, 18424",이찬행,20220199,50/50,소프트웨어/인공지능/데이터사이언스/휴먼머신인터렉션 교차전공 // 전공(복수포함)자,,1,,대면,427200,AI·SW학,2025,1,1학기
427110,소프트웨어,2025,1,SH308,알고리즘,D,전공선택,"3, 4",3,"목요일(16:00~17:15), 목요일(17:30~18:45)","18424, 18424",이찬행,20220199,43/50,소프트웨어/인공지능/데이터사이언스/휴먼머신인터렉션 교차전공 // 전공(복수포함)자,,1,,대면,427200,AI·SW학,2025,1,1학기
427110,소프트웨어,2025,1,SH313,게임프로그래밍,A,전공선택,"3, 4",3,"월요일(11:00~12:15), 수요일(09:30~10:45)","18314, 18314",류승택,20040026,50/50,소프트웨어/인공지능/XR콘텐츠 교차전공 // 전공(복수포함)자,,1,,대면,427200,AI·SW학,2025,1,1학기
427110,소프트웨어,2025,1,SH313,게임프로그래밍,B,전공선택,"3, 4",3,"월요일(09:30~10:45), 수요일(11:00~12:15)","18314, 18314",박기홍,20240073,41/50,소프트웨어/인공지능/XR콘텐츠 교차전공 // 전공(복수포함)자,,1,,대면,427200,AI·SW학,2025,1,1학기
427110,소프트웨어,2025,1,SH313,게임프로그래밍,C,전공선택,"3, 4",3,"목요일(13:00~14:15), 목요일(14:30~15:45)","18312, 18312",정승민,20060142,42/45,소프트웨어/인공지능/XR콘텐츠 교차전공 // 전공(복수포함)자,,1,,대면,427200,AI·SW학,2025,1,1학기
427110,소프트웨어,2025,1,SH317,가상증강현실,A,전공선택,"3, 4",3,"화요일(11:00~12:15), 목요일(09:30~10:45)","18314, 18314",오석희,20240165,49/50,소프트웨어/XR콘텐츠/휴먼머신인터렉션 교차전공 // 전공(복수포함)자,,1,,대면,427200,AI·SW학,2025,1,1학기
427110,소프트웨어,2025,1,SH328,딥러닝기초,A,전공선택,"3, 4",3,"화요일(13:00~14:15), 화요일(14:30~15:45)","18312, 18312",김선만,20240166,45/45,소프트웨어/인공지능/데이터사이언스/지능형IoT 교차전공 // 전공(복수포함)자,,1,,대면,427200,AI·SW학,2025,1,1학기
427110,소프트웨어,2025,1,SH401,IoT융합서비스기획,A,전공선택,"3, 4",3,"월요일(17:30~18:45), 수요일(16:00~17:15)","18314, 18314",이양선,20210020,34/45,소프트웨어/인공지능/데이터사이언스/지능형IoT/XR콘텐츠 교차전공 // 전공(복수포함)자,,1,,대면,427200,AI·SW학,2025,1,1학기
427120,인공지능,2025,1,SH320,데이터엔지니어링,A,전공선택,"3, 4",3,"월요일(14:30~15:45), 수요일(14:30~15:45)","18312, 18312",안현,20210024,46/45,인공지능/데이터사이언스 교차전공 // 전공(복수포함)자,,1,,대면,427200,AI·SW학,2025,1,1학기
427120,인공지능,2025,1,SH322,영상처리,A,전공선택,"3, 4",3,"월요일(14:30~15:45), 수요일(14:30~15:45)","18521, 18521",이용걸,20210023,45/45,인공지능/데이터사이언스/지능형IoT/XR콘텐츠 교차전공 // 전공(복수포함)자,지식정보,1,,대면,427200,AI·SW학,2025,1,1학기
427120,인공지능,2025,1,SH323,인간컴퓨터상호작용,A,전공선택,"3, 4",3,"월요일(14:30~15:45), 수요일(14:30~15:45)","18314, 18314",윤효석,20190207,45/45,인공지능/XR콘텐츠/휴먼머신인터렉션 교차전공 // 전공(복수포함)자,,1,,대면,427200,AI·SW학,2025,1,1학기
427120,인공지능,2025,1,SH323,인간컴퓨터상호작용,B,전공선택,"3, 4",3,"금요일(09:30~10:45), 금요일(11:00~12:15)","18314, 18314",윤효석,20190207,46/45,인공지능/XR콘텐츠/휴먼머신인터렉션 교차전공/절대평가 과목 // 전공(복수포함)자,,1,,대면,427200,AI·SW학,2025,1,1학기
427130,데이터사이언스,2025,1,DS201,데이터사이언스입문,A,전공선택,2,3,"월요일(13:00~14:15), 수요일(13:00~14:15)","18419, 18419",서정욱,20200078,39/45,2학년 수강신청 가능/ // 전공(복수포함)자,,1,,대면,427200,AI·SW학,2025,1,1학기
427200,AI·SW학,2025,1,GP148,음향AI특론,A,학석연계,4,3,"수요일(09:30~10:45), 수요일(11:00~12:15)","18208, 18208",김선만,20240166,3/10,실수업 진행 강의실 : 18208//학석사연계과정생 외 수강불가,,1,,대면,427200,AI·SW학,2025,1,1학기
427200,AI·SW학,2025,1,GP150,게임콘텐츠특론,A,학석연계,4,3,"수요일(16:00~17:15), 수요일(17:30~18:45)","18208, 18208",오석희,20240165,1/10,실수업 진행 강의실 : 18208//학석사연계과정생 외 수강불가,,1,,대면,427200,AI·SW학,2025,1,1학기
427200,AI·SW학,2025,1,GP151,디지털비즈니스특론,A,학석연계,4,3,"월요일(13:00~14:15), 월요일(14:30~15:45)","18208, 18208",홍승필,20240164,1/10,실수업 진행 강의실 : 18208//학석사연계과정생 외 수강불가,,1,,대면,427200,AI·SW학,2025,1,1학기
427200,AI·SW학,2025,1,SH201,확률과통계,A,전공선택,2,3,"목요일(13:00~14:15), 목요일(14:30~15:45)","18212, 18212",한근식,20230033,42/50,"2학년 수강신청 가능/소프트웨어, 인공지능, 데이터사이언스 교차전공(23학번) // 전공(복수포함)자",,1,,대면,427200,AI·SW학,2025,1,1학기
427200,AI·SW학,2025,1,SH203,컴퓨터윤리,A,전공선택,2,3,화요일(13:00~14:15),7104,백상현,20230140,55/50,"2학년 수강신청 가능/소프트웨어, 인공지능, 데이터사이언스, 지능형IoT, XR콘텐츠, 휴먼머신인터렉션 교차전공(23학번) // 전공(복수포함)자",,1,,블랜디드,427200,AI·SW학,2025,1,1학기
427200,AI·SW학,2025,1,XR201,XR콘텐츠입문,A,전공선택,2,3,"목요일(13:00~14:15), 목요일(14:30~15:45)","18309, 18309",오석희,20240165,52/50,2학년 수강신청 가능/XR콘텐츠 고유전공(23학번),,1,,대면,427200,AI·SW학,2025,1,1학기
427300,AI시스템반도체학,2025,1,AC101,시스템반도체공학개론,A,전공선택,1,3,"월요일(13:00~14:15), 수요일(13:00~14:15)","18521, 18521",정승민,20060142,36/40,전공(복수포함)자,지식정보,1,,대면,427300,AI시스템반도체학,2025,1,1학기
427300,AI시스템반도체학,2025,1,AC202,디지털회로,A,전공선택,2,3,"월요일(17:30~18:45), 수요일(16:00~17:15)","18425, 18425",정승민,20060142,15/40,전공(복수포함)자,,1,,대면,427300,AI시스템반도체학,2025,1,1학기
427300,AI시스템반도체학,2025,1,AC204,EDA실험,A,전공선택,2,3,"월요일(14:30~15:45), 수요일(14:30~15:45)","18425, 18425",여협구,20090007,14/40,전공(복수포함)자,,1,,대면,427300,AI시스템반도체학,2025,1,1학기
427300,AI시스템반도체학,2025,1,AC205,인공지능개론,A,전공선택,2,3,"월요일(11:00~12:15), 수요일(09:30~10:45)","18425, 18425",백수진,20230139,21/40,전체학생 수강 가능,,1,,대면,427300,AI시스템반도체학,2025,1,1학기
427300,AI시스템반도체학,2025,1,AC207,회로이론,A,전공선택,2,3,"월요일(13:00~14:15), 수요일(13:00~14:15)","18425, 18425",여협구,20090007,13/40,전공(복수포함)자,,1,,대면,427300,AI시스템반도체학,2025,1,1학기
427300,AI시스템반도체학,2025,1,AC215,DB이해와실습,A,전공선택,2,3,"화요일(14:30~15:45), 목요일(14:30~15:45)","18425, 18425",백수진,20230139,7/40,전공(복수포함)자,,1,,대면,427300,AI시스템반도체학,2025,1,1학기
427400,첨단융합계열,2025,1,EC002,기업과금융,A,계열공통,1,3,"월요일(16:00~17:15), 수요일(17:30~18:45)","7315, 7315",정재웅,20210034,51/45,,,1,,대면,,,2025,1,1학기
427400,첨단융합계열,2025,1,EC002,기업과금융,B,계열공통,1,3,"월요일(17:30~18:45), 수요일(16:00~17:15)","7315, 7315",정재웅,20210034,29/45,,,1,,대면,,,2025,1,1학기
427400,첨단융합계열,2025,1,EC005,빅데이터분석개론,A,계열공통,1,3,"월요일(14:30~15:45), 수요일(14:30~15:45)","7202, 7202",변종석,19970018,44/40,,,1,,대면,,,2025,1,1학기
427400,첨단융합계열,2025,1,EC005,빅데이터분석개론,B,계열공통,1,3,"월요일(17:30~18:45), 수요일(16:00~17:15)","7215, 7215",김유신,20240163,44/45,,,1,,대면,,,2025,1,1학기
400000,교양과정,2025,2,*KY120,한국생활배우기1,A,교양선택,1,3,"목요일(13:00~14:15), 목요일(14:30~15:45)","2202, 2202",정예수,20208014,15/15,외국인학생 교과목/일반학생불가,창의융합,1,,대면,,,2025,2,2학기
400000,교양과정,2025,2,*KY129,고급한국어회화1,A,교양선택,1,3,"월요일(14:30~15:45), 수요일(14:30~15:45)","3408, 3408",신남미,20250143,15/15,"외국인학생 교과목/일반학생불가/TOPIK 4급 듣기,말하기",소통,1,,대면,,,2025,2,2학기
400000,교양과정,2025,2,*KY137,한국의인문지리탐구,A,교양선택,1,3,"금요일(13:00~14:15), 금요일(14:30~15:45)","3308, 3308",PANG LI,20120123,15/15,외국인학생 교과목/일반학생불가,지식정보,1,,대면,,,2025,2,2학기
400000,교양과정,2025,2,*KY138,한국의생활문화,A,교양선택,1,3,"금요일(16:00~17:15), 금요일(17:30~18:45)","3308, 3308",PANG LI,20120123,12/15,외국인학생 교과목/일반학생불가,인문,1,,대면,,,2025,2,2학기
400000,교양과정,2025,2,*KY139,고급심화한국어문법2,A,교양선택,1,3,"금요일(13:00~14:15), 금요일(14:30~15:45)","3408, 3408",김연숙,20250133,13/15,외국인학생 교과목/일반학생불가,글로벌,1,,대면,,,2025,2,2학기
400000,교양과정,2025,2,*KY140,고급심화한국어회화2,A,교양선택,1,3,"월요일(13:00~14:15), 수요일(13:00~14:15)","3408, 3408",신남미,20250143,15/15,외국인학생 교과목/일반학생불가,글로벌,1,,대면,,,2025,2,2학기
400000,교양과정,2025,2,*KY141,글로컬스포츠&무브먼트실습,A,교양선택,1,3,"금요일(09:30~10:45), 금요일(11:00~12:15)","10205, 10205",이영훈,20230045,14/15,외국인학생 교과목/일반학생불가,글로벌,1,,대면,,,2025,2,2학기
400000,교양과정,2025,2,*KY141,글로컬스포츠&무브먼트실습,B,교양선택,1,3,"금요일(13:00~14:15), 금요일(14:30~15:45)","10205, 10205",이영훈,20230045,9/15,외국인학생 교과목/일반학생불가,글로벌,1,,대면,,,2025,2,2학기
400000,교양과정,2025,2,KY100,채플,A,교양필수,"1, 2",(1),"월요일(17:30~18:20), 수요일(16:00~16:50)","4105, 4105","김광연, 나현기, 한경미",20180057,3/200,"00~22학번 신학대학 1,2학년 복학생/ 채플실 진행 / 월,수 모두 출석 / P/NP",,1,,대면,,,2025,2,2학기
400000,교양과정,2025,2,KY101,채플,A,교양필수,"1, 2",.5,월요일(14:30~15:20),채플실,"김광연, 나현기, 한경미",20240162,539/550,"첨단융합(수리,응통,금융공학,빅데이터융합),AI·SW계열(컴공, 소웨융, IT영상콘텐츠),AI시스템반도체",,1,,대면,,,2025,2,2학기
400000,교양과정,2025,2,KY101,채플,B,교양필수,"1, 2",.5,수요일(14:30~15:20),채플실,"김광연, 나현기, 한경미",20240162,509/550,"인문계열(국문,종교,철학,독일어,영미,문예,한국사,중문,한중문콘,디영문콘,일본),자유전공",,1,,대면,,,2025,2,2학기
400000,교양과정,2025,2,KY201,채플,A,교양필수,"1, 2",.5,월요일(16:00~16:50),채플실,"김광연, 나현기, 한경미",20180057,549/550,"경영·미디어계열(경영,IT경영,글비,미영), 휴먼서비스계열(사회학과,사복,재활,심아), 특수체육학계열(특체)",,1,,대면,,,2025,2,2학기
400000,교양과정,2025,2,KY201,채플,B,교양필수,"1, 2",.5,수요일(16:00~16:50),채플실,"김광연, 나현기, 한경미",20180057,541/550,"경제·국제·공공인재계열(중국,동아시아,국경,경제,경제금융,국관,글인,공공인재)",,1,,대면,,,2025,2,2학기
400000,교양과정,2025,2,KY205,초급일본어회화Ⅱ,A,교양선택,1,1,화요일(11:00~12:40),3321,신정아,20250144,29/35,일본학과 수강금지(1학년허용),글로벌,1,,대면,,,2025,2,2학기
400000,교양과정,2025,2,KY217,성서의세계,A,교양필수,1,2,월요일(11:00~12:40),18519,진형섭,20209150,90/90,교필(성서교과목),소통,1,,대면,,,2025,2,2학기
400000,교양과정,2025,2,KY217,성서의세계,B,교양필수,1,2,월요일(11:00~12:40),18211,박재형,20250018,90/90,교필(성서교과목),소통,1,,대면,,,2025,2,2학기
400000,교양과정,2025,2,KY217,성서의세계,C,교양필수,1,2,화요일(11:00~12:40),18421,이수연,20250019,90/90,교필(성서교과목),소통,1,,대면,,,2025,2,2학기
400000,교양과정,2025,2,KY217,성서의세계,D,교양필수,1,2,금요일(11:00~12:40),18106,진형섭,20209150,75/80,교필(성서교과목),소통,2,,대면,,,2025,2,2학기
400000,교양과정,2025,2,KY217,성서의세계,E,교양필수,1,2,수요일(11:00~12:40),18420,진형섭,20209150,90/90,교필(성서교과목),소통,1,,대면,,,2025,2,2학기
400000,교양과정,2025,2,KY217,성서의세계,F,교양필수,1,2,화요일(17:30~19:10),18520,이수연,20250019,89/90,교필(성서교과목),소통,1,,대면,,,2025,2,2학기
400000,교양과정,2025,2,KY290,성서와문학,A,교양필수,1,2,월요일(17:30~19:10),18211,박재형,20250018,89/90,교필(성서교과목),인문,1,,대면,,,2025,2,2학기
400000,교양과정,2025,2,KY304,채플,A,교양필수,"3, 4",(1),월요일(17:30~18:20),4107,"김광연, 나현기, 한경미",20180057,62/100,"신학대학채플 / 신학 3,4학년수강 / 채플실 진행 / P/NP ",,1,,대면,,,2025,2,2학기
400000,교양과정,2025,2,KY304,채플,B,교양필수,1,(1),월요일(17:30~18:20),채플실,"김광연, 나현기, 한경미",20180057,8/100,신학대학채플 / 신학전공예정 1학년 / P/NP ,,1,,대면,,,2025,2,2학기
400000,교양과정,2025,2,KY309,생활속의실용금융,A,교양선택,1,3,"금요일(13:00~14:15), 금요일(14:30~15:45)","18420, 18420",장순택,20240159,49/50,수강생 전원 교재 지원 / 외부기관 지원사업,지식정보,1,,대면,,,2025,2,2학기
400000,교양과정,2025,2,KY410,진로와상담,A2,교양필수,"1, 3",(0),,,이서영,20220036,11/20,[2016학번부터필수]/ P/NP과목 / 학과에 상담지도교수 안내받고 직접 수강신청,,1,,N,,,2025,2,2학기
400000,교양과정,2025,2,KY410,진로와상담,A4,교양필수,"1, 3",(0),,,김주한,20080110,11/20,[2016학번부터필수]/ P/NP과목 / 학과에 상담지도교수 안내받고 직접 수강신청,,1,,N,,,2025,2,2학기
400000,교양과정,2025,2,KY410,진로와상담,A6,교양필수,"1, 3",(0),,,김희선,20220035,6/20,[2016학번부터필수]/ P/NP과목 / 학과에 상담지도교수 안내받고 직접 수강신청,,1,,N,,,2025,2,2학기
400000,교양과정,2025,2,KY410,진로와상담,AA,교양필수,"1, 3",(0),,,박기홍,20240073,30/25,"AI·SW전공, 컴공부, 소웨융, 아영콘 수강신청",,1,,N,,,2025,2,2학기
400000,교양과정,2025,2,KY410,진로와상담,AB,교양필수,"1, 3",(0),,,강영경,19970108,31/25,"AI·SW전공, 컴공부, 소웨융, 아영콘 수강신청",,1,,N,,,2025,2,2학기
400000,교양과정,2025,2,KY410,진로와상담,AC,교양필수,"1, 3",(0),,,손승일,20020195,26/25,"AI·SW전공, 컴공부, 소웨융, 아영콘 수강신청",,1,,N,,,2025,2,2학기
400000,교양과정,2025,2,KY410,진로와상담,AD,교양필수,"1, 3",(0),,,서정욱,20200078,26/25,"AI·SW전공, 컴공부, 소웨융, 아영콘 수강신청",,1,,N,,,2025,2,2학기
400000,교양과정,2025,2,KY410,진로와상담,AE,교양필수,"1, 3",(0),,,오석희,20240165,26/25,"AI·SW전공, 컴공부, 소웨융, 아영콘 수강신청",,1,,N,,,2025,2,2학기
400000,교양과정,2025,2,KY410,진로와상담,AF,교양필수,"1, 3",(0),,,이성구,19990055,25/25,"AI·SW전공, 컴공부, 소웨융, 아영콘 수강신청",,1,,N,,,2025,2,2학기
400000,교양과정,2025,2,KY410,진로와상담,AG,교양필수,"1, 3",(0),,,조성호,20020194,25/25,"AI·SW전공, 컴공부, 소웨융, 아영콘 수강신청",,1,,N,,,2025,2,2학기
400000,교양과정,2025,2,KY410,진로와상담,AH,교양필수,"1, 3",(0),,,이경옥,20000150,25/25,"AI·SW전공, 컴공부, 소웨융, 아영콘 수강신청",,1,,N,,,2025,2,2학기
400000,교양과정,2025,2,KY410,진로와상담,AI,교양필수,"1, 3",(0),,,이양선,20210020,26/25,"AI·SW전공, 컴공부, 소웨융, 아영콘 수강신청",,1,,N,,,2025,2,2학기
400000,교양과정,2025,2,KY410,진로와상담,AJ,교양필수,"1, 3",(0),,,강민구,20000145,24/25,"AI·SW전공, 컴공부, 소웨융, 아영콘 수강신청",,1,,N,,,2025,2,2학기
400000,교양과정,2025,2,KY410,진로와상담,AN,교양필수,1,(0),,,한경미,20240162,24/25,신학·인문융합계열 수강신청,,1,,N,,,2025,2,2학기
400000,교양과정,2025,2,KY410,진로와상담,AT,교양필수,1,(0),,,김대오,19970107,23/34,신학·인문융합계열 수강신청,,1,,N,,,2025,2,2학기
400000,교양과정,2025,2,KY410,진로와상담,AU,교양필수,1,(0),,,김희정,20080164,20/34,신학·인문융합계열 수강신청,,1,,N,,,2025,2,2학기
400000,교양과정,2025,2,KY410,진로와상담,AW,교양필수,1,(0),,,전춘명,19960084,17/17,신학·인문융합계열 수강신청,,1,,N,,,2025,2,2학기
400000,교양과정,2025,2,KY410,진로와상담,AX,교양필수,1,(0),,,오동식,20100188,15/17,신학·인문융합계열 수강신청,,1,,N,,,2025,2,2학기
400000,교양과정,2025,2,KY410,진로와상담,B1,교양필수,"1, 3",(0),,,김지혜,20230138,17/50,"[교필] 16학번부터 교양필수/ 국어국문학과 수강/ 학번 맨 끝자리 6,7,8,9 수강/ P/NP",,1,,N,,,2025,2,2학기
400000,교양과정,2025,2,KY410,진로와상담,B2,교양필수,"1, 3",(0),,,유형동,20220034,28/50,"[교필] 16학번부터 교양필수/ 국어국문학과 수강/ 학번 맨 끝자리 0,1,2,3,4,5 수강/ P/NP",,1,,N,,,2025,2,2학기
400000,교양과정,2025,2,KY410,진로와상담,B5,교양필수,"1, 3",(0),,,김지혜,20210073,10/30,"[2016학번부터필수]영문/P/NP과목,학과 상담지도교수 안내받고 직접 수강신청",,1,,N,,,2025,2,2학기
400000,교양과정,2025,2,KY410,진로와상담,B6,교양필수,"1, 3",(0),,,이향미,20200051,18/30,"[2016학번부터필수]영문/P/NP과목,학과 상담지도교수 안내받고 직접 수강신청",,1,,N,,,2025,2,2학기
400000,교양과정,2025,2,KY410,진로와상담,B7,교양필수,"1, 3",(0),,,박미선,20090009,6/30,"[2016학번부터필수]영문/P/NP과목,학과 상담지도교수 안내받고 직접 수강신청",,1,,N,,,2025,2,2학기
400000,교양과정,2025,2,KY410,진로와상담,BA,교양필수,1,(0),,,이향미,20200051,7/9,대학생활길잡이 담당 교수와 동일하게 신청,,1,,N,,,2025,2,2학기
400000,교양과정,2025,2,KY410,진로와상담,BC,교양필수,1,(0),,,김지혜,20210073,6/8,대학생활길잡이 담당 교수와 동일하게 신청,,1,,N,,,2025,2,2학기
400000,교양과정,2025,2,KY410,진로와상담,BD,교양필수,1,(0),,,박미선,20090009,10/8,대학생활길잡이 담당 교수와 동일하게 신청,,1,,N,,,2025,2,2학기
400000,교양과정,2025,2,KY410,진로와상담,BG,교양필수,1,(0),,,백수린,20240068,15/18,신학·인문융합계열 수강신청,,1,,N,,,2025,2,2학기
400000,교양과정,2025,2,KY410,진로와상담,BH,교양필수,1,(0),,,정한아,20220222,16/18,신학·인문융합계열 수강신청,,0,,N,,,2025,2,2학기
400000,교양과정,2025,2,KY410,진로와상담,BJ,교양필수,1,(0),,,김지혜,20230138,9/11,신학·인문융합계열 수강신청,,1,,N,,,2025,2,2학기
400000,교양과정,2025,2,KY410,진로와상담,BK,교양필수,1,(0),,,유형동,20220034,9/11,신학·인문융합계열 수강신청,,1,,N,,,2025,2,2학기
400000,교양과정,2025,2,KY410,진로와상담,BN,교양필수,1,(0),,,이형원,20210030,10/10,신학·인문융합계열 수강신청,,1,,N,,,2025,2,2학기
400000,교양과정,2025,2,KY410,진로와상담,BO,교양필수,1,(0),,,정해득,20140042,6/10,신학·인문융합계열 수강신청,,1,,N,,,2025,2,2학기
400000,교양과정,2025,2,KY410,진로와상담,BP,교양필수,1,(0),,,정무용,20230010,10/10,신학·인문융합계열 수강신청,,1,,N,,,2025,2,2학기
400000,교양과정,2025,2,KY410,진로와상담,BQ,교양필수,1,(0),,,이영남,20170017,2/10,신학·인문융합계열 수강신청,,0,,N,,,2025,2,2학기
400000,교양과정,2025,2,KY410,진로와상담,BR,교양필수,1,(0),,,류기수,19950013,2/9,신학·인문융합계열 수강신청,,1,,N,,,2025,2,2학기
400000,교양과정,2025,2,KY410,진로와상담,BS,교양필수,1,(0),,,장정해,19930050,8/10,신학·인문융합계열 수강신청,,1,,N,,,2025,2,2학기
400000,교양과정,2025,2,KY410,진로와상담,BT,교양필수,1,(0),,,최민성,20090008,4/9,신학·인문융합계열 수강신청,,1,,N,,,2025,2,2학기
400000,교양과정,2025,2,KY410,진로와상담,BU,교양필수,1,(0),,,김남희,20200038,10/10,신학·인문융합계열 수강신청,,1,,N,,,2025,2,2학기
400000,교양과정,2025,2,KY410,진로와상담,BW,교양필수,1,(0),,,신광철,19960087,8/8,신학·인문융합계열 수강신청,,1,,N,,,2025,2,2학기
400000,교양과정,2025,2,KY410,진로와상담,BX,교양필수,1,(0),,,김윤성,20060020,5/8,신학·인문융합계열 수강신청,,1,,N,,,2025,2,2학기
400000,교양과정,2025,2,KY410,진로와상담,BY,교양필수,1,(0),,,이종현,20230011,8/8,신학·인문융합계열 수강신청,,1,,N,,,2025,2,2학기
400000,교양과정,2025,2,KY410,진로와상담,C1,교양필수,"1, 3",(0),,,정무용,20230010,11/20,,,1,,N,,,2025,2,2학기
400000,교양과정,2025,2,KY410,진로와상담,C2,교양필수,"1, 3",(0),,,이형원,20210030,10/20,,,1,,N,,,2025,2,2학기
400000,교양과정,2025,2,KY410,진로와상담,C3,교양필수,"1, 3",(0),,,정해득,20140042,6/20,,,1,,N,,,2025,2,2학기
400000,교양과정,2025,2,KY410,진로와상담,C4,교양필수,"1, 3",(0),,,이영남,20170017,9/20,,,0,,N,,,2025,2,2학기
400000,교양과정,2025,2,KY410,진로와상담,C6,교양필수,"1, 3",(0),,,백수린,20240068,27/60,,,1,,N,,,2025,2,2학기
400000,교양과정,2025,2,KY410,진로와상담,C7,교양필수,"1, 3",(0),,,정한아,20220222,19/60,,,0,,N,,,2025,2,2학기
400000,교양과정,2025,2,KY410,진로와상담,CA,교양필수,1,(0),,,여협구,20090007,32/35,AI시스템반도체학 학생들만 수강신청,,1,,N,,,2025,2,2학기
400000,교양과정,2025,2,KY410,진로와상담,CB,교양필수,"1, 3",(0),,,김선만,20240166,26/25,"AI·SW전공, 컴공부, 소웨융, 아영콘 수강신청",,1,,N,,,2025,2,2학기
400000,교양과정,2025,2,KY410,진로와상담,CC,교양필수,"1, 3",(0),,,류승택,20040026,25/25,"AI·SW전공, 컴공부, 소웨융, 아영콘 수강신청",,1,,N,,,2025,2,2학기
400000,교양과정,2025,2,KY410,진로와상담,CD,교양필수,"1, 3",(0),,,박성진,20000021,25/25,"AI·SW전공, 컴공부, 소웨융, 아영콘 수강신청",,1,,N,,,2025,2,2학기
400000,교양과정,2025,2,KY410,진로와상담,CE,교양필수,"1, 3",(0),,,백수진,20230139,25/25,"AI·SW전공, 컴공부, 소웨융, 아영콘 수강신청",,1,,N,,,2025,2,2학기
400000,교양과정,2025,2,KY410,진로와상담,CF,교양필수,"1, 3",(0),,,안현,20210024,29/25,"AI·SW전공, 컴공부, 소웨융, 아영콘 수강신청",,1,,N,,,2025,2,2학기
400000,교양과정,2025,2,KY410,진로와상담,CH,교양필수,"1, 3",(0),,,이용걸,20210023,26/26,"AI·SW전공, 컴공부, 소웨융, 아영콘 수강신청",,1,,N,,,2025,2,2학기
400000,교양과정,2025,2,KY410,진로와상담,D1,교양필수,"1, 3",(0),,,전춘명,19960084,10/20,독일어문화학과 학번 끝자리 홀수 신청,,1,,N,,,2025,2,2학기
400000,교양과정,2025,2,KY410,진로와상담,D2,교양필수,"1, 3",(0),,,오동식,20100188,9/20,독일어문화학과 학번 끝자리 짝수 신청,,1,,N,,,2025,2,2학기
400000,교양과정,2025,2,KY410,진로와상담,D6,교양필수,"1, 3",(0),,,김대오,19970107,12/50,"[2016학번부터필수]인문콘텐츠학부(철학전공)/P/NP과목, 학과 상담지도교수 안내받고 직접 수강신청",,1,,N,,,2025,2,2학기
400000,교양과정,2025,2,KY410,진로와상담,D7,교양필수,"1, 3",(0),,,김희정,20080164,7/50,"[2016학번부터필수]인문콘텐츠학부(철학전공)/P/NP과목, 학과 상담지도교수 안내받고 직접 수강신청",,1,,N,,,2025,2,2학기
400000,교양과정,2025,2,KY410,진로와상담,DA,교양필수,"1, 3",(0),,,이형우,20030008,25/25,"AI·SW전공, 컴공부, 소웨융, 아영콘 수강신청",,1,,N,,,2025,2,2학기
400000,교양과정,2025,2,KY410,진로와상담,DB,교양필수,"1, 3",(0),,,임익수,20230014,28/25,"AI·SW전공, 컴공부, 소웨융, 아영콘 수강신청",,1,,N,,,2025,2,2학기
400000,교양과정,2025,2,KY410,진로와상담,DC,교양필수,"1, 3",(0),,,정승민,20060142,25/25,"AI·SW전공, 컴공부, 소웨융, 아영콘 수강신청",,1,,N,,,2025,2,2학기
400000,교양과정,2025,2,KY410,진로와상담,DD,교양필수,"1, 3",(0),,,홍승필,20240164,25/25,"AI·SW전공, 컴공부, 소웨융, 아영콘 수강신청",,1,,N,,,2025,2,2학기
400000,교양과정,2025,2,KY410,진로와상담,E1,교양필수,"1, 3",(0),,,김상덕,20250013,9/20,,,2,,N,,,2025,2,2학기
400000,교양과정,2025,2,KY410,진로와상담,E4,교양필수,"1, 3",(0),,,신광철,19960087,14/30,"디지털영상문화콘텐츠학(한국인 2학년, 4학년)",,1,,N,,,2025,2,2학기
400000,교양과정,2025,2,KY410,진로와상담,E5,교양필수,"1, 3",(0),,,김윤성,20060020,22/30,디지털영상문화콘텐츠학(한국인 3학년 홀수번호. 외국인은 지정분반 신청)/영상문화학,,1,,N,,,2025,2,2학기
400000,교양과정,2025,2,KY410,진로와상담,E6,교양필수,"1, 3",(0),,,이종현,20230011,25/30,"디지털영상문화콘텐츠학(한국인 3학년 짝수번호, 외국인은 지정분반 신청)/디지털문화콘텐츠학",,1,,N,,,2025,2,2학기
400000,교양과정,2025,2,KY410,진로와상담,EA,교양필수,1,(0),,,고우경,20140010,8/12,자기탐색과소통 분반과 동일한 분반으로 신청,,1,,N,,,2025,2,2학기
400000,교양과정,2025,2,KY410,진로와상담,EB,교양필수,1,(0),,,공주형,20150011,8/12,자기탐색과소통 분반과 동일한 분반으로 신청,,1,,N,,,2025,2,2학기
400000,교양과정,2025,2,KY410,진로와상담,EC,교양필수,1,(0),,,김민환,20160021,10/12,자기탐색과소통 분반과 동일한 분반으로 신청,,1,,N,,,2025,2,2학기
400000,교양과정,2025,2,KY410,진로와상담,ED,교양필수,1,(0),,,박종현,20180154,8/12,자기탐색과소통 분반과 동일한 분반으로 신청,,1,,N,,,2025,2,2학기
400000,교양과정,2025,2,KY410,진로와상담,EE,교양필수,1,(0),,,송주현,20130175,10/12,자기탐색과소통 분반과 동일한 분반으로 신청,,1,,N,,,2025,2,2학기
400000,교양과정,2025,2,KY410,진로와상담,EF,교양필수,1,(0),,,서경희,20120121,11/12,자기탐색과소통 분반과 동일한 분반으로 신청,,1,,N,,,2025,2,2학기
400000,교양과정,2025,2,KY410,진로와상담,EG,교양필수,1,(0),,,심주연,20170023,8/12,자기탐색과소통 분반과 동일한 분반으로 신청,,1,,N,,,2025,2,2학기
400000,교양과정,2025,2,KY410,진로와상담,EH,교양필수,1,(0),,,염동호,20190191,10/12,자기탐색과소통 분반과 동일한 분반으로 신청,,1,,N,,,2025,2,2학기
400000,교양과정,2025,2,KY410,진로와상담,EI,교양필수,1,(0),,,이익주,20150010,10/12,자기탐색과소통 분반과 동일한 분반으로 신청,,1,,N,,,2025,2,2학기
400000,교양과정,2025,2,KY410,진로와상담,F1,교양필수,"1, 3",(0),,,류기수,19950013,1/35,"[2016학번부터필수]중국어문화학과/P/NP과목, 지도교수 확인 후 신청",,1,,N,,,2025,2,2학기
400000,교양과정,2025,2,KY410,진로와상담,F2,교양필수,"1, 3",(0),,,장정해,19930050,6/35,"[2016학번부터필수]중국어문화학과/P/NP과목, 지도교수 확인 후 신청",,1,,N,,,2025,2,2학기
400000,교양과정,2025,2,KY410,진로와상담,F3,교양필수,"1, 3",(0),,,최민성,20090008,8/21,"[2016학번부터필수]한중문화콘텐츠학과 P/NP과목, 학과 상담지도교수 안내받고 직접 수강",,1,,N,,,2025,2,2학기
400000,교양과정,2025,2,KY410,진로와상담,F4,교양필수,"1, 3",(0),,,김남희,20200038,14/20,"[2016학번부터필수]한중문화콘텐츠학과 P/NP과목, 학과 상담지도교수 안내받고 직접 수강",,1,,N,,,2025,2,2학기
400000,교양과정,2025,2,KY410,진로와상담,G1,교양필수,"1, 3",(0),,,이해영,19960013,3/25,"[2016부터필수] 글로벌인재학부(국제관계학부)/ P/NP과목, 학과 상담지도교수 확인 필수",,0,,N,,,2025,2,2학기
400000,교양과정,2025,2,KY410,진로와상담,G3,교양필수,"1, 3",(0),,,조성대,20020021,8/25,"[2016부터필수] 글로벌인재학부(국제관계학부)/ P/NP과목, 학과 상담지도교수 확인 필수",,0,,N,,,2025,2,2학기
400000,교양과정,2025,2,KY410,진로와상담,G5,교양필수,"1, 3",(0),,,박상남,20060141,23/25,"[2016부터필수] 글로벌인재학부(국제관계학부)/ P/NP과목, 학과 상담지도교수 확인 필수",,1,,N,,,2025,2,2학기
400000,교양과정,2025,2,KY410,진로와상담,G6,교양필수,"1, 3",(0),,,성락선,19960085,14/20,"경제학 (학번 끝 뒷자리 0,1,2,3,4 수강신청)",,1,,N,,,2025,2,2학기
400000,교양과정,2025,2,KY410,진로와상담,G7,교양필수,"1, 3",(0),,,한재명,20240069,14/20,"경제학 (학번 끝 뒷자리 5,6,7,8,9 수강신청)",,1,,N,,,2025,2,2학기
400000,교양과정,2025,2,KY410,진로와상담,H2,교양필수,"1, 3",(0),,,노중기,19970047,8/30,대학행정팀에서 지도교수 안내 받은 후 수강신청,,1,,N,,,2025,2,2학기
400000,교양과정,2025,2,KY410,진로와상담,H3,교양필수,"1, 3",(0),,,김종엽,19990047,16/30,대학행정팀에서 지도교수 안내 받은 후 수강신청,,1,,N,,,2025,2,2학기
400000,교양과정,2025,2,KY410,진로와상담,I1,교양필수,"1, 3",(0),,,문철수,20010229,25/30,,,1,,N,,,2025,2,2학기
400000,교양과정,2025,2,KY410,진로와상담,I2,교양필수,"1, 3",(0),,,채희상,20130174,17/30,,,1,,N,,,2025,2,2학기
400000,교양과정,2025,2,KY410,진로와상담,I4,교양필수,"1, 3",(0),,,이성미,20170128,15/30,,,1,,N,,,2025,2,2학기
400000,교양과정,2025,2,KY410,진로와상담,I5,교양필수,"1, 3",(0),,,박혜영,20210072,27/30,,,1,,N,,,2025,2,2학기
400000,교양과정,2025,2,KY410,진로와상담,I6,교양필수,"1, 3",(0),,,김민철,20250012,11/30,,,1,,N,,,2025,2,2학기
400000,교양과정,2025,2,KY410,진로와상담,I7,교양필수,"1, 3",(0),,,정휘관,20250224,6/30,,,1,,N,,,2025,2,2학기
400000,교양과정,2025,2,KY410,진로와상담,J1,교양필수,"1, 3",(0),,,홍선미,19960088,15/25,"계열 자유신청, 전공생 학번 끝자리 0~1 수강신청 가능, [2016학번부터 필수] 사회복지학 P/NP과목",,1,,N,,,2025,2,2학기
400000,교양과정,2025,2,KY410,진로와상담,J2,교양필수,"1, 3",(0),,,주경희,20180047,22/25,"계열 자유신청, 전공생 학번 끝자리 2-3수강신청 가능, [2016학번부터 필수] 사회복지학 P/NP과목",,1,,N,,,2025,2,2학기
400000,교양과정,2025,2,KY410,진로와상담,J3,교양필수,"1, 3",(0),,,김수경,20210022,14/20,"계열 자유신청, 전공생 학번 끝자리 7-9 수강신청 가능, [2016학번부터 필수] 사회복지학 P/NP과목",,0,,N,,,2025,2,2학기
400000,교양과정,2025,2,KY410,진로와상담,J4,교양필수,"1, 3",(0),,,장익현,20200052,26/25,"계열 자유신청, 전공생 학번 끝자리 4-6 수강신청 가능, [2016학번부터 필수] 사회복지학 P/NP과목",,0,,N,,,2025,2,2학기
400000,교양과정,2025,2,KY410,진로와상담,J6,교양필수,"1, 3",(0),,,백변경희,20010014,12/15,"학과 상담지도교수 안내받고 직접 수강신청,[2016학번부터필수]재활학과/P/NP과목",,0,,N,,,2025,2,2학기
400000,교양과정,2025,2,KY410,진로와상담,J7,교양필수,"1, 3",(0),,,이경숙,19990077,14/15,"학과 상담지도교수 안내받고 직접 수강신청,[2016학번부터필수]재활학과/P/NP과목",,1,,N,,,2025,2,2학기
400000,교양과정,2025,2,KY410,진로와상담,J8,교양필수,"1, 3",(0),,,남세현,20170011,4/16,"학과 상담지도교수 안내받고 직접 수강신청,[2016학번부터필수]재활학과/P/NP과목",,0,,N,,,2025,2,2학기
400000,교양과정,2025,2,KY410,진로와상담,K2,교양필수,"1, 3",(0),,,박상현,20210074,36/36,특수체육학과 / 특수체육학계열 / 학과 지도교수 확인 후 신청,,1,,N,,,2025,2,2학기
400000,교양과정,2025,2,KY410,진로와상담,K3,교양필수,"1, 3",(0),,,조규청,20080107,39/35,특수체육학과 / 특수체육학계열 / 학과 지도교수 확인 후 신청,,1,,N,,,2025,2,2학기
400000,교양과정,2025,2,KY410,진로와상담,K6,교양필수,"1, 3",(0),,,구훈정,20150127,30/28,대학행정팀에서 별도 공지[2016학번부터필수]심리아동학부/P/NP과목,,1,,N,,,2025,2,2학기
400000,교양과정,2025,2,KY410,진로와상담,K7,교양필수,"1, 3",(0),,,안도연,20210035,26/25,대학행정팀에서 별도 공지[2016학번부터필수]심리아동학부/P/NP과목,,1,,N,,,2025,2,2학기
400000,교양과정,2025,2,KY410,진로와상담,K8,교양필수,"1, 3",(0),,,김상원,20230013,18/25,대학행정팀에서 별도 공지[2016학번부터필수]심리아동학부/P/NP과목,,1,,N,,,2025,2,2학기
400000,교양과정,2025,2,KY410,진로와상담,K9,교양필수,"1, 3",(0),,,유희정,20170124,17/25,대학행정팀에서 별도 공지[2016학번부터필수]심리아동학부/P/NP과목,,1,,N,,,2025,2,2학기
400000,교양과정,2025,2,KY410,진로와상담,L1,교양필수,"1, 3",(0),,,장종익,20120119,6/40,"학번 끝자리에 맞춰 변경기간에 재신청 바랍니다. - 4, 5, 6",,0,,N,,,2025,2,2학기
400000,교양과정,2025,2,KY410,진로와상담,L2,교양필수,"1, 3",(0),,,양영수,20210032,8/40,"학번 끝자리에 맞춰 변경기간에 재신청 바랍니다. - 7, 8, 9, 0",,1,,N,,,2025,2,2학기
400000,교양과정,2025,2,KY410,진로와상담,L3,교양필수,"1, 3",(0),,,김경민,20160030,17/30,"희망 상담지도교수로 직접 수강 신청, 인원 초과시 신청 가능한 타 상담지도교수로 신청할 것",,1,,N,,,2025,2,2학기
400000,교양과정,2025,2,KY410,진로와상담,L4,교양필수,"1, 3",(0),,,이건범,20090026,15/30,"희망 상담지도교수로 직접 수강 신청, 인원 초과시 신청 가능한 타 상담지도교수로 신청할 것",,1,,N,,,2025,2,2학기
400000,교양과정,2025,2,KY410,진로와상담,L5,교양필수,"1, 3",(0),,,유현미,20240070,16/30,"희망 상담지도교수로 직접 수강 신청, 인원 초과시 신청 가능한 타 상담지도교수로 신청할 것",,1,,N,,,2025,2,2학기
400000,교양과정,2025,2,KY410,진로와상담,L6,교양필수,"1, 3",(0),,,최지환,20230015,14/30,"희망 상담지도교수로 직접 수강 신청, 인원 초과시 신청 가능한 타 상담지도교수로 신청할 것",,1,,N,,,2025,2,2학기
400000,교양과정,2025,2,KY410,진로와상담,L7,교양필수,"1, 3",(0),,,정의범,20210033,12/30,"희망 상담지도교수로 직접 수강 신청, 인원 초과시 신청 가능한 타 상담지도교수로 신청할 것",,1,,N,,,2025,2,2학기
400000,교양과정,2025,2,KY410,진로와상담,L9,교양필수,"1, 3",(0),,,유한나,20220223,3/40,"학번 끝자리에 맞춰 변경기간에 재신청 바랍니다. - 1, 2, 3",,1,,N,,,2025,2,2학기
400000,교양과정,2025,2,KY410,진로와상담,M2,교양필수,"1, 3",(0),,,신재우,20240071,28/20,"학번 맨 끝자리 1~10, 26~30, 편입생 수강",,1,,N,,,2025,2,2학기
400000,교양과정,2025,2,KY410,진로와상담,M3,교양필수,"1, 3",(0),,,김상욱,20030021,14/20,"학번 맨 끝자리 11~20, 21~25 수강",,1,,N,,,2025,2,2학기
400000,교양과정,2025,2,KY410,진로와상담,M4,교양필수,"1, 3",(0),,,김도희,20050055,4/10,학과 상담지도교수 안내받고 직접 수강신청,,1,,N,,,2025,2,2학기
400000,교양과정,2025,2,KY410,진로와상담,M5,교양필수,"1, 3",(0),,,이일영,19970044,5/10,학과 상담지도교수 안내받고 직접 수강신청,,1,,N,,,2025,2,2학기
400000,교양과정,2025,2,KY410,진로와상담,M6,교양필수,"1, 3",(0),,,주장환,20080160,3/10,학과 상담지도교수 안내받고 직접 수강신청,,0,,N,,,2025,2,2학기
400000,교양과정,2025,2,KY410,진로와상담,M7,교양필수,"1, 3",(0),,,황선미,20190193,5/10,학과 상담지도교수 안내받고 직접 수강신청,,1,,N,,,2025,2,2학기
400000,교양과정,2025,2,KY410,진로와상담,N2,교양필수,"1, 3",(0),,,하종문,19960016,18/20,"전공 상담지도교수 안내받고 직접 수강신청,[2016학번부터필수]일본학/P/NP과목",,1,,N,,,2025,2,2학기
400000,교양과정,2025,2,KY410,진로와상담,N3,교양필수,"1, 3",(0),,,송주명,19990049,10/20,"전공 상담지도교수 안내받고 직접 수강신청,[2016학번부터필수]일본학/P/NP과목",,1,,N,,,2025,2,2학기
400000,교양과정,2025,2,KY410,진로와상담,N5,교양필수,"1, 3",(0),,,정지영,20190192,17/20,"국제경제학 (학번 끝 뒷자리 0,1,2,3,4 수강신청)",,1,,N,,,2025,2,2학기
400000,교양과정,2025,2,KY410,진로와상담,N6,교양필수,"1, 3",(0),,,정희진,20230012,19/20,"국제경제학 (학번 끝 뒷자리 5,6,7,8,9 수강신청)",,1,,N,,,2025,2,2학기
400000,교양과정,2025,2,KY410,진로와상담,O1,교양필수,"1, 3",(0),,,정재웅,20210034,35/45,학과 상담지도교수 안내받고 직접 수강신청,,1,,N,,,2025,2,2학기
400000,교양과정,2025,2,KY410,진로와상담,O2,교양필수,"1, 3",(0),,,윤성식,19960015,17/40,학과 상담지도교수 안내받고 직접 수강신청,,1,,N,,,2025,2,2학기
400000,교양과정,2025,2,KY410,진로와상담,O5,교양필수,"1, 3",(0),,,변종석,19970018,11/25,,,1,,N,,,2025,2,2학기
400000,교양과정,2025,2,KY410,진로와상담,O6,교양필수,"1, 3",(0),,,박동련,19960011,10/25,,,1,,N,,,2025,2,2학기
400000,교양과정,2025,2,KY410,진로와상담,O7,교양필수,"1, 3",(0),,,유한나,20220033,14/25,,,1,,N,,,2025,2,2학기
400000,교양과정,2025,2,KY410,진로와상담,O8,교양필수,"1, 3",(0),,,김유신,20240163,4/25,,,1,,N,,,2025,2,2학기
400000,교양과정,2025,2,KY410,진로와상담,S1,교양필수,1,(0),,,이일영,19970044,7/10,경제통상·국제·공공인재융합계열 수강신청,,1,,N,,,2025,2,2학기
400000,교양과정,2025,2,KY410,진로와상담,S2,교양필수,1,(0),,,김도희,20050055,9/10,경제통상·국제·공공인재융합계열 수강신청,,1,,N,,,2025,2,2학기
400000,교양과정,2025,2,KY410,진로와상담,S3,교양필수,1,(0),,,주장환,20080160,7/10,경제통상·국제·공공인재융합계열 수강신청,,0,,N,,,2025,2,2학기
400000,교양과정,2025,2,KY410,진로와상담,S4,교양필수,1,(0),,,황선미,20190193,10/10,경제통상·국제·공공인재융합계열 수강신청,,1,,N,,,2025,2,2학기
400000,교양과정,2025,2,KY410,진로와상담,S6,교양필수,1,(0),,,하종문,19960016,7/15,신학인문융합계열 수강신청,,1,,N,,,2025,2,2학기
400000,교양과정,2025,2,KY410,진로와상담,S7,교양필수,1,(0),,,송주명,19990049,15/18,신학인문융합계열 수강신청,,1,,N,,,2025,2,2학기
400000,교양과정,2025,2,KY410,진로와상담,T2,교양필수,1,(0),,,정지영,20190192,13/20,경제통상·국제·공공인재융합계열 수강신청,,1,,N,,,2025,2,2학기
400000,교양과정,2025,2,KY410,진로와상담,T3,교양필수,1,(0),,,정희진,20230012,14/15,경제통상·국제·공공인재융합계열 수강신청,,1,,N,,,2025,2,2학기
400000,교양과정,2025,2,KY410,진로와상담,T6,교양필수,1,(0),,,성락선,19960085,6/20,경제통상·국제·공공인재융합계열 수강신청,,1,,N,,,2025,2,2학기
400000,교양과정,2025,2,KY410,진로와상담,T7,교양필수,1,(0),,,한재명,20240069,18/20,경제통상·국제·공공인재융합계열 수강신청,,1,,N,,,2025,2,2학기
400000,교양과정,2025,2,KY410,진로와상담,U3,교양필수,1,(0),,,정재웅,20210034,40/50,첨단(이공계)융합계열 수강신청,,1,,N,,,2025,2,2학기
400000,교양과정,2025,2,KY410,진로와상담,U6,교양필수,1,(0),,,김유신,20240163,25/25,첨단(이공계)융합계열 수강신청,,1,,N,,,2025,2,2학기
400000,교양과정,2025,2,KY410,진로와상담,U8,교양필수,1,(0),,,유한나,20220033,3/25,첨단(이공계)융합계열 수강신청,,1,,N,,,2025,2,2학기
400000,교양과정,2025,2,KY410,진로와상담,V1,교양필수,"1, 3",(0),,,이석민,20200034,2/40,,,1,,N,,,2025,2,2학기
400000,교양과정,2025,2,KY410,진로와상담,V2,교양필수,"1, 3",(0),,,윤건,20200035,13/40,,,1,,N,,,2025,2,2학기
400000,교양과정,2025,2,KY410,진로와상담,V3,교양필수,"1, 3",(0),,,노승철,20210027,19/40,,,1,,N,,,2025,2,2학기
400000,교양과정,2025,2,KY410,진로와상담,V4,교양필수,1,(0),,,윤건,20200035,15/15,경제통상·국제·공공인재융합계열 수강신청,,1,,N,,,2025,2,2학기
400000,교양과정,2025,2,KY410,진로와상담,V5,교양필수,1,(0),,,이석민,20200034,4/15,경제통상·국제·공공인재융합계열 수강신청,,1,,N,,,2025,2,2학기
400000,교양과정,2025,2,KY410,진로와상담,V6,교양필수,1,(0),,,노승철,20210027,14/15,경제통상·국제·공공인재융합계열 수강신청,,1,,N,,,2025,2,2학기
400000,교양과정,2025,2,KY410,진로와상담,V7,교양필수,1,(0),,,이해영,19960013,8/15,경제통상·국제·공공인재융합계열 수강신청,,0,,N,,,2025,2,2학기
400000,교양과정,2025,2,KY410,진로와상담,V8,교양필수,1,(0),,,조성대,20020021,1/15,경제통상·국제·공공인재융합계열 수강신청,,0,,N,,,2025,2,2학기
400000,교양과정,2025,2,KY410,진로와상담,V9,교양필수,1,(0),,,박상남,20060141,14/15,경제통상·국제·공공인재융합계열 수강신청,,1,,N,,,2025,2,2학기
400000,교양과정,2025,2,KY410,진로와상담,W1,교양필수,1,(0),,,유현미,20240070,9/10,경영·미디어계열 수강신청,,1,,N,,,2025,2,2학기
400000,교양과정,2025,2,KY410,진로와상담,W2,교양필수,1,(0),,,김경민,20160030,9/10,경영·미디어계열 수강신청,,1,,N,,,2025,2,2학기
400000,교양과정,2025,2,KY410,진로와상담,W3,교양필수,1,(0),,,이건범,20090026,8/10,경영·미디어계열 수강신청,,1,,N,,,2025,2,2학기
400000,교양과정,2025,2,KY410,진로와상담,W4,교양필수,1,(0),,,정의범,20210033,7/10,경영·미디어계열 수강신청,,1,,N,,,2025,2,2학기
400000,교양과정,2025,2,KY410,진로와상담,W5,교양필수,1,(0),,,최지환,20230015,8/10,경영·미디어계열 수강신청,,1,,N,,,2025,2,2학기
400000,교양과정,2025,2,KY410,진로와상담,W7,교양필수,1,(0),,,신재우,20240071,9/10,경영·미디어계열 수강신청,,1,,N,,,2025,2,2학기
400000,교양과정,2025,2,KY410,진로와상담,W9,교양필수,1,(0),,,김상욱,20030021,1/10,경영·미디어계열 수강신청,,1,,N,,,2025,2,2학기
400000,교양과정,2025,2,KY410,진로와상담,X1,교양필수,1,(0),,,양영수,20210032,10/13,경영·미디어계열 수강신청,,1,,N,,,2025,2,2학기
400000,교양과정,2025,2,KY410,진로와상담,X10,교양필수,1,(0),,,정휘관,20250224,3/10,경영·미디어계열 수강신청,,1,,N,,,2025,2,2학기
400000,교양과정,2025,2,KY410,진로와상담,X2,교양필수,1,(0),,,장종익,20120119,1/13,경영·미디어계열 수강신청,,0,,N,,,2025,2,2학기
400000,교양과정,2025,2,KY410,진로와상담,X3,교양필수,1,(0),,,유한나,20220223,11/13,경영·미디어계열 수강신청,,1,,N,,,2025,2,2학기
400000,교양과정,2025,2,KY410,진로와상담,X4,교양필수,1,(0),,,김민철,20250012,8/10,경영·미디어계열 수강신청,,1,,N,,,2025,2,2학기
400000,교양과정,2025,2,KY410,진로와상담,X5,교양필수,1,(0),,,이성미,20170128,7/10,경영·미디어계열 수강신청,,1,,N,,,2025,2,2학기
400000,교양과정,2025,2,KY410,진로와상담,X6,교양필수,1,(0),,,문철수,20010229,8/10,경영·미디어계열 수강신청,,1,,N,,,2025,2,2학기
400000,교양과정,2025,2,KY410,진로와상담,X7,교양필수,1,(0),,,채희상,20130174,10/10,경영·미디어계열 수강신청,,1,,N,,,2025,2,2학기
400000,교양과정,2025,2,KY410,진로와상담,X9,교양필수,1,(0),,,박혜영,20210072,10/10,경영·미디어계열 수강신청,,1,,N,,,2025,2,2학기
400000,교양과정,2025,2,KY410,진로와상담,Y1,교양필수,1,(0),,,홍선미,19960088,14/15,휴먼서비스계열 수강신청,,1,,N,,,2025,2,2학기
400000,교양과정,2025,2,KY410,진로와상담,Y2,교양필수,1,(0),,,주경희,20180047,7/15,휴먼서비스계열 수강신청,,1,,N,,,2025,2,2학기
400000,교양과정,2025,2,KY410,진로와상담,Y3,교양필수,1,(0),,,김수경,20210022,2/15,휴먼서비스계열 수강신청,,0,,N,,,2025,2,2학기
400000,교양과정,2025,2,KY410,진로와상담,Y4,교양필수,1,(0),,,장익현,20200052,15/15,휴먼서비스계열 수강신청,,0,,N,,,2025,2,2학기
400000,교양과정,2025,2,KY410,진로와상담,Y6,교양필수,1,(0),,,이경숙,19990077,11/12,휴먼서비스계열 수강신청,,1,,N,,,2025,2,2학기
400000,교양과정,2025,2,KY410,진로와상담,Y7,교양필수,1,(0),,,백변경희,20010014,6/12,휴먼서비스계열 수강신청,,0,,N,,,2025,2,2학기
400000,교양과정,2025,2,KY410,진로와상담,Y9,교양필수,1,(0),,,남세현,20170011,10/12,휴먼서비스계열 수강신청,,0,,N,,,2025,2,2학기
400000,교양과정,2025,2,KY410,진로와상담,Z1,교양필수,1,(0),,,노중기,19970047,11/12,휴먼서비스계열 수강신청,,1,,N,,,2025,2,2학기
400000,교양과정,2025,2,KY410,진로와상담,Z10,교양필수,1,(0),,,유희정,20170124,6/10,휴먼서비스계열 수강신청,,1,,N,,,2025,2,2학기
400000,교양과정,2025,2,KY410,진로와상담,Z3,교양필수,1,(0),,,김종엽,19990047,5/12,휴먼서비스계열 수강신청,,1,,N,,,2025,2,2학기
400000,교양과정,2025,2,KY410,진로와상담,Z7,교양필수,1,(0),,,김상원,20230013,11/13,휴먼서비스계열 수강신청,,1,,N,,,2025,2,2학기
400000,교양과정,2025,2,KY410,진로와상담,Z8,교양필수,1,(0),,,구훈정,20150127,13/13,휴먼서비스계열 수강신청,,1,,N,,,2025,2,2학기
400000,교양과정,2025,2,KY410,진로와상담,Z9,교양필수,1,(0),,,안도연,20210035,13/13,휴먼서비스계열 수강신청,,1,,N,,,2025,2,2학기
400000,교양과정,2025,2,KY472,생활법률,A,교양선택,1,3,"화요일(13:00~14:15), 화요일(14:30~15:45)","18212, 18212",유영국,20240072,89/90,,지식정보,1,,대면,,,2025,2,2학기
400000,교양과정,2025,2,KY508,1인미디어만들기,A,교양선택,1,3,월요일(16:00~17:15),20404,최은경,20210026,29/30,블렌디드수업,지식정보,1,,블랜디드,,,2025,2,2학기
400000,교양과정,2025,2,KY509,채플,A,교양필수,"3, 4",(1),,,"김광연, 나현기, 한경미",20240162,10/20,"신학대학(NP대상자), 교목실 지도 후 신청, P/NP",,1,,대면,,,2025,2,2학기
400000,교양과정,2025,2,KY553,인권과법,A,교양선택,1,3,"목요일(13:00~14:15), 목요일(14:30~15:45)","18420, 18420",최영호,20220019,84/90,,리더십,1,,대면,,,2025,2,2학기
400000,교양과정,2025,2,KY603,NCS직업기초능력다지기,A,교양선택,"3, 4",3,,,"김용희, 신수정",20220224,53/90,[4학년만 수강 / 온라인수업 / P/NP //외부온라인]2025-1학기 ‘취창업스쿨1 or 진로선택과 취업준비’ 기수강자 수강불가/동일 학기 ‘취창업스쿨2’ 수강자 동시수강 불가(해당 시 수강취소 예정) // 외부온라인,창의융합,1,,외부온라인,,,2025,2,2학기
400000,교양과정,2025,2,KY613,신학입문,A,교양필수,1,2,금요일(11:00~12:40),3207,이상철,20250185,18/45,"신학대학, 신학전공 필수과목(신학인문융합계열 수강신청 가능)",인문,1,,대면,,,2025,2,2학기
400000,교양과정,2025,2,KY647,조선왕실의삶과문화,A,교양선택,1,3,월요일(13:00~14:15),18211,김선희,20250179,89/90,블렌디드수업(대면/월13:00~),인문,1,,블랜디드,,,2025,2,2학기
400000,교양과정,2025,2,KY656,프랑스어회화및실습Ⅱ,A,교양선택,1,2,,,이익주,20150010,30/30,LMS 온라인 수업 // 교내온라인,글로벌,1,,교내온라인,,,2025,2,2학기
400000,교양과정,2025,2,KY671,심리운동과놀이,A,교양선택,1,3,"월요일(13:00~14:15), 월요일(14:30~15:45)","10204, 10301",서연태,20220252,40/40,,,1,,대면,,,2025,2,2학기
400000,교양과정,2025,2,KY674,한국의세계문화유산,A,교양선택,1,3,월요일(11:00~12:15),3203,김선희,20250179,50/50,블랜디드 수업,인문,1,,블랜디드,,,2025,2,2학기
400000,교양과정,2025,2,KY676,수학으로세상읽기,A,교양선택,1,3,"화요일(13:00~14:15), 화요일(14:30~15:45)","18520, 18520",나경욱,20080158,55/80,강의실 변경 18421>18520 ,지식정보,1,,대면,,,2025,2,2학기
400000,교양과정,2025,2,KY695,노동의의미,A,교양선택,1,3,"목요일(13:00~14:15), 목요일(14:30~15:45)","18211, 18211",노중기,19970047,40/60,,리더십,1,,대면,,,2025,2,2학기
400000,교양과정,2025,2,KY700,3D콘텐츠제작,A,교양선택,1,2,"목요일(13:00~14:15), 목요일(14:30~15:45)","7108, 7108",박종현,20180154,34/35,"AISW대학, 컴공, 소웨융 수강금지, <디지털게임개발을통한컴퓨터의이해> 수강생 수강금지",지식정보,1,,대면,,,2025,2,2학기
400000,교양과정,2025,2,KY722,영어Ⅱ,A,교양필수,"3, 4",2,,,모리스,20120085,33/35,교양필수 영어2 재수강반(2022학번까지 수강 가능) / 교내온라인 // 교내온라인,글로벌,1,,교내온라인,,,2025,2,2학기
400000,교양과정,2025,2,KY723,내삶을바꿀소설세편,A,교양선택,1,3,"월요일(11:00~12:15), 수요일(09:30~10:45)","20403, 20403",이미선,20250214,35/50,,인문,1,,대면,,,2025,2,2학기
400000,교양과정,2025,2,KY735,건축의미학,A,교양선택,1,3,,,신광철,19960087,87/90,교내온라인 // 교내온라인,인문,1,,교내온라인,,,2025,2,2학기
400000,교양과정,2025,2,KY736,사진예술의이해,A,교양선택,1,3,"월요일(13:00~14:15), 수요일(13:00~14:15)","18420, 18420",이익주,20150010,89/90,,인문,1,,대면,,,2025,2,2학기
400000,교양과정,2025,2,KY748,현대중국의역사적이해,A,교양선택,1,3,,,주장환,20080160,60/60,교내온라인 // 교내온라인,글로벌,1,,교내온라인,,,2025,2,2학기
400000,교양과정,2025,2,KY750,일본근현대와동아시아,A,교양선택,1,3,"월요일(09:30~10:45), 수요일(11:00~12:15)","7215, 7215",하종문,19960016,38/90,,글로벌,1,,대면,,,2025,2,2학기
400000,교양과정,2025,2,KY777,현대인의정신건강,A,교양선택,1,3,"목요일(13:00~14:15), 목요일(14:30~15:45)","18212, 18212",김용훈,20210025,89/90,발달재활서비스자격 과목,인문,1,,대면,,,2025,2,2학기
400000,교양과정,2025,2,KY780,초급일본어Ⅱ,A,교양선택,1,2,"화요일(13:00~14:15), 목요일(13:00~14:15)","3321, 3321",신정아,20250144,35/40,일본학과수강금지(1학년허용),글로벌,1,,대면,,,2025,2,2학기
400000,교양과정,2025,2,KY786,뉴턴과근대과학탄생의비밀,A,교양선택,1,3,"월요일(09:30~10:45), 수요일(11:00~12:15)","18418, 18418",정태성,20080106,50/50,,지식정보,1,,대면,,,2025,2,2학기
400000,교양과정,2025,2,KY800,구급과안전교육,A,교양선택,1,2,"금요일(09:30~10:45), 금요일(11:00~12:15)","10204, 10204",허범식,20250176,34/40,"특체과 2,3,4학년 수강금지",지식정보,1,,대면,,,2025,2,2학기
400000,교양과정,2025,2,KY819,배구,A,교양선택,2,2,"금요일(09:30~10:45), 금요일(11:00~12:15)","10301, 10301",우승정,20250024,18/20,"특체과 2,3,4학년 수강금지, 이론 수업 강의실 미정",인문,1,,대면,,,2025,2,2학기
400000,교양과정,2025,2,KY821,탁구,A,교양선택,2,2,"목요일(09:30~10:45), 목요일(11:00~12:15)","10301, 10301",김수겸,20130148,28/30,"특체과 2,3,4학년 수강금지, 이론 수업 시 10201호",인문,1,,대면,,,2025,2,2학기
400000,교양과정,2025,2,KY822,배드민턴,A,교양선택,2,2,"화요일(13:00~14:15), 화요일(14:30~15:45)","10301, 10301",박상현,20210074,20/20,"특체과 2,3,4학년 수강금지, 이론 수업 시 10201호",인문,1,,대면,,,2025,2,2학기
400000,교양과정,2025,2,KY827,조깅과워킹,A,교양선택,2,2,"목요일(13:00~14:15), 목요일(14:30~15:45)","10206, 10206",이성미,20250153,19/20,"특체과 2,3,4학년 수강금지, 이론 수업 시 10204호",인문,1,,대면,,,2025,2,2학기
400000,교양과정,2025,2,KY831,취창업스쿨2,A,교양선택,"2, 3, 4",3,,,강석원,20130152,30/30,"[2,3,4학년 / 교내온라인 / P/NP] 2025-1학기 ‘취창업스쿨1 or 진로선택과 취업준비’ 기수강자 수강불가/동일 학기 ‘NCS직업기초능력다지기’ 수강자 동시수강 불가(해당 시 수강취소 예정) // 교내온라인",리더십,1,,교내온라인,,,2025,2,2학기
400000,교양과정,2025,2,KY831,취창업스쿨2,B,교양선택,"2, 3, 4",3,,,김대숙,20200075,30/30,"[2,3,4학년 / 교내온라인 / P/NP] 2025-1학기 ‘취창업스쿨1 or 진로선택과 취업준비’ 기수강자 수강불가/동일 학기 ‘NCS직업기초능력다지기’ 수강자 동시수강 불가(해당 시 수강취소 예정) // 교내온라인",리더십,1,,교내온라인,,,2025,2,2학기
400000,교양과정,2025,2,KY831,취창업스쿨2,C,교양선택,"2, 3, 4",3,,,김대숙,20200075,30/30,"[2,3,4학년 / 교내온라인 / P/NP] 2025-1학기 ‘취창업스쿨1 or 진로선택과 취업준비’ 기수강자 수강불가/동일 학기 ‘NCS직업기초능력다지기’ 수강자 동시수강 불가(해당 시 수강취소 예정) // 교내온라인",리더십,1,,교내온라인,,,2025,2,2학기
400000,교양과정,2025,2,KY831,취창업스쿨2,D,교양선택,"2, 3, 4",3,,,김흥기,20130154,30/30,"[2,3,4학년 / 교내온라인 / P/NP] 2025-1학기 ‘취창업스쿨1 or 진로선택과 취업준비’ 기수강자 수강불가/동일 학기 ‘NCS직업기초능력다지기’ 수강자 동시수강 불가(해당 시 수강취소 예정) // 교내온라인",리더십,1,,교내온라인,,,2025,2,2학기
400000,교양과정,2025,2,KY831,취창업스쿨2,E,교양선택,"2, 3, 4",3,,,김흥기,20130154,30/30,"[2,3,4학년 / 교내온라인 / P/NP] 2025-1학기 ‘취창업스쿨1 or 진로선택과 취업준비’ 기수강자 수강불가/동일 학기 ‘NCS직업기초능력다지기’ 수강자 동시수강 불가(해당 시 수강취소 예정) // 교내온라인",리더십,1,,교내온라인,,,2025,2,2학기
400000,교양과정,2025,2,KY831,취창업스쿨2,F,교양선택,"2, 3, 4",3,,,홍창기,20130034,30/30,"[2,3,4학년 / 교내온라인 / P/NP] 2025-1학기 ‘취창업스쿨1 or 진로선택과 취업준비’ 기수강자 수강불가/동일 학기 ‘NCS직업기초능력다지기’ 수강자 동시수강 불가(해당 시 수강취소 예정) // 교내온라인",리더십,1,,교내온라인,,,2025,2,2학기
400000,교양과정,2025,2,KY831,취창업스쿨2,G,교양선택,"2, 3, 4",3,,,허태윤,20208015,30/30,"[2,3,4학년 / 교내온라인 / P/NP] 2025-1학기 ‘취창업스쿨1 or 진로선택과 취업준비’ 기수강자 수강불가/동일 학기 ‘NCS직업기초능력다지기’ 수강자 동시수강 불가(해당 시 수강취소 예정) // 교내온라인",리더십,1,,교내온라인,,,2025,2,2학기
400000,교양과정,2025,2,KY832,정의란무엇인가,A,교양선택,1,3,"화요일(16:00~17:15), 화요일(17:30~18:45)","7215, 7215",김대오,19970107,46/90,,리더십,1,,대면,,,2025,2,2학기
400000,교양과정,2025,2,KY836,봉사활동Ⅱ,A,교양선택,1,1,,,"박원식, 주경희",20180047,75/90,"[기타수업] P/NP 교과목/오리엔테이션 필참,30시간이상 봉사활동 수행/인증서 제출",리더십,1,,N,,,2025,2,2학기
400000,교양과정,2025,2,KY845,중국어회화Ⅱ,A,교양선택,1,2,"월요일(14:30~15:45), 수요일(14:30~15:45)","3308, 3308",PANG LI,20120123,25/30,"중국학과, 중국어문화영상융합학과 2학년 이상 수강 금지",글로벌,1,,대면,,,2025,2,2학기
400000,교양과정,2025,2,KY862,인간관계와예절,A,교양선택,1,2,"목요일(16:00~17:15), 목요일(17:30~18:45)","18519, 18519",성은실,20250142,89/90,,소통,1,,대면,,,2025,2,2학기
400000,교양과정,2025,2,KY864,영화와사회심리,A,교양선택,1,3,"화요일(16:00~17:15), 화요일(17:30~18:45)","18420, 18420",이익주,20150010,90/90,,인문,1,,대면,,,2025,2,2학기
400000,교양과정,2025,2,KY879,기독교와인문학,A,교양필수,1,2,금요일(13:00~14:40),18102,나현기,20180057,35/50,교필(기독교과목) 강의실 변경 18523>18102,,1,,대면,,,2025,2,2학기
400000,교양과정,2025,2,KY891,인물로읽는성서,A,교양필수,1,2,수요일(17:30~19:10),18212,한경미,20240162,88/90,교필(성서교과목),소통,1,,대면,,,2025,2,2학기
400000,교양과정,2025,2,KY893,성서와예술,A,교양필수,1,2,수요일(11:00~12:40),18211,강은미,20209151,90/90,교필(성서교과목),소통,1,,대면,,,2025,2,2학기
400000,교양과정,2025,2,KY893,성서와예술,B,교양필수,1,2,금요일(17:30~19:10),4107,강은미,20209151,44/50,교필(성서교과목) 강의실 변경 18523>4107,소통,1,,대면,,,2025,2,2학기
400000,교양과정,2025,2,KY894,성서와여성,A,교양필수,1,2,수요일(17:30~19:10),18211,강은미,20209151,79/80,교필(성서교과목) ,소통,1,,대면,,,2025,2,2학기
400000,교양과정,2025,2,KY894,성서와여성,B,교양필수,1,2,금요일(11:00~12:40),18211,강은미,20209151,59/80,교필(성서교과목),소통,1,,대면,,,2025,2,2학기
400000,교양과정,2025,2,KY895,교회음악Ⅱ,A,교양선택,1,2,화요일(11:00~12:40),4107,정춘,20250196,20/20,P/NP,인문,1,,대면,,,2025,2,2학기
400000,교양과정,2025,2,KY899,독일문학길잡이,A,교양선택,1,3,"금요일(16:00~17:15), 금요일(17:30~18:45)","3505, 3505",오동식,20100188,28/40,,글로벌,1,,대면,,,2025,2,2학기
400000,교양과정,2025,2,KY921,사회생활길잡이,A1,교양필수,2,1,월요일(16:00~16:50),4107,이영미,20050062,6/15,,,0,,대면,,,2025,2,2학기
400000,교양과정,2025,2,KY921,사회생활길잡이,A2,교양필수,2,1,월요일(16:00~16:50),4105,전철,20140040,12/15,,,0,,대면,,,2025,2,2학기
400000,교양과정,2025,2,KY921,사회생활길잡이,C1,교양필수,2,1,월요일(16:00~16:50),3410,김지혜,20230138,13/30,"[교필] 11학번부터 교양필수/ 국어국문학과 수강/ 학번 맨 끝자리 6,7,8,9 수강/ P/NP",,1,,대면,,,2025,2,2학기
400000,교양과정,2025,2,KY921,사회생활길잡이,C2,교양필수,2,1,월요일(16:00~16:50),20502,유형동,20220034,20/30,"[교필] 11학번부터 교양필수/ 국어국문학과 수강/ 학번 맨 끝자리 0,1,2,3,4,5 수강/ P/NP",,1,,대면,,,2025,2,2학기
400000,교양과정,2025,2,KY921,사회생활길잡이,D2,교양필수,2,1,월요일(16:00~16:50),3407,김지혜,20210073,10/20,진로와상담과 동일한 지도교수 신청,,1,,대면,,,2025,2,2학기
400000,교양과정,2025,2,KY921,사회생활길잡이,D3,교양필수,2,1,월요일(16:00~16:50),3405,이향미,20200051,16/20,진로와상담과 동일한 지도교수 신청,,1,,대면,,,2025,2,2학기
400000,교양과정,2025,2,KY921,사회생활길잡이,D4,교양필수,2,1,월요일(16:00~16:50),3406,박미선,20090009,17/20,진로와상담과 동일한 지도교수 신청,,1,,대면,,,2025,2,2학기
400000,교양과정,2025,2,KY921,사회생활길잡이,E1,교양필수,2,1,월요일(16:00~16:50),3411,전춘명,19960084,17/20,대학생활길잡이 담당 교수와 동일하게 신청,,1,,대면,,,2025,2,2학기
400000,교양과정,2025,2,KY921,사회생활길잡이,E2,교양필수,2,1,월요일(16:00~16:50),3308,오동식,20100188,6/20,대학생활길잡이 담당 교수와 동일하게 신청,,1,,대면,,,2025,2,2학기
400000,교양과정,2025,2,KY921,사회생활길잡이,F1,교양필수,2,1,월요일(18:50~19:40),18101,김희정,20080164,6/30,,,1,,대면,,,2025,2,2학기
400000,교양과정,2025,2,KY921,사회생활길잡이,F2,교양필수,2,1,수요일(18:50~19:40),18110,김대오,19970107,12/30,,,1,,대면,,,2025,2,2학기
400000,교양과정,2025,2,KY921,사회생활길잡이,G1,교양필수,2,1,월요일(18:50~19:40),3204,정무용,20230010,14/25,,,1,,대면,,,2025,2,2학기
400000,교양과정,2025,2,KY921,사회생활길잡이,G2,교양필수,2,1,월요일(18:50~19:40),3409,이형원,20210030,10/25,,,1,,대면,,,2025,2,2학기
400000,교양과정,2025,2,KY921,사회생활길잡이,H1,교양필수,2,1,수요일(16:00~16:50),3407,김상덕,20250013,7/20,,,2,,대면,,,2025,2,2학기
400000,교양과정,2025,2,KY921,사회생활길잡이,I2,교양필수,2,1,월요일(16:00~16:50),3202,백수린,20240068,28/30,,,1,,대면,,,2025,2,2학기
400000,교양과정,2025,2,KY921,사회생활길잡이,I3,교양필수,2,1,월요일(16:00~16:50),3203,정한아,20220222,15/30,,,0,,대면,,,2025,2,2학기
400000,교양과정,2025,2,KY921,사회생활길잡이,I4,교양필수,2,1,월요일(16:00~16:50),18104,김윤성,20060020,23/30,디지털영상문화콘텐츠학(한국인 홀수번호)/영상문화학,,1,,대면,,,2025,2,2학기
400000,교양과정,2025,2,KY921,사회생활길잡이,I5,교양필수,2,1,월요일(16:00~16:50),18102,신광철,19960087,6/30,디지털영상문화콘텐츠학(외국인),,1,,대면,,,2025,2,2학기
400000,교양과정,2025,2,KY921,사회생활길잡이,I6,교양필수,2,1,월요일(16:00~16:50),18103,이종현,20230011,27/30,디지털영상문화콘텐츠학(한국인 짝수번호)/디지털문화콘텐츠학,,1,,대면,,,2025,2,2학기
400000,교양과정,2025,2,KY921,사회생활길잡이,J2,교양필수,2,1,월요일(16:00~16:50),7107,류기수,19950013,10/35,"중국어문화콘텐츠학(짝수학번),중국어문화학",,1,,대면,,,2025,2,2학기
400000,교양과정,2025,2,KY921,사회생활길잡이,J5,교양필수,2,1,월요일(16:00~16:50),18110,김남희,20200038,16/40,"중국어문화콘텐츠학(홀수학번), 한중문화콘텐츠학",,1,,대면,,,2025,2,2학기
400000,교양과정,2025,2,KY921,사회생활길잡이,K3,교양필수,2,1,수요일(16:00~16:50),3412,조성대,20020021,9/35,국제관계학부 / 글로벌인재학부 수강신청 전 지도교수 확인,,0,,대면,,,2025,2,2학기
400000,교양과정,2025,2,KY921,사회생활길잡이,K5,교양필수,2,1,수요일(18:50~19:40),3506,박상남,20060141,34/35,국제관계학부 / 글로벌인재학부 수강신청 전 지도교수 확인,,1,,대면,,,2025,2,2학기
400000,교양과정,2025,2,KY921,사회생활길잡이,K6,교양필수,2,1,수요일(16:00~16:50),20505,이석민,20200034,7/20,진로와 상담 교수님과 동일하게 수강신청,,1,,대면,,,2025,2,2학기
400000,교양과정,2025,2,KY921,사회생활길잡이,K7,교양필수,2,1,월요일(16:00~16:50),3506,윤건,20200035,8/20,진로와 상담 교수님과 동일하게 수강신청,,1,,대면,,,2025,2,2학기
400000,교양과정,2025,2,KY921,사회생활길잡이,K8,교양필수,2,1,월요일(16:00~16:50),20507,노승철,20210027,18/20,진로와 상담 교수님과 동일하게 수강신청,,1,,대면,,,2025,2,2학기
400000,교양과정,2025,2,KY921,사회생활길잡이,L1,교양필수,2,1,수요일(16:00~16:50),3411,성락선,19960085,5/20,,,1,,대면,,,2025,2,2학기
400000,교양과정,2025,2,KY921,사회생활길잡이,L2,교양필수,2,1,수요일(16:00~16:50),3505,한재명,20240069,20/20,,,1,,대면,,,2025,2,2학기
400000,교양과정,2025,2,KY921,사회생활길잡이,M2,교양필수,2,1,수요일(17:30~18:20),3412,정지영,20190192,17/20,,,1,,대면,,,2025,2,2학기
400000,교양과정,2025,2,KY921,사회생활길잡이,M3,교양필수,2,1,수요일(17:30~18:20),3410,정희진,20230012,20/20,,,1,,대면,,,2025,2,2학기
400000,교양과정,2025,2,KY921,사회생활길잡이,N1,교양필수,2,1,수요일(16:00~16:50),18102,문철수,20010229,18/20,,,1,,대면,,,2025,2,2학기
400000,교양과정,2025,2,KY921,사회생활길잡이,N2,교양필수,2,1,수요일(16:00~16:50),18103,채희상,20130174,20/20,,,1,,대면,,,2025,2,2학기
400000,교양과정,2025,2,KY921,사회생활길잡이,N4,교양필수,2,1,수요일(16:00~16:50),18101,이성미,20170128,12/20,,,1,,대면,,,2025,2,2학기
400000,교양과정,2025,2,KY921,사회생활길잡이,N5,교양필수,2,1,수요일(16:00~16:50),18420-1,박혜영,20210072,16/20,,,1,,대면,,,2025,2,2학기
400000,교양과정,2025,2,KY921,사회생활길잡이,N6,교양필수,2,1,수요일(16:00~16:50),18211-1,김민철,20250012,12/20,,,1,,대면,,,2025,2,2학기
400000,교양과정,2025,2,KY921,사회생활길잡이,N7,교양필수,2,1,수요일(16:00~16:50),18106,정휘관,20250224,1/20,,,1,,대면,,,2025,2,2학기
400000,교양과정,2025,2,KY921,사회생활길잡이,O2,교양필수,2,1,수요일(17:30~18:20),3406,김종엽,19990047,12/20,,,1,,대면,,,2025,2,2학기
400000,교양과정,2025,2,KY921,사회생활길잡이,O3,교양필수,2,1,수요일(17:30~18:20),3407,노중기,19970047,8/20,,,1,,대면,,,2025,2,2학기
400000,교양과정,2025,2,KY921,사회생활길잡이,P1,교양필수,2,1,수요일(17:30~18:20),18420,김수경,20210022,21/20,,,0,,대면,,,2025,2,2학기
400000,교양과정,2025,2,KY921,사회생활길잡이,P2,교양필수,2,1,수요일(17:30~18:20),18102,장익현,20200052,30/20,,,0,,대면,,,2025,2,2학기
400000,교양과정,2025,2,KY921,사회생활길잡이,Q3,교양필수,2,1,수요일(17:30~18:20),18103,남세현,20170011,4/15,,,0,,대면,,,2025,2,2학기
400000,교양과정,2025,2,KY921,사회생활길잡이,Q4,교양필수,2,1,수요일(17:30~18:20),18104,백변경희,20010014,13/15,,,0,,대면,,,2025,2,2학기
400000,교양과정,2025,2,KY921,사회생활길잡이,Q5,교양필수,2,1,수요일(17:30~18:20),18212-1,김용훈,20210025,15/15,,,0,,대면,,,2025,2,2학기
400000,교양과정,2025,2,KY921,사회생활길잡이,S1,교양필수,2,1,수요일(16:00~16:50),3403,이일영,19970044,3/10,,,1,,대면,,,2025,2,2학기
400000,교양과정,2025,2,KY921,사회생활길잡이,S2,교양필수,2,1,수요일(16:00~16:50),3408,김도희,20050055,4/10,,,1,,대면,,,2025,2,2학기
400000,교양과정,2025,2,KY921,사회생활길잡이,S3,교양필수,2,1,수요일(16:00~16:50),3409,주장환,20080160,3/10,,,0,,대면,,,2025,2,2학기
400000,교양과정,2025,2,KY921,사회생활길잡이,S4,교양필수,2,1,수요일(16:00~16:50),3410,황선미,20190193,3/10,,,1,,대면,,,2025,2,2학기
400000,교양과정,2025,2,KY921,사회생활길잡이,T2,교양필수,2,1,월요일(17:30~18:20),3407,하종문,19960016,13/20,전공 상담지도교수 안내받고 직접 수강신청 /P/NP과목,,1,,대면,,,2025,2,2학기
400000,교양과정,2025,2,KY921,사회생활길잡이,T3,교양필수,2,1,수요일(16:00~16:50),3405,송주명,19990049,20/20,전공 상담지도교수 안내받고 직접 수강신청 /P/NP과목,,1,,대면,,,2025,2,2학기
400000,교양과정,2025,2,KY921,사회생활길잡이,U1,교양필수,2,1,월요일(17:30~18:20),18102,김경민,20160030,15/15,,,1,,대면,,,2025,2,2학기
400000,교양과정,2025,2,KY921,사회생활길잡이,U2,교양필수,2,1,월요일(17:30~18:20),18103,이건범,20090026,14/15,,,1,,대면,,,2025,2,2학기
400000,교양과정,2025,2,KY921,사회생활길잡이,U3,교양필수,2,1,월요일(17:30~18:20),18105,유현미,20240070,15/15,,,1,,대면,,,2025,2,2학기
400000,교양과정,2025,2,KY921,사회생활길잡이,U4,교양필수,2,1,월요일(17:30~18:20),18104,최지환,20230015,8/15,,,1,,대면,,,2025,2,2학기
400000,교양과정,2025,2,KY921,사회생활길잡이,U5,교양필수,2,1,월요일(17:30~18:20),18101,정의범,20210033,3/15,,,1,,대면,,,2025,2,2학기
400000,교양과정,2025,2,KY921,사회생활길잡이,W1,교양필수,2,1,월요일(17:30~18:20),3201,장종익,20120119,7/26,"학번 끝자리에 맞춰 변경기간에 재신청 바랍니다.- 0,1,2 : 장종익 교수 ",,0,,대면,,,2025,2,2학기
400000,교양과정,2025,2,KY921,사회생활길잡이,W2,교양필수,2,1,월요일(17:30~18:20),3203,양영수,20210032,7/30,"학번 끝자리에 맞춰 변경기간에 재신청 바랍니다. 3,4,5 : 양영수 교수 ",,1,,대면,,,2025,2,2학기
400000,교양과정,2025,2,KY921,사회생활길잡이,W3,교양필수,2,1,월요일(17:30~18:20),3204,유한나,20220223,8/30,"학번 끝자리에 맞춰 변경기간에 재신청 바랍니다. 6,7,8,9 : 유한나 교수",,1,,대면,,,2025,2,2학기
400000,교양과정,2025,2,KY921,사회생활길잡이,Z10,교양필수,2,1,수요일(17:30~18:20),3405,유희정,20170124,4/25,,,1,,대면,,,2025,2,2학기
400000,교양과정,2025,2,KY921,사회생활길잡이,Z6,교양필수,2,1,수요일(17:30~18:20),3403,구훈정,20150127,9/25,,,1,,대면,,,2025,2,2학기
400000,교양과정,2025,2,KY921,사회생활길잡이,Z7,교양필수,2,1,수요일(17:30~18:20),3408,김상원,20230013,7/25,,,1,,대면,,,2025,2,2학기
400000,교양과정,2025,2,KY921,사회생활길잡이,Z8,교양필수,2,1,수요일(17:30~18:20),3308,오현숙,20040021,7/25,,,1,,대면,,,2025,2,2학기
400000,교양과정,2025,2,KY921,사회생활길잡이,Z9,교양필수,2,1,수요일(17:30~18:20),3409,안도연,20210035,24/24,,,1,,대면,,,2025,2,2학기
400000,교양과정,2025,2,KY931,재미있는정신분석이야기,A,교양선택,1,3,수요일(14:30~15:45),7215,종연영,20230119,49/50,블랜디드 수업,인문,1,,블랜디드,,,2025,2,2학기
400000,교양과정,2025,2,KY942,영화로이해하는아시아,A,교양선택,1,3,"화요일(16:00~17:15), 화요일(17:30~18:45)","18212, 18212",이기호,20080157,74/90,,글로벌,1,,대면,,,2025,2,2학기
400000,교양과정,2025,2,KY953,서양미술의감상과이해,A,교양선택,1,3,,,공주형,20150011,90/90,LMS 온라인 수업 // 교내온라인,인문,1,,교내온라인,,,2025,2,2학기
400000,교양과정,2025,2,KY961,결혼과가족,A,교양선택,1,3,화요일(13:00~14:15),3203,김영주,20210018,50/50,블랜디드 수업,지식정보,1,,블랜디드,,,2025,2,2학기
400000,교양과정,2025,2,KY972,예술로말하기2,A,교양선택,1,3,"화요일(13:00~14:15), 화요일(14:30~15:45)","18212-1, 18212-1",유순혜,20250194,20/20,,인문,1,,대면,,,2025,2,2학기
400000,교양과정,2025,2,KY977,문화콘텐츠로만나는정조,A,교양선택,1,3,,,최민성,20090008,89/90,LMS 온라인 수업 // 교내온라인,인문,1,,교내온라인,,,2025,2,2학기
400000,교양과정,2025,2,KY992,기초영어회화2,B2,교양선택,1,2,"월요일(13:00~14:15), 수요일(13:00~14:15)","8110, 8110",야니,20120086,15/20,"기초영어회화1 수준에 준하는 학생, 수강인원 5명 이상 개설, 15명 이하 절대평가",글로벌,1,,대면,,,2025,2,2학기
400000,교양과정,2025,2,KY992,기초영어회화2,B4,교양선택,1,2,"월요일(14:30~15:45), 수요일(14:30~15:45)","8110, 8110",야니,20120086,5/20,"기초영어회화1 수준에 준하는 학생, 수강인원 5명 이상 개설, 15명 이하 절대평가",글로벌,1,,대면,,,2025,2,2학기
400000,교양과정,2025,2,KY992,기초영어회화2,C1,교양선택,1,2,"월요일(09:30~10:45), 수요일(11:00~12:15)","20502, 20502",모리스,20120085,14/20,"기초영어회화1 수준에 준하는 학생, 수강인원 5명 이상 개설, 15명 이하 절대평가",글로벌,1,,대면,,,2025,2,2학기
400000,교양과정,2025,2,KY992,기초영어회화2,C2,교양선택,1,2,"월요일(11:00~12:15), 수요일(09:30~10:45)","20502, 20502",모리스,20120085,10/20,"기초영어회화1 수준에 준하는 학생, 수강인원 5명 이상 개설, 15명 이하 절대평가",글로벌,1,,대면,,,2025,2,2학기
400000,교양과정,2025,2,KY992,기초영어회화2,C3,교양선택,1,2,"월요일(13:00~14:15), 수요일(13:00~14:15)","20502, 20502",모리스,20120085,15/20,"기초영어회화1 수준에 준하는 학생, 수강인원 5명 이상 개설, 15명 이하 절대평가",글로벌,1,,대면,,,2025,2,2학기
400000,교양과정,2025,2,KY992,기초영어회화2,C4,교양선택,1,2,"화요일(09:30~10:45), 목요일(11:00~12:15)","20502, 20502",모리스,20120085,10/20,"기초영어회화1 수준에 준하는 학생, 수강인원 5명 이상 개설, 15명 이하 절대평가",글로벌,1,,대면,,,2025,2,2학기
400000,교양과정,2025,2,KY994,중급영어회화2,A1,교양선택,1,2,"월요일(09:30~10:45), 수요일(11:00~12:15)","20506, 20506",매튜,20140043,5/15,"중급영어화화1 수준에 준하는 학생, 수강인원 5명 이상 개설, 15명 이하 절대평가",글로벌,0,,대면,,,2025,2,2학기
400000,교양과정,2025,2,KY994,중급영어회화2,A2,교양선택,1,2,"월요일(11:00~12:15), 수요일(09:30~10:45)","20506, 20506",매튜,20140043,6/15,"중급영어화화1 수준에 준하는 학생, 수강인원 5명 이상 개설, 15명 이하 절대평가",글로벌,1,,대면,,,2025,2,2학기
400000,교양과정,2025,2,KY994,중급영어회화2,B1,교양선택,1,2,"월요일(13:00~14:15), 수요일(13:00~14:15)","20506, 20506",매튜,20140043,15/15,"중급영어화화1 수준에 준하는 학생, 수강인원 5명 이상 개설, 15명 이하 절대평가",글로벌,1,,대면,,,2025,2,2학기
400000,교양과정,2025,2,KY994,중급영어회화2,B2,교양선택,1,2,"월요일(14:30~15:45), 수요일(14:30~15:45)","20506, 20506",매튜,20140043,15/15,"중급영어화화1 수준에 준하는 학생, 수강인원 5명 이상 개설, 15명 이하 절대평가",글로벌,1,,대면,,,2025,2,2학기
400000,교양과정,2025,2,KYA21,물리란무엇인가,A,교양선택,1,3,"월요일(13:00~14:15), 수요일(13:00~14:15)","18418, 18418",정태성,20080106,50/50,구)물리및실험,지식정보,1,,대면,,,2025,2,2학기
400000,교양과정,2025,2,KYA31,기초독일어실습Ⅱ,A,교양선택,1,3,,,전춘명,19960084,89/90,교내온라인 // 교내온라인,글로벌,1,,교내온라인,,,2025,2,2학기
400000,교양과정,2025,2,KYA44,돈과인간,A,교양선택,1,3,"화요일(13:00~14:15), 화요일(14:30~15:45)","18523, 18523",전병유,20090022,64/90,구)돈과자본그리고인간,창의융합,1,,대면,,,2025,2,2학기
400000,교양과정,2025,2,KYA49,영화로보는남북통일문제,A,교양선택,1,3,"목요일(16:00~17:15), 목요일(17:30~18:45)","18211, 18211",장창준,20240074,38/90,,리더십,1,,대면,,,2025,2,2학기
400000,교양과정,2025,2,KYA54,성서와평화,A,교양필수,1,2,수요일(17:30~19:10),18421,진형섭,20209150,90/90,교필(성서교과목),리더십,1,,대면,,,2025,2,2학기
400000,교양과정,2025,2,KYA54,성서와평화,B,교양필수,1,2,금요일(13:00~14:40),18212,진형섭,20209150,90/90,교필(성서교과목),리더십,1,,대면,,,2025,2,2학기
400000,교양과정,2025,2,KYA59,연기예술2:관찰,A,교양선택,1,3,"목요일(13:00~14:15), 목요일(14:30~15:45)","18523, 18523",장우현,20250160,21/50,,창의융합,1,,대면,,,2025,2,2학기
400000,교양과정,2025,2,KYA60,연기와마음치료,A,교양선택,1,3,"목요일(16:00~17:15), 목요일(17:30~18:45)","18523, 18523",장우현,20250160,32/50,,창의융합,1,,대면,,,2025,2,2학기
400000,교양과정,2025,2,KYA93,전환기시대의리더십,A,교양선택,1,3,,,이일영,19970044,60/60,교내온라인 // 교내온라인,리더십,1,,교내온라인,,,2025,2,2학기
400000,교양과정,2025,2,KYA96,과학의위대한순간들,A,교양선택,1,3,"화요일(13:00~14:15), 화요일(14:30~15:45)","18418, 18418",정태성,20080106,49/50,,지식정보,1,,대면,,,2025,2,2학기
400000,교양과정,2025,2,KYA97,공공미술과도시재생,A,교양선택,1,3,,,공주형,20150011,90/90,LMS 온라인 수업  // 교내온라인,창의융합,1,,교내온라인,,,2025,2,2학기
400000,교양과정,2025,2,KYC01,좋은기업찾기프로젝트,A,교양선택,"2, 3, 4",3,,,김용희,20220224,90/90,"2,3,4학년 / 교내온라인 / P/NP // 교내온라인",,1,,교내온라인,,,2025,2,2학기
400000,교양과정,2025,2,KYC11,도시의역사,A,교양선택,1,3,"금요일(13:00~14:15), 금요일(14:30~15:45)","18212-1, 18212-1",이시연,20250154,38/50,구)세계사속의혁명,리더십,1,,대면,,,2025,2,2학기
400000,교양과정,2025,2,KYC14,빅데이터분석기초,A,교양선택,1,3,"화요일(13:00~14:15), 화요일(14:30~15:45)","18307, 18307",염동호,20190191,23/40,[빅데이터분석]마이크로전공 ,창의융합,1,,대면,,,2025,2,2학기
400000,교양과정,2025,2,KYC15,21세기사회와유대인의문화,A,교양선택,1,3,,,윤성덕,20250229,90/90,LMS 온라인 수업  // 교내온라인,창의융합,1,,교내온라인,,,2025,2,2학기
400000,교양과정,2025,2,KYC16,21세기대안사회모델독일,A,교양선택,1,3,,,전춘명,19960084,90/90,LMS 온라인 수업  // 교내온라인,창의융합,1,,교내온라인,,,2025,2,2학기
400000,교양과정,2025,2,KYC28,창의력은어디서오는가,A,교양선택,1,3,,,강석원,20130152,90/90,교내온라인(LMS)과목 // 교내온라인,창의융합,1,,교내온라인,,,2025,2,2학기
400000,교양과정,2025,2,KYC37,디지털사회와e스포츠,A,교양선택,1,3,"월요일(13:00~14:15), 수요일(13:00~14:15)","3506, 3506",최은경,20210026,48/48,,리더십,1,,대면,,,2025,2,2학기
400000,교양과정,2025,2,KYC39,세계도시와시민,A,교양선택,"1, 2, 3, 4",3,"목요일(13:00~14:15), 목요일(14:30~15:45)","18520, 18520",이기호,20080157,46/90,전) 도시로읽는21세기과제와 상상력,리더십,1,,대면,,,2025,2,2학기
400000,교양과정,2025,2,KYC41,나를찾아떠나는여행,A,교양선택,"1, 2",2,금요일(13:00~14:40),4107,강은미,20209151,30/30,KY431 이수자 수강불가/강의실 변경 18211>4107,인문,1,,대면,,,2025,2,2학기
400000,교양과정,2025,2,KYC42,유럽영화예술의세계,A,교양선택,1,3,,,심혜경,20210029,59/60,"구)독일어권예술의세계, 교내온라인 // 교내온라인",글로벌,1,,교내온라인,,,2025,2,2학기
400000,교양과정,2025,2,KYC54,Essential English,A1,교양필수,1,3,"월요일(11:00~12:15), 수요일(09:30~10:45)","18106, 18106",김나영,20230141,40/40,독해수업/자유전공/휴먼서비스/첨단(이공계)융합/AISW/특체계열수강/교양필수,글로벌,1,,대면,,,2025,2,2학기
400000,교양과정,2025,2,KYC54,Essential English,A2,교양필수,1,3,"월요일(11:00~12:15), 수요일(09:30~10:45)","18104, 18104",심주연,20170023,19/30,말하기수업/자유전공/휴먼서비스/첨단(이공계)융합/AISW/특체계열수강/교양필수,글로벌,1,,대면,,,2025,2,2학기
400000,교양과정,2025,2,KYC54,Essential English,A3,교양필수,1,3,"화요일(11:00~12:15), 목요일(09:30~10:45)","18106, 18106",김경선,20250130,16/30,말하기수업/자유전공/휴먼서비스/첨단(이공계)융합/AISW/특체계열수강/교양필수,글로벌,1,,대면,,,2025,2,2학기
400000,교양과정,2025,2,KYC54,Essential English,A4,교양필수,1,3,"월요일(11:00~12:15), 수요일(09:30~10:45)","18103, 18103",목승혜,20250136,40/40,독해수업/자유전공/휴먼서비스/첨단(이공계)융합/AISW/특체계열수강/교양필수,글로벌,1,,대면,,,2025,2,2학기
400000,교양과정,2025,2,KYC54,Essential English,B1,교양필수,1,3,"화요일(09:30~10:45), 목요일(11:00~12:15)","18106, 18106",김경선,20250130,11/30,말하기수업/자유전공/휴먼서비스/첨단(이공계)융합/AISW/특체계열수강/교양필수,글로벌,1,,대면,,,2025,2,2학기
400000,교양과정,2025,2,KYC54,Essential English,B2,교양필수,1,3,"월요일(09:30~10:45), 수요일(11:00~12:15)","18106, 18106",차윤정,20090005,40/40,독해수업/자유전공/휴먼서비스/첨단(이공계)융합/AISW/특체계열수강/교양필수,글로벌,1,,대면,,,2025,2,2학기
400000,교양과정,2025,2,KYC54,Essential English,B3,교양필수,1,3,"월요일(09:30~10:45), 수요일(11:00~12:15)","18103, 18103",목승혜,20250136,31/40,독해수업/자유전공/휴먼서비스/첨단(이공계)융합/AISW/특체계열수강/교양필수,글로벌,1,,대면,,,2025,2,2학기
400000,교양과정,2025,2,KYC54,Essential English,C1,교양필수,1,3,"월요일(13:00~14:15), 수요일(13:00~14:15)","3503, 3503",고우경,20140010,40/40,독해수업/자유전공/휴먼서비스/첨단(이공계)융합/AISW/특체계열수강/교양필수,글로벌,1,,대면,,,2025,2,2학기
400000,교양과정,2025,2,KYC54,Essential English,C2,교양필수,1,3,"월요일(13:00~14:15), 수요일(13:00~14:15)","18106, 18106",성민선,20250222,40/40,독해수업/자유전공/휴먼서비스/첨단(이공계)융합/AISW/특체계열수강/교양필수,글로벌,1,,대면,,,2025,2,2학기
400000,교양과정,2025,2,KYC54,Essential English,C4,교양필수,1,3,"월요일(13:00~14:15), 수요일(13:00~14:15)","18104, 18104",심주연,20170023,27/30,말하기수업/자유전공/휴먼서비스/첨단(이공계)융합/AISW/특체계열수강/교양필수,글로벌,1,,대면,,,2025,2,2학기
400000,교양과정,2025,2,KYC54,Essential English,D1,교양필수,1,3,"화요일(09:30~10:45), 목요일(11:00~12:15)","18103, 18103",김수현,20250211,17/40,독해수업/자유전공/휴먼서비스/첨단(이공계)융합/AISW/특체계열수강/교양필수,글로벌,1,,대면,,,2025,2,2학기
400000,교양과정,2025,2,KYC54,Essential English,D2,교양필수,1,3,"화요일(11:00~12:15), 목요일(09:30~10:45)","18103, 18103",김수현,20250211,40/40,독해수업/자유전공/휴먼서비스/첨단(이공계)융합/AISW/특체계열수강/교양필수,글로벌,1,,대면,,,2025,2,2학기
400000,교양과정,2025,2,KYC54,Essential English,D3,교양필수,1,3,"화요일(11:00~12:15), 목요일(09:30~10:45)","3505, 3505",고우경,20140010,40/40,독해수업/자유전공/휴먼서비스/첨단(이공계)융합/AISW/특체계열수강/교양필수,글로벌,1,,대면,,,2025,2,2학기
400000,교양과정,2025,2,KYC54,Essential English,D4,교양필수,1,3,"월요일(14:30~15:45), 수요일(14:30~15:45)","18104, 18104",심주연,20170023,17/30,말하기수업/자유전공/휴먼서비스/첨단(이공계)융합/AISW/특체계열수강/교양필수,글로벌,1,,대면,,,2025,2,2학기
400000,교양과정,2025,2,KYC54,Essential English,E1,교양필수,1,3,"월요일(14:30~15:45), 수요일(14:30~15:45)","18106, 18106",성민선,20250222,39/40,독해수업/자유전공/휴먼서비스/첨단(이공계)융합/AISW/특체계열수강/교양필수,글로벌,1,,대면,,,2025,2,2학기
400000,교양과정,2025,2,KYC54,Essential English,F1,교양필수,1,3,"월요일(14:30~15:45), 수요일(14:30~15:45)","3505, 3505",고우경,20140010,40/40,독해수업/자유전공/휴먼서비스/첨단(이공계)융합/AISW/특체계열수강/교양필수,글로벌,1,,대면,,,2025,2,2학기
400000,교양과정,2025,2,KYC55,글쓰기의기초,A1,교양필수,1,3,"화요일(13:00~14:15), 화요일(14:30~15:45)","3408, 3408",김민환,20160021,30/30,"2학기 신학/인문계열, 경제/국제/공공인재계열/경영/미디어계열 수강/2025학번 교양필수 /~2022학번 수강X 기존 글쓰기의기초와 다른 교과목",소통,1,,대면,,,2025,2,2학기
400000,교양과정,2025,2,KYC55,글쓰기의기초,A2,교양필수,1,3,"화요일(13:00~14:15), 화요일(14:30~15:45)","20505, 20505",송주현,20130175,30/30,"2학기 신학/인문계열, 경제/국제/공공인재계열/경영/미디어계열 수강/2025학번 교양필수 /~2022학번 수강X 기존 글쓰기의기초와 다른 교과목",소통,1,,대면,,,2025,2,2학기
400000,교양과정,2025,2,KYC55,글쓰기의기초,A3,교양필수,1,3,"화요일(13:00~14:15), 화요일(14:30~15:45)","8110, 8110",유예원,20250148,30/30,"2학기 신학/인문계열, 경제/국제/공공인재계열/경영/미디어계열 수강/2025학번 교양필수 /~2022학번 수강X 기존 글쓰기의기초와 다른 교과목",소통,1,,대면,,,2025,2,2학기
400000,교양과정,2025,2,KYC55,글쓰기의기초,A4,교양필수,1,3,"화요일(13:00~14:15), 화요일(14:30~15:45)","3412, 3412",계광수,20250128,30/30,"2학기 신학/인문계열, 경제/국제/공공인재계열/경영/미디어계열 수강/2025학번 교양필수 /~2022학번 수강X 기존 글쓰기의기초와 다른 교과목",소통,1,,대면,,,2025,2,2학기
400000,교양과정,2025,2,KYC55,글쓰기의기초,A5,교양필수,1,3,"화요일(13:00~14:15), 화요일(14:30~15:45)","3503, 3503",김계자,20190276,30/30,"2학기 신학/인문계열, 경제/국제/공공인재계열/경영/미디어계열 수강/2025학번 교양필수 /~2022학번 수강X 기존 글쓰기의기초와 다른 교과목",소통,1,,대면,,,2025,2,2학기
400000,교양과정,2025,2,KYC55,글쓰기의기초,B2,교양필수,1,3,"화요일(16:00~17:15), 화요일(17:30~18:45)","3412, 3412",계광수,20250128,30/30,"2학기 신학/인문계열, 경제/국제/공공인재계열/경영/미디어계열 수강/2025학번 교양필수 /~2022학번 수강X 기존 글쓰기의기초와 다른 교과목",소통,1,,대면,,,2025,2,2학기
400000,교양과정,2025,2,KYC55,글쓰기의기초,B3,교양필수,1,3,"화요일(16:00~17:15), 화요일(17:30~18:45)","20505, 20505",유영국,20240072,30/30,"2학기 신학/인문계열, 경제/국제/공공인재계열/경영/미디어계열 수강/2025학번 교양필수 /~2022학번 수강X 기존 글쓰기의기초와 다른 교과목",소통,1,,대면,,,2025,2,2학기
400000,교양과정,2025,2,KYC55,글쓰기의기초,B4,교양필수,1,3,"화요일(16:00~17:15), 화요일(17:30~18:45)","8110, 8110",유예원,20250148,30/30,"2학기 신학/인문계열, 경제/국제/공공인재계열/경영/미디어계열 수강/2025학번 교양필수 /~2022학번 수강X 기존 글쓰기의기초와 다른 교과목",소통,1,,대면,,,2025,2,2학기
400000,교양과정,2025,2,KYC55,글쓰기의기초,C1,교양필수,1,3,"목요일(13:00~14:15), 목요일(14:30~15:45)","20505, 20505",허난희,20250055,30/30,"2학기 신학/인문계열, 경제/국제/공공인재계열/경영/미디어계열 수강/2025학번 교양필수 /~2022학번 수강X 기존 글쓰기의기초와 다른 교과목",소통,1,,대면,,,2025,2,2학기
400000,교양과정,2025,2,KYC55,글쓰기의기초,C2,교양필수,1,3,"목요일(13:00~14:15), 목요일(14:30~15:45)","3410, 3410",서경희,20120121,30/30,"2학기 신학/인문계열, 경제/국제/공공인재계열/경영/미디어계열 수강/2025학번 교양필수 /~2022학번 수강X 기존 글쓰기의기초와 다른 교과목",소통,1,,대면,,,2025,2,2학기
400000,교양과정,2025,2,KYC55,글쓰기의기초,C3,교양필수,1,3,"목요일(13:00~14:15), 목요일(14:30~15:45)","3412, 3412",서영화,20250141,30/30,"2학기 신학/인문계열, 경제/국제/공공인재계열/경영/미디어계열 수강/2025학번 교양필수 /~2022학번 수강X 기존 글쓰기의기초와 다른 교과목",소통,1,,대면,,,2025,2,2학기
400000,교양과정,2025,2,KYC55,글쓰기의기초,C4,교양필수,1,3,"목요일(13:00~14:15), 목요일(14:30~15:45)","8110, 8110",한정미,20250171,30/30,"2학기 신학/인문계열, 경제/국제/공공인재계열/경영/미디어계열 수강/2025학번 교양필수 /~2022학번 수강X 기존 글쓰기의기초와 다른 교과목",소통,1,,대면,,,2025,2,2학기
400000,교양과정,2025,2,KYC55,글쓰기의기초,C5,교양필수,1,3,"목요일(13:00~14:15), 목요일(14:30~15:45)","18211-1, 18211-1",전지은,20250163,29/30,"2학기 신학/인문계열, 경제/국제/공공인재계열/경영/미디어계열 수강/2025학번 교양필수 /~2022학번 수강X 기존 글쓰기의기초와 다른 교과목",소통,1,,대면,,,2025,2,2학기
400000,교양과정,2025,2,KYC55,글쓰기의기초,D1,교양필수,1,3,"목요일(16:00~17:15), 목요일(17:30~18:45)","8110, 8110",한정미,20250171,30/30,"2학기 신학/인문계열, 경제/국제/공공인재계열/경영/미디어계열 수강/2025학번 교양필수 /~2022학번 수강X 기존 글쓰기의기초와 다른 교과목",소통,1,,대면,,,2025,2,2학기
400000,교양과정,2025,2,KYC55,글쓰기의기초,D2,교양필수,1,3,"목요일(16:00~17:15), 목요일(17:30~18:45)","3412, 3412",서영화,20250141,28/30,"2학기 신학/인문계열, 경제/국제/공공인재계열/경영/미디어계열 수강/2025학번 교양필수 /~2022학번 수강X 기존 글쓰기의기초와 다른 교과목",소통,1,,대면,,,2025,2,2학기
400000,교양과정,2025,2,KYC55,글쓰기의기초,D3,교양필수,1,3,"목요일(16:00~17:15), 목요일(17:30~18:45)","18211-1, 18211-1",전지은,20250163,23/30,"2학기 신학/인문계열, 경제/국제/공공인재계열/경영/미디어계열 수강/2025학번 교양필수 /~2022학번 수강X 기존 글쓰기의기초와 다른 교과목",소통,1,,대면,,,2025,2,2학기
400000,교양과정,2025,2,KYC55,글쓰기의기초,D4,교양필수,1,3,"목요일(16:00~17:15), 목요일(17:30~18:45)","20505, 20505",허난희,20250055,16/30,"2학기 신학/인문계열, 경제/국제/공공인재계열/경영/미디어계열 수강/2025학번 교양필수 /~2022학번 수강X 기존 글쓰기의기초와 다른 교과목",소통,1,,대면,,,2025,2,2학기
400000,교양과정,2025,2,KYC55,글쓰기의기초,E1,교양필수,1,3,"금요일(09:30~10:45), 금요일(11:00~12:15)","20502, 20502",송주현,20130175,30/30,"2학기 신학/인문계열, 경제/국제/공공인재계열/경영/미디어계열 수강/2025학번 교양필수 /~2022학번 수강X 기존 글쓰기의기초와 다른 교과목",소통,1,,대면,,,2025,2,2학기
400000,교양과정,2025,2,KYC55,글쓰기의기초,E2,교양필수,1,3,"금요일(09:30~10:45), 금요일(11:00~12:15)","3409, 3409",김소륜,20250053,24/30,"2학기 신학/인문계열, 경제/국제/공공인재계열/경영/미디어계열 수강/2025학번 교양필수 /~2022학번 수강X 기존 글쓰기의기초와 다른 교과목",소통,1,,대면,,,2025,2,2학기
400000,교양과정,2025,2,KYC55,글쓰기의기초,F1,교양필수,1,3,"금요일(13:00~14:15), 금요일(14:30~15:45)","3409, 3409",김소륜,20250053,30/30,"2학기 신학/인문계열, 경제/국제/공공인재계열/경영/미디어계열 수강/2025학번 교양필수 /~2022학번 수강X 기존 글쓰기의기초와 다른 교과목",소통,1,,대면,,,2025,2,2학기
400000,교양과정,2025,2,KYC56,컴퓨팅사고와SW코딩,A2,교양필수,1,3,수요일(13:00~14:15),18307,박종현,20180154,40/40,경제통상·국제·공공인재계열 / 교양필수,지식정보,1,,블랜디드,,,2025,2,2학기
400000,교양과정,2025,2,KYC56,컴퓨팅사고와SW코딩,A3,교양필수,1,3,화요일(13:00~14:15),18309,최진,20240161,50/50,경영·미디어계열 / 교양필수,지식정보,1,,블랜디드,,,2025,2,2학기
400000,교양과정,2025,2,KYC56,컴퓨팅사고와SW코딩,A4,교양필수,1,3,화요일(11:00~12:15),18309,최진,20240161,50/50,경영·미디어계열 / 교양필수,지식정보,1,,블랜디드,,,2025,2,2학기
400000,교양과정,2025,2,KYC56,컴퓨팅사고와SW코딩,A5,교양필수,1,3,수요일(11:00~12:15),18307,박종현,20180154,40/40,신학인문계열 / 교양필수,지식정보,1,,블랜디드,,,2025,2,2학기
400000,교양과정,2025,2,KYC56,컴퓨팅사고와SW코딩,A6,교양필수,1,3,목요일(09:30~10:45),18309,김보경,20250210,41/45,신학인문계열 / 교양필수,지식정보,2,,블랜디드,,,2025,2,2학기
400000,교양과정,2025,2,KYC56,컴퓨팅사고와SW코딩,A7,교양필수,1,3,목요일(11:00~12:15),18309,김보경,20250210,45/45,신학인문계열 / 교양필수,지식정보,2,,블랜디드,,,2025,2,2학기
400000,교양과정,2025,2,KYC56,컴퓨팅사고와SW코딩,A8,교양필수,1,3,목요일(13:00~14:15),18309,김보경,20250210,45/45,신학인문계열 / 교양필수,지식정보,2,,블랜디드,,,2025,2,2학기
400000,교양과정,2025,2,KYC56,컴퓨팅사고와SW코딩,B1,교양필수,1,3,수요일(14:30~15:45),18307,박종현,20180154,39/40,경영·미디어계열 / 교양필수,지식정보,1,,블랜디드,,,2025,2,2학기
400000,교양과정,2025,2,KYC56,컴퓨팅사고와SW코딩,B2,교양필수,1,3,화요일(14:30~15:45),18309,최진,20240161,45/45,신학인문계열 / 교양필수,지식정보,1,,블랜디드,,,2025,2,2학기
400000,교양과정,2025,2,KYC56,컴퓨팅사고와SW코딩,B3,교양필수,1,3,수요일(13:00~14:15),18308,윤정희,20230050,40/40,경제통상·국제·공공인재계열 / 교양필수,지식정보,1,,블랜디드,,,2025,2,2학기
400000,교양과정,2025,2,KYC56,컴퓨팅사고와SW코딩,B4,교양필수,1,3,월요일(13:00~14:15),18308,주수경,20250043,28/40,경제통상·국제·공공인재계열 / 교양필수,지식정보,1,,블랜디드,,,2025,2,2학기
400000,교양과정,2025,2,KYC56,컴퓨팅사고와SW코딩,B5,교양필수,1,3,월요일(11:00~12:15),18308,주수경,20250043,40/40,신학인문계열 / 교양필수,지식정보,1,,블랜디드,,,2025,2,2학기
400000,교양과정,2025,2,KYC56,컴퓨팅사고와SW코딩,B6,교양필수,1,3,수요일(14:30~15:45),18308,윤정희,20230050,39/40,경제통상·국제·공공인재계열 / 교양필수,지식정보,1,,블랜디드,,,2025,2,2학기
400000,교양과정,2025,2,KYC56,컴퓨팅사고와SW코딩,B7,교양필수,1,3,월요일(09:30~10:45),18308,주수경,20250043,33/40,신학인문계열 / 교양필수,지식정보,1,,블랜디드,,,2025,2,2학기
400000,교양과정,2025,2,KYC57,세계지역과글로벌이슈의이해,A,교양선택,1,3,"월요일(13:00~14:15), 수요일(13:00~14:15)","3505, 3505",이종운,20190145,45/45,국제관계학(글로벌인재학) 전공학생 수강 불가,글로벌,1,,대면,,,2025,2,2학기
400000,교양과정,2025,2,KYC60,먼나라이웃나라,A,교양선택,"1, 2, 3, 4",3,"화요일(13:00~14:15), 목요일(13:00~14:15)","20502, 20502",모리스,20120085,9/30,,소통,1,,대면,,,2025,2,2학기
400000,교양과정,2025,2,KYC63,책읽기와말하기,B,교양선택,1,3,"목요일(13:00~14:15), 목요일(14:30~15:45)","3408, 3408",김민환,20160021,30/30,,소통,1,,대면,,,2025,2,2학기
400000,교양과정,2025,2,KYC63,책읽기와말하기,C,교양선택,1,3,"화요일(13:00~14:15), 화요일(14:30~15:45)","3409, 3409",서경희,20120121,29/30,,소통,1,,대면,,,2025,2,2학기
400000,교양과정,2025,2,KYC63,책읽기와말하기,E,교양선택,1,3,"화요일(13:00~14:15), 화요일(14:30~15:45)","3411, 3411",신혜수,20250054,27/30,,소통,1,,대면,,,2025,2,2학기
400000,교양과정,2025,2,KYC64,발표하기와토론하기,A,교양선택,1,3,,,송주현,20130175,30/30,교내 온라인 // 교내온라인,소통,1,,교내온라인,,,2025,2,2학기
400000,교양과정,2025,2,KYC67,미디어일본어,A,교양선택,1,3,"월요일(16:00~17:15), 수요일(17:30~18:45)","3505, 3505",김계자,20190276,34/35,"구)중급일본어1, 일본학과 수강금지(1학년 수강가능)",글로벌,1,,대면,,,2025,2,2학기
400000,교양과정,2025,2,KYC71,키워드로보는대중문화,A,교양선택,1,3,"목요일(13:00~14:15), 목요일(14:30~15:45)","18101, 18101",김계자,20190276,40/40,,창의융합,1,,대면,,,2025,2,2학기
400000,교양과정,2025,2,KYC72,알기쉬운세계경제와비즈니스,A,교양선택,1,3,"화요일(13:00~14:15), 화요일(14:30~15:45)","3505, 3505",이종운,20190145,45/45,,지식정보,1,,대면,,,2025,2,2학기
400000,교양과정,2025,2,KYC75,민주시민과헌법,A,교양선택,1,3,"월요일(11:00~12:15), 수요일(09:30~10:45)","3204, 3204",윤건,20200035,37/70,,리더십,1,,대면,,,2025,2,2학기
400000,교양과정,2025,2,KYC76,광고에서배우는창의적문제해결,A,교양선택,1,3,,,최환진,20230031,89/90,교내온라인 광고전공 수강 금지 // 교내온라인,창의융합,1,,교내온라인,,,2025,2,2학기
400000,교양과정,2025,2,KYC77,코드로읽는동북아시아의옛그림,A,교양선택,1,3,,,류기수,19950013,90/90,교내온라인 / P/NP // 교내온라인,소통,1,,교내온라인,,,2025,2,2학기
400000,교양과정,2025,2,KYC80,기악과합주,A,교양선택,1,2,월요일(13:00~14:40),17204,이영진,20250051,20/20,P/NP,창의융합,1,,대면,,,2025,2,2학기
400000,교양과정,2025,2,KYC81,디지털시대의리더십,A,교양선택,1,3,,,윤성덕,20250229,87/90,교내온라인 // 교내온라인,리더십,1,,교내온라인,,,2025,2,2학기
400000,교양과정,2025,2,KYC83,북한미술의어제와오늘,A,교양선택,1,3,,,류기수,19950013,90/90,LMS 온라인 수업 / P/NP / KYA92 수강생 수강금지 // 교내온라인,,1,,교내온라인,,,2025,2,2학기
400000,교양과정,2025,2,KYC90,모두의AI교양수학,A,교양선택,1,3,"월요일(13:00~14:15), 수요일(13:00~14:15)","18520, 18520",나경욱,20080158,49/50,,지식정보,1,,대면,,,2025,2,2학기
400000,교양과정,2025,2,KYC92,과학으로의산책,A,교양선택,1,3,"월요일(11:00~12:15), 수요일(09:30~10:45)","18418, 18418",정태성,20080106,40/50,신설(24.01/대학혁신지원사업),지식정보,1,,대면,,,2025,2,2학기
400000,교양과정,2025,2,KYC93,미술과인권,A,교양선택,1,3,"화요일(13:00~14:15), 화요일(14:30~15:45)","18106, 18106",공주형,20150011,49/50,절대평가 / 대학혁신지원사업 신설과목(24.01),창의융합,1,,대면,,,2025,2,2학기
400000,교양과정,2025,2,KYC97,한중일청년세대의이해 ,A,교양선택,1,3,,,유은하,20190136,50/50,신규개설(24.06)/ LMS 온라인 수업 // 교내온라인,글로벌,1,,교내온라인,,,2025,2,2학기
400000,교양과정,2025,2,KYC98,건강라이프스킬,A,교양선택,1,3,"화요일(09:30~10:45), 목요일(11:00~12:15)","2202, 2202",정예수,20208014,12/15,외국인학생 교과목/일반학생불가,창의융합,1,,대면,,,2025,2,2학기
400000,교양과정,2025,2,KYD02,진로탐구와도전,A1,교양필수,1,1,"화요일(09:30~10:45), 목요일(11:00~12:15)","3403, 3403",고우경,20140010,8/12,자기탐색과소통 분반과 동일한 분반으로 신청,리더십,1,,대면,,,2025,2,2학기
400000,교양과정,2025,2,KYD02,진로탐구와도전,A2,교양필수,1,1,"화요일(09:30~10:45), 목요일(11:00~12:15)","3405, 3405",공주형,20150011,8/12,자기탐색과소통 분반과 동일한 분반으로 신청,리더십,1,,대면,,,2025,2,2학기
400000,교양과정,2025,2,KYD02,진로탐구와도전,A3,교양필수,1,1,"화요일(09:30~10:45), 목요일(11:00~12:15)","3406, 3406",김민환,20160021,9/12,자기탐색과소통 분반과 동일한 분반으로 신청,리더십,1,,대면,,,2025,2,2학기
400000,교양과정,2025,2,KYD02,진로탐구와도전,A4,교양필수,1,1,"화요일(09:30~10:45), 목요일(11:00~12:15)","3407, 3407",박종현,20180154,8/12,자기탐색과소통 분반과 동일한 분반으로 신청,리더십,1,,대면,,,2025,2,2학기
400000,교양과정,2025,2,KYD02,진로탐구와도전,A5,교양필수,1,1,"화요일(09:30~10:45), 목요일(11:00~12:15)","3408, 3408",송주현,20130175,10/12,자기탐색과소통 분반과 동일한 분반으로 신청,리더십,1,,대면,,,2025,2,2학기
400000,교양과정,2025,2,KYD02,진로탐구와도전,A6,교양필수,1,1,"화요일(09:30~10:45), 목요일(11:00~12:15)","3409, 3409",서경희,20120121,11/12,자기탐색과소통 분반과 동일한 분반으로 신청,리더십,1,,대면,,,2025,2,2학기
400000,교양과정,2025,2,KYD02,진로탐구와도전,A7,교양필수,1,1,"화요일(09:30~10:45), 목요일(11:00~12:15)","3410, 3410",심주연,20170023,9/12,자기탐색과소통 분반과 동일한 분반으로 신청,리더십,0,,대면,,,2025,2,2학기
400000,교양과정,2025,2,KYD02,진로탐구와도전,A8,교양필수,1,1,"화요일(09:30~10:45), 목요일(11:00~12:15)","3412, 3412",염동호,20190191,10/12,자기탐색과소통 분반과 동일한 분반으로 신청,리더십,1,,대면,,,2025,2,2학기
400000,교양과정,2025,2,KYD02,진로탐구와도전,A9,교양필수,1,1,"화요일(09:30~10:45), 목요일(11:00~12:15)","3503, 3503",이익주,20150010,10/12,자기탐색과소통 분반과 동일한 분반으로 신청,리더십,1,,대면,,,2025,2,2학기
400000,교양과정,2025,2,KYD03,AI아트코딩과윤리,A1,교양필수,1,3,화요일(13:00~14:15),18314,김애영,20210071,38/40,AI·SW계열 수강 / 교양필수,지식정보,1,,블랜디드,,,2025,2,2학기
400000,교양과정,2025,2,KYD03,AI아트코딩과윤리,A2,교양필수,1,3,화요일(09:30~10:45),18309,홍혜승,20250042,42/50,AI·SW계열 수강 / 교양필수,지식정보,1,,블랜디드,,,2025,2,2학기
400000,교양과정,2025,2,KYD03,AI아트코딩과윤리,A3,교양필수,1,3,수요일(16:00~17:15),18307,김시윤,20250040,33/40,AI·SW계열 수강 / 교양필수,지식정보,1,,블랜디드,,,2025,2,2학기
400000,교양과정,2025,2,KYD03,AI아트코딩과윤리,A4,교양필수,1,3,수요일(16:00~17:15),18308,이영우,20250038,40/40,AI·SW계열 수강 / 교양필수,지식정보,1,,블랜디드,,,2025,2,2학기
400000,교양과정,2025,2,KYD03,AI아트코딩과윤리,A5,교양필수,1,3,수요일(16:00~17:15),18309,최현범,20250039,50/50,AI·SW계열 수강 / 교양필수,지식정보,1,,블랜디드,,,2025,2,2학기
400000,교양과정,2025,2,KYD03,AI아트코딩과윤리,A6,교양필수,1,3,화요일(11:00~12:15),18308,홍혜승,20250042,40/40,AI·SW계열 수강 / 교양필수,지식정보,1,,블랜디드,,,2025,2,2학기
400000,교양과정,2025,2,KYD03,AI아트코딩과윤리,B1,교양필수,1,3,월요일(16:00~17:15),18308,이영우,20250038,19/40,특체계열 수강 / 교양필수,지식정보,1,,블랜디드,,,2025,2,2학기
400000,교양과정,2025,2,KYD03,AI아트코딩과윤리,B2,교양필수,1,3,화요일(13:00~14:15),18308,홍혜승,20250042,40/40,첨단융합계열 수강 / 교양필수,지식정보,1,,블랜디드,,,2025,2,2학기
400000,교양과정,2025,2,KYD03,AI아트코딩과윤리,B3,교양필수,1,3,화요일(11:00~12:15),18307,김시윤,20250040,30/40,첨단융합계열 수강 / 교양필수,지식정보,1,,블랜디드,,,2025,2,2학기
400000,교양과정,2025,2,KYD03,AI아트코딩과윤리,B4,교양필수,1,3,월요일(16:00~17:15),18309,최현범,20250039,45/50,자율전공계열 수강 / 교양필수,지식정보,1,,블랜디드,,,2025,2,2학기
400000,교양과정,2025,2,KYD03,AI아트코딩과윤리,B5,교양필수,1,3,월요일(13:00~14:15),18309,김희선,20250041,43/50,자율전공계열 수강 / 교양필수,지식정보,0,,블랜디드,,,2025,2,2학기
400000,교양과정,2025,2,KYD03,AI아트코딩과윤리,B6,교양필수,1,3,월요일(14:30~15:45),18309,김희선,20250041,29/40,휴먼서비스계열 수강 / 교양필수,지식정보,0,,블랜디드,,,2025,2,2학기
400000,교양과정,2025,2,KYD03,AI아트코딩과윤리,B7,교양필수,1,3,수요일(13:00~14:15),18309,이은정,20250216,49/50,휴먼서비스계열 수강 / 교양필수,지식정보,1,,블랜디드,,,2025,2,2학기
400000,교양과정,2025,2,KYD03,AI아트코딩과윤리,B8,교양필수,1,3,수요일(14:30~15:45),18309,이은정,20250216,45/50,휴먼서비스계열 수강 / 교양필수,지식정보,1,,블랜디드,,,2025,2,2학기
400000,교양과정,2025,2,KYD08,영어로공부하는긍정심리학,A,교양선택,1,3,"화요일(13:00~14:15), 목요일(13:00~14:15)","20506, 20506",매튜,20140043,14/30,구)마음돌봄과힐링,리더십,1,,대면,,,2025,2,2학기
400000,교양과정,2025,2,KYD11,신화와정치,A,교양선택,1,3,,,유은하,20190136,50/50,신규개설(25.06)/ LMS 온라인 수업 // 교내온라인,인문,1,,교내온라인,,,2025,2,2학기
400000,교양과정,2025,2,KYD14,영화로보는현대사회,A,교양선택,1,3,"월요일(14:30~15:45), 수요일(14:30~15:45)","3203, 3203",김상덕,20250013,50/50,,인문,1,,대면,,,2025,2,2학기
400000,교양과정,2025,2,KYD16,세계문학콘텐츠,A,교양선택,1,3,"화요일(13:00~14:15), 화요일(14:30~15:45)","18101, 18101",박미선,20090009,33/50,,인문,1,,대면,,,2025,2,2학기
401010,신학과,2025,2,TT509,목회실습,A,전공필수,"3, 4",(1),,,"김광연, 전철",20140040,1/30,목회실습 미수강자를 위한 과목입니다.(대체과제 필수),,0,,N,401011,신학,2025,2,2학기
401011,신학,2025,2,TT111,목회실습Ⅰ,A,전공필수,2,(1),,,"김광연, 전철",20140040,2/50,엇학기 학생 수강,,1,,N,401011,신학,2025,2,2학기
401011,신학,2025,2,TT112,목회실습Ⅱ,A,전공필수,2,(1),,,"김광연, 전철",20140040,15/50,,,1,,N,401011,신학,2025,2,2학기
401011,신학,2025,2,TT217,목회실습Ⅲ,A,전공필수,3,(1),,,"김광연, 전철",20140040,11/50,엇학기 학생 수강,,1,,N,401011,신학,2025,2,2학기
401011,신학,2025,2,TT218,목회실습Ⅳ,A,전공필수,"3, 4",(1),,,"김광연, 전철",20140040,31/50,,,1,,N,401011,신학,2025,2,2학기
401011,신학,2025,2,TT291,교회봉사Ⅲ,A,전공필수,2,(1),,,"김광연, 전철",20140040,7/50,22학번까지 신청 가능 / 23학번 이후 X,,1,,N,401011,신학,2025,2,2학기
401011,신학,2025,2,TT293,교회봉사Ⅳ,A,전공필수,2,(1),,,"김광연, 전철",20140040,1/50,22학번까지 신청 가능 / 23학번 이후 X,,1,,N,401011,신학,2025,2,2학기
401011,신학,2025,2,TT294,교회사개론,A,전공선택,2,3,"월요일(14:30~15:45), 수요일(14:30~15:45)","3207, 3207",김주한,20080110,13/35,,,1,,대면,401011,신학,2025,2,2학기
401011,신학,2025,2,TT416,졸업논문,A,전공필수,4,(3),,,이서영,20220036,25/50,,,0,,N,401011,신학,2025,2,2학기
401011,신학,2025,2,TT517,서양기독교사상사,A,전공선택,4,3,월요일(11:00~12:15),4107,나현기,20180057,25/35,,,1,,블랜디드,401011,신학,2025,2,2학기
401011,신학,2025,2,TT564,신학영어,A,전공필수,2,3,"금요일(13:00~14:15), 금요일(14:30~15:45)","3207, 3207",김희선,20220035,16/35,,,1,,대면,401011,신학,2025,2,2학기
401011,신학,2025,2,TT565,성서히브리어문법,A,전공선택,2,3,"월요일(13:00~14:15), 수요일(13:00~14:15)","4107, 4107",이영미,20050062,17/35,,,1,,대면,401011,신학,2025,2,2학기
401011,신학,2025,2,TT569,생태윤리,A,전공선택,3,3,"월요일(13:00~14:15), 수요일(13:00~14:15)","3207, 3207",김상덕,20250013,16/35,,,1,,대면,401011,신학,2025,2,2학기
401011,신학,2025,2,TT570,성서해석과설교,A,전공선택,3,3,"화요일(13:00~14:15), 화요일(14:30~15:45)","4107, 4107",최은경,20240194,12/35,,,1,,대면,401011,신학,2025,2,2학기
401011,신학,2025,2,TT573,예배와설교학개론,A,전공선택,2,3,"목요일(13:00~14:15), 목요일(14:30~15:45)","4107, 4107",박재형,20250018,21/35,,,1,,대면,401011,신학,2025,2,2학기
401011,신학,2025,2,TT578,신약학개론,A,전공선택,2,3,"금요일(09:30~10:45), 금요일(11:00~12:15)","4107, 4107",이서영,20220036,14/35,,,1,,대면,401011,신학,2025,2,2학기
401011,신학,2025,2,TT583,성서이야기와하나님의교육,A,전공선택,3,3,"목요일(16:00~17:15), 목요일(17:30~18:45)","4107, 4107",한경미,20240162,25/35,,,1,,대면,401011,신학,2025,2,2학기
401011,신학,2025,2,TT585,기독교교육개론,A,전공선택,2,3,"화요일(16:00~17:15), 화요일(17:30~18:45)","3207, 3207",이향명,20230144,16/35,,,1,,대면,401011,신학,2025,2,2학기
401011,신학,2025,2,TT626,인간관계심리학,A,전공선택,2,3,"목요일(13:00~14:15), 목요일(14:30~15:45)","3207, 3207",김정수,20250181,26/35,,,1,,대면,401011,신학,2025,2,2학기
401011,신학,2025,2,TT633,한신신학의기초,A,전공필수,2,3,"화요일(13:00~14:15), 화요일(14:30~15:45)","3207, 3207",류장현,20240185,26/35,,,1,,대면,401011,신학,2025,2,2학기
401011,신학,2025,2,TT916,예언서연구,A,전공선택,3,3,"월요일(14:30~15:45), 수요일(14:30~15:45)","4107, 4107",이영미,20050062,15/35,,,1,,대면,401011,신학,2025,2,2학기
402044,한중문화콘텐츠학과,2025,2,DC419,졸업논문,A,전공필수,4,(3),,,김남희,20200038,16/50,P/NP. 전공(복수포함)자 // 전공(복수포함)자,,1,,N,422190,중국어문화콘텐츠학,2025,2,2학기
402051,철학,2025,2,HP206,서양고대사상,A,전공선택,3,3,"월요일(14:30~15:45), 수요일(14:30~15:45)","20307, 20307",김대오,19970107,20/38,,,1,,대면,402051,철학,2025,2,2학기
402051,철학,2025,2,HP312,논리학,A,전공선택,2,3,"월요일(13:00~14:15), 수요일(13:00~14:15)","20307, 20307",김희정,20080164,36/38,,,1,,대면,402051,철학,2025,2,2학기
402051,철학,2025,2,HP315,윤리학,A,전공선택,2,3,"화요일(13:00~14:15), 화요일(14:30~15:45)","20307, 20307",조현진,20250167,22/38,,,1,,대면,402051,철학,2025,2,2학기
402051,철학,2025,2,HP317,현대유럽철학,A,전공선택,3,3,"월요일(16:00~17:15), 수요일(17:30~18:45)","20307, 20307",이문교,20250152,23/38,,,1,,대면,402051,철학,2025,2,2학기
402051,철학,2025,2,HP327,노장사상,A,전공선택,3,3,"목요일(16:00~17:15), 목요일(17:30~18:45)","20307, 20307",최천식,20240156,19/38,,,1,,대면,402051,철학,2025,2,2학기
402051,철학,2025,2,HP340,심리철학,A,전공선택,3,3,"화요일(16:00~17:15), 화요일(17:30~18:45)","20307, 20307",김희정,20080164,28/38,,,1,,대면,402051,철학,2025,2,2학기
402051,철학,2025,2,HP419,졸업논문,A,전공필수,4,(3),,,김희정,20080164,24/38,,,2,,N,402051,철학,2025,2,2학기
402051,철학,2025,2,HP469,영화철학,A,전공선택,3,3,"화요일(09:30~10:45), 목요일(11:00~12:15)","20307, 20307",김대오,19970107,17/38,,,1,,대면,402051,철학,2025,2,2학기
402051,철학,2025,2,HP495,근현대유학사상,A,전공선택,4,3,"목요일(13:00~14:15), 목요일(14:30~15:45)","20307, 20307",최천식,20240156,15/38,,,1,,대면,402051,철학,2025,2,2학기
402051,철학,2025,2,HP496,논문작성법,A,전공선택,4,(1),수요일(11:00~11:50),20307,"김대오, 김희정",20080164,9/30,,,1,,대면,402051,철학,2025,2,2학기
402060,종교문화학,2025,2,HR219,종교와윤리문제,A,전공선택,2,3,"화요일(11:00~12:15), 목요일(09:30~10:45)","7106, 7106",류성민,20210167,7/30,,,1,,대면,402060,종교문화학,2025,2,2학기
402060,종교문화학,2025,2,HR245,문화와의례,A,전공선택,2,3,,,허남진,20240143,52/50,  // 교내온라인,,1,,교내온라인,402060,종교문화학,2025,2,2학기
402060,종교문화학,2025,2,HR256,종교와사회,A,전공선택,2,3,"목요일(16:00~17:15), 목요일(17:30~18:45)","7106, 7106",허남진,20240143,7/30,,,1,,대면,402060,종교문화학,2025,2,2학기
402060,종교문화학,2025,2,HR264,인도의신화와종교,A,전공선택,2,3,"목요일(13:00~14:15), 목요일(14:30~15:45)","7106, 7106",류성민,20210167,16/30,,,1,,대면,402060,종교문화학,2025,2,2학기
402060,종교문화학,2025,2,HR265,종교문화워크숍2,A,전공필수,2,1,월요일(09:30~10:20),7106,김상덕,20250013,5/20,,,2,,대면,402060,종교문화학,2025,2,2학기
402060,종교문화학,2025,2,HR358,종교학과문화비평,A,전공선택,3,3,,,신광철,19960087,53/40,  // 교내온라인,,1,,교내온라인,402060,종교문화학,2025,2,2학기
402060,종교문화학,2025,2,HR370,종교문화워크숍3,A,전공필수,3,1,수요일(11:00~11:50),7106,김상덕,20250013,5/20,,,2,,대면,402060,종교문화학,2025,2,2학기
402060,종교문화학,2025,2,HR372,대중문화와종교,A,전공선택,"2, 3, 4",3,"목요일(13:00~14:15), 목요일(14:30~15:45)","18420-1, 18420-1",이창익,20250157,10/30,,,1,,대면,402060,종교문화학,2025,2,2학기
402060,종교문화학,2025,2,HR419,졸업논문,A,전공필수,4,(3),,,김상덕,20250013,3/40,,,2,,N,402060,종교문화학,2025,2,2학기
402060,종교문화학,2025,2,HR502,종교문화유산답사Ⅱ,A,전공필수,2,(1),,,김상덕,20250013,7/20,,,2,,N,402060,종교문화학,2025,2,2학기
402060,종교문화학,2025,2,HR503,종교문화유산답사Ⅲ,A,전공필수,3,(1),,,김상덕,20250013,6/20,,,2,,N,402060,종교문화학,2025,2,2학기
402071,한국사학과,2025,2,GP625,기록학세미나,A,학석연계,4,3,,,이경래,20250151,1/10,필헌관 2305  목 19:00~21:45,,0,,대면,422180,한국사학,2025,2,2학기
402095,디지털문화콘텐츠학,2025,2,DR419,졸업논문,A,전공필수,4,(3),,,김윤성,20060020,4/50,P/NP. 전공(복수포함)자 // 전공(복수포함)자,,1,,N,422200,디지털영상문화콘텐츠학,2025,2,2학기
402100,영상문화학,2025,2,HM419,졸업논문,A,전공필수,4,(3),,,김윤성,20060020,2/30,P/NP. 전공(복수포함)자 // 전공(복수포함)자,,1,,N,,,2025,2,2학기
403021,사회복지학,2025,2,TS253,복지국가론,A,전공선택,"3, 4",3,"화요일(13:00~14:15), 화요일(14:30~15:45)","18211-1, 18211-1",제갈현숙,20250165,16/40,"사회복지사(1,2급) 선택과목",,1,,대면,403021,사회복지학,2025,2,2학기
403021,사회복지학,2025,2,TS271,정신건강사회복지론,A,전공선택,2,3,"금요일(16:00~17:15), 금요일(17:30~18:45)","18210, 18210",한서연,20250170,21/60,"사회복지사(1,2급) 선택 과목",,1,,대면,403021,사회복지학,2025,2,2학기
403021,사회복지학,2025,2,TS303,사회보장론,A,전공선택,2,3,"목요일(16:00~17:15), 목요일(17:30~18:45)","18210, 18210",민병록,20250049,36/40,"사회복지사(1,2급) 선택과목",,1,,대면,403021,사회복지학,2025,2,2학기
403021,사회복지학,2025,2,TS364,사회복지현장실습의이해Ⅱ,B,전공선택,3,2,수요일(11:00~12:40),8101,홍선미,19960088,17/30,,,1,,대면,403021,사회복지학,2025,2,2학기
403021,사회복지학,2025,2,TS419,졸업논문,A,전공필수,4,(3),,,장익현,20200052,61/70,전공(복수포함)자,,0,,N,403021,사회복지학,2025,2,2학기
403021,사회복지학,2025,2,TS458,청소년복지론,A,전공선택,2,3,"화요일(16:00~17:15), 화요일(17:30~18:45)","18101, 18101",김상원,20230013,24/35,"사회복지사(1,2급) 선택과목",,1,,대면,403021,사회복지학,2025,2,2학기
403021,사회복지학,2025,2,TS461,여성복지론,A,전공선택,4,3,"금요일(09:30~10:45), 금요일(11:00~12:15)","18417, 18417",이은채,20250022,18/45,"사회복지사(1,2급) 선택과목",,1,,대면,403021,사회복지학,2025,2,2학기
403021,사회복지학,2025,2,TS479,국제사회복지론,A,전공선택,2,3,"금요일(09:30~10:45), 금요일(11:00~12:15)","18210, 18210",김수경,20210022,41/40,"사회복지사(1,2급) 선택과목",,1,,대면,403021,사회복지학,2025,2,2학기
403021,사회복지학,2025,2,TS517,사회복지조사론,A,전공선택,2,3,"월요일(14:30~15:45), 수요일(14:30~15:45)","18210, 18210",김수경,20210022,43/50,"전공(복수포함)자 대상 // 사회복지사(1,2급) 필수과목",,1,,대면,403021,사회복지학,2025,2,2학기
403021,사회복지학,2025,2,TS517,사회복지조사론,B,전공선택,2,3,"월요일(13:00~14:15), 수요일(13:00~14:15)","18210, 18210",김수경,20210022,27/40,"전공자 제외 대상 // 사회복지사(1,2급) 필수 과목//AI융합시니어라이프케어전공 학생 수강가능",,1,,대면,403021,사회복지학,2025,2,2학기
403021,사회복지학,2025,2,TS518,노인복지론,A,전공선택,2,3,"화요일(14:30~15:45), 목요일(14:30~15:45)","18210, 18210",주경희,20180047,52/40,"사회복지사(1,2급) 선택 과목",,1,,대면,403021,사회복지학,2025,2,2학기
403021,사회복지학,2025,2,TS520,사회복지행정론,A,전공선택,3,3,"화요일(09:30~10:45), 목요일(11:00~12:15)","18210, 18210",장익현,20200052,52/55,"전공(복수포함)자 대상 // 사회복지사(1,2급) 필수과목",,1,,대면,403021,사회복지학,2025,2,2학기
403021,사회복지학,2025,2,TS520,사회복지행정론,B,전공선택,3,3,"화요일(11:00~12:15), 목요일(09:30~10:45)","18210, 18210",장익현,20200052,19/30,"전공자 제외 대상 // 사회복지사(1,2급) 필수과목",,1,,대면,403021,사회복지학,2025,2,2학기
403021,사회복지학,2025,2,TS522,사회복지실천기술론,A,전공선택,3,3,"월요일(11:00~12:15), 수요일(09:30~10:45)","18210, 18210",김은영,20060025,41/40,"전공(복수포함)자 대상 // 사회복지사(1,2급) 필수과목",,1,,대면,403021,사회복지학,2025,2,2학기
403021,사회복지학,2025,2,TS522,사회복지실천기술론,B,전공선택,3,3,"금요일(13:00~14:15), 금요일(14:30~15:45)","18417, 18417",민병록,20250049,19/40,"전공자 제외 대상 // 사회복지사(1,2급) 필수과목",,2,,대면,403021,사회복지학,2025,2,2학기
403021,사회복지학,2025,2,TS523,사회복지현장실습Ⅰ,A,전공선택,3,3,"월요일(14:30~15:45), 수요일(14:30~15:45)","8101, 8101",홍선미,19960088,20/30,하계실습 진행자 및 2학기 실습 합격자 대상 // 사회복지학과 졸업필수과목 // 전공(복수포함)자,,1,,대면,403021,사회복지학,2025,2,2학기
403021,사회복지학,2025,2,TS523,사회복지현장실습Ⅰ,B,전공선택,3,3,"금요일(16:00~17:15), 금요일(17:30~18:45)","8101, 8101",홍선미,19960088,23/30,,,1,,대면,403021,사회복지학,2025,2,2학기
403021,사회복지학,2025,2,TS524,가족복지론,A,전공선택,2,3,"금요일(13:00~14:15), 금요일(14:30~15:45)","18210, 18210",한서연,20250170,30/40,"사회복지사(1,2급) 선택과목",,1,,대면,403021,사회복지학,2025,2,2학기
403030,재활학과,2025,2,GP463,고급발달진단및심리평가,A,학석연계,4,3,"수요일(18:50~19:40), 수요일(19:50~20:40)","2209, 2209",박수진,20240160,2/5,실제수업은 2306에서 진행,,0,,대면,425130,재활상담학,2025,2,2학기
405940,컴퓨터공학부,2025,2,NE419,졸업논문,A,전공필수,4,(3),,,이양선,20210020,120/150,,,1,,N,427200,AI·SW학,2025,2,2학기
405940,컴퓨터공학부,2025,2,NE448,캡스톤디자인2,A,전공선택,4,3,"화요일(16:00~17:15), 화요일(17:30~18:45)","18420-1, 18420-1",이양선,20210020,39/48,,,1,,대면,427200,AI·SW학,2025,2,2학기
405940,컴퓨터공학부,2025,2,NE448,캡스톤디자인2,B,전공선택,4,3,"화요일(16:00~17:15), 화요일(17:30~18:45)","18212-1, 18212-1",박기홍,20240073,44/50,,,1,,대면,427200,AI·SW학,2025,2,2학기
405940,컴퓨터공학부,2025,2,NE448,캡스톤디자인2,C,전공선택,4,3,"화요일(16:00~17:15), 화요일(17:30~18:45)","18211-1, 18211-1",오석희,20240165,22/45,,,1,,대면,427200,AI·SW학,2025,2,2학기
405940,컴퓨터공학부,2025,2,NE449,OJT1,A,전공선택,"3, 4",9,,,이양선,20210020,16/30,2025년 IPP형 일학습병행 참여학생만 수강 가능,,1,,N,427200,AI·SW학,2025,2,2학기
405940,컴퓨터공학부,2025,2,PD001,자기설계기초,G1,일반선택,"2, 3, 4",3,,,이양선,20210020,1/5,지정된 학생외 수강금지,,1,,N,427200,AI·SW학,2025,2,2학기
405940,컴퓨터공학부,2025,2,PD001,자기설계기초,G3,일반선택,"2, 3, 4",3,,,임익수,20230014,2/5,지정된 학생외 수강금지,,1,,N,427200,AI·SW학,2025,2,2학기
405940,컴퓨터공학부,2025,2,PD001,자기설계기초,G4,일반선택,"2, 3, 4",3,,,류승택,20040026,1/5,지정된 학생외 수강금지,,1,,N,427200,AI·SW학,2025,2,2학기
405970,소프트웨어융합학부,2025,2,NI400,졸업논문,A,전공필수,4,(3),,,이용걸,20210023,80/80,[소프트웨어융합학부] 소프트웨어융합학부 전공(복수)자 수강가능 // 전공(복수포함)자,,1,,N,427200,AI·SW학,2025,2,2학기
405970,소프트웨어융합학부,2025,2,NI499,OJT1,A,전공선택,4,9,,,이용걸,20210023,12/30,2025년 IPP형 일학습병행 참여학생만 수강 가능,,1,,N,427200,AI·SW학,2025,2,2학기
405970,소프트웨어융합학부,2025,2,NI524,소프트웨어융합종합설계2,A,전공선택,4,3,"화요일(16:00~17:15), 화요일(17:30~18:45)","18521, 18521",안현,20210024,40/40,[소프트웨어융합학부] 소프트웨어융합학부 전공(복수)자 수강가능 // 전공(복수포함)자,,1,,대면,427200,AI·SW학,2025,2,2학기
405970,소프트웨어융합학부,2025,2,NI524,소프트웨어융합종합설계2,B,전공선택,4,3,"화요일(16:00~17:15), 화요일(17:30~18:45)","18208, 18208",이용걸,20210023,29/30,[소프트웨어융합학부] 소프트웨어융합학부 전공(복수)자 수강가능 // 전공(복수포함)자,,1,,대면,427200,AI·SW학,2025,2,2학기
406060,마케팅사회조사학,2025,2,MO419,졸업논문,A,전공필수,4,(3),,,유한나,20220033,1/50,마케팅사회조사학 연계전공자 중 졸업대상자 필수,,0,,N,406060,마케팅사회조사학,2025,2,2학기
406100,평생교육학·HRD,2025,2,KS207,청소년교육론,A,평생교육,"2, 3, 4",3,,,김남희,20250177,50/50,전공(복수포함)자 // 교내온라인,,0,,교내온라인,406100,평생교육학·HRD,2025,2,2학기
406100,평생교육학·HRD,2025,2,KS306,평생교육방법론,A,평생교육,"2, 3, 4",3,목요일(13:00~14:15),18103,김윤정,20250134,21/40,평생교육학·HRD 전공 재학생 우선 수강신청 후 신청 가능/ 블랜디드(온‧오프라인 병행)수업은 교내 LMS강의와 대면강의 중 어느 하나라도 3/4(75%)이상 수강하지 않으면 출석실격으로 해당과목 성적을 인정받지 못합니다. // 전공(복수포함)자,,1,,블랜디드,406100,평생교육학·HRD,2025,2,2학기
406100,평생교육학·HRD,2025,2,KS308,평생교육프로그램개발론,A,평생교육,"2, 3, 4",3,화요일(11:00~12:15),18101,백상현,20230140,23/40,평생교육학·HRD 전공 재학생 우선 수강신청 후 신청 가능/ 블랜디드(온‧오프라인 병행)수업은 교내 LMS강의와 대면강의 중 어느 하나라도 3/4(75%)이상 수강하지 않으면 출석실격으로 해당과목 성적을 인정받지 못합니다. // 전공(복수포함)자,,2,,블랜디드,406100,평생교육학·HRD,2025,2,2학기
406100,평생교육학·HRD,2025,2,KS311,특수교육론,A,평생교육,"2, 3, 4",3,,,김경양,20240028,49/50,평생교육학·HRD 전공 재학생 우선 수강신청 후 신청 가능/ 교내 LMS // 전공(복수포함)자 // 교내온라인,,1,,교내온라인,406100,평생교육학·HRD,2025,2,2학기
406100,평생교육학·HRD,2025,2,KS312,교육조사방법론,A,평생교육,"2, 3, 4",3,목요일(14:30~15:45),18309,백상현,20230140,9/40,평생교육학·HRD 전공 재학생 우선 수강신청 후 신청 가능/ 블랜디드(온‧오프라인 병행)수업은 교내 LMS강의와 대면강의 중 어느 하나라도 3/4(75%)이상 수강하지 않으면 출석실격으로 해당과목 성적을 인정받지 못합니다. // 전공(복수포함)자,,1,,블랜디드,406100,평생교육학·HRD,2025,2,2학기
406100,평생교육학·HRD,2025,2,KS411,원격교육론,A,평생교육,"2, 3, 4",3,화요일(13:00~14:15),3204,임경애,20250158,19/35,전공(복수포함)자,,1,,블랜디드,406100,평생교육학·HRD,2025,2,2학기
406100,평생교육학·HRD,2025,2,KS412,평생교육실습,A,평생교육,"1, 2, 3, 4",3,"월요일(16:00~17:15), 수요일(17:30~18:45)","18106, 18106",조미경,20250228,8/30,"필수선수과목 4과목 이수자만 신청가능, 실습 학기중 160시간 이수 // 전공(복수포함)자",,1,,대면,406100,평생교육학·HRD,2025,2,2학기
406100,평생교육학·HRD,2025,2,KS419,졸업논문,A,평생교육,4,(3),,,백상현,20230140,10/50,,,0,,N,406100,평생교육학·HRD,2025,2,2학기
406100,평생교육학·HRD,2025,2,KS421,기업교육론,A,평생교육,"2, 3, 4",3,화요일(14:30~15:45),3204,임경애,20250158,4/40,평생교육학·HRD 전공 재학생 우선 수강신청 후 신청 가능/ 블랜디드(온‧오프라인 병행)수업은 교내 LMS강의와 대면강의 중 어느 하나라도 3/4(75%)이상 수강하지 않으면 출석실격으로 해당과목 성적을 인정받지 못합니다. // 전공(복수포함)자,,1,,블랜디드,406100,평생교육학·HRD,2025,2,2학기
406130,한류와아시아문화콘텐츠융합인재,2025,2,AK201,한류와아시아문화콘텐츠,A,융합전공,"1, 2, 3, 4",3,"화요일(13:00~14:15), 화요일(14:30~15:45)","18102, 18102",신광철,19960087,14/30,,,1,,대면,406130,한류와아시아문화콘텐츠융합인재,2025,2,2학기
406140,AI융합장애인라이프케어,2025,2,SD002,문제해결형프로그래밍_융합,A,융합전공,"2, 3, 4",3,"화요일(11:00~12:15), 목요일(09:30~10:45)","18424, 18424",김동석,20250059,17/30,AI융합장애인라이프케어·AI융합시니어라이프케어 인정 교과목 / AISW계열 계열공통과목인 문제해결형프로그래밍(AS005)과 학수코드 상이 / 수강제한없음,,1,,대면,406140,AI융합장애인라이프케어,2025,2,2학기
406180,글로벌통상리더십,2025,2,NA419,졸업논문,A,전공필수,4,(3),,,정희진,20230012,12/20,,,0,,N,406180,글로벌통상리더십,2025,2,2학기
408010,국외교환,2025,2,CX029,*한어청력,A,전공선택,"2, 3, 4",4,,,하얼빈상업대,20209136,4/10,,,0,,N,,,2025,2,2학기
408010,국외교환,2025,2,CX505,*사진촬영,A,일반선택,"2, 3, 4",3,,,산동여자대학,20249901,1/10,,,0,,N,,,2025,2,2학기
408010,국외교환,2025,2,CX511,*조깅,A,교양선택,"3, 4",2,,,,,0/6,,,0,,,,,2025,2,2학기
408010,국외교환,2025,2,CX512,*제과제빵,A,교양선택,"3, 4",3,,,,,0/8,,,0,,,,,2025,2,2학기
408010,국외교환,2025,2,CX526,*중국어고전Ⅰ,A,교양선택,"3, 4",2,,,,,0/5,,,0,,,,,2025,2,2학기
408010,국외교환,2025,2,CX529,*한자와문화,A,교양선택,"3, 4",2,,,,,0/5,,,0,,,,,2025,2,2학기
408010,국외교환,2025,2,CX588,*종교속여성이야기,A,전공선택,"2, 3, 4",2,,,대만장영대,20209140,1/10,,,0,,N,,,2025,2,2학기
408010,국외교환,2025,2,CX610,*영어회화및듣기의이해Ⅰ,A,교양선택,"2, 3, 4",2,,,대만장영대,20209140,1/10,,,0,,N,,,2025,2,2학기
408010,국외교환,2025,2,CX611,*중국어회화1,A,일반선택,"2, 3, 4",4,,,산동여자대학,20249901,3/10,,,0,,N,,,2025,2,2학기
408010,국외교환,2025,2,CX612,*대학영어C1,A,전공선택,"2, 3, 4",4,,,산동여자대학,20249901,1/10,,,0,,N,,,2025,2,2학기
408010,국외교환,2025,2,CX613,*대학영어C3,A,전공선택,"2, 3, 4",2,,,산동여자대학,20249901,1/10,,,0,,N,,,2025,2,2학기
408010,국외교환,2025,2,CX614,*모바일사진및영상제작,A,일반선택,"2, 3, 4",3,,,산동여자대학,20249901,2/10,,,0,,N,,,2025,2,2학기
408010,국외교환,2025,2,CX615,*중국어작문1,A,전공선택,"2, 3, 4",4,,,산동여자대학,20249901,2/10,,,0,,N,,,2025,2,2학기
408010,국외교환,2025,2,CX616,*도예디자인,A,일반선택,"2, 3, 4",2,,,산동여자대학,20249901,1/10,,,0,,N,,,2025,2,2학기
408010,국외교환,2025,2,CX617,*체육교육3(유산소운동),A,일반선택,"2, 3, 4",2,,,산동여자대학,20249901,2/10,,,0,,N,,,2025,2,2학기
408010,국외교환,2025,2,DX823,*독일어듣기말하기실습A2-1,A,전공필수,"2, 3, 4",3,,,독일뷔르츠부르크,20209141,1/10,,,0,,N,,,2025,2,2학기
408010,국외교환,2025,2,DX824,*독일어듣기말하기실습B1-2,A,전공선택,"2, 3, 4",3,,,독일뷔르츠부르크,20209141,1/10,,,0,,N,,,2025,2,2학기
408010,국외교환,2025,2,DX825,*독일어듣기말하기실습B2-1,A,전공선택,"2, 3, 4",3,,,독일뷔르츠부르크,20209141,1/10,,,0,,N,,,2025,2,2학기
408010,국외교환,2025,2,DX826,"*일반독일어코스,CEFR레벨A2.2",A,전공선택,"2, 3, 4",5,,,독일하이델베르크,20209122,1/10,,,0,,N,,,2025,2,2학기
408010,국외교환,2025,2,DX827,*소그룹대화(B1),A,전공선택,"2, 3, 4",3,,,독일하이델베르크,20209122,1/10,,,0,,N,,,2025,2,2학기
408010,국외교환,2025,2,DX828,*독일어독해및작문(B1),A,전공선택,"2, 3, 4",3,,,독일하이델베르크,20209122,1/10,,,0,,N,,,2025,2,2학기
408010,국외교환,2025,2,DX829,*독문학개론I,A,전공선택,"2, 3, 4",4,,,독일하이델베르크,20209122,1/10,,,0,,N,,,2025,2,2학기
408010,국외교환,2025,2,DX830,"*일반독일어코스,CEFR레벨B1.1",A,전공선택,"2, 3, 4",5,,,독일하이델베르크,20209122,1/10,,,0,,N,,,2025,2,2학기
408010,국외교환,2025,2,DX831,*소그룹대화B1,A,전공선택,"2, 3, 4",3,,,독일하이델베르크,20209122,1/10,,,0,,N,,,2025,2,2학기
408010,국외교환,2025,2,DX832,*어휘B1,A,전공선택,"2, 3, 4",3,,,독일하이델베르크,20209122,1/10,,,0,,N,,,2025,2,2학기
408010,국외교환,2025,2,EX207,*발달심리학,A,전공선택,"2, 3, 4",2,,,일본나가사키대학,20209132,3/10,,,0,,N,,,2025,2,2학기
408010,국외교환,2025,2,EX875,*평화학,A,전공선택,"2, 3, 4",2,,,일본나가사키대학,20209132,3/10,,,0,,N,,,2025,2,2학기
408010,국외교환,2025,2,EX910,*문자와사회,A,교양선택,"2, 3, 4",2,,,일본나가사키대학,20209132,/10,,,0,,N,,,2025,2,2학기
408010,국외교환,2025,2,EX912,*초등습자교육,A,전공선택,"2, 3, 4",1,,,일본나가사키대학,20209132,/10,,,0,,N,,,2025,2,2학기
408010,국외교환,2025,2,EX927,*세계화시대의준비,A,교양선택,"3, 4",2,,,오키나와기독교학원대학,20239902,0/6,,,0,,,,,2025,2,2학기
408010,국외교환,2025,2,EX929,*사회의평준화,A,교양선택,"3, 4",2,,,오키나와기독교학원대학,20239902,2/6,,,0,,,,,2025,2,2학기
408010,국외교환,2025,2,EX960,*프레젠테이션기초,A,전공선택,"2, 3, 4",2,,,일본나가사키대학,20209132,/10,,,0,,N,,,2025,2,2학기
408010,국외교환,2025,2,EX968,*고급일본어Ⅰ,A,전공선택,"2, 3, 4",2,,,일본나가사키대학,20209132,/10,,,0,,N,,,2025,2,2학기
408010,국외교환,2025,2,EX969,*대체보육Ⅰ,A,전공선택,"2, 3, 4",2,,,일본나가사키대학,20209132,/10,,,0,,N,,,2025,2,2학기
408010,국외교환,2025,2,EX970,*초등학교미술,A,전공선택,"2, 3, 4",1,,,일본나가사키대학,20209132,/10,,,0,,N,,,2025,2,2학기
408010,국외교환,2025,2,EX971,*일본현대언어학입문(세미나),A,전공선택,"2, 3, 4",2,,,일본나가사키대학,20209132,/10,,,0,,N,,,2025,2,2학기
408010,국외교환,2025,2,EX972,*악기성능연구a,A,교양선택,"2, 3, 4",1,,,일본나가사키대학,20209132,/10,,,0,,N,,,2025,2,2학기
408010,국외교환,2025,2,EX973,*지적장애아동교육커리큘럼,A,전공선택,"2, 3, 4",2,,,일본나가사키대학,20209132,3/10,,,0,,N,,,2025,2,2학기
408010,국외교환,2025,2,EX974,*건강장애아동을위한교육방법,A,전공선택,"2, 3, 4",2,,,일본나가사키대학,20209132,3/10,,,0,,N,,,2025,2,2학기
408010,국외교환,2025,2,EX975,*인권교육,A,전공선택,"2, 3, 4",2,,,일본나가사키대학,20209132,1/10,,,0,,N,,,2025,2,2학기
408010,국외교환,2025,2,EX976,*일본어읽기,A,전공선택,"2, 3, 4",2,,,일본나가사키대학,20209132,1/10,,,0,,N,,,2025,2,2학기
408010,국외교환,2025,2,EX977,*고급일본어Ⅱa,A,전공선택,"2, 3, 4",2,,,일본나가사키대학,20209132,/10,,,0,,N,,,2025,2,2학기
408010,국외교환,2025,2,EX978,*일본어작문,A,전공선택,"2, 3, 4",1,,,일본나가사키대학,20209132,/10,,,0,,N,,,2025,2,2학기
408010,국외교환,2025,2,EX979,*장애아동교육의역사,A,전공선택,"2, 3, 4",2,,,일본나가사키대학,20209132,2/10,,,0,,N,,,2025,2,2학기
408010,국외교환,2025,2,EX980,*모노폴리게임을통한비즈니스기반®,A,교양선택,"2, 3, 4",2,,,일본나가사키대학,20209132,/10,,,0,,N,,,2025,2,2학기
408010,국외교환,2025,2,EX981,*언어와문화의연결A(중국어),A,일반선택,"2, 3, 4",1,,,일본나가사키대학,20209132,/10,,,0,,N,,,2025,2,2학기
408010,국외교환,2025,2,EX982,*인도학입문과정,A,일반선택,"2, 3, 4",2,,,일본나가사키대학,20209132,/10,,,0,,N,,,2025,2,2학기
408010,국외교환,2025,2,EX983,*조각a,A,교양선택,"2, 3, 4",2,,,일본나가사키대학,20209132,/10,,,0,,N,,,2025,2,2학기
408010,국외교환,2025,2,HX002,*사작(寫作),A,전공선택,"2, 3, 4",2,,,하얼빈상업대,20209136,4/10,,,0,,N,,,2025,2,2학기
408010,국외교환,2025,2,HX009,*중국어강독,A,전공선택,"2, 3, 4",2,,,하얼빈상업대,20209136,3/10,,,0,,N,,,2025,2,2학기
408010,국외교환,2025,2,HX029,*중국문화,A,전공선택,"2, 3, 4",2,,,하얼빈상업대,20209136,4/10,,,0,,N,,,2025,2,2학기
408010,국외교환,2025,2,HX099,*중국어회화,A,전공선택,"2, 3, 4",4,,,하얼빈상업대,20209136,4/10,,,0,,N,,,2025,2,2학기
408010,국외교환,2025,2,HX472,*중국어종합,A,전공선택,"2, 3, 4",6,,,하얼빈상업대,20209136,4/10,,,0,,N,,,2025,2,2학기
408010,국외교환,2025,2,HX473,*유럽음악의역사,A,일반선택,"2, 3, 4",3,,,흐라데츠클라로베,20209142,3/10,,,0,,N,,,2025,2,2학기
408010,국외교환,2025,2,HX474,*영어권국가3(미국),A,일반선택,"2, 3, 4",2,,,흐라데츠클라로베,20209142,2/10,,,0,,N,,,2025,2,2학기
408010,국외교환,2025,2,HX475,*비교교육학,A,복수선택,"2, 3, 4",3,,,흐라데츠클라로베,20209142,1/10,,,0,,N,,,2025,2,2학기
408010,국외교환,2025,2,HX476,*특수학습장애,A,복수선택,"2, 3, 4",3,,,흐라데츠클라로베,20209142,1/10,,,0,,N,,,2025,2,2학기
408010,국외교환,2025,2,HX477,*영어권국가5(호주+뉴질랜드),A,전공선택,"2, 3, 4",2,,,흐라데츠클라로베,20209142,1/10,,,0,,N,,,2025,2,2학기
408010,국외교환,2025,2,HX478,*영어음성학실습세미나,A,전공선택,"2, 3, 4",1,,,흐라데츠클라로베,20209142,2/10,,,0,,N,,,2025,2,2학기
408010,국외교환,2025,2,HX479,*사회학입문,A,일반선택,"2, 3, 4",1,,,흐라데츠클라로베,20209142,1/10,,,0,,N,,,2025,2,2학기
408010,국외교환,2025,2,HX480,*교육철학,A,일반선택,"2, 3, 4",1,,,흐라데츠클라로베,20209142,1/10,,,0,,N,,,2025,2,2학기
408010,국외교환,2025,2,HX481,*보빈레이스만들기3,A,일반선택,"2, 3, 4",2,,,흐라데츠클라로베,20209142,1/10,,,0,,N,,,2025,2,2학기
408010,국외교환,2025,2,HX482,*야간드로잉1,A,일반선택,"2, 3, 4",1,,,흐라데츠클라로베,20209142,1/10,,,0,,N,,,2025,2,2학기
408010,국외교환,2025,2,HX483,*현대기술트렌드,A,전공선택,"2, 3, 4",1,,,흐라데츠클라로베,20209142,1/10,,,0,,N,,,2025,2,2학기
408010,국외교환,2025,2,HX484,*보빈레이스제작3,A,일반선택,"2, 3, 4",2,,,흐라데츠클라로베,20209142,1/10,,,0,,N,,,2025,2,2학기
408010,국외교환,2025,2,HX492,*일본어청해713,A,일반선택,"2, 3, 4",1,,,도쿄외국어대학,20209129,1/7,,,0,,N,,,2025,2,2학기
408010,국외교환,2025,2,HX493,*일본어커뮤니케이션715,A,일반선택,"2, 3, 4",1,,,도쿄외국어대학,20209129,1/7,,,0,,N,,,2025,2,2학기
408010,국외교환,2025,2,HX494,*미국젠더역사 : 식민지시대부터20세기초까지,A,일반선택,"2, 3, 4",2,,,도쿄외국어대학,20209129,1/7,,,0,,N,,,2025,2,2학기
408010,국외교환,2025,2,HX495,*일문문화예술의방법론과이상,A,일반선택,"2, 3, 4",2,,,도쿄외국어대학,20209129,1/7,,,0,,N,,,2025,2,2학기
408010,국외교환,2025,2,HX496,*한국학교문법입문2,A,일반선택,"2, 3, 4",2,,,도쿄외국어대학,20209129,1/7,,,0,,N,,,2025,2,2학기
408010,국외교환,2025,2,HX497,*쇼와시대전전일본시읽기,A,일반선택,"2, 3, 4",2,,,도쿄외국어대학,20209129,2/7,,,0,,N,,,2025,2,2학기
408010,국외교환,2025,2,HX498,*대조언어기초연구B,A,일반선택,"2, 3, 4",2,,,도쿄외국어대학,20209129,1/7,,,0,,N,,,2025,2,2학기
408010,국외교환,2025,2,HX499,*근대일본문학사,A,일반선택,"2, 3, 4",2,,,도쿄외국어대학,20209129,1/7,,,0,,N,,,2025,2,2학기
408010,국외교환,2025,2,HX501,*일본사,A,일반선택,"2, 3, 4",2,,,게이센여자대학,20209124,2/7,,,0,,N,,,2025,2,2학기
408010,국외교환,2025,2,HX502,*경력향상스킬Ⅰ,A,일반선택,"2, 3, 4",2,,,게이센여자대학,20209124,2/7,,,0,,N,,,2025,2,2학기
408010,국외교환,2025,2,HX503,*인류학,A,전공선택,"2, 3, 4",2,,,오키나와기독교학원대학,20239902,1/5,,,0,,N,,,2025,2,2학기
408010,국외교환,2025,2,HX504,*류큐인역사입문,A,전공선택,"2, 3, 4",2,,,오키나와기독교학원대학,20239902,1/5,,,0,,N,,,2025,2,2학기
408010,국외교환,2025,2,HX505,*호스피탈리티문화간이해,A,전공선택,"2, 3, 4",2,,,오키나와기독교학원대학,20239902,1/5,,,0,,N,,,2025,2,2학기
408010,국외교환,2025,2,HZ146,*교육원론,A,전공선택,"2, 3, 4",2,,,일본나가사키대학,20209132,3/10,,,0,,N,,,2025,2,2학기
408010,국외교환,2025,2,HZ155,*윤리학,A,전공선택,"2, 3, 4",2,,,일본나가사키대학,20209132,/10,,,0,,N,,,2025,2,2학기
408010,국외교환,2025,2,HZ277,*비즈니스영어,A,일반선택,"2, 3, 4",2,,,대만장영대,20209140,1/10,,,0,,N,,,2025,2,2학기
408010,국외교환,2025,2,HZ321,*사회복지,A,전공선택,"2, 3, 4",2,,,일본나가사키대학,20209132,/10,,,0,,N,,,2025,2,2학기
408010,국외교환,2025,2,HZ341,*평화연구입문Ⅱ,A,일반선택,"2, 3, 4",2,,,게이센여자대학,20209124,2/7,,,0,,N,,,2025,2,2학기
408010,국외교환,2025,2,HZ355,*가라테,A,교양선택,"2, 3, 4",1,,,오키나와기독교학원대학,20239902,3/10,오키나와기독교학원대학,,0,,N,,,2025,2,2학기
408010,국외교환,2025,2,HZ356,*기초비판적사고,A,전공선택,"2, 3, 4",2,,,오키나와기독교학원대학,20239902,1/10,,,0,,N,,,2025,2,2학기
408010,국외교환,2025,2,HZ357,*언어적의사소통과사고,A,전공선택,"2, 3, 4",2,,,오키나와기독교학원대학,20239902,1/10,,,0,,N,,,2025,2,2학기
408010,국외교환,2025,2,HZ358,*민속학입문,A,전공선택,"2, 3, 4",2,,,오키나와기독교학원대학,20239902,3/10,,,0,,N,,,2025,2,2학기
408010,국외교환,2025,2,HZ359,*관광비즈니스입문,A,전공선택,"2, 3, 4",2,,,오키나와기독교학원대학,20239902,3/10,,,0,,N,,,2025,2,2학기
408010,국외교환,2025,2,HZ360,*한국문화이론,A,전공선택,"2, 3, 4",2,,,오키나와기독교학원대학,20239902,3/10,,,0,,N,,,2025,2,2학기
408010,국외교환,2025,2,HZ361,*인턴십,A,전공선택,"2, 3, 4",2,,,오키나와기독교학원대학,20239902,2/10,,,0,,N,,,2025,2,2학기
408010,국외교환,2025,2,HZ362,*항공서비스,A,전공선택,"2, 3, 4",2,,,오키나와기독교학원대학,20239902,2/10,,,0,,N,,,2025,2,2학기
408010,국외교환,2025,2,HZ373,*미디어활용능력,A,일반선택,"2, 3, 4",2,,,오키나와기독교학원대학,20239902,1/10,,,0,,N,,,2025,2,2학기
408010,국외교환,2025,2,HZ374,*수어입문,A,일반선택,"2, 3, 4",2,,,오키나와기독교학원대학,20239902,1/10,,,0,,N,,,2025,2,2학기
408010,국외교환,2025,2,HZ506,*문화자원소통입문,A,전공선택,"2, 3, 4",2,,,오키나와기독교학원대학,20239902,1/5,,,0,,N,,,2025,2,2학기
408010,국외교환,2025,2,HZ507,*자연환경이론,A,일반선택,"2, 3, 4",2,,,오키나와기독교학원대학,20239902,1/5,,,0,,N,,,2025,2,2학기
408010,국외교환,2025,2,HZ508,*음식관광,A,전공선택,"2, 3, 4",2,,,오키나와기독교학원대학,20239902,2/5,,,0,,N,,,2025,2,2학기
408010,국외교환,2025,2,HZ748,*영어작문,A,일반선택,"2, 3, 4",1,,,흐라데츠클라로베,20209142,2/10,,,0,,N,,,2025,2,2학기
408010,국외교환,2025,2,HZ819,*일본어문법 711,A,일반선택,"2, 3, 4",1,,,도쿄외국어대학,20209129,1/7,,,0,,N,,,2025,2,2학기
408010,국외교환,2025,2,HZ845,*심리학개론,A,일반선택,"2, 3, 4",2,,,오키나와기독교학원대학,20239902,1/10,,,0,,N,,,2025,2,2학기
408010,국외교환,2025,2,HZ877,*외국인을위한체코어,A,일반선택,"2, 3, 4",3,,,흐라데츠클라로베,20209142,3/10,,,0,,N,,,2025,2,2학기
408010,국외교환,2025,2,HZ887,*시제품제작및학생창의력개발에3D프린팅사용,A,일반선택,"2, 3, 4",2,,,흐라데츠클라로베,20209142,3/10,,,0,,N,,,2025,2,2학기
408010,국외교환,2025,2,HZ901,*사회단체의관찰실습,A,복수선택,"2, 3, 4",3,,,흐라데츠클라로베,20209142,1/10,,,0,,N,,,2025,2,2학기
408010,국외교환,2025,2,HZ938,*생활원예Ⅰ,A,교양선택,"2, 3, 4",1,,,게이센여자대학,20209124,2/7,,,0,,N,,,2025,2,2학기
408010,국외교환,2025,2,HZ963,*일반역사,A,일반선택,"2, 3, 4",2,,,흐라데츠클라로베,20209142,3/10,,,0,,N,,,2025,2,2학기
408010,국외교환,2025,2,HZ966,*교양기초연습Ⅱ,A,전공선택,"2, 3, 4",1,,,게이센여자대학,20209124,2/7,,,0,,N,,,2025,2,2학기
408010,국외교환,2025,2,HZ967,*일본어Ⅱ(유학생),A,전공선택,"2, 3, 4",2,,,게이센여자대학,20209124,2/7,,,0,,N,,,2025,2,2학기
408010,국외교환,2025,2,HZ968,*일본사정(유학생),A,전공선택,"2, 3, 4",2,,,게이센여자대학,20209124,2/7,,,0,,N,,,2025,2,2학기
408010,국외교환,2025,2,HZ971,*일본문화특강Ⅷ,A,전공선택,"2, 3, 4",2,,,게이센여자대학,20209124,2/7,,,0,,N,,,2025,2,2학기
408010,국외교환,2025,2,HZ979,*일본어작문314,A,일반선택,"2, 3, 4",1,,,도쿄외국어대학,20209129,/7,,,0,,N,,,2025,2,2학기
408010,국외교환,2025,2,HZ981,*한자901,A,전공선택,"2, 3, 4",1,,,도쿄외국어대학,20209129,1/7,,,0,,N,,,2025,2,2학기
408010,국외교환,2025,2,HZ984,*일본어작문414,A,일반선택,"2, 3, 4",1,,,도쿄외국어대학,20209129,1/7,,,0,,N,,,2025,2,2학기
408010,국외교환,2025,2,HZ995,*가족사회학,A,일반선택,"2, 3, 4",3,,,흐라데츠클라로베,20209142,2/10,,,0,,N,,,2025,2,2학기
409010,학점교류,2025,2,KH674,기초프랑스어,A,교양선택,"2, 3, 4",3,,,인천대,20030042,/5,,,0,,대면,,,2025,2,2학기
409010,학점교류,2025,2,KH675,기초러시아어,A,교양선택,"2, 3, 4",3,,,인천대,20030042,1/5,,,0,,대면,,,2025,2,2학기
409010,학점교류,2025,2,OC112,생활속의심리학,A,교양선택,"1, 2, 3, 4",3,,,"OCU컨소시엄, 박원식",20150091,90/90,"사이버대학교(OCU)강의/교양과목/별도수강료납부(24,000원)/학점교류 6학점까지 수강가능 // 외부온라인",,0,,외부온라인,,,2025,2,2학기
409010,학점교류,2025,2,OC129,TED로배우는영화속바이오테크놀로지,A,교양선택,"1, 2, 3, 4",3,,,"OCU컨소시엄, 박원식",20150091,88/90,"사이버대학교(OCU)강의/교양과목/별도수강료납부(24,000원)/학점교류 6학점까지 수강가능 // 외부온라인",창의융합,0,,외부온라인,,,2025,2,2학기
409010,학점교류,2025,2,OC160,식생활과건강,A,교양선택,"1, 2, 3, 4",3,,,"OCU컨소시엄, 박원식",20150091,89/90,"사이버대학교(OCU)강의/교양과목/별도수강료납부(24,000원)/학점교류 6학점까지 수강가능 // 외부온라인",,0,,외부온라인,,,2025,2,2학기
409010,학점교류,2025,2,OC214,현대음악의이해,A,교양선택,"1, 2, 3, 4",3,,,"OCU컨소시엄, 박원식",20150091,61/90,"사이버대학교(OCU)강의/교양과목/별도수강료납부(24,000원)/학점교류 6학점까지 수강가능 // 외부온라인",,0,,외부온라인,,,2025,2,2학기
409010,학점교류,2025,2,OC235,나를찾는행복레슨,A,교양선택,"1, 2, 3, 4",3,,,"OCU컨소시엄, 박원식",20150091,89/90,"사이버대학교(OCU)강의/교양과목/별도수강료납부(24,000원)/학점교류 6학점까지 수강가능 // 외부온라인",,0,,외부온라인,,,2025,2,2학기
409010,학점교류,2025,2,OC239,챗GPT의이해와활용,A,교양선택,"1, 2, 3, 4",3,,,"OCU컨소시엄, 박원식",20150091,89/90,"사이버대학교(OCU)강의/교양과목/별도수강료납부(24,000원)/학점교류 6학점까지 수강가능 // 외부온라인",,0,,외부온라인,,,2025,2,2학기
409010,학점교류,2025,2,OC242,부동산학개론,A,교양선택,"1, 2, 3, 4",3,,,"OCU컨소시엄, 박원식",20150091,34/90,"사이버대학교(OCU)강의/교양과목/별도수강료납부(24,000원)/학점교류 6학점까지 수강가능 // 외부온라인",,0,,외부온라인,,,2025,2,2학기
409010,학점교류,2025,2,OC243,기후위기와미래사회,A,교양선택,"1, 2, 3, 4",3,,,"OCU컨소시엄, 박원식",20150091,49/90,"사이버대학교(OCU)강의/교양과목/별도수강료납부(24,000원)/학점교류 6학점까지 수강가능 // 외부온라인",,0,,외부온라인,,,2025,2,2학기
419010,중국어문화영상융합학과,2025,2,HC419,졸업논문,A,전공필수,4,(3),,,류기수,19950013,18/50,전공(복수포함)자,,1,,N,422190,중국어문화콘텐츠학,2025,2,2학기
419020,IT영상콘텐츠학과,2025,2,IT419,졸업논문,A,전공필수,4,(3),,,오석희,20240165,15/30,[IT영상콘텐츠학과] IT영상콘텐츠학과 전공(복수)자 수강가능 // 전공(복수포함)자,,1,,N,427200,AI·SW학,2025,2,2학기
419020,IT영상콘텐츠학과,2025,2,IT420,OJT1,A,전공선택,4,9,,,오석희,20240165,1/30,2025년 IPP형 일학습병행 참여학생만 수강 가능,,1,,N,427200,AI·SW학,2025,2,2학기
422100,신학·인문융합계열,2025,2,TH005,철학으로생각하기,A,계열공통,1,3,"월요일(16:00~17:15), 수요일(17:30~18:45)","18418, 18418",김대오,19970107,40/40,,,1,,대면,422000,인문융합대학,2025,2,2학기
422100,신학·인문융합계열,2025,2,TH005,철학으로생각하기,B,계열공통,1,3,"월요일(17:30~18:45), 수요일(16:00~17:15)","7103, 7103",김희정,20080164,44/50,,,1,,대면,422000,인문융합대학,2025,2,2학기
422100,신학·인문융합계열,2025,2,TH006,"역사와현재,미래",A,계열공통,1,3,"월요일(16:00~17:15), 수요일(17:30~18:45)","7103, 7103",정무용,20230010,40/40,,,1,,대면,422000,인문융합대학,2025,2,2학기
422100,신학·인문융합계열,2025,2,TH006,"역사와현재,미래",B,계열공통,1,3,"화요일(16:00~17:15), 화요일(17:30~18:45)","3503, 3503",정무용,20230010,43/45,,,1,,대면,422000,인문융합대학,2025,2,2학기
422100,신학·인문융합계열,2025,2,TH008,우리말우리글산책,A,계열공통,1,3,"월요일(17:30~18:45), 수요일(16:00~17:15)","18420, 18420","김지혜, 유형동",20220034,48/60,,,1,,대면,422000,인문융합대학,2025,2,2학기
422100,신학·인문융합계열,2025,2,TH010,영미문화탐색,A,계열공통,1,3,"월요일(17:30~18:45), 수요일(16:00~17:15)","7104, 7104",이향미,20200051,28/35,,,1,,대면,422000,인문융합대학,2025,2,2학기
422100,신학·인문융합계열,2025,2,TH010,영미문화탐색,B,계열공통,1,3,"화요일(16:00~17:15), 화요일(17:30~18:45)","7107, 7107",김지혜,20210073,25/40,,,1,,대면,422000,인문융합대학,2025,2,2학기
422100,신학·인문융합계열,2025,2,TH013,아시아와일본,A,계열공통,1,3,"목요일(16:00~17:15), 목요일(17:30~18:45)","7103, 7103",송주명,19990049,40/40,,,1,,대면,422000,인문융합대학,2025,2,2학기
422140,독일어문화학,2025,2,HB101,총괄세미나,A,전공필수,2,(1),,,전춘명,19960084,18/35,총괄세미나 행사 참석 필수,,1,,N,,,2025,2,2학기
422140,독일어문화학,2025,2,HB227,영화와예술,A,전공선택,2,3,"목요일(13:00~14:15), 목요일(14:30~15:45)","3406, 3406",심혜경,20210029,11/30,경삼관 소극장에서 진행,,1,,대면,,,2025,2,2학기
422140,독일어문화학,2025,2,HD227,독일동화의세상,A,전공선택,2,3,"월요일(14:30~15:45), 수요일(14:30~15:45)","20403, 20403",오동식,20100188,48/50,,,1,,대면,,,2025,2,2학기
422140,독일어문화학,2025,2,HD290,독일어학개론,A,전공선택,2,3,수요일(11:00~12:15),3203,국세라,20250045,48/50,내규필수과목. 블렌디드 수업,,1,,블랜디드,,,2025,2,2학기
422140,독일어문화학,2025,2,HD419,졸업논문,A,전공필수,4,(3),,,전춘명,19960084,15/35,,,1,,N,,,2025,2,2학기
422140,독일어문화학,2025,2,HD496,시사독일어실습,A,전공선택,4,3,"화요일(13:00~14:15), 화요일(14:30~15:45)","20403, 20403","발렌틴 안더르트, 전춘명",20230029,7/20,,,1,,대면,,,2025,2,2학기
422140,독일어문화학,2025,2,HD628,독일어듣기말하기실습A2-1,A,전공필수,3,3,"화요일(16:00~17:15), 화요일(17:30~18:45)","20403, 20403",발렌틴 안더르트,20230029,13/20,,,0,,대면,,,2025,2,2학기
422140,독일어문화학,2025,2,HD630,독일어듣기말하기실습B1-1,A,전공선택,4,3,,,오동식,20100188,13/50,  // 교내온라인,,1,,교내온라인,,,2025,2,2학기
422140,독일어문화학,2025,2,HD648,다큐멘터리및실험영화의세계,A,전공선택,3,3,화요일(11:00~12:15),20403,심혜경,20210029,29/30,경삼관 소극장에서 진행,,1,,블랜디드,,,2025,2,2학기
422140,독일어문화학,2025,2,HD650,독일역사로보는문학이야기II,A,전공선택,3,3,"월요일(17:30~18:45), 수요일(16:00~17:15)","20403, 20403",오동식,20100188,11/35,"내규필수과목, HD649(1학기)와 HD650중 택1",,1,,대면,,,2025,2,2학기
422140,독일어문화학,2025,2,HD653,문화텍스트로보는유럽의젠더,A,전공선택,3,3,수요일(11:00~12:15),20403,심혜경,20210029,25/35,"23학번~ 내규필수과목, HD508(1학기)와 HD653 중 택 1",,1,,블랜디드,,,2025,2,2학기
422140,독일어문화학,2025,2,HD663,독일어듣기말하기AⅠ-Ⅰ,A,전공필수,2,3,"월요일(13:00~14:15), 수요일(13:00~14:15)","20403, 20403",오동식,20100188,22/50,,,1,,대면,,,2025,2,2학기
422140,독일어문화학,2025,2,HD666,기본독일어실습II,A,전공필수,2,3,목요일(11:00~12:15),8101,전춘명,19960084,29/42,,,1,,블랜디드,,,2025,2,2학기
422140,독일어문화학,2025,2,HD670,국내외유럽문화탐사2,A,전공선택,"3, 4",3,"금요일(09:30~10:45), 금요일(11:00~12:15)","20403, 20403",전춘명,19960084,29/30,,,1,,대면,,,2025,2,2학기
422150,영미문화학,2025,2,HE211,영어학개론,A,전공필수,2,3,"화요일(13:00~14:15), 화요일(14:30~15:45)","3206, 3206",홍승진,20240044,50/50,,,1,,대면,422150,영미문화학,2025,2,2학기
422150,영미문화학,2025,2,HE272,고급영어작문,A,전공선택,2,2,수요일(11:00~12:40),20405,LUCIER PETER,20240051,23/35,,,1,,대면,422150,영미문화학,2025,2,2학기
422150,영미문화학,2025,2,HE277,고급영어회화실습 ,A,전공선택,2,2,"화요일(09:30~10:45), 목요일(11:00~12:15)","20405, 20405",LUCIER PETER,20240051,5/35,,,1,,대면,422150,영미문화학,2025,2,2학기
422150,영미문화학,2025,2,HE283,글로벌트렌드영어2,A,전공선택,2,3,"월요일(14:30~15:45), 수요일(14:30~15:45)","3503, 3503",박미선,20090009,33/50,,,1,,대면,422150,영미문화학,2025,2,2학기
422150,영미문화학,2025,2,HE285,영상콘텐츠영어,A,전공선택,"3, 4",3,"화요일(16:00~17:15), 화요일(17:30~18:45)","3204, 3204",홍승진,20240044,21/50,,,1,,대면,422150,영미문화학,2025,2,2학기
422150,영미문화학,2025,2,HE316,자본주의와영문학,A,전공선택,"3, 4",3,"월요일(13:00~14:15), 수요일(13:00~14:15)","20405, 20405",박미선,20090009,18/35,,,1,,대면,422150,영미문화학,2025,2,2학기
422150,영미문화학,2025,2,HE337,미국문학개관,A,전공필수,2,3,"월요일(11:00~12:15), 수요일(09:30~10:45)","18211-1, 18211-1",이향미,20200051,34/35,,,1,,대면,422150,영미문화학,2025,2,2학기
422150,영미문화학,2025,2,HE337,미국문학개관,B,전공필수,2,3,"목요일(16:00~17:15), 목요일(17:30~18:45)","20405, 20405",정지수,20250164,13/35,,,1,,대면,422150,영미문화학,2025,2,2학기
422150,영미문화학,2025,2,HE371,영미문화연구,A,전공선택,2,3,"월요일(13:00~14:15), 수요일(13:00~14:15)","3321, 3321",김지혜,20210073,25/35,강의실 변경 18101->3321,,1,,대면,422150,영미문화학,2025,2,2학기
422150,영미문화학,2025,2,HE372,영미서사강독,A,전공선택,2,3,"목요일(13:00~14:15), 목요일(14:30~15:45)","20405, 20405",정지수,20250164,14/35,,,1,,대면,422150,영미문화학,2025,2,2학기
422150,영미문화학,2025,2,HE375,근대영미문학,A,전공선택,"3, 4",3,"화요일(11:00~12:15), 목요일(09:30~10:45)","20307, 20307",서강목,20240061,10/35,,,1,,대면,422150,영미문화학,2025,2,2학기
422150,영미문화학,2025,2,HE412,졸업논문,A,전공필수,4,(3),,,박미선,20090009,34/50,,,1,,N,422150,영미문화학,2025,2,2학기
422150,영미문화학,2025,2,HE439,실용영어,A,전공선택,"3, 4",3,"화요일(16:00~17:15), 화요일(17:30~18:45)","20308, 20308",LUCIER PETER,20240051,11/35,,,1,,대면,422150,영미문화학,2025,2,2학기
422150,영미문화학,2025,2,HE441,셰익스피어,A,전공선택,"3, 4",3,"월요일(14:30~15:45), 수요일(14:30~15:45)","3403, 3403",김지혜,20210073,13/35,,,1,,대면,422150,영미문화학,2025,2,2학기
422150,영미문화학,2025,2,HE444,현대영어권문학의이해,A,전공선택,"3, 4",3,"화요일(13:00~14:15), 화요일(14:30~15:45)","18420-1, 18420-1",이향미,20200051,25/35,,,1,,대면,422150,영미문화학,2025,2,2학기
422160,문예창작학,2025,2,HW205,문학사회학,A,전공선택,2,3,"목요일(16:00~17:15), 목요일(17:30~18:45)","20403, 20403",김미정,20250131,35/35,,,1,,대면,422160,문예창작학,2025,2,2학기
422160,문예창작학,2025,2,HW239,동시대시강독Ⅱ,A,전공선택,2,3,"화요일(16:00~17:15), 화요일(17:30~18:45)","18103, 18103",임지은,20230052,36/35,,,1,,대면,422160,문예창작학,2025,2,2학기
422160,문예창작학,2025,2,HW242,드라마특강,A,전공선택,4,3,"금요일(13:00~14:15), 금요일(14:30~15:45)","20308, 20308",박춘근,20250061,23/25,,,1,,대면,422160,문예창작학,2025,2,2학기
422160,문예창작학,2025,2,HW244,드라마작법Ⅱ,A,전공선택,2,3,"목요일(16:00~17:15), 목요일(17:30~18:45)","20308, 20308",김민수,20240009,25/25,,,1,,대면,422160,문예창작학,2025,2,2학기
422160,문예창작학,2025,2,HW307,시창작실습Ⅱ,A,전공선택,2,3,"화요일(13:00~14:15), 화요일(14:30~15:45)","20308, 20308",임지은,20230052,29/25,,,1,,대면,422160,문예창작학,2025,2,2학기
422160,문예창작학,2025,2,HW308,소설창작실습Ⅱ,A,전공선택,2,3,"월요일(09:30~10:45), 수요일(11:00~12:15)","20308, 20308",이미선,20250214,26/25,,,1,,대면,422160,문예창작학,2025,2,2학기
422160,문예창작학,2025,2,HW322,외국소설문학강독Ⅱ,A,전공선택,3,3,"월요일(17:30~18:45), 수요일(16:00~17:15)","7215, 7215",백수린,20240068,28/35,,,1,,대면,422160,문예창작학,2025,2,2학기
422160,문예창작학,2025,2,HW336,소설창작특강Ⅰ,A,전공선택,3,3,"월요일(14:30~15:45), 수요일(14:30~15:45)","20308, 20308",백수린,20240068,23/25,,,1,,대면,422160,문예창작학,2025,2,2학기
422160,문예창작학,2025,2,HW337,시창작특강Ⅰ,A,전공선택,3,3,"월요일(13:00~14:15), 수요일(13:00~14:15)","20308, 20308",정한아,20220222,28/25,,,1,,대면,422160,문예창작학,2025,2,2학기
422160,문예창작학,2025,2,HW341,시나리오작법,A,전공선택,3,3,"금요일(09:30~10:45), 금요일(11:00~12:15)","20308, 20308",박춘근,20250061,22/25,,,1,,대면,422160,문예창작학,2025,2,2학기
422160,문예창작학,2025,2,HW408,비평연습,A,전공선택,4,3,"목요일(13:00~14:15), 목요일(14:30~15:45)","20403, 20403",김미정,20250131,34/35,,,1,,대면,422160,문예창작학,2025,2,2학기
422160,문예창작학,2025,2,HW416,현대시론,A,전공선택,4,3,"화요일(11:00~12:15), 목요일(09:30~10:45)","18104, 18104",정한아,20220222,20/35,,,1,,대면,422160,문예창작학,2025,2,2학기
422160,문예창작학,2025,2,HW419,졸업논문,A,전공필수,4,(3),,,정한아,20220222,36/50,전공(복수포함)자,,0,,N,422160,문예창작학,2025,2,2학기
422160,문예창작학,2025,2,HW422,아동문학창작실습Ⅱ,A,전공선택,3,3,"화요일(13:00~14:15), 화요일(14:30~15:45)","3506, 3506",류재향,20240010,23/25,,,1,,대면,422160,문예창작학,2025,2,2학기
422170,한국어문학,2025,2,HK279,현대시탐구,A,전공선택,2,3,"월요일(14:30~15:45), 수요일(14:30~15:45)","20401, 20401",유문선,20240189,35/35,,,1,,대면,422170,한국어문학,2025,2,2학기
422170,한국어문학,2025,2,HK280,한국문학사탐구1,A,전공선택,2,3,"화요일(16:00~17:15), 목요일(17:30~18:45)","20401, 20401",유형동,20220034,33/35,,,1,,대면,422170,한국어문학,2025,2,2학기
422170,한국어문학,2025,2,HK281,고전작품의이해,A,전공선택,2,3,"화요일(17:30~18:45), 목요일(16:00~17:15)","20401, 20401",유형동,20220034,33/35,,,1,,대면,422170,한국어문학,2025,2,2학기
422170,한국어문학,2025,2,HK377,한국어교육론,A,전공선택,2,3,"월요일(16:00~17:15), 수요일(17:30~18:45)","20401, 20401",강소영,20250125,17/35,,,1,,대면,422170,한국어문학,2025,2,2학기
422170,한국어문학,2025,2,HK379,한국어표현교육론,A,전공선택,"3, 4",3,"월요일(11:00~12:15), 수요일(09:30~10:45)","20401, 20401",김지혜,20230138,35/35,,,1,,대면,422170,한국어문학,2025,2,2학기
422170,한국어문학,2025,2,HK386,한국어사개론,A,전공필수,3,3,"목요일(13:00~14:15), 목요일(14:30~15:45)","18102, 18102",성은실,20250142,39/40,,,1,,대면,422170,한국어문학,2025,2,2학기
422170,한국어문학,2025,2,HK387,한국어어휘교육론,A,전공선택,3,3,"화요일(11:00~12:15), 목요일(09:30~10:45)","7105, 7105",강소영,20250125,24/45,,,1,,대면,422170,한국어문학,2025,2,2학기
422170,한국어문학,2025,2,HK388,현대작가탐구,A,전공선택,3,3,"화요일(13:00~14:15), 화요일(14:30~15:45)","20507, 20507",심동수,20250145,18/50,,,1,,대면,422170,한국어문학,2025,2,2학기
422170,한국어문학,2025,2,HK389,고전소설탐구,A,전공선택,3,3,"목요일(16:00~17:15), 목요일(17:30~18:45)","18104, 18104",윤은정,20250149,10/40,,,1,,대면,422170,한국어문학,2025,2,2학기
422170,한국어문학,2025,2,HK390,한국문학사탐구2,A,전공선택,3,3,"월요일(13:00~14:15), 수요일(13:00~14:15)","20401, 20401",유문선,20240189,14/35,,,1,,대면,422170,한국어문학,2025,2,2학기
422170,한국어문학,2025,2,HK419,졸업논문,A,전공필수,4,(3),,,김지혜,20230138,34/50,,,1,,N,422170,한국어문학,2025,2,2학기
422170,한국어문학,2025,2,HK446,구비문학탐구,A,전공선택,"3, 4",3,"월요일(09:30~10:45), 수요일(11:00~12:15)","20401, 20401",유형동,20220034,30/35,,,1,,대면,422170,한국어문학,2025,2,2학기
422170,한국어문학,2025,2,HK447,한국어교재론,A,전공선택,"3, 4",3,"화요일(09:30~10:45), 목요일(11:00~12:15)","18110, 18110",김혜련,20250044,14/40,,,1,,대면,422170,한국어문학,2025,2,2학기
422170,한국어문학,2025,2,HK448,대조언어학론,A,전공선택,"3, 4",3,"화요일(09:30~10:45), 목요일(11:00~12:15)","20401, 20401",김지혜,20230138,20/35,,,1,,대면,422170,한국어문학,2025,2,2학기
422170,한국어문학,2025,2,PD001,자기설계기초,A3,일반선택,"2, 3, 4",3,,,유형동,20220034,1/5,지정된 학생외 수강금지,,0,,N,422170,한국어문학,2025,2,2학기
422170,한국어문학,2025,2,PD004,도전설계기초,A1,일반선택,"2, 3, 4",3,,,유형동,20220034,1/5,지정된 학생외 수강금지,,0,,N,422170,한국어문학,2025,2,2학기
422180,한국사학,2025,2,GP676,야외고고학,A,학석연계,4,3,,,이형원,20210030,1/10,필헌관 2210 화13:00~15:45,,0,,대면,422180,한국사학,2025,2,2학기
422180,한국사학,2025,2,GP678,기록관리실습,A,학석연계,4,3,,,조민지,20250166,1/10,필헌관 2305  수19:00~21:45,,0,,대면,422180,한국사학,2025,2,2학기
422180,한국사학,2025,2,HH117,문화유산콘텐츠,A,전공선택,3,3,"목요일(13:00~14:15), 목요일(14:30~15:45)","20402, 20402",정해득,20140042,22/60,,,1,,대면,422180,한국사학,2025,2,2학기
422180,한국사학,2025,2,HH119,구술아카이빙,A,전공선택,"2, 3",3,"월요일(16:00~17:15), 수요일(17:30~18:45)","20402, 20402",이영남,20170017,20/60,,,0,,대면,422180,한국사학,2025,2,2학기
422180,한국사학,2025,2,HH120,기록인류학,A,전공선택,"2, 3",3,"월요일(09:30~10:45), 수요일(11:00~12:15)","20402, 20402",이영남,20170017,36/60,,,0,,대면,422180,한국사학,2025,2,2학기
422180,한국사학,2025,2,HH121,세상을바꾸는기록이야기,A,전공선택,"2, 3",3,"목요일(16:00~17:15), 목요일(17:30~18:45)","20402, 20402",이경래,20250151,22/60,,,1,,대면,422180,한국사학,2025,2,2학기
422180,한국사학,2025,2,HH123,공공역사와역사콘텐츠,A,전공선택,3,3,"월요일(14:30~15:45), 수요일(14:30~15:45)","20402, 20402",정무용,20230010,47/60,,,1,,대면,422180,한국사학,2025,2,2학기
422180,한국사학,2025,2,HH238,서양사입문,A,전공선택,2,3,"금요일(09:30~10:45), 금요일(11:00~12:15)","18212-1, 18212-1",이시연,20250154,23/50,,,1,,대면,422180,한국사학,2025,2,2학기
422180,한국사학,2025,2,HH270,역사고고학,A,전공선택,"2, 3",3,"화요일(16:00~17:15), 화요일(17:30~18:45)","20502, 20502",이형원,20210030,12/38,,,1,,대면,422180,한국사학,2025,2,2학기
422180,한국사학,2025,2,HH273,디지털박물관학,A,전공선택,2,3,"화요일(13:00~14:15), 화요일(14:30~15:45)","20402, 20402",김한상,20240045,39/60,,,1,,대면,422180,한국사학,2025,2,2학기
422180,한국사학,2025,2,HH309,한국여성사,A,전공선택,"3, 4",3,"금요일(13:00~14:15), 금요일(14:30~15:45)","20402, 20402",이미선,20250197,17/60,,,1,,대면,422180,한국사학,2025,2,2학기
422180,한국사학,2025,2,HH331,한국중세사,A,전공선택,2,3,"월요일(11:00~12:15), 수요일(09:30~10:45)","20402, 20402",정해득,20140042,27/60,,,1,,대면,422180,한국사학,2025,2,2학기
422180,한국사학,2025,2,HH332,한국근대사,A,전공선택,"3, 4",3,"금요일(16:00~17:15), 금요일(17:30~18:45)","20402, 20402",정경민,20250021,33/60,,,1,,대면,422180,한국사학,2025,2,2학기
422180,한국사학,2025,2,HH407,한국사사료읽기2,A,전공필수,2,2,"화요일(11:00~12:15), 목요일(09:30~10:45)","20402, 20402",정해득,20140042,26/60,,,1,,대면,422180,한국사학,2025,2,2학기
422180,한국사학,2025,2,HH411,졸업논문,A,전공필수,4,(3),,,정무용,20230010,38/50,P/NP. 전공(복수포함)자 // 전공(복수포함)자,,1,,N,422180,한국사학,2025,2,2학기
422180,한국사학,2025,2,HH460,고고자료의정리와해석,A,전공선택,"3, 4",3,"월요일(17:30~18:45), 수요일(16:00~17:15)","20402, 20402",이형원,20210030,15/60,,,1,,대면,422180,한국사학,2025,2,2학기
422180,한국사학,2025,2,HH471,학술답사B,A,전공필수,2,.5,금요일(09:30~10:20),20402,이형원,20210030,27/60,,,1,,대면,422180,한국사학,2025,2,2학기
422180,한국사학,2025,2,HH473,학술답사D,A,전공필수,3,.5,금요일(11:00~11:50),20402,정무용,20230010,23/60,,,1,,대면,422180,한국사학,2025,2,2학기
422180,한국사학,2025,2,PD001,자기설계기초,A4,일반선택,"2, 3, 4",3,,,이영남,20170017,1/5,지정된 학생외 수강금지,,0,,N,422180,한국사학,2025,2,2학기
422190,중국어문화콘텐츠학,2025,2,DC134,동아시아의전통문화,A,전공선택,2,3,,,김용표,20190301,49/50,한중콘텐츠전공과목 // 교내온라인,,1,,교내온라인,422190,중국어문화콘텐츠학,2025,2,2학기
422190,중국어문화콘텐츠학,2025,2,DC155,중국문화산업트랜드,A,전공선택,3,3,"월요일(14:30~15:45), 수요일(14:30~15:45)","18110, 18110",김남희,20200038,17/40,한중콘텐츠전공과목,,1,,대면,422190,중국어문화콘텐츠학,2025,2,2학기
422190,중국어문화콘텐츠학,2025,2,DC461,한중문화관광콘텐츠제작실습,A,전공선택,3,3,"화요일(16:00~17:15), 화요일(17:30~18:45)","18110, 18110",최정규,20250202,14/40,한중콘텐츠전공과목,,2,,대면,422190,중국어문화콘텐츠학,2025,2,2학기
422190,중국어문화콘텐츠학,2025,2,DC578,한중문화상품개발론,A,전공선택,3,3,화요일(11:00~12:15),18110,송주현,20130175,27/40,한중콘텐츠전공과목,,1,,블랜디드,422190,중국어문화콘텐츠학,2025,2,2학기
422190,중국어문화콘텐츠학,2025,2,DC599,한중지역콘텐츠분석,A,전공선택,2,3,"월요일(13:00~14:15), 수요일(13:00~14:15)","18110, 18110",최민성,20090008,29/40,한중콘텐츠전공과목,,1,,대면,422190,중국어문화콘텐츠학,2025,2,2학기
422190,중국어문화콘텐츠학,2025,2,DC601,한중영상문화분석,A,전공선택,2,3,"화요일(14:30~15:45), 목요일(14:30~15:45)","18110, 18110",최민성,20090008,17/40,한중콘텐츠전공과목,,1,,대면,422190,중국어문화콘텐츠학,2025,2,2학기
422190,중국어문화콘텐츠학,2025,2,DC608,전공중국어Ⅱ,A,전공선택,2,3,"월요일(17:30~18:45), 수요일(16:00~17:15)","18110, 18110",김남희,20200038,14/40,한중콘텐츠전공과목,,1,,대면,422190,중국어문화콘텐츠학,2025,2,2학기
422190,중국어문화콘텐츠학,2025,2,DC615,OJT1,A,전공선택,4,9,,,김남희,20200038,2/30,2025년 IPP형 일학습병행 참여학생만 수강 가능,,1,,N,422190,중국어문화콘텐츠학,2025,2,2학기
422190,중국어문화콘텐츠학,2025,2,HC219,HSK4급Ⅱ,A,전공선택,"2, 3, 4",3,목요일(11:00~12:15),7107,장정해,19930050,9/40,HSK 6급 이상 학생 수강 금지/ 중국어문전공과목,,1,,블랜디드,422190,중국어문화콘텐츠학,2025,2,2학기
422190,중국어문화콘텐츠학,2025,2,HC227,역사를움직인중국의여인,A,전공선택,"2, 3, 4",3,"월요일(13:00~14:15), 수요일(13:00~14:15)","7107, 7107",장정해,19930050,25/40,중국어문전공과목,,1,,대면,422190,중국어문화콘텐츠학,2025,2,2학기
422190,중국어문화콘텐츠학,2025,2,HC317,중국문화의이해Ⅱ,A,전공선택,"2, 3, 4",3,목요일(09:30~10:45),7107,장정해,19930050,19/40,중국어문전공과목,,1,,블랜디드,422190,중국어문화콘텐츠학,2025,2,2학기
422190,중국어문화콘텐츠학,2025,2,HC321,영상중국어Ⅱ,A,전공선택,"2, 3, 4",3,,,문미진,20190194,44/50,중국어문전공과목 // 교내온라인,,1,,교내온라인,422190,중국어문화콘텐츠학,2025,2,2학기
422190,중국어문화콘텐츠학,2025,2,HC322,HSK실습Ⅱ,A,전공선택,"2, 3, 4",3,,,진연,20230038,16/50,중국어문전공과목 // 교내온라인,,1,,교내온라인,422190,중국어문화콘텐츠학,2025,2,2학기
422190,중국어문화콘텐츠학,2025,2,HC395,의료서비스회화,A,전공선택,"2, 3, 4",3,,,진연,20230038,27/50,중국어문전공과목 // 교내온라인,,1,,교내온라인,422190,중국어문화콘텐츠학,2025,2,2학기
422190,중국어문화콘텐츠학,2025,2,HC397,그림으로읽는한국과중국의길상문화,A,전공선택,"2, 3, 4",3,화요일(14:30~15:45),7107,문미진,20190194,50/50,중국어문전공과목,,1,,블랜디드,422190,중국어문화콘텐츠학,2025,2,2학기
422190,중국어문화콘텐츠학,2025,2,HC584,중국관광지리,A,전공선택,"2, 3, 4",3,,,문미진,20190194,48/50,중국어문전공과목 // 교내온라인,,1,,교내온라인,422190,중국어문화콘텐츠학,2025,2,2학기
422190,중국어문화콘텐츠학,2025,2,HC595,초급중국어회화Ⅱ,A,전공선택,2,3,"화요일(16:00~17:15), 화요일(17:30~18:45)","8101, 8101",문미진,20190194,17/40,중국어문전공과목,,1,,대면,422190,중국어문화콘텐츠학,2025,2,2학기
422190,중국어문화콘텐츠학,2025,2,HC616,중급중국어회화Ⅱ,A,전공필수,"2, 3",1,월요일(11:00~12:40),3408,PANG LI,20120123,13/30,홀수학번/분반 변경은 반드시 교수 허락을 받아야 함/ 중국어문전공과목,,1,,대면,422190,중국어문화콘텐츠학,2025,2,2학기
422190,중국어문화콘텐츠학,2025,2,HC616,중급중국어회화Ⅱ,B,전공필수,"2, 3",1,수요일(11:00~12:40),3408,PANG LI,20120123,14/30,짝수학번/ 분반 변경은 반드시 교수 허락을 받아야 함/ 중국어문전공과목,,1,,대면,422190,중국어문화콘텐츠학,2025,2,2학기
422190,중국어문화콘텐츠학,2025,2,HC617,HSK5급Ⅱ,A,전공필수,"3, 4",2,"금요일(13:00~14:15), 금요일(14:30~15:45)","7107, 7107",문미진,20190194,24/40,중국어문전공과목,,1,,대면,422190,중국어문화콘텐츠학,2025,2,2학기
422200,디지털영상문화콘텐츠학,2025,2,DV104,영상문화산업의이해,A,전공선택,2,3,"월요일(11:00~12:15), 수요일(09:30~10:45)","18105, 18105",김윤성,20060020,48/60,,,1,,대면,422200,디지털영상문화콘텐츠학,2025,2,2학기
422200,디지털영상문화콘텐츠학,2025,2,DV201,문화콘텐츠의기술사적이해,A,전공선택,2,3,"화요일(13:00~14:15), 화요일(14:30~15:45)","18105, 18105",박민하,20250138,64/60,,,1,,대면,422200,디지털영상문화콘텐츠학,2025,2,2학기
422200,디지털영상문화콘텐츠학,2025,2,DV213,축제콘텐츠분석및기획워크숍,A,전공선택,2,3,"화요일(16:00~17:15), 화요일(17:30~18:45)","18105, 18105",박민하,20250138,43/40,디영문콘/디문콘/영상문화 전공자(복수포함)에 한함 // 전공(복수포함)자,,1,,대면,422200,디지털영상문화콘텐츠학,2025,2,2학기
422200,디지털영상문화콘텐츠학,2025,2,DV217,트랜스미디어콘텐츠분석및기획실습,A,전공선택,2,3,"금요일(09:30~10:45), 금요일(11:00~12:15)","18105, 18105",장해라,20250161,31/40,디영문콘/디문콘/영상문화 전공자(복수포함)에 한함 // 전공(복수포함)자,,1,,대면,422200,디지털영상문화콘텐츠학,2025,2,2학기
422200,디지털영상문화콘텐츠학,2025,2,DV218,영상미학,A,전공선택,2,3,"목요일(13:00~14:15), 목요일(14:30~15:45)","18105, 18105",박미영,20250137,59/60,,,1,,대면,422200,디지털영상문화콘텐츠학,2025,2,2학기
422200,디지털영상문화콘텐츠학,2025,2,DV220,영화제현장학습2,A,전공선택,2,2,수요일(11:00~12:40),18105,이종현,20230011,38/50,P/NP 디영문콘/디문콘/영상문화 전공자(한국인) 신청/ 타과생 수강금지 // 전공(복수포함)자,,1,,대면,422200,디지털영상문화콘텐츠학,2025,2,2학기
422200,디지털영상문화콘텐츠학,2025,2,DV220,영화제현장학습2,B,전공선택,2,2,수요일(11:00~12:40),18212,김윤성,20060020,16/50,P/NP. 디영문콘/디문콘/영상문화 전공자(외국인) 및 복수전공자 신청 // 전공(복수포함)자,,1,,대면,422200,디지털영상문화콘텐츠학,2025,2,2학기
422200,디지털영상문화콘텐츠학,2025,2,DV304,방송영상콘텐츠분석및제작워크숍,A,전공선택,3,3,"월요일(14:30~15:45), 수요일(14:30~15:45)","18105, 18105",이종현,20230011,38/40,디영문콘/디문콘/영상문화 전공자(복수포함)에 한함 // 전공(복수포함)자,,1,,대면,422200,디지털영상문화콘텐츠학,2025,2,2학기
422200,디지털영상문화콘텐츠학,2025,2,DV308,"영상문화와젠더,섹슈얼리티",A,전공선택,3,3,"목요일(16:00~17:15), 목요일(17:30~18:45)","18105, 18105",박미영,20250137,41/60,,,1,,대면,422200,디지털영상문화콘텐츠학,2025,2,2학기
422200,디지털영상문화콘텐츠학,2025,2,DV313,콘텐츠투어리즘사례분석및기획실습,A,전공선택,3,3,"금요일(13:00~14:15), 금요일(14:30~15:45)","18105, 18105",장해라,20250161,38/40,디영문콘/디문콘/영상문화 전공자(복수포함)에 한함 // 전공(복수포함)자,,1,,대면,422200,디지털영상문화콘텐츠학,2025,2,2학기
422200,디지털영상문화콘텐츠학,2025,2,DV316,단편영화분석및제작워크숍,A,전공선택,3,3,"목요일(13:00~14:15), 목요일(14:30~15:45)","18104, 18104",이종현,20230011,25/40,디영문콘/디문콘/영상문화 전공자(복수포함)에 한함 // 전공(복수포함)자,,1,,대면,422200,디지털영상문화콘텐츠학,2025,2,2학기
422200,디지털영상문화콘텐츠학,2025,2,DV317,문화콘텐츠비평의이론과실제,A,전공선택,3,3,"화요일(13:00~14:15), 화요일(14:30~15:45)","18420, 18420",배현주,20250140,59/60,,,1,,대면,422200,디지털영상문화콘텐츠학,2025,2,2학기
422200,디지털영상문화콘텐츠학,2025,2,DV329,세계유네스코콘텐츠탐사Ⅲ,A,전공선택,3,2,화요일(11:00~12:40),18105,"김윤성, 신광철",20060020,18/40,P/NP. 디영문콘/디문콘/영상문화 소속 전공자에 한함 / 복수전공자 및 타과생 수강금지 // 전공(복수포함)자,,1,,대면,422200,디지털영상문화콘텐츠학,2025,2,2학기
422200,디지털영상문화콘텐츠학,2025,2,DV406,문화콘텐츠산업정책및제도,A,전공선택,4,3,"화요일(16:00~17:15), 화요일(17:30~18:45)","18421, 18421",배현주,20250140,37/60,,,1,,대면,422200,디지털영상문화콘텐츠학,2025,2,2학기
422200,디지털영상문화콘텐츠학,2025,2,DV419,졸업논문,A,전공필수,4,(3),,,김윤성,20060020,57/60,P/NP. 전공(복수포함)자 // 전공(복수포함)자,,1,,N,422200,디지털영상문화콘텐츠학,2025,2,2학기
422200,디지털영상문화콘텐츠학,2025,2,DV421,OJT1,A,전공선택,4,9,,,김윤성,20060020,4/30,2025년 IPP형 일학습병행 참여학생만 수강 가능,,1,,N,422200,디지털영상문화콘텐츠학,2025,2,2학기
422200,디지털영상문화콘텐츠학,2025,2,DV429,영상시나리오분석및창작워크숍,A,전공선택,2,3,"월요일(13:00~14:15), 수요일(13:00~14:15)","18105, 18105",이종현,20230011,53/40,디영문콘/디문콘/영상문화 전공자(복수포함)에 한함 // 전공(복수포함)자,,1,,대면,422200,디지털영상문화콘텐츠학,2025,2,2학기
422200,디지털영상문화콘텐츠학,2025,2,PD001,자기설계기초,A1,일반선택,"2, 3, 4",3,,,신광철,19960087,3/5,지정된 학생외 수강금지,,0,,N,422200,디지털영상문화콘텐츠학,2025,2,2학기
422200,디지털영상문화콘텐츠학,2025,2,PD001,자기설계기초,A2,일반선택,"2, 3, 4",3,,,김윤성,20060020,2/5,지정된 학생외 수강금지,,0,,N,422200,디지털영상문화콘텐츠학,2025,2,2학기
422210,K-문화예술학,2025,2,KA012,무용연기법,A,전공선택,"1, 2, 3, 4",3,"목요일(16:00~17:15), 목요일(17:30~18:45)","10203, 10203",김환희,20230047,13/15,외국인유학생전용,,0,,대면,422210,K-문화예술학,2025,2,2학기
422210,K-문화예술학,2025,2,KA016,K-pop전공실기Ⅰ,A,전공선택,"1, 2, 3, 4",3,"화요일(16:00~17:15), 화요일(17:30~18:45)","10203, 10203",강형모,20230137,14/15,외국인유학생전용,,1,,대면,422210,K-문화예술학,2025,2,2학기
422210,K-문화예술학,2025,2,KA027,K-영화와한국문화1,A,전공선택,"1, 2, 3, 4",3,"화요일(13:00~14:15), 화요일(14:30~15:45)","3308, 3308",PANG LI,20120123,15/15,외국인유학생전용,,1,,대면,422210,K-문화예술학,2025,2,2학기
422210,K-문화예술학,2025,2,KA034,토픽 5급,A,전공선택,"1, 2, 3, 4",3,"금요일(09:30~10:45), 금요일(11:00~12:15)","3412, 3412",김연숙,20250133,15/15,외국인유학생전용,,1,,대면,422210,K-문화예술학,2025,2,2학기
422210,K-문화예술학,2025,2,KA042,스포츠의이해,A,전공선택,"1, 2, 3, 4",3,"화요일(11:00~12:15), 목요일(09:30~10:45)","2202, 2202",정예수,20208014,15/15,외국인유학생전용,,1,,대면,422210,K-문화예술학,2025,2,2학기
423110,중국학,2025,2,HN212,중국경제개론,A,전공필수,2,3,"화요일(09:30~10:45), 목요일(11:00~12:15)","20501, 20501",이일영,19970044,14/70,,,1,,대면,423150,동아시아통상학,2025,2,2학기
423110,중국학,2025,2,HN213,중국사회개론,A,전공선택,2,3,"월요일(13:00~14:15), 수요일(13:00~14:15)","20301, 20301",유은하,20190136,17/50,,,1,,대면,423150,동아시아통상학,2025,2,2학기
423110,중국학,2025,2,HN257,현대중국인물탐구,A,전공선택,2,3,"화요일(11:00~12:15), 목요일(09:30~10:45)","20501, 20501",주장환,20080160,16/50,,,1,,대면,423150,동아시아통상학,2025,2,2학기
423110,중국학,2025,2,HN269,중국어회화Ⅱ,A,전공선택,2,3,"월요일(14:30~15:45), 수요일(14:30~15:45)","3321, 3321",김도희,20050055,15/30,,,1,,대면,423150,동아시아통상학,2025,2,2학기
423110,중국학,2025,2,HN287,실용중국어회화2,A,전공선택,"3, 4",3,"월요일(13:00~14:15), 수요일(13:00~14:15)","20501, 20501",황선미,20190193,13/45,,,1,,대면,423150,동아시아통상학,2025,2,2학기
423110,중국학,2025,2,HN375,영화와현대중국,A,전공선택,"3, 4",3,"월요일(11:00~12:15), 수요일(09:30~10:45)","20501, 20501",유은하,20190136,15/50,,,1,,대면,423150,동아시아통상학,2025,2,2학기
423110,중국학,2025,2,HN392,중화권문학과문화,A,전공선택,"3, 4",3,"화요일(16:00~17:15), 화요일(17:30~18:45)","20501, 20501",황선미,20190193,27/50,,,1,,대면,423150,동아시아통상학,2025,2,2학기
423110,중국학,2025,2,HN401,한중관계론,A,전공선택,"3, 4",3,,,주장환,20080160,48/50,  // 교내온라인,,1,,교내온라인,423150,동아시아통상학,2025,2,2학기
423110,중국학,2025,2,HN415,중국어통번역실습,A,전공선택,"3, 4",3,"월요일(14:30~15:45), 수요일(14:30~15:45)","20501, 20501",황선미,20190193,15/30,,,1,,대면,423150,동아시아통상학,2025,2,2학기
423110,중국학,2025,2,HN419,졸업논문,A,전공필수,4,(3),,,황선미,20190193,28/40,,,1,,N,423150,동아시아통상학,2025,2,2학기
423110,중국학,2025,2,HN481,OJT1,A,전공선택,4,9,,,황선미,20190193,1/40,,,1,,N,423150,동아시아통상학,2025,2,2학기
423120,일본학,2025,2,HJ129,초급일본어회화2,A,전공선택,2,2,"화요일(09:30~10:45), 목요일(11:00~12:15)","7103, 7103",YOSHIDA SAORI,20250084,32/40,,,1,,대면,423120,일본학,2025,2,2학기
423120,일본학,2025,2,HJ220,일본정치의이해,A,전공선택,2,3,"금요일(13:00~14:15), 금요일(14:30~15:45)","7103, 7103",유민영,20250147,34/40,,,1,,대면,423120,일본학,2025,2,2학기
423120,일본학,2025,2,HJ251,일본어작문,A,전공선택,3,3,"월요일(14:30~15:45), 수요일(14:30~15:45)","7103, 7103",YOSHIDA SAORI,20250084,17/20,전공(복수포함)자,,1,,대면,423120,일본학,2025,2,2학기
423120,일본학,2025,2,HJ261,동아시아와일본문학,A,전공선택,2,3,"월요일(13:00~14:15), 수요일(13:00~14:15)","7103, 7103",김계자,20190276,50/50,,,1,,대면,423120,일본학,2025,2,2학기
423120,일본학,2025,2,HJ264,중급일본어Ⅱ,A,전공선택,2,3,"화요일(13:00~14:15), 화요일(14:30~15:45)","7103, 7103",소리마치 마스미,20240145,30/30,,,1,,대면,423120,일본학,2025,2,2학기
423120,일본학,2025,2,HJ268,일본사회와문화,A,전공선택,2,3,"목요일(13:00~14:15), 목요일(14:30~15:45)","7103, 7103",염동호,20190191,30/40,,,1,,대면,423120,일본학,2025,2,2학기
423120,일본학,2025,2,HJ270,일본학조사연구Ⅱ,A,전공필수,2,3,"금요일(09:30~10:45), 금요일(11:00~12:15)","18211-1, 18211-1",송주명,19990049,33/50,전공(복수포함)자,,1,,대면,423120,일본학,2025,2,2학기
423120,일본학,2025,2,HJ304,한일관계사,A,전공선택,3,3,"월요일(11:00~12:15), 수요일(09:30~10:45)","7103, 7103",하종문,19960016,14/40,,,1,,대면,423120,일본학,2025,2,2학기
423120,일본학,2025,2,HJ336,비즈니스일본어,A,전공선택,3,3,"화요일(16:00~17:15), 화요일(17:30~18:45)","7103, 7103",소리마치 마스미,20240145,20/30,,,1,,대면,423120,일본학,2025,2,2학기
423120,일본학,2025,2,HJ360,일본학조사연구Ⅳ,A,전공필수,3,3,"금요일(09:30~10:45), 금요일(11:00~12:15)","18212, 18212",하종문,19960016,26/50,전공(복수포함)자,,1,,대면,423120,일본학,2025,2,2학기
423120,일본학,2025,2,HJ419,졸업논문,A,전공필수,4,(3),,,송주명,19990049,42/50,전공(복수포함)자,,1,,N,423120,일본학,2025,2,2학기
423120,일본학,2025,2,HJ461,시청각일본어,A,전공선택,3,3,"화요일(11:00~12:15), 목요일(09:30~10:45)","7103, 7103",YOSHIDA SAORI,20250084,20/50,,,1,,대면,423120,일본학,2025,2,2학기
423120,일본학,2025,2,HJ466,현대일본사회조사,A,전공선택,3,3,"금요일(16:00~17:15), 금요일(17:30~18:45)","7103, 7103",유민영,20250147,18/40,,,1,,대면,423120,일본학,2025,2,2학기
423120,일본학,2025,2,PD001,자기설계기초,B1,일반선택,"2, 3, 4",3,,,송주명,19990049,2/5,지정된 학생외 수강금지,,0,,N,423120,일본학,2025,2,2학기
423130,국제경제학,2025,2,EI215,국제무역론,A,전공선택,2,3,"목요일(13:00~14:15), 목요일(14:30~15:45)","7104, 7104",남혜지,20230109,46/50,,,1,,대면,423160,경제금융학,2025,2,2학기
423130,국제경제학,2025,2,EI219,증권경제론,A,전공선택,3,3,"월요일(14:30~15:45), 수요일(14:30~15:45)","7106, 7106",정지영,20190192,50/50,,,1,,대면,423160,경제금융학,2025,2,2학기
423130,국제경제학,2025,2,EI250,금융거시경제론,A,전공필수,2,3,"월요일(09:30~10:45), 수요일(11:00~12:15)","20501, 20501",연제호,20240018,26/60,,,1,,대면,423160,경제금융학,2025,2,2학기
423130,국제경제학,2025,2,EI255,화폐경제와금융,A,전공선택,3,3,"월요일(17:30~18:45), 수요일(16:00~17:15)","7106, 7106",정지영,20190192,18/50,,,1,,대면,423160,경제금융학,2025,2,2학기
423130,국제경제학,2025,2,EI268,실용미시경제론,A,전공선택,"2, 3",3,"화요일(16:00~17:15), 화요일(17:30~18:45)","7104, 7104",정지영,20190192,47/50,,,1,,대면,423160,경제금융학,2025,2,2학기
423130,국제경제학,2025,2,EI344,무역영어,A,전공선택,"3, 4",3,"화요일(09:30~10:45), 목요일(11:00~12:15)","7104, 7104",정희진,20230012,34/40,,,1,,대면,423160,경제금융학,2025,2,2학기
423130,국제경제학,2025,2,EI344,무역영어,B,전공선택,"3, 4",3,"화요일(11:00~12:15), 목요일(09:30~10:45)","7104, 7104",정희진,20230012,21/40,,,1,,대면,423160,경제금융학,2025,2,2학기
423130,국제경제학,2025,2,EI375,부동산경제학,A,전공선택,"3, 4",3,"목요일(13:00~14:15), 목요일(14:30~15:45)","7215, 7215",이종권,20250156,24/50,,,1,,대면,423160,경제금융학,2025,2,2학기
423130,국제경제학,2025,2,EI381,국제무역과결제,A,전공선택,"3, 4",3,"월요일(13:00~14:15), 수요일(13:00~14:15)","7104, 7104",정희진,20230012,49/50,,,1,,대면,423160,경제금융학,2025,2,2학기
423130,국제경제학,2025,2,EI384,한국경제의미래,A,전공선택,"3, 4",3,"화요일(13:00~14:15), 화요일(14:30~15:45)","7104, 7104",조영철,20250217,34/50,,,1,,대면,423160,경제금융학,2025,2,2학기
423130,국제경제학,2025,2,EI411,졸업논문,A,전공필수,4,(3),,,정희진,20230012,55/55,,,0,,N,423160,경제금융학,2025,2,2학기
423130,국제경제학,2025,2,EI469,계량경제학,A,전공선택,"3, 4",3,"월요일(11:00~12:15), 수요일(09:30~10:45)","20308, 20308",연제호,20240018,8/50,,,1,,대면,423160,경제금융학,2025,2,2학기
423130,국제경제학,2025,2,EI472,사회보험론,A,전공선택,"3, 4",3,"금요일(09:30~10:45), 금요일(11:00~12:15)","7104, 7104",김혜성,20250135,22/50,,,1,,대면,423160,경제금융학,2025,2,2학기
423130,국제경제학,2025,2,EI478,관세법,A,전공선택,"3, 4",3,"목요일(16:00~17:15), 목요일(17:30~18:45)","7104, 7104",남혜지,20230109,20/50,,,1,,대면,423160,경제금융학,2025,2,2학기
423130,국제경제학,2025,2,PD001,자기설계기초,F1,일반선택,"2, 3, 4",3,,,정지영,20190192,3/5,지정된 학생외 수강금지,,0,,N,423160,경제금융학,2025,2,2학기
423140,경제학,2025,2,EE105,경제수학,A,전공선택,2,3,"월요일(14:30~15:45), 수요일(14:30~15:45)","20301, 20301",정재현,20250126,41/41,,,1,,대면,423160,경제금융학,2025,2,2학기
423140,경제학,2025,2,EE235,정치경제학,A,전공필수,2,3,"화요일(09:30~10:45), 목요일(11:00~12:15)","20301, 20301",성락선,19960085,28/48,,,1,,대면,423160,경제금융학,2025,2,2학기
423140,경제학,2025,2,EE237,근대경제사,A,전공선택,2,3,"화요일(13:00~14:15), 목요일(13:00~14:15)","20301, 20301",성락선,19960085,22/48,,,1,,대면,423160,경제금융학,2025,2,2학기
423140,경제학,2025,2,EE331,화폐금융론,A,전공선택,3,3,"월요일(16:00~17:15), 수요일(17:30~18:45)","20301, 20301",최미호,20250168,17/48,,,1,,대면,423160,경제금융학,2025,2,2학기
423140,경제학,2025,2,EE340,현대자본주의론,A,전공선택,3,3,"화요일(13:00~14:15), 화요일(14:30~15:45)","7215, 7215",양우진,20240190,35/48,,,1,,대면,423160,경제금융학,2025,2,2학기
423140,경제학,2025,2,EE364,경제변동론,A,전공선택,3,3,"월요일(17:30~18:45), 수요일(16:00~17:15)","20301, 20301",최미호,20250168,19/48,,,1,,대면,423160,경제금융학,2025,2,2학기
423140,경제학,2025,2,EE366,미시경제학,A,전공필수,2,3,"월요일(09:30~10:45), 수요일(11:00~12:15)","20301, 20301",한재명,20240069,45/48,,,1,,대면,423160,경제금융학,2025,2,2학기
423140,경제학,2025,2,EE382,조세경제학,A,전공선택,3,3,"화요일(11:00~12:15), 목요일(09:30~10:45)","20301, 20301",한재명,20240069,45/48,,,1,,대면,423160,경제금융학,2025,2,2학기
423140,경제학,2025,2,EE411,졸업논문,A,전공필수,4,(3),,,성락선,19960085,23/48,마지막 학기생 신청,,1,,N,423160,경제금융학,2025,2,2학기
423140,경제학,2025,2,EE441,경제학특강,A,전공선택,4,3,"월요일(14:30~15:45), 수요일(14:30~15:45)","20502, 20502",고기영,20130146,12/48,,,1,,대면,423160,경제금융학,2025,2,2학기
423140,경제학,2025,2,EE443,노사관계와노동조합,A,전공선택,3,3,"월요일(11:00~12:15), 수요일(09:30~10:45)","20301, 20301",정재현,20250126,39/48,,,1,,대면,423160,경제금융학,2025,2,2학기
423140,경제학,2025,2,EF303,응용계량경제학,A,전공선택,3,3,"화요일(14:30~15:45), 목요일(14:30~15:45)","18308, 18308",한재명,20240069,14/30,,,1,,대면,423160,경제금융학,2025,2,2학기
423210,글로벌인재학,2025,2,HI119,글로벌사회의이해,A,전공선택,2,3,"월요일(09:30~10:45), 수요일(11:00~12:15)","20306, 20306",백준기,19990060,27/30,,,1,,대면,,,2025,2,2학기
423210,글로벌인재학,2025,2,HI258,제국론,A,전공선택,"2, 3",3,"월요일(13:00~14:15), 수요일(13:00~14:15)","20507, 20507",백준기,19990060,32/30,,,1,,대면,,,2025,2,2학기
423210,글로벌인재학,2025,2,HI314,한미관계의이해,A,전공선택,"3, 4",3,수요일(14:30~15:45),20505,홍용덕,20250218,23/25,,,1,,블랜디드,,,2025,2,2학기
423210,글로벌인재학,2025,2,HI356,의회정치론,A,전공선택,"3, 4",3,"목요일(16:00~17:15), 목요일(17:30~18:45)","20501, 20501",조성대,20020021,13/30,,,1,,대면,,,2025,2,2학기
423210,글로벌인재학,2025,2,HI356,의회정치론,B,전공선택,"3, 4",3,"금요일(13:00~14:15), 금요일(14:30~15:45)","20306, 20306",최지나,20240174,8/40,외국인 유학생 전용 과목,,1,,대면,,,2025,2,2학기
423210,글로벌인재학,2025,2,HI369,전공논문과글쓰기,A,전공선택,"3, 4",3,"화요일(16:00~17:15), 화요일(17:30~18:45)","20306, 20306",이해영,19960013,19/25,,,0,,대면,,,2025,2,2학기
423210,글로벌인재학,2025,2,HI419,졸업논문,A,전공필수,4,(3),,,이해영,19960013,34/35,,,0,,N,,,2025,2,2학기
423210,글로벌인재학,2025,2,HI429,국제정치와경제학,A,전공선택,"3, 4",3,"월요일(13:00~14:15), 수요일(13:00~14:15)","20306, 20306",이해영,19960013,10/30,,,0,,대면,,,2025,2,2학기
423210,글로벌인재학,2025,2,HI430,신세계질서론,A,전공선택,"3, 4",3,"월요일(14:30~15:45), 수요일(14:30~15:45)","20306, 20306",이해영,19960013,17/25,,,0,,대면,,,2025,2,2학기
423210,글로벌인재학,2025,2,HI432,동서양사유의비교,A,전공필수,"3, 4",3,수요일(16:00~17:15),20506,박상남,20060141,19/30,,,1,,블랜디드,,,2025,2,2학기
423210,글로벌인재학,2025,2,HI434,비교정부론,A,전공선택,"3, 4",3,수요일(16:00~17:15),20306,송종운,20250212,19/25,,,0,,블랜디드,,,2025,2,2학기
423210,글로벌인재학,2025,2,HI435,미국사회와인권법,A,전공선택,"3, 4",3,"월요일(09:30~10:45), 수요일(11:00~12:15)","20505, 20505",조성대,20020021,20/30,,,1,,대면,,,2025,2,2학기
423210,글로벌인재학,2025,2,HI442,민주주의이론과현실,A,전공선택,"2, 3",3,"월요일(11:00~12:15), 수요일(09:30~10:45)","20505, 20505",조성대,20020021,21/30,,,1,,대면,,,2025,2,2학기
423210,글로벌인재학,2025,2,HI448,한반도통합문제세미나,A,전공선택,"3, 4",3,"월요일(11:00~12:15), 수요일(09:30~10:45)","20306, 20306",홍용덕,20250218,28/30,,,1,,대면,,,2025,2,2학기
423210,글로벌인재학,2025,2,HI455,국제통상론,A,전공선택,"3, 4",3,"목요일(13:00~14:15), 목요일(14:30~15:45)","20306, 20306",이해영,19960013,23/30,,,0,,대면,,,2025,2,2학기
423210,글로벌인재학,2025,2,SP419,졸업논문,A,전공필수,4,(3),,,이해영,19960013,22/30,,,0,,N,,,2025,2,2학기
423220,공공인재빅데이터융합학,2025,2,PS108,행정법,A,전공선택,"2, 3",3,"화요일(16:00~17:15), 화요일(17:30~18:45)","20507, 20507",강현,20240054,32/50,,,1,,대면,423220,공공인재빅데이터융합학,2025,2,2학기
423220,공공인재빅데이터융합학,2025,2,PS201,조사연구방법론,A,전공필수,"2, 3",3,"화요일(13:00~14:15), 화요일(14:30~15:45)","20401, 20401",박미영,20250206,35/45,,,0,,대면,423220,공공인재빅데이터융합학,2025,2,2학기
423220,공공인재빅데이터융합학,2025,2,PS216,공공인사관리,A,전공선택,"2, 3",3,"월요일(09:30~10:45), 수요일(11:00~12:15)","20507, 20507",윤건,20200035,18/50,,,1,,대면,423220,공공인재빅데이터융합학,2025,2,2학기
423220,공공인재빅데이터융합학,2025,2,PS229,데이터결합과정책,A,전공선택,2,3,"월요일(14:30~15:45), 수요일(14:30~15:45)","7301, 7301",윤건,20200035,24/30,,,1,,대면,423220,공공인재빅데이터융합학,2025,2,2학기
423220,공공인재빅데이터융합학,2025,2,PS230,사회과학데이터분석기초,A,전공선택,2,3,"목요일(13:00~14:15), 목요일(14:30~15:45)","20404, 20404",노승철,20210027,31/40,,,1,,대면,423220,공공인재빅데이터융합학,2025,2,2학기
423220,공공인재빅데이터융합학,2025,2,PS232,AI데이터개발과MLOps,A,전공선택,2,3,"월요일(16:00~17:15), 수요일(17:30~18:45)","7108, 7108",이석민,20200034,23/30,,,1,,대면,423220,공공인재빅데이터융합학,2025,2,2학기
423220,공공인재빅데이터융합학,2025,2,PS310,딥러닝영상처리,A,전공선택,"2, 3",3,"화요일(13:00~14:15), 화요일(14:30~15:45)","20404, 20404",이석민,20200034,13/25,,,1,,대면,423220,공공인재빅데이터융합학,2025,2,2학기
423220,공공인재빅데이터융합학,2025,2,PS315,시민참여,A,전공선택,"2, 3",3,"화요일(13:00~14:15), 목요일(13:00~14:15)","18210, 18210",장익현,20200052,32/55,,,1,,대면,423220,공공인재빅데이터융합학,2025,2,2학기
423220,공공인재빅데이터융합학,2025,2,PS323,소셜미디어빅데이터분석,A,전공선택,3,3,"화요일(11:00~12:15), 목요일(09:30~10:45)","20404, 20404",노승철,20210027,13/40,,,1,,대면,423220,공공인재빅데이터융합학,2025,2,2학기
423220,공공인재빅데이터융합학,2025,2,PS324,정책분석과평가방법,A,전공선택,3,3,"월요일(14:30~15:45), 수요일(14:30~15:45)","20507, 20507",이석민,20200034,16/30,,,1,,대면,423220,공공인재빅데이터융합학,2025,2,2학기
423220,공공인재빅데이터융합학,2025,2,PS325,행정사사례연습,A,전공선택,3,3,"화요일(11:00~12:15), 목요일(09:30~10:45)","20507, 20507",윤건,20200035,8/40,,,1,,대면,423220,공공인재빅데이터융합학,2025,2,2학기
423220,공공인재빅데이터융합학,2025,2,PS408,데이터기반정책관리,A,전공선택,"2, 3",3,"월요일(13:00~14:15), 수요일(13:00~14:15)","7301, 7301",윤건,20200035,41/35,,,1,,대면,423220,공공인재빅데이터융합학,2025,2,2학기
423220,공공인재빅데이터융합학,2025,2,PS415,GIS를이용한공간정보분석,A,전공선택,"2, 3",3,"월요일(11:00~12:15), 수요일(09:30~10:45)","20404, 20404",노승철,20210027,41/40,,,1,,대면,423220,공공인재빅데이터융합학,2025,2,2학기
423220,공공인재빅데이터융합학,2025,2,PS421,OJT1,A,전공선택,4,9,,,윤건,20200035,3/20,,,0,,N,423220,공공인재빅데이터융합학,2025,2,2학기
423220,공공인재빅데이터융합학,2025,2,PSA01,졸업논문,A,전공필수,4,(3),,,윤건,20200035,15/30,마지막학기생 신청/ 행정학 전공자 신청과목,,0,,N,423220,공공인재빅데이터융합학,2025,2,2학기
423220,공공인재빅데이터융합학,2025,2,PSB01,졸업논문,A,전공필수,4,(3),,,노승철,20210027,13/30,마지막학기생 신청/ 정책학 전공자 신청과목,,0,,N,423220,공공인재빅데이터융합학,2025,2,2학기
423300,경제통상·국제·공공인재융합계열,2025,2,EN008,글로벌경제입문,A,계열공통,1,3,"월요일(17:30~18:45), 수요일(16:00~17:15)","18212, 18212",정희진,20230012,52/50,,,1,,대면,,,2025,2,2학기
423300,경제통상·국제·공공인재융합계열,2025,2,EN008,글로벌경제입문,B,계열공통,1,3,"화요일(16:00~17:15), 화요일(17:30~18:45)","20301, 20301",정재현,20250126,29/50,,,1,,대면,,,2025,2,2학기
423300,경제통상·국제·공공인재융합계열,2025,2,EN011,기초중국어Ⅱ,A,계열공통,1,3,"월요일(16:00~17:15), 수요일(17:30~18:45)","20501, 20501","김도희, 황선미",20190193,21/30,,,1,,대면,,,2025,2,2학기
423300,경제통상·국제·공공인재융합계열,2025,2,EN011,기초중국어Ⅱ,B,계열공통,1,3,"월요일(16:00~17:15), 수요일(17:30~18:45)","20405, 20405","김도희, 황선미",20050055,23/30,,,1,,대면,,,2025,2,2학기
423300,경제통상·국제·공공인재융합계열,2025,2,EN012,동아시아통상학입문,A,계열공통,1,3,"화요일(16:00~17:15), 화요일(17:30~18:45)","3308, 3308",주장환,20080160,22/50,,,1,,대면,,,2025,2,2학기
423300,경제통상·국제·공공인재융합계열,2025,2,GH001,국제학입문,A,계열공통,1,3,"화요일(16:00~17:15), 화요일(17:30~18:45)","3423, 3423",박상남,20060141,35/35,,,1,,대면,,,2025,2,2학기
423300,경제통상·국제·공공인재융합계열,2025,2,GH001,국제학입문,B,계열공통,1,3,"목요일(16:00~17:15), 목요일(17:30~18:45)","20306, 20306",박상남,20060141,49/50,,,1,,대면,,,2025,2,2학기
423300,경제통상·국제·공공인재융합계열,2025,2,GH006,공공빅데이터분석입문,A,계열공통,1,3,"화요일(16:00~17:15), 화요일(17:30~18:45)","20404, 20404",노승철,20210027,47/40,,,1,,대면,,,2025,2,2학기
424100,경영·미디어계열,2025,2,BM001,경영의이해,A,계열공통,1,3,"화요일(16:00~17:15), 화요일(17:30~18:45)","7105, 7105",양영수,20210032,45/30,경영미디어계열1학년 수강신청 후 잔여좌석 재학생(타과가능) 수강가능,,1,,대면,424000,경영·미디어대학,2025,2,2학기
424100,경영·미디어계열,2025,2,BM001,경영의이해,B,계열공통,1,3,"금요일(09:30~10:45), 금요일(11:00~12:15)","18420, 18420",신재우,20240071,53/70,경영미디어계열1학년 수강신청 후 잔여좌석 재학생(타과가능) 수강가능,,1,,대면,424000,경영·미디어대학,2025,2,2학기
424100,경영·미디어계열,2025,2,BM002,회계의이해,A,계열공통,1,3,"월요일(16:00~17:15), 수요일(17:30~18:45)","18311, 18311",김병조,20140011,32/30,경영미디어계열1학년만수강(변경기간부터 전체계열수강신청가능) // 전공(복수포함)자,,1,,대면,424000,경영·미디어대학,2025,2,2학기
424100,경영·미디어계열,2025,2,BM002,회계의이해,B,계열공통,1,3,"화요일(16:00~17:15), 화요일(17:30~18:45)","7106, 7106",최지환,20230015,37/35,경영미디어계열1학년만수강(변경기간부터 전체계열수강신청가능),,1,,대면,424000,경영·미디어대학,2025,2,2학기
424100,경영·미디어계열,2025,2,BM002,회계의이해,C,계열공통,1,3,"월요일(17:30~18:45), 수요일(16:00~17:15)","18311, 18311",김병조,20140011,33/30,"2,3,4학년 재학생만 수강(1학년 제외) , 경영·미디어계열 신입생 수강금지",,1,,대면,424000,경영·미디어대학,2025,2,2학기
424100,경영·미디어계열,2025,2,BM004,통계의이해,A,계열공통,1,3,"화요일(16:00~17:15), 화요일(17:30~18:45)","7301, 7301",이남연,20170129,44/45,경영미디어계열1학년 수강신청 후 잔여좌석 재학생 수강가능,,1,,대면,424000,경영·미디어대학,2025,2,2학기
424100,경영·미디어계열,2025,2,BM004,통계의이해,B,계열공통,1,3,"금요일(09:30~10:45), 금요일(11:00~12:15)","18311, 18311",염건,20230143,26/50,경영미디어계열1학년 수강신청 후 잔여좌석 재학생 수강가능,,1,,대면,424000,경영·미디어대학,2025,2,2학기
424110,경영학,2025,2,EB111,마케팅관리론,A,전공필수,2,3,"화요일(09:30~10:45), 목요일(11:00~12:15)","18311, 18311",유현미,20240070,47/47,,,1,,대면,424110,경영학,2025,2,2학기
424110,경영학,2025,2,EB111,마케팅관리론,B,전공필수,2,3,"화요일(11:00~12:15), 목요일(09:30~10:45)","18311, 18311",유현미,20240070,44/47,,,1,,대면,424110,경영학,2025,2,2학기
424110,경영학,2025,2,EB112,경영을위한경제학,A,전공선택,2,3,"금요일(13:00~14:15), 금요일(14:30~15:45)","18311, 18311",이건범,20090026,45/40,,,1,,대면,424110,경영학,2025,2,2학기
424110,경영학,2025,2,EB202,리더십과조직문화,A,전공선택,2,3,"화요일(13:00~14:15), 목요일(13:00~14:15)","18311, 18311",김경민,20160030,52/40,,,1,,대면,424110,경영학,2025,2,2학기
424110,경영학,2025,2,EB202,리더십과조직문화,B,전공선택,2,3,"금요일(16:00~17:15), 금요일(17:30~18:45)","3405, 3405",손정현,20250199,27/30,,,1,,대면,424110,경영학,2025,2,2학기
424110,경영학,2025,2,EB218,중급재무회계2,A,전공선택,2,3,"월요일(13:00~14:15), 수요일(13:00~14:15)","20402, 20402",최지환,20230015,33/60,,,1,,대면,424110,경영학,2025,2,2학기
424110,경영학,2025,2,EB311,생산관리,A,전공필수,"3, 4",3,"월요일(09:30~10:45), 수요일(11:00~12:15)","18311, 18311",정의범,20210033,43/40,,,1,,대면,424110,경영학,2025,2,2학기
424110,경영학,2025,2,EB311,생산관리,B,전공필수,"3, 4",3,"월요일(11:00~12:15), 수요일(09:30~10:45)","18311, 18311",정의범,20210033,42/40,,,1,,대면,424110,경영학,2025,2,2학기
424110,경영학,2025,2,EB313,관리회계,A,전공선택,2,3,"화요일(11:00~12:15), 목요일(09:30~10:45)","7215, 7215",김병조,20140011,31/45,"경영학,경영학과 소속 전공자에 한함 / 복수전공자 및 타과생 수강금지 // 전공(복수포함)자",,1,,대면,424110,경영학,2025,2,2학기
424110,경영학,2025,2,EB313,관리회계,B,전공선택,2,3,"월요일(13:00~14:15), 수요일(13:00~14:15)","18311, 18311",김병조,20140011,45/45,"경영학,경영학과 복수전공자 및 타과생 수강 가능",,1,,대면,424110,경영학,2025,2,2학기
424110,경영학,2025,2,EB318,중소기업경영론,A,전공선택,"3, 4",3,"금요일(13:00~14:15), 금요일(14:30~15:45)","3405, 3405",손정현,20250199,28/30,,,1,,대면,424110,경영학,2025,2,2학기
424110,경영학,2025,2,EB323,세무개론,A,전공선택,"3, 4",3,"월요일(14:30~15:45), 수요일(14:30~15:45)","20404, 20404",최지환,20230015,39/45,,,1,,대면,424110,경영학,2025,2,2학기
424110,경영학,2025,2,EB324,영업관리,A,전공선택,"3, 4",3,"금요일(09:30~10:45), 금요일(11:00~12:15)","3405, 3405",손정현,20250199,26/30,,,1,,대면,424110,경영학,2025,2,2학기
424110,경영학,2025,2,EB368,기업재무론,A,전공선택,"3, 4",3,"화요일(14:30~15:45), 목요일(14:30~15:45)","3203, 3203",이건범,20090026,32/40,,,1,,대면,424110,경영학,2025,2,2학기
424110,경영학,2025,2,EB384,인사전략과동기부여,A,전공선택,"3, 4",3,"화요일(14:30~15:45), 목요일(14:30~15:45)","18311, 18311",김경민,20160030,36/40,,,1,,대면,424110,경영학,2025,2,2학기
424110,경영학,2025,2,EB388,AI기반비즈니스애널리틱스,A,전공선택,"3, 4",3,"화요일(16:00~17:15), 화요일(17:30~18:45)","18308, 18308",정의범,20210033,12/40,,,1,,대면,424110,경영학,2025,2,2학기
424110,경영학,2025,2,EB412,졸업논문,A,전공필수,4,(3),,,최지환,20230015,132/170,졸업예정자 필수과목 // 전공(복수포함)자,,1,,N,424110,경영학,2025,2,2학기
424110,경영학,2025,2,EB478,OJT1,A,전공선택,4,9,,,최지환,20230015,12/30,2025년 IPP형 일학습병행 참여학생만 수강 가능,,1,,N,424110,경영학,2025,2,2학기
424120,IT경영학,2025,2,EZ208,경영정보시스템,A,전공선택,2,3,목요일(14:30~15:45),7301,김재국,20250220,34/40,,,1,,블랜디드,424120,IT경영학,2025,2,2학기
424120,IT경영학,2025,2,EZ236,인터넷마케팅과창업,A,전공선택,2,3,"월요일(09:30~10:45), 수요일(11:00~12:15)","7107, 7107",김권수,20240026,47/48,,,1,,대면,424120,IT경영학,2025,2,2학기
424120,IT경영학,2025,2,EZ237,파이썬프로그래밍활용,A,전공필수,2,3,"월요일(14:30~15:45), 수요일(14:30~15:45)","7108, 7108",이남연,20170129,27/40,,,1,,대면,424120,IT경영학,2025,2,2학기
424120,IT경영학,2025,2,EZ249,데이터활용기초,A,전공선택,2,3,"화요일(13:00~14:15), 목요일(13:00~14:15)","7301, 7301",신재우,20240071,23/40,,,1,,대면,424120,IT경영학,2025,2,2학기
424120,IT경영학,2025,2,EZ302,인공지능과스타트업,A,전공선택,3,3,"월요일(17:30~18:45), 수요일(16:00~17:15)","7301, 7301",이성환,20250215,25/40,,,1,,대면,424120,IT경영학,2025,2,2학기
424120,IT경영학,2025,2,EZ313,조직관리론,A,전공선택,3,3,"월요일(13:00~14:15), 수요일(13:00~14:15)","7305, 7305",이남연,20170129,44/40,,,1,,대면,424120,IT경영학,2025,2,2학기
424120,IT경영학,2025,2,EZ335,물류관리론,A,전공선택,3,3,"화요일(16:00~17:15), 화요일(17:30~18:45)","7305, 7305",한광희,20240064,36/40,,,1,,대면,424120,IT경영학,2025,2,2학기
424120,IT경영학,2025,2,EZ336,경영전략론,A,전공선택,3,3,"월요일(09:30~10:45), 수요일(11:00~12:15)","7305, 7305",김상욱,20030021,34/40,,,1,,대면,424120,IT경영학,2025,2,2학기
424120,IT경영학,2025,2,EZ336,경영전략론,B,전공선택,3,3,"월요일(16:00~17:15), 수요일(17:30~18:45)","18101, 18101",이상준,20250057,11/30,AI융합장애인·시니어라이프케어전공 인정교과목 // 전공자제외,,1,,대면,424120,IT경영학,2025,2,2학기
424120,IT경영학,2025,2,EZ339,시장조사와사업계획서,A,전공선택,3,3,"월요일(11:00~12:15), 수요일(09:30~10:45)","7108, 7108",김권수,20240026,39/40,,,1,,대면,424120,IT경영학,2025,2,2학기
424120,IT경영학,2025,2,EZ341,글로벌경영과비즈니스모델,A,전공선택,3,3,"목요일(13:00~14:15), 목요일(14:30~15:45)","7305, 7305",한광희,20240064,33/40,,,1,,대면,424120,IT경영학,2025,2,2학기
424120,IT경영학,2025,2,EZ419,졸업논문,A,전공필수,4,(3),,,신재우,20240071,24/50,전공(복수포함)자,,1,,N,424120,IT경영학,2025,2,2학기
424120,IT경영학,2025,2,EZ435,기술경영과지식재산,A,전공선택,4,3,"화요일(11:00~12:15), 목요일(09:30~10:45)","7305, 7305",신재우,20240071,26/40,,,1,,대면,424120,IT경영학,2025,2,2학기
424120,IT경영학,2025,2,EZ440,OJT1,A,전공선택,4,9,,,신재우,20240071,8/10,,,1,,N,424120,IT경영학,2025,2,2학기
424120,IT경영학,2025,2,EZ446,IT경영세미나Ⅱ,A,전공선택,4,1,목요일(16:00~17:15),7305,신재우,20240071,30/40,,,1,,대면,424120,IT경영학,2025,2,2학기
424120,IT경영학,2025,2,PD001,자기설계기초,C1,일반선택,"2, 3, 4",3,,,신재우,20240071,3/5,,,0,,N,424120,IT경영학,2025,2,2학기
424130,글로벌비즈니스학,2025,2,EH106,글로벌비즈니스거시경제론,A,전공선택,2,3,"월요일(13:00~14:15), 수요일(13:00~14:15)","7105, 7105",장종익,20120119,45/50,,,1,,대면,424130,글로벌비즈니스학,2025,2,2학기
424130,글로벌비즈니스학,2025,2,EH244,국제무역통상영어Ⅱ,A,전공선택,2,3,"금요일(13:00~14:15), 금요일(14:30~15:45)","7105, 7105",김인선,20230046,33/50,,,1,,대면,424130,글로벌비즈니스학,2025,2,2학기
424130,글로벌비즈니스학,2025,2,EH420,OJT1,A,전공선택,4,9,,,유한나,20220223,3/10,,,1,,N,424130,글로벌비즈니스학,2025,2,2학기
424130,글로벌비즈니스학,2025,2,EJ204,사회적경제경영입문,A,전공필수,2,3,"월요일(11:00~12:15), 수요일(09:30~10:45)","7105, 7105",장종익,20120119,13/50,,,1,,대면,424130,글로벌비즈니스학,2025,2,2학기
424130,글로벌비즈니스학,2025,2,EJ205,사회적기업비즈니스모델,A,전공필수,2,3,"월요일(09:30~10:45), 수요일(11:00~12:15)","7105, 7105",유한나,20220223,33/50,,,1,,대면,424130,글로벌비즈니스학,2025,2,2학기
424130,글로벌비즈니스학,2025,2,EJ357,지속가능경영과ESG전략,A,전공선택,"3, 4",3,"월요일(14:30~15:45), 수요일(14:30~15:45)","7105, 7105",유한나,20220223,39/50,,,1,,대면,424130,글로벌비즈니스학,2025,2,2학기
424130,글로벌비즈니스학,2025,2,EJ419,졸업논문,A,전공필수,"3, 4",(3),,,장종익,20120119,3/30,"학번 끝자리에 맞춰 변경기간에 재신청 바랍니다. - 0, 1, 2, 3, 4, 5.  국제개발협력/사회적경제 전공",,0,,N,424130,글로벌비즈니스학,2025,2,2학기
424130,글로벌비즈니스학,2025,2,EJ419,졸업논문,B,전공필수,"3, 4",(3),,,유한나,20220223,11/20,"국제개발협력/사회적경제 전공.  학번 끝자리에 맞춰 변경기간에 재신청 바랍니다. - 6, 7, 8, 9 ",,1,,N,424130,글로벌비즈니스학,2025,2,2학기
424130,글로벌비즈니스학,2025,2,EK204,국제무역통상개론,A,전공필수,2,3,"금요일(09:30~10:45), 금요일(11:00~12:15)","7105, 7105",김인선,20230046,42/50,,,1,,대면,424130,글로벌비즈니스학,2025,2,2학기
424130,글로벌비즈니스학,2025,2,EK301,전략경영,A,전공선택,2,3,"월요일(13:00~14:15), 수요일(13:00~14:15)","7106, 7106",양영수,20210032,41/40,,,1,,대면,424130,글로벌비즈니스학,2025,2,2학기
424130,글로벌비즈니스학,2025,2,EK303,재무관리,A,전공선택,2,3,"화요일(16:00~17:15), 화요일(17:30~18:45)","3203, 3203",이건범,20090026,16/40,,,1,,대면,424130,글로벌비즈니스학,2025,2,2학기
424130,글로벌비즈니스학,2025,2,EK348,아시아기업론,A,전공선택,"3, 4",3,"월요일(17:30~18:45), 수요일(16:00~17:15)","7105, 7105",고기영,20130146,9/50,,,1,,대면,424130,글로벌비즈니스학,2025,2,2학기
424130,글로벌비즈니스학,2025,2,EK354,다국적기업론,A,전공선택,"3, 4",3,"월요일(16:00~17:15), 수요일(17:30~18:45)","7105, 7105",양영수,20210032,19/50,,,1,,대면,424130,글로벌비즈니스학,2025,2,2학기
424130,글로벌비즈니스학,2025,2,EK419,졸업논문,A,전공필수,"3, 4",(3),,,양영수,20210032,31/35,"국제경영/국제무역통상 전공.  학번 끝자리에 맞춰 변경기간에 재신청 바랍니다. - 0, 1, 2, 3, 4, 5",,1,,N,424130,글로벌비즈니스학,2025,2,2학기
424130,글로벌비즈니스학,2025,2,EK419,졸업논문,B,전공필수,"3, 4",(3),,,유한나,20220223,19/25,"국제경영/국제무역통상 전공. 학번 끝자리에 맞춰 변경기간에 재신청 바랍니다. - 6, 7, 8, 9",,1,,N,424130,글로벌비즈니스학,2025,2,2학기
424140,미디어영상광고홍보학,2025,2,EA203,설득커뮤니케이션,A,공통선택,3,3,"월요일(09:30~10:45), 수요일(11:00~12:15)","18310, 18310",정휘관,20250224,49/70,,,1,,대면,424140,미디어영상광고홍보학,2025,2,2학기
424140,미디어영상광고홍보학,2025,2,EA206,소비자행동론,A,공통선택,2,3,"화요일(09:30~10:45), 목요일(11:00~12:15)","18310, 18310",정휘관,20250224,19/50,,,1,,대면,424140,미디어영상광고홍보학,2025,2,2학기
424140,미디어영상광고홍보학,2025,2,EA206,소비자행동론,B,공통선택,2,3,"화요일(11:00~12:15), 목요일(09:30~10:45)","18310, 18310",정휘관,20250224,21/50,대체개설,,1,,대면,424140,미디어영상광고홍보학,2025,2,2학기
424140,미디어영상광고홍보학,2025,2,EA314,홍보관리론,A,전공선택,2,3,"화요일(16:00~17:15), 화요일(17:30~18:45)","18310, 18310",정재선,20250223,29/70,미디어영상광고홍보학부생(복수전공생 포함)만 수강 가능 // 전공(복수포함)자,,2,,대면,424140,미디어영상광고홍보학,2025,2,2학기
424140,미디어영상광고홍보학,2025,2,EA337,브랜딩트렌드,A,전공선택,3,3,"화요일(16:00~17:15), 화요일(17:30~18:45)","18519, 18519",이성미,20170128,81/85,미디어영상광고홍보학부생(복수전공생 포함)만 수강 가능 // 전공(복수포함)자,,1,,대면,424140,미디어영상광고홍보학,2025,2,2학기
424140,미디어영상광고홍보학,2025,2,EA339,PR라이팅,A,전공선택,3,3,"월요일(09:30~10:45), 수요일(11:00~12:15)","18110, 18110",문철수,20010229,33/30,미디어영상광고홍보학부생(복수전공생 포함)만 수강 가능 // 전공(복수포함)자,,1,,대면,424140,미디어영상광고홍보학,2025,2,2학기
424140,미디어영상광고홍보학,2025,2,EA409,졸업논문,A,전공필수,4,(3),,,채희상,20130174,187/200,광고홍보전공 졸업논문 // 전공(복수포함)자,,1,,N,424140,미디어영상광고홍보학,2025,2,2학기
424140,미디어영상광고홍보학,2025,2,EA509,연구방법론,A,전공필수,3,3,"화요일(16:00~17:15), 화요일(17:30~18:45)","18418, 18418",박혜영,20210072,43/70,미디어영상광고홍보학부생(복수전공생 포함)만 수강 가능 // 전공(복수포함)자,,1,,대면,424140,미디어영상광고홍보학,2025,2,2학기
424140,미디어영상광고홍보학,2025,2,EA509,연구방법론,B,전공필수,3,3,"화요일(13:00~14:15), 화요일(14:30~15:45)","18310, 18310",정기현,20210164,67/70,미디어영상광고홍보학부생(복수전공생 포함)만 수강 가능 // 전공(복수포함)자,,1,,대면,424140,미디어영상광고홍보학,2025,2,2학기
424140,미디어영상광고홍보학,2025,2,EM104,영상의이해,A,공통선택,2,3,"월요일(11:00~12:15), 수요일(09:30~10:45)","18310, 18310",채희상,20130174,23/50,미디어영상광고홍보학부생(복수전공생 포함)만 수강 가능 // 전공(복수포함)자,,1,,대면,424140,미디어영상광고홍보학,2025,2,2학기
424140,미디어영상광고홍보학,2025,2,EM104,영상의이해,B,공통선택,2,3,,,채희상,20130174,80/70,미디어영상광고홍보학부생(복수전공생 포함)만 수강 가능 // 전공(복수포함)자 // 교내온라인,,1,,교내온라인,424140,미디어영상광고홍보학,2025,2,2학기
424140,미디어영상광고홍보학,2025,2,EM207,마케팅원론,A,공통선택,2,3,"금요일(13:00~14:15), 금요일(14:30~15:45)","18421, 18421",박양희,20250139,18/60,미디어영상광고홍보학부생(복수전공생 포함)만 수강 가능 // 전공(복수포함)자,,1,,대면,424140,미디어영상광고홍보학,2025,2,2학기
424140,미디어영상광고홍보학,2025,2,EM207,마케팅원론,B,공통선택,2,3,"금요일(16:00~17:15), 금요일(17:30~18:45)","18311, 18311",박양희,20250139,21/60,미디어영상광고홍보학부생(복수전공생 포함)만 수강 가능 // 전공(복수포함)자,,1,,대면,424140,미디어영상광고홍보학,2025,2,2학기
424140,미디어영상광고홍보학,2025,2,EM230,소셜게임의이해,A,공통선택,2,3,"목요일(13:00~14:15), 목요일(14:30~15:45)","18106, 18106",이수호,20250186,54/70,미디어영상광고홍보학부생(복수전공생 포함)만 수강 가능 // 전공(복수포함)자,,2,,대면,424140,미디어영상광고홍보학,2025,2,2학기
424140,미디어영상광고홍보학,2025,2,EM234,디지털미디어리터리시론,A,공통선택,2,3,"월요일(13:00~14:15), 수요일(13:00~14:15)","18212, 18212",박혜영,20210072,44/70,미디어영상광고홍보학부생(복수전공생 포함)만 수강 가능 // 전공(복수포함)자,,1,,대면,424140,미디어영상광고홍보학,2025,2,2학기
424140,미디어영상광고홍보학,2025,2,EM234,디지털미디어리터리시론,B,공통선택,2,3,"월요일(14:30~15:45), 수요일(14:30~15:45)","18212, 18212",박혜영,20210072,36/70,미디어영상광고홍보학부생(복수전공생 포함)만 수강 가능 // 전공(복수포함)자,,1,,대면,424140,미디어영상광고홍보학,2025,2,2학기
424140,미디어영상광고홍보학,2025,2,EM310,영상광고제작실습,A,전공선택,3,3,"금요일(13:00~14:15), 금요일(14:30~15:45)","18310, 18310",김민철,20250012,29/30,미디어영상광고홍보학부생(복수전공생 포함)만 수강 가능 // 전공(복수포함)자,,1,,대면,424140,미디어영상광고홍보학,2025,2,2학기
424140,미디어영상광고홍보학,2025,2,EM310,영상광고제작실습,B,전공선택,3,3,"금요일(16:00~17:15), 금요일(17:30~18:45)","18310, 18310",김민철,20250012,31/30,미디어영상광고홍보학부생(복수전공생 포함)만 수강 가능 // 전공(복수포함)자,,1,,대면,424140,미디어영상광고홍보학,2025,2,2학기
424140,미디어영상광고홍보학,2025,2,EM319,픽션영상제작실습,A,전공선택,3,3,"화요일(13:00~14:15), 화요일(14:30~15:45)","18103, 18103",김민철,20250012,32/30,미디어영상광고홍보학부생(복수전공생 포함)만 수강가능 /  // 전공(복수포함)자,,1,,대면,424140,미디어영상광고홍보학,2025,2,2학기
424140,미디어영상광고홍보학,2025,2,EM319,픽션영상제작실습,B,전공선택,3,3,"목요일(13:00~14:15), 목요일(14:30~15:45)","18212-1, 18212-1",김민철,20250012,28/30,미디어영상광고홍보학부생(복수전공생 포함)만 수강가능 // 전공(복수포함)자,,1,,대면,424140,미디어영상광고홍보학,2025,2,2학기
424140,미디어영상광고홍보학,2025,2,EM320,에디팅실습Ⅱ,A,전공선택,3,3,"금요일(09:30~10:45), 금요일(11:00~12:15)","18301, 18301",류근환,20230040,21/30,미디어영상광고홍보학(복수전공생 포함)만 수강 가능 / 파이널컷 기초 사용 가능자 // 전공(복수포함)자,,1,,대면,424140,미디어영상광고홍보학,2025,2,2학기
424140,미디어영상광고홍보학,2025,2,EM320,에디팅실습Ⅱ,B,전공선택,3,3,"금요일(13:00~14:15), 금요일(14:30~15:45)","18301, 18301",류근환,20230040,28/30,미디어영상광고홍보학(복수전공생 포함)만 수강 가능 / 파이널컷 기초 사용 가능자 // 전공(복수포함)자,,1,,대면,424140,미디어영상광고홍보학,2025,2,2학기
424140,미디어영상광고홍보학,2025,2,EM324,디지털광고론,A,공통선택,2,3,"월요일(13:00~14:15), 수요일(13:00~14:15)","18310, 18310",이성미,20170128,70/70,미디어영상광고홍보학부생(복수전공생 포함)만 수강 가능 // 전공(복수포함)자,,1,,대면,424140,미디어영상광고홍보학,2025,2,2학기
424140,미디어영상광고홍보학,2025,2,EM324,디지털광고론,B,공통선택,2,3,"월요일(14:30~15:45), 수요일(14:30~15:45)","18310, 18310",이성미,20170128,54/70,미디어영상광고홍보학부생(복수전공생 포함)만 수강 가능 // 전공(복수포함)자,,1,,대면,424140,미디어영상광고홍보학,2025,2,2학기
424140,미디어영상광고홍보학,2025,2,EM416,소셜미디어제작실습,A,전공선택,3,3,"금요일(09:30~10:45), 금요일(11:00~12:15)","18310, 18310",정일건,20230049,39/35,미디어영상광고홍보학부생(복수전공생 포함)만 수강 가능 // 전공(복수포함)자,,1,,대면,424140,미디어영상광고홍보학,2025,2,2학기
424140,미디어영상광고홍보학,2025,2,EM416,소셜미디어제작실습,B,전공선택,3,3,"금요일(13:00~14:15), 금요일(14:30~15:45)","18106, 18106",정일건,20230049,32/35,미디어영상광고홍보학부생(복수전공생 포함)만 수강 가능 // 전공(복수포함)자,,1,,대면,424140,미디어영상광고홍보학,2025,2,2학기
424140,미디어영상광고홍보학,2025,2,EM419,졸업논문,A,전공필수,4,(3),,,채희상,20130174,140/200,미디어영상전공 졸업논문 // 전공(복수포함)자,,1,,N,424140,미디어영상광고홍보학,2025,2,2학기
424140,미디어영상광고홍보학,2025,2,PD001,자기설계기초,C10,일반선택,"2, 3, 4",3,,,박혜영,20210072,2/5,지정된 학생외 수강금지,,0,,N,424140,미디어영상광고홍보학,2025,2,2학기
424140,미디어영상광고홍보학,2025,2,PD001,자기설계기초,C2,일반선택,"2, 3, 4",3,,,김민철,20250012,3/5,지정된 학생외 수강금지,,0,,N,424140,미디어영상광고홍보학,2025,2,2학기
424140,미디어영상광고홍보학,2025,2,PD001,자기설계기초,C3,일반선택,"2, 3, 4",3,,,김민철,20250012,2/5,지정된 학생외 수강금지,,0,,N,424140,미디어영상광고홍보학,2025,2,2학기
424140,미디어영상광고홍보학,2025,2,PD001,자기설계기초,C4,일반선택,"2, 3, 4",3,,,이성미,20170128,3/5,지정된 학생외 수강금지,,0,,N,424140,미디어영상광고홍보학,2025,2,2학기
424140,미디어영상광고홍보학,2025,2,PD001,자기설계기초,C5,일반선택,"2, 3, 4",3,,,이성미,20170128,1/5,지정된 학생외 수강금지,,0,,N,424140,미디어영상광고홍보학,2025,2,2학기
424140,미디어영상광고홍보학,2025,2,PD001,자기설계기초,C6,일반선택,"2, 3, 4",3,,,이성미,20170128,3/5,지정된 학생외 수강금지,,0,,N,424140,미디어영상광고홍보학,2025,2,2학기
424140,미디어영상광고홍보학,2025,2,PD001,자기설계기초,C7,일반선택,"2, 3, 4",3,,,채희상,20130174,1/5,지정된 학생외 수강금지,,0,,N,424140,미디어영상광고홍보학,2025,2,2학기
424140,미디어영상광고홍보학,2025,2,PD001,자기설계기초,C8,일반선택,"2, 3, 4",3,,,문철수,20010229,3/5,지정된 학생외 수강금지,,0,,N,424140,미디어영상광고홍보학,2025,2,2학기
424140,미디어영상광고홍보학,2025,2,PD001,자기설계기초,C9,일반선택,"2, 3, 4",3,,,박혜영,20210072,3/5,,,0,,N,424140,미디어영상광고홍보학,2025,2,2학기
424140,미디어영상광고홍보학,2025,2,PD004,도전설계기초,C1,일반선택,"2, 3, 4",3,,,채희상,20130174,2/5,지정된 학생외 수강금지,,0,,N,424140,미디어영상광고홍보학,2025,2,2학기
424140,미디어영상광고홍보학,2025,2,PD004,도전설계기초,C2,일반선택,"2, 3, 4",3,,,이성미,20170128,1/5,지정된 학생외 수강금지,,0,,N,424140,미디어영상광고홍보학,2025,2,2학기
425100,휴먼서비스계열,2025,2,SS005,사회와휴먼서비스,A,계열공통,1,3,"월요일(17:30~18:45), 수요일(16:00~17:15)","18210, 18210","구훈정, 김상원, 김용훈, 남세현, 노중기, 주경희",20180047,60/60,,,1,,대면,410000,휴먼서비스대학,2025,2,2학기
425100,휴먼서비스계열,2025,2,SS005,사회와휴먼서비스,B,계열공통,1,3,"월요일(17:30~18:45), 수요일(16:00~17:15)","18417, 18417","구훈정, 김상원, 김용훈, 남세현, 노중기, 주경희",20180047,43/60,,,1,,대면,410000,휴먼서비스대학,2025,2,2학기
425100,휴먼서비스계열,2025,2,SS005,사회와휴먼서비스,C,계열공통,1,3,"월요일(17:30~18:45), 수요일(16:00~17:15)","18421, 18421","구훈정, 김상원, 김용훈, 남세현, 노중기, 주경희",20180047,60/60,,,1,,대면,410000,휴먼서비스대학,2025,2,2학기
425100,휴먼서비스계열,2025,2,SS006,인간행동과사회환경,A,계열공통,1,3,"월요일(14:30~15:45), 수요일(14:30~15:45)","18211, 18211",김은영,20060025,52/60,,,1,,대면,410000,휴먼서비스대학,2025,2,2학기
425100,휴먼서비스계열,2025,2,SS006,인간행동과사회환경,B,계열공통,1,3,"월요일(16:00~17:15), 수요일(17:30~18:45)","18210, 18210",김은영,20060025,39/60,,,1,,대면,410000,휴먼서비스대학,2025,2,2학기
425100,휴먼서비스계열,2025,2,SS006,인간행동과사회환경,C,계열공통,1,3,"화요일(16:00~17:15), 화요일(17:30~18:45)","18210, 18210",주경희,20180047,61/60,,,1,,대면,410000,휴먼서비스대학,2025,2,2학기
425100,휴먼서비스계열,2025,2,SS008,장애인복지론,A,계열공통,1,3,"목요일(16:00~17:15), 목요일(17:30~18:45)","18212, 18212",백변경희,20010014,60/60,,,0,,대면,410000,휴먼서비스대학,2025,2,2학기
425110,사회학,2025,2,HS214,사회조사방법Ⅰ,A,전공선택,2,3,"화요일(13:00~14:15), 화요일(14:30~15:45)","7108, 7108",김상욱,20030021,16/50,,,1,,대면,425110,사회학,2025,2,2학기
425110,사회학,2025,2,HS220,한국사회문제의식,A,전공선택,2,3,"월요일(13:00~14:15), 수요일(13:00~14:15)","3201, 3201",박서재,20250048,15/50,,,1,,대면,425110,사회학,2025,2,2학기
425110,사회학,2025,2,HS221,사회계층과불평등,A,전공선택,2,3,"화요일(16:00~17:15), 화요일(17:30~18:45)","3206, 3206",김현희,20210086,14/50,,,1,,대면,425110,사회학,2025,2,2학기
425110,사회학,2025,2,HS238,근대사속의한국사회,A,전공선택,2,3,"목요일(16:00~17:15), 목요일(17:30~18:45)","3206, 3206",정찬대,20250047,9/50,,,1,,대면,425110,사회학,2025,2,2학기
425110,사회학,2025,2,HS240,사회연구실습Ⅰ,A,전공필수,2,3,"월요일(14:30~15:45), 수요일(14:30~15:45)","3206, 3206",김종엽,19990047,20/50,,,1,,대면,425110,사회학,2025,2,2학기
425110,사회학,2025,2,HS241,사회연구실습Ⅱ,A,전공필수,3,3,"월요일(13:00~14:15), 수요일(13:00~14:15)","3206, 3206",김종엽,19990047,12/50,,,1,,대면,425110,사회학,2025,2,2학기
425110,사회학,2025,2,HS312,집합행동과사회운동,A,전공선택,"3, 4",3,"금요일(09:30~10:45), 금요일(11:00~12:15)","3206, 3206",권오용,20250129,6/50,,,1,,대면,425110,사회학,2025,2,2학기
425110,사회학,2025,2,HS317,역사와사회학,A,전공선택,"3, 4",3,"금요일(13:00~14:15), 금요일(14:30~15:45)","3206, 3206",권오용,20250129,8/50,,,1,,대면,425110,사회학,2025,2,2학기
425110,사회학,2025,2,HS334,북한사회의이해,A,전공선택,"3, 4",3,"목요일(13:00~14:15), 목요일(14:30~15:45)","3206, 3206",정찬대,20250047,18/50,,,1,,대면,425110,사회학,2025,2,2학기
425110,사회학,2025,2,HS337,노사관계와노동운동,A,전공선택,"3, 4",3,"화요일(16:00~17:15), 화요일(17:30~18:45)","18104, 18104",노중기,19970047,15/50,,,1,,대면,425110,사회학,2025,2,2학기
425110,사회학,2025,2,HS362,민주화와정치변동,A,전공선택,"3, 4",3,"목요일(16:00~17:15), 목요일(17:30~18:45)","18101, 18101",노중기,19970047,11/50,,,0,,대면,425110,사회학,2025,2,2학기
425110,사회학,2025,2,HS364,사회학특강,A,전공선택,"3, 4",3,"월요일(14:30~15:45), 수요일(14:30~15:45)","3201, 3201",박서재,20250048,18/50,,,1,,대면,425110,사회학,2025,2,2학기
425110,사회학,2025,2,HS419,졸업논문,A,전공필수,4,(3),,,김종엽,19990047,25/50,전공(복수포함)자,,1,,N,425110,사회학,2025,2,2학기
425110,사회학,2025,2,PD001,자기설계기초,E1,일반선택,"2, 3, 4",3,,,김종엽,19990047,1/5,지정된 학생외 수강금지,,0,,N,425110,사회학,2025,2,2학기
425130,재활상담학,2025,2,PD001,자기설계기초,E3,일반선택,"2, 3, 4",3,,,김용훈,20210025,3/5,,,0,,N,425130,재활상담학,2025,2,2학기
425130,재활상담학,2025,2,TR211,놀이치료이론과실제,A,전공선택,2,3,"월요일(13:00~14:15), 수요일(13:00~14:15)","18417, 18417",이경숙,19990077,44/40,발달재활서비스자격 필수과목,,1,,대면,425130,재활상담학,2025,2,2학기
425130,재활상담학,2025,2,TR248,직업재활개론,A,전공선택,2,3,"목요일(13:00~14:15), 목요일(14:30~15:45)","18417, 18417",한정재,20240024,12/30,장애인재활상담사 필수 과목,,1,,대면,425130,재활상담학,2025,2,2학기
425130,재활상담학,2025,2,TR248,직업재활개론,B,전공선택,2,3,"목요일(16:00~17:15), 목요일(17:30~18:45)","18103, 18103",장홍영,20250058,13/15,AI융합장애인라이프케어전공 학생 우선수강 / AI융합장애인라이프케어전공 인정교과목,,1,,대면,425130,재활상담학,2025,2,2학기
425130,재활상담학,2025,2,TR260,재활연구방법론,A,전공필수,2,3,"월요일(09:30~10:45), 수요일(11:00~12:15)","7108, 7108",남세현,20170011,44/47,"전공필수 과목, 장애인재활상담사 선택과목, 발달재활서비스 선택과목",,1,,대면,425130,재활상담학,2025,2,2학기
425130,재활상담학,2025,2,TR273,아동심리치료,A,전공선택,"2, 3",3,"월요일(11:00~12:15), 수요일(09:30~10:45)","18417, 18417",김용훈,20210025,59/60,,,1,,대면,425130,재활상담학,2025,2,2학기
425130,재활상담학,2025,2,TR338,재활실습Ⅰ,A,전공선택,3,3,"금요일(16:00~17:15), 금요일(17:30~18:45)","18417, 18417",김선형,20250178,25/30,"24년 동계실습, 25년 1학기중 및 하계실습 진행자, 2학기중 실습합격자 대상, 장애인재활상담사 필수과목",,2,,대면,425130,재활상담학,2025,2,2학기
425130,재활상담학,2025,2,TR341,직업평가,A,전공선택,2,3,"화요일(11:00~12:15), 목요일(09:30~10:45)","18102, 18102",김선형,20250178,16/30,"장애인재활상담사 필수과목, 발달재활서비스 선택과목",,1,,대면,425130,재활상담학,2025,2,2학기
425130,재활상담학,2025,2,TR355,상담이론과실제,A,전공선택,2,3,"화요일(09:30~10:45), 목요일(11:00~12:15)","18417, 18417",김용훈,20210025,46/60,발달재활서비스자격 공통선택과목,,1,,대면,425130,재활상담학,2025,2,2학기
425130,재활상담학,2025,2,TR369,재활정책,A,전공선택,4,3,"목요일(16:00~17:15), 목요일(17:30~18:45)","18417, 18417",한정재,20240024,27/30,장애인재활상담사 필수과목,,1,,대면,425130,재활상담학,2025,2,2학기
425130,재활상담학,2025,2,TR373,발달진단및심리평가,A,전공선택,3,3,"화요일(11:00~12:15), 목요일(09:30~10:45)","18417, 18417",김용훈,20210025,33/40,"발달재활서비스 인증과목(2,3,4학년)(자격증필수과목) , 타과생 수강가능",,1,,대면,425130,재활상담학,2025,2,2학기
425130,재활상담학,2025,2,TR380,직무개발과배치,A,전공선택,3,3,"화요일(09:30~10:45), 목요일(11:00~12:15)","18102, 18102",김선형,20250178,17/30,장애인재활상담사 필수과목,,1,,대면,425130,재활상담학,2025,2,2학기
425130,재활상담학,2025,2,TR382,놀이치료관찰및실습,A,전공선택,3,3,"화요일(16:00~17:15), 화요일(17:30~18:45)","18417, 18417",홍정은,20240171,10/30,"발달재활서비스자격 필수과목, 외부기관실습",,1,,대면,425130,재활상담학,2025,2,2학기
425130,재활상담학,2025,2,TR383,발달기반놀이치료,A,전공선택,3,3,"화요일(13:00~14:15), 화요일(14:30~15:45)","18417, 18417",홍정은,20240171,16/40,발달재활서비스자격 공통선택과목,,1,,대면,425130,재활상담학,2025,2,2학기
425130,재활상담학,2025,2,TR385,자폐아동평가와치료,A,전공선택,2,3,"월요일(14:30~15:45), 수요일(14:30~15:45)","18417, 18417","김용훈, 이경숙",19990077,34/30,AI융합장애인라이프케어 전공생 우선 수강. AI융합장애인라이프케어 인정 교과목,,1,,대면,425130,재활상담학,2025,2,2학기
425130,재활상담학,2025,2,TR419,졸업논문,A,전공필수,4,(3),,,백변경희,20010014,38/60,전공(복수포함)자,,1,,N,425130,재활상담학,2025,2,2학기
425130,재활상담학,2025,2,TR454,직업상담,A,전공선택,2,3,"화요일(13:00~14:15), 화요일(14:30~15:45)","18104, 18104",최종태,20240023,31/40,장애인재활상담사 필수과목,,1,,대면,425130,재활상담학,2025,2,2학기
425130,재활상담학,2025,2,TR510,지역사회재활시설론,A,전공선택,2,3,"화요일(16:00~17:15), 화요일(17:30~18:45)","18102, 18102",양재희,20250023,23/40,장애인재활상담사 선택과목,,1,,대면,425130,재활상담학,2025,2,2학기
425140,심리·아동학,2025,2,SA105,보육학개론,A,전공필수,2,3,"화요일(14:30~15:45), 목요일(14:30~15:45)","3423, 3423",유희정,20170124,66/55,,,1,,대면,425140,심리·아동학,2025,2,2학기
425140,심리·아동학,2025,2,SA112,아동심리치료,A,전공선택,4,3,"월요일(16:00~17:15), 수요일(17:30~18:45)","18310, 18310",어유경,20250014,11/50,,,1,,대면,425140,심리·아동학,2025,2,2학기
425140,심리·아동학,2025,2,SB203,집단치료,A,전공선택,4,3,"금요일(13:00~14:15), 금요일(14:30~15:45)","7215, 7215",조영원,20250050,39/50,,,1,,대면,425140,심리·아동학,2025,2,2학기
425140,심리·아동학,2025,2,SB206,심리통계,A,전공선택,2,3,"금요일(13:00~14:15), 금요일(14:30~15:45)","3423, 3423",황창주,20250172,58/70,,,0,,대면,425140,심리·아동학,2025,2,2학기
425140,심리·아동학,2025,2,SB303,성격심리학,A,전공선택,2,3,"월요일(13:00~14:15), 수요일(13:00~14:15)","3203, 3203",오현숙,20040021,22/50,,,1,,대면,425140,심리·아동학,2025,2,2학기
425140,심리·아동학,2025,2,SB303,성격심리학,B,전공선택,2,3,"월요일(14:30~15:45), 수요일(14:30~15:45)","3204, 3204",오현숙,20040021,41/50,,,1,,대면,425140,심리·아동학,2025,2,2학기
425140,심리·아동학,2025,2,SB303,성격심리학,C,전공선택,2,3,"월요일(14:30~15:45), 수요일(14:30~15:45)","18103, 18103",김미경,20240147,15/15,AI융합장애인라이프케어전공 학생 우선수강 / 본 전공생 수강제한 없음 /  AI융합장애인라이프케어전공 인정교과목,,2,,대면,425140,심리·아동학,2025,2,2학기
425140,심리·아동학,2025,2,SB304,심리평가실습,A,전공선택,3,3,"월요일(13:00~14:15), 수요일(13:00~14:15)","18421, 18421",구훈정,20150127,56/60,심리아동학 주(복수)전공생만 수강신청,,1,,대면,425140,심리·아동학,2025,2,2학기
425140,심리·아동학,2025,2,SB305,개인심리치료,A,전공선택,3,3,"월요일(14:30~15:45), 수요일(14:30~15:45)","18519, 18519",안도연,20210035,36/70,심리아동학 주(복수)전공생만 수강신청,,1,,대면,425140,심리·아동학,2025,2,2학기
425140,심리·아동학,2025,2,SB401,생리심리학,A,전공선택,3,3,"월요일(16:00~17:15), 수요일(17:30~18:45)","7215, 7215",김미경,20240147,58/60,,,1,,대면,425140,심리·아동학,2025,2,2학기
425140,심리·아동학,2025,2,SB419,졸업논문,A,전공필수,4,(3),,,안도연,20210035,65/80,심리학,,1,,N,425140,심리·아동학,2025,2,2학기
425140,심리·아동학,2025,2,SB424,범죄심리학,A,전공선택,4,3,"월요일(11:00~12:15), 수요일(09:30~10:45)","7215, 7215",하창현,20250169,51/70,,,1,,대면,425140,심리·아동학,2025,2,2학기
425140,심리·아동학,2025,2,SB426,산업및조직심리학,A,전공선택,2,3,"금요일(09:30~10:45), 금요일(11:00~12:15)","7215, 7215",이은선,20240158,45/70,,,1,,대면,425140,심리·아동학,2025,2,2학기
425140,심리·아동학,2025,2,SC207,언어지도,A,전공선택,2,3,"화요일(13:00~14:15), 목요일(13:00~14:15)","17201, 17201",유희정,20170124,42/50,,,1,,대면,425140,심리·아동학,2025,2,2학기
425140,심리·아동학,2025,2,SC209,영유아발달,A,전공선택,2,3,"금요일(13:00~14:15), 금요일(14:30~15:45)","17201, 17201",김영주,20210018,18/50,,,1,,대면,425140,심리·아동학,2025,2,2학기
425140,심리·아동학,2025,2,SC302,아동생활지도,A,전공선택,3,3,"화요일(11:00~12:15), 목요일(09:30~10:45)","17201, 17201","김상원, 유희정",20170124,21/45,,,1,,대면,425140,심리·아동학,2025,2,2학기
425140,심리·아동학,2025,2,SC306,보육과정,A,전공선택,"3, 4",3,"화요일(16:00~17:15), 화요일(17:30~18:45)","17201, 17201",김영주,20210018,21/50,,,1,,대면,425140,심리·아동학,2025,2,2학기
425140,심리·아동학,2025,2,SC312,영유아교수방법론,A,전공선택,3,3,"목요일(16:00~17:15), 목요일(17:30~18:45)","18102, 18102",문주형,20250182,20/50,,,1,,대면,425140,심리·아동학,2025,2,2학기
425140,심리·아동학,2025,2,SC315,아동권리와복지,A,전공선택,3,3,"화요일(09:30~10:45), 목요일(11:00~12:15)","17201, 17201",김상원,20230013,24/50,,,1,,대면,425140,심리·아동학,2025,2,2학기
425140,심리·아동학,2025,2,SC321,아동과학지도,A,전공선택,4,3,"금요일(09:30~10:45), 금요일(11:00~12:15)","17201, 17201",김영주,20210018,18/50,,,1,,대면,425140,심리·아동학,2025,2,2학기
425140,심리·아동학,2025,2,SC401,보육실습,A,전공선택,4,3,"월요일(17:30~18:45), 수요일(16:00~17:15)","17201, 17201",유희정,20170124,13/50,,,1,,대면,425140,심리·아동학,2025,2,2학기
425140,심리·아동학,2025,2,SC419,졸업논문,A,전공필수,4,(3),,,안도연,20210035,17/50,아동보육학,,1,,N,425140,심리·아동학,2025,2,2학기
425210,특수체육학,2025,2,NP130,스키및장애인스키,A,전공선택,1,3,"금요일(16:00~17:15), 금요일(17:30~18:45)","10202, 10202",조규청,20080107,11/30,학과 실험실습비 사용으로 특수체육학 전공생만 수강 가능(복수전공생 포함)/ 4학년 우선 수강 // 전공(복수포함)자,,1,,대면,425210,특수체육학,2025,2,2학기
425210,특수체육학,2025,2,NP214,운동생리학,A,전공필수,2,3,"금요일(16:00~17:15), 금요일(17:30~18:45)","10201, 10201",전유나,20250162,39/35,특수체육학 전공 필수 과목,,1,,대면,425210,특수체육학,2025,2,2학기
425210,특수체육학,2025,2,NP256,스포츠심리학,A,전공필수,2,3,"화요일(14:30~15:45), 목요일(14:30~15:45)","10202, 10202",조규청,20080107,44/40,,,1,,대면,425210,특수체육학,2025,2,2학기
425210,특수체육학,2025,2,NP263,좌식배구지도법,A,전공선택,2,2,"화요일(09:30~10:45), 화요일(11:00~12:15)","10301, 10301",김수겸,20130148,26/26,이론수업 시 10201에서 진행,,1,,대면,425210,특수체육학,2025,2,2학기
425210,특수체육학,2025,2,NP264,유아체육Ⅱ,A,전공선택,2,2,"금요일(13:00~14:15), 금요일(14:30~15:45)","10301, 10301",강이용,20250175,30/30,이론 수업 시 10204호,,1,,대면,425210,특수체육학,2025,2,2학기
425210,특수체육학,2025,2,NP266,장애인체육Ⅱ,A,전공선택,1,3,"목요일(16:00~17:15), 목요일(17:30~18:45)","10301, 10301",이성미,20250153,25/35,특수체육학 1학년 전공 선택 과목/이론 수업 시 10201호,,1,,대면,425210,특수체육학,2025,2,2학기
425210,특수체육학,2025,2,NP269,노인스포츠,A,전공선택,3,3,"금요일(16:00~17:15), 금요일(17:30~18:45)","90010, 90010",정양헌,20250189,27/30,이론 수업 시 10204호,,1,,대면,425210,특수체육학,2025,2,2학기
425210,특수체육학,2025,2,NP269,노인스포츠,B,전공선택,3,3,"화요일(16:00~17:15), 화요일(17:30~18:45)","10301, 10301",박현미,20250025,26/15,이론 수업 시 10201호/AI융합시니어라이프케어전공 학생 우선수강 / 본 전공생 수강제한 없음 /,,1,,대면,425210,특수체육학,2025,2,2학기
425210,특수체육학,2025,2,NP270,피트니스헬스케어,A,전공선택,2,3,"목요일(16:00~17:15), 목요일(17:30~18:45)","10206, 10206",조석준,20250201,35/35,"강의실 사용: 10208(체력단련실),10206(무용실),이론 수업 강의실 10204호",,1,,대면,425210,특수체육학,2025,2,2학기
425210,특수체육학,2025,2,NP271,캠핑,A,전공선택,"2, 3",3,"수요일(16:00~17:15), 수요일(17:30~18:45)","10201, 10201",박상현,20210074,35/25,이론수업시 10201 // 전공(복수포함)자,,1,,대면,425210,특수체육학,2025,2,2학기
425210,특수체육학,2025,2,NP349,체육측정평가및통계학,A,전공선택,3,3,"금요일(13:00~14:15), 금요일(14:30~15:45)","10201, 10201",명왕성,20210019,45/35,,,1,,대면,425210,특수체육학,2025,2,2학기
425210,특수체육학,2025,2,NP372,게이트볼지도법,A,전공선택,3,3,"수요일(09:30~10:45), 수요일(11:00~12:15)","90010, 90010",김수겸,20130148,22/22,이론수업시 10201호,,1,,대면,425210,특수체육학,2025,2,2학기
425210,특수체육학,2025,2,NP378,스포츠마케팅,A,전공선택,3,3,"금요일(09:30~10:45), 금요일(11:00~12:15)","10201, 10201",박상현,20210074,34/30,,,1,,대면,425210,특수체육학,2025,2,2학기
425210,특수체육학,2025,2,NP380,축구지도법,A,전공선택,3,3,"수요일(13:00~14:15), 수요일(14:30~15:45)","90010, 90010",명왕성,20210019,30/30,이론수업 시 10201호,,1,,대면,425210,특수체육학,2025,2,2학기
425210,특수체육학,2025,2,NP419,졸업논문,A,전공필수,4,(3),,,박상현,20210074,25/40,전공(복수포함)자,,1,,N,425210,특수체육학,2025,2,2학기
425210,특수체육학,2025,2,NP447,스포츠윤리학,A,전공선택,4,3,"금요일(09:30~10:45), 금요일(11:00~12:15)","10202, 10202",명왕성,20210019,35/35,,,1,,대면,425210,특수체육학,2025,2,2학기
425210,특수체육학,2025,2,PD001,자기설계기초,E2,일반선택,"2, 3, 4",3,,,명왕성,20210019,1/5,,,0,,N,425210,특수체육학,2025,2,2학기
426110,수리금융학,2025,2,NM218,글로벌금융이슈,A,전공선택,2,3,"월요일(13:00~14:15), 수요일(13:00~14:15)","8101, 8101",윤성식,19960015,14/40,전공(복수포함)자,,1,,대면,427170,금융공학,2025,2,2학기
426110,수리금융학,2025,2,NM222,금융프로그래밍,A,전공선택,2,3,"월요일(14:30~15:45), 수요일(14:30~15:45)","18422, 18422",윤성식,19960015,23/35,전공(복수포함)자,,1,,대면,427170,금융공학,2025,2,2학기
426110,수리금융학,2025,2,NM279,선형대수학,A,전공선택,2,3,"월요일(09:30~10:45), 수요일(11:00~12:15)","7315, 7315",김상권,20250219,17/50,전공(복수포함)자,,1,,대면,427170,금융공학,2025,2,2학기
426110,수리금융학,2025,2,NM280,미분방정식,A,전공필수,2,3,"월요일(11:00~12:15), 수요일(09:30~10:45)","7315, 7315",김상권,20250219,21/50,전공(복수포함)자,,1,,대면,427170,금융공학,2025,2,2학기
426110,수리금융학,2025,2,NM327,고급재무관리,A,전공선택,2,3,,,정재웅,20210034,89/90,전공생 우선수강 // 전공(복수포함)자 // 교내온라인,,1,,교내온라인,427170,금융공학,2025,2,2학기
426110,수리금융학,2025,2,NM385,금융과빅데이터,A,전공선택,3,3,목요일(16:00~17:15),7108,김승재,20250132,23/50,전공생 우선 수강신청. 강의실 변경7315->7108 // 전공(복수포함)자,,1,,블랜디드,427170,금융공학,2025,2,2학기
426110,수리금융학,2025,2,NM392,채권론,A,전공선택,3,3,"금요일(16:00~17:15), 금요일(17:30~18:45)","7315, 7315",정재웅,20210034,23/50,전공생 우선수강 // 전공(복수포함)자,,1,,대면,427170,금융공학,2025,2,2학기
426110,수리금융학,2025,2,NM450,졸업논문,A,전공필수,4,(3),,,정재웅,20210034,28/50,전공(복수포함)자,,1,,N,427170,금융공학,2025,2,2학기
426110,수리금융학,2025,2,NM451,금융수치해석기법,A,전공선택,4,3,"화요일(14:30~15:45), 목요일(14:30~15:45)","7315, 7315",윤성식,19960015,11/40,"C언어Ⅰ, 금융수치해석 수강자. 강의실변경8101->7315 // 전공(복수포함)자",,1,,대면,427170,금융공학,2025,2,2학기
426110,수리금융학,2025,2,NM465,재테크와금융,A,전공선택,4,3,,,정재웅,20210034,88/90,전공(복수포함)자 // 교내온라인,,1,,교내온라인,427170,금융공학,2025,2,2학기
426110,수리금융학,2025,2,NM469,신용분석,A,전공선택,4,3,"화요일(11:00~12:15), 목요일(09:30~10:45)","7315, 7315",오세헌,20250200,17/50,전공생 우선수강 // 전공(복수포함)자,,1,,대면,427170,금융공학,2025,2,2학기
426110,수리금융학,2025,2,NM470,투자실무,A,전공선택,4,3,"화요일(09:30~10:45), 목요일(11:00~12:15)","7315, 7315",오세헌,20250200,17/50,전공생 우선수강 // 전공(복수포함)자,,1,,대면,427170,금융공학,2025,2,2학기
426120,응용통계학,2025,2,NS221,SAS프로그래밍,A,전공선택,2,3,"화요일(09:30~10:45), 목요일(11:00~12:15)","7108, 7108",유한나,20220033,23/42,,,1,,대면,427180,빅데이터융합학,2025,2,2학기
426120,응용통계학,2025,2,NS304,표본이론,A,전공선택,2,3,"월요일(13:00~14:15), 수요일(13:00~14:15)","7202, 7202",변종석,19970018,31/40,,,1,,대면,427180,빅데이터융합학,2025,2,2학기
426120,응용통계학,2025,2,NS306,다변량분석,A,전공선택,"3, 4",3,"화요일(09:30~10:45), 목요일(11:00~12:15)","7202, 7202",박동련,19960011,10/30,,,1,,대면,427180,빅데이터융합학,2025,2,2학기
426120,응용통계학,2025,2,NS345,통계자료분석실습,A,전공필수,3,3,"금요일(13:00~14:15), 금요일(14:30~15:45)","7202, 7202",박동련,19960011,26/30,,,1,,대면,427180,빅데이터융합학,2025,2,2학기
426120,응용통계학,2025,2,NS346,응용통계세미나Ⅱ,A,전공선택,"3, 4",3,"월요일(11:00~12:15), 수요일(09:30~10:45)","7202, 7202",유한나,20220033,12/30,,,1,,대면,427180,빅데이터융합학,2025,2,2학기
426120,응용통계학,2025,2,NS362,R데이터분석,A,전공선택,"3, 4",3,"월요일(13:00~14:15), 수요일(13:00~14:15)","7203, 7203",유한나,20220033,21/30,,,1,,대면,427180,빅데이터융합학,2025,2,2학기
426120,응용통계학,2025,2,NS364,빅데이터시각화분석,A,전공선택,"3, 4",3,"화요일(13:00~14:15), 목요일(13:00~14:15)","7202, 7202",박동련,19960011,15/30,,,1,,대면,427180,빅데이터융합학,2025,2,2학기
426120,응용통계학,2025,2,NS366,SQL프로그래밍,A,전공선택,"3, 4",3,"화요일(16:00~17:15), 화요일(17:30~18:45)","7203, 7203",김유신,20240163,20/30,,,1,,대면,427180,빅데이터융합학,2025,2,2학기
426120,응용통계학,2025,2,NS410,통계컨설팅,A,전공선택,"3, 4",3,"월요일(14:30~15:45), 수요일(14:30~15:45)","7202, 7202",변종석,19970018,22/30,,,1,,대면,427180,빅데이터융합학,2025,2,2학기
426120,응용통계학,2025,2,NS419,졸업논문,A,전공필수,4,(3),,,변종석,19970018,46/80,전공(복수포함)자,,1,,N,427180,빅데이터융합학,2025,2,2학기
427100,AI·SW계열,2025,2,AS004,AI·SW수학,A,계열공통,1,3,"월요일(14:30~15:45), 수요일(14:30~15:45)","18520, 18520",나경욱,20080158,50/45,"컴공부 NE117이산수학 이수자 수강 금지/소웨융 NI136미적분학,NI137공업수학,NI243이산수학 이수자 수강금지 // 전공(복수포함)자",,1,,대면,427200,AI·SW학,2025,2,2학기
427100,AI·SW계열,2025,2,AS004,AI·SW수학,B,계열공통,1,3,"월요일(14:30~15:45), 수요일(14:30~15:45)","18420-1, 18420-1",이경옥,20000150,26/40,"컴공부 NE117이산수학 이수자 수강 금지/소웨융 NI136미적분학,NI137공업수학,NI243이산수학 이수자 수강금지 // 전공(복수포함)자",,1,,대면,427200,AI·SW학,2025,2,2학기
427100,AI·SW계열,2025,2,AS004,AI·SW수학,C,계열공통,1,3,"화요일(09:30~10:45), 목요일(11:00~12:15)","18212, 18212",김선만,20240166,47/48,"컴공부 NE117이산수학 이수자 수강 금지/소웨융 NI136미적분학,NI137공업수학,NI243이산수학 이수자 수강금지 // 전공(복수포함)자",,1,,대면,427200,AI·SW학,2025,2,2학기
427100,AI·SW계열,2025,2,AS004,AI·SW수학,D,계열공통,1,3,"월요일(13:00~14:15), 수요일(13:00~14:15)","18420-1, 18420-1",이경옥,20000150,46/48,"컴공부 NE117이산수학 이수자 수강 금지/소웨융 NI136미적분학,NI137공업수학,NI243이산수학 이수자 수강금지 // 전공(복수포함)자",,1,,대면,427200,AI·SW학,2025,2,2학기
427100,AI·SW계열,2025,2,AS004,AI·SW수학,E,계열공통,1,3,"화요일(09:30~10:45), 목요일(11:00~12:15)","18211-1, 18211-1",윤성식,19960015,42/48,"컴공부 NE117이산수학 이수자 수강 금지/소웨융 NI136미적분학,NI137공업수학,NI243이산수학 이수자 수강금지 // 전공(복수포함)자",,2,,대면,427200,AI·SW학,2025,2,2학기
427100,AI·SW계열,2025,2,AS004,AI·SW수학,F,계열공통,1,3,"금요일(09:30~10:45), 금요일(11:00~12:15)","18421, 18421",한근식,20230033,35/48,"컴공부 NE117이산수학 이수자 수강 금지/소웨융 NI136미적분학,NI137공업수학,NI243이산수학 이수자 수강금지 // 전공(복수포함)자",,1,,대면,427200,AI·SW학,2025,2,2학기
427100,AI·SW계열,2025,2,AS005,문제해결형프로그래밍,A,계열공통,1,3,"월요일(09:30~10:45), 수요일(11:00~12:15)","18309, 18309",이용걸,20210023,42/42,소웨융 NI125 C++이론및실습 이수자 수강금지/아영콘 IT110C프로그래밍활용 이수자 수강금지 // 전공(복수포함)자,,1,,대면,427200,AI·SW학,2025,2,2학기
427100,AI·SW계열,2025,2,AS005,문제해결형프로그래밍,B,계열공통,1,3,"월요일(11:00~12:15), 수요일(09:30~10:45)","18424, 18424",안현,20210024,39/42,소웨융 NI125 C++이론및실습 이수자 수강금지/아영콘 IT110C프로그래밍활용 이수자 수강금지 // 전공(복수포함)자,,1,,대면,427200,AI·SW학,2025,2,2학기
427100,AI·SW계열,2025,2,AS005,문제해결형프로그래밍,C,계열공통,1,3,"월요일(13:00~14:15), 수요일(13:00~14:15)","18521, 18521",이형우,20030008,41/40,소웨융 NI125 C++이론및실습 이수자 수강금지/아영콘 IT110C프로그래밍활용 이수자 수강금지 // 전공(복수포함)자,,1,,대면,427200,AI·SW학,2025,2,2학기
427100,AI·SW계열,2025,2,AS005,문제해결형프로그래밍,D,계열공통,1,3,"월요일(13:00~14:15), 수요일(13:00~14:15)","18312, 18312",강영경,19970108,44/42,소웨융 NI125 C++이론및실습 이수자 수강금지/아영콘 IT110C프로그래밍활용 이수자 수강금지 // 전공(복수포함)자,,1,,대면,427200,AI·SW학,2025,2,2학기
427100,AI·SW계열,2025,2,AS005,문제해결형프로그래밍,E,계열공통,1,3,"화요일(13:00~14:15), 목요일(13:00~14:15)","18521, 18521",백수진,20230139,30/35,AI시스템반도체 학생만 수강신청 가능 // 전공(복수포함)자,,1,,대면,427200,AI·SW학,2025,2,2학기
427100,AI·SW계열,2025,2,AS005,문제해결형프로그래밍,F,계열공통,1,3,"화요일(16:00~17:15), 화요일(17:30~18:45)","18424, 18424",연문숙,20250183,37/42,소웨융 NI125 C++이론및실습 이수자 수강금지/아영콘 IT110C프로그래밍활용 이수자 수강금지 // 전공(복수포함)자,,1,,대면,427200,AI·SW학,2025,2,2학기
427100,AI·SW계열,2025,2,AS005,문제해결형프로그래밍,G,계열공통,1,3,"월요일(17:30~18:45), 수요일(16:00~17:15)","18521, 18521",안현,20210024,29/40,소웨융 NI125 C++이론및실습 이수자 수강금지/아영콘 IT110C프로그래밍활용 이수자 수강금지 // 전공(복수포함)자,,1,,대면,427200,AI·SW학,2025,2,2학기
427100,AI·SW계열,2025,2,AS005,문제해결형프로그래밍,H,계열공통,1,3,"화요일(16:00~17:15), 화요일(17:30~18:45)","18314, 18314",강영경,19970108,44/42,소웨융 NI125 C++이론및실습 이수자 수강금지/아영콘 IT110C프로그래밍활용 이수자 수강금지 // 전공(복수포함)자,,1,,대면,427200,AI·SW학,2025,2,2학기
427100,AI·SW계열,2025,2,AS006,웹프로그래밍,A,계열공통,1,3,"월요일(09:30~10:45), 수요일(11:00~12:15)","18419, 18419",손승일,20020195,32/42,"컴퓨터공학부, 소프트웨어융합학부(정보통신학부), IT영상콘텐츠학(IT콘텐츠학), 소프트웨어, XR콘텐츠, 인공지능, 데이터사이언스, 지능형IoT, AISW학,AI시스템반도체학 수강 가능 // 전공(복수포함)자",,1,,대면,427200,AI·SW학,2025,2,2학기
427100,AI·SW계열,2025,2,AS006,웹프로그래밍,B,계열공통,1,3,"월요일(11:00~12:15), 수요일(09:30~10:45)","18419, 18419",손승일,20020195,41/42,컴공부 NE118웹프로그래밍기초 이수자 수강 금지/소웨융 NI232인터넷프로그래밍 이수자 수강금지 // 전공(복수포함)자,,1,,대면,427200,AI·SW학,2025,2,2학기
427100,AI·SW계열,2025,2,AS006,웹프로그래밍,C,계열공통,1,3,"화요일(11:00~12:15), 목요일(09:30~10:45)","18314, 18314",조성호,20020194,41/42,컴공부 NE118웹프로그래밍기초 이수자 수강 금지/소웨융 NI232인터넷프로그래밍 이수자 수강금지 // 전공(복수포함)자,,1,,대면,427200,AI·SW학,2025,2,2학기
427100,AI·SW계열,2025,2,AS006,웹프로그래밍,D,계열공통,1,3,"화요일(09:30~10:45), 목요일(11:00~12:15)","18422, 18422",조성호,20020194,18/40,컴공부 NE118웹프로그래밍기초 이수자 수강 금지/소웨융 NI232인터넷프로그래밍 이수자 수강금지 // 전공(복수포함)자,,1,,대면,427200,AI·SW학,2025,2,2학기
427100,AI·SW계열,2025,2,AS006,웹프로그래밍,E,계열공통,1,3,"목요일(16:00~17:15), 목요일(17:30~18:45)","18422, 18422",이애본,20250028,28/40,컴공부 NE118웹프로그래밍기초 이수자 수강 금지/소웨융 NI232인터넷프로그래밍 이수자 수강금지 // 전공(복수포함)자,,1,,대면,427200,AI·SW학,2025,2,2학기
427100,AI·SW계열,2025,2,AS006,웹프로그래밍,F,계열공통,1,3,"월요일(17:30~18:45), 수요일(16:00~17:15)","18314, 18314",이양선,20210020,26/42,컴공부 NE118웹프로그래밍기초 이수자 수강 금지/소웨융 NI232인터넷프로그래밍 이수자 수강금지 // 전공(복수포함)자,,1,,대면,427200,AI·SW학,2025,2,2학기
427100,AI·SW계열,2025,2,AS006,웹프로그래밍,G,계열공통,1,3,"화요일(14:30~15:45), 목요일(14:30~15:45)","18312, 18312",임익수,20230014,42/42,컴공부 NE118웹프로그래밍기초 이수자 수강 금지/소웨융 NI232인터넷프로그래밍 이수자 수강금지 // 전공(복수포함)자,,2,,대면,427200,AI·SW학,2025,2,2학기
427100,AI·SW계열,2025,2,AS006,웹프로그래밍,H,계열공통,1,3,"월요일(16:00~17:15), 수요일(17:30~18:45)","18312, 18312",전소화,20250030,40/42,컴공부 NE118웹프로그래밍기초 이수자 수강 금지/소웨융 NI232인터넷프로그래밍 이수자 수강금지 // 전공(복수포함)자,,1,,대면,427200,AI·SW학,2025,2,2학기
427100,AI·SW계열,2025,2,AS006,웹프로그래밍,I,계열공통,1,3,"목요일(16:00~17:15), 목요일(17:30~18:45)","18308, 18308",전소화,20250030,24/42,컴공부 NE118웹프로그래밍기초 이수자 수강 금지/소웨융 NI232인터넷프로그래밍 이수자 수강금지,,1,,대면,427200,AI·SW학,2025,2,2학기
427100,AI·SW계열,2025,2,AS009,논리회로,A,계열공통,2,3,"월요일(11:00~12:15), 수요일(09:30~10:45)","18425, 18425",백수진,20230139,40/40,소웨융 NI260논리회로설계및실험 이수자 수강금지 // 전공(복수포함)자,,1,,대면,427200,AI·SW학,2025,2,2학기
427100,AI·SW계열,2025,2,AS009,논리회로,B,계열공통,2,3,"월요일(14:30~15:45), 수요일(14:30~15:45)","18419, 18419",여협구,20090007,43/42,소웨융 NI260논리회로설계및실험 이수자 수강금지 // 전공(복수포함)자,,1,,대면,427200,AI·SW학,2025,2,2학기
427100,AI·SW계열,2025,2,AS009,논리회로,C,계열공통,2,3,"화요일(11:00~12:15), 목요일(09:30~10:45)","18419, 18419",손승일,20020195,38/42,소웨융 NI260논리회로설계및실험 이수자 수강금지 // 전공(복수포함)자,,1,,대면,427200,AI·SW학,2025,2,2학기
427100,AI·SW계열,2025,2,AS009,논리회로,D,계열공통,2,3,"화요일(13:00~14:15), 목요일(13:00~14:15)","18312, 18312",여협구,20090007,41/42,소웨융 NI260논리회로설계및실험 이수자 수강금지 // 전공(복수포함)자,,1,,대면,427200,AI·SW학,2025,2,2학기
427100,AI·SW계열,2025,2,AS009,논리회로,E,계열공통,2,3,"화요일(14:30~15:45), 목요일(14:30~15:45)","18419, 18419",백수진,20230139,42/42,소웨융 NI260논리회로설계및실험 이수자 수강금지 // 전공(복수포함)자,,1,,대면,427200,AI·SW학,2025,2,2학기
427100,AI·SW계열,2025,2,AS009,논리회로,F,계열공통,2,3,"목요일(16:00~17:15), 목요일(17:30~18:45)","18521, 18521",남진문,20250127,23/40,소웨융 NI260논리회로설계및실험 이수자 수강금지 // 전공(복수포함)자,,1,,대면,427200,AI·SW학,2025,2,2학기
427100,AI·SW계열,2025,2,AS011,운영체제,A,계열공통,2,3,"월요일(16:00~17:15), 수요일(17:30~18:45)","18422, 18422",김종만,20250221,40/40,컴공부 NE208운영체제 이수자 수강금지 // 전공(복수포함)자,,1,,대면,427200,AI·SW학,2025,2,2학기
427100,AI·SW계열,2025,2,AS011,운영체제,B,계열공통,2,3,"월요일(09:30~10:45), 수요일(11:00~12:15)","18520, 18520",조성호,20020194,42/42,컴공부 NE208운영체제 이수자 수강금지 // 전공(복수포함)자,,1,,대면,427200,AI·SW학,2025,2,2학기
427100,AI·SW계열,2025,2,AS011,운영체제,C,계열공통,2,3,"월요일(11:00~12:15), 수요일(09:30~10:45)","18520, 18520",조성호,20020194,42/42,컴공부 NE208운영체제 이수자 수강금지 // 전공(복수포함)자,,1,,대면,427200,AI·SW학,2025,2,2학기
427100,AI·SW계열,2025,2,AS011,운영체제,D,계열공통,2,3,"금요일(13:00~14:15), 금요일(14:30~15:45)","18419, 18419",김경아,20250192,23/42,컴공부 NE208운영체제 이수자 수강금지 // 전공(복수포함)자,,1,,대면,427200,AI·SW학,2025,2,2학기
427100,AI·SW계열,2025,2,AS011,운영체제,E,계열공통,2,3,"화요일(09:30~10:45), 목요일(11:00~12:15)","18312, 18312",남진문,20250127,42/42,컴공부 NE208운영체제 이수자 수강금지 // 전공(복수포함)자,,1,,대면,427200,AI·SW학,2025,2,2학기
427100,AI·SW계열,2025,2,AS011,운영체제,F,계열공통,2,3,"월요일(14:30~15:45), 수요일(14:30~15:45)","18424, 18424",김종만,20250221,42/42,컴공부 NE208운영체제 이수자 수강금지 // 전공(복수포함)자,,1,,대면,427200,AI·SW학,2025,2,2학기
427100,AI·SW계열,2025,2,AS012,데이터베이스,A,계열공통,2,3,화요일(11:00~12:15),18422,윤형균,20250213,39/40,컴공부 NE210데이터베이스 이수자 수강금지. 블렌디드 수업 // 전공(복수포함)자,,1,,블랜디드,427200,AI·SW학,2025,2,2학기
427100,AI·SW계열,2025,2,AS012,데이터베이스,B,계열공통,2,3,"월요일(13:00~14:15), 수요일(13:00~14:15)","18424, 18424",박성진,20000021,45/45,컴공부 NE210데이터베이스 이수자 수강금지 // 전공(복수포함)자,,1,,대면,427200,AI·SW학,2025,2,2학기
427100,AI·SW계열,2025,2,AS012,데이터베이스,C,계열공통,2,3,"화요일(13:00~14:15), 화요일(14:30~15:45)","18424, 18424",윤형균,20250213,37/45,컴공부 NE210데이터베이스 이수자 수강금지 // 전공(복수포함)자,,1,,대면,427200,AI·SW학,2025,2,2학기
427100,AI·SW계열,2025,2,AS012,데이터베이스,D,계열공통,2,3,"목요일(16:00~17:15), 목요일(17:30~18:45)","18424, 18424",오윤식,20240027,39/45,컴공부 NE210데이터베이스 이수자 수강금지 // 전공(복수포함)자,,1,,대면,427200,AI·SW학,2025,2,2학기
427100,AI·SW계열,2025,2,AS012,데이터베이스,E,계열공통,2,3,"목요일(13:00~14:15), 목요일(14:30~15:45)","18307, 18307",이경호,20250184,40/45,컴공부 NE210데이터베이스 이수자 수강금지 // 전공(복수포함)자,,2,,대면,427200,AI·SW학,2025,2,2학기
427100,AI·SW계열,2025,2,AS012,데이터베이스,F,계열공통,2,3,"월요일(11:00~12:15), 수요일(09:30~10:45)","18307, 18307",박성진,20000021,45/45,컴공부 NE210데이터베이스 이수자 수강금지 // 전공(복수포함)자,,1,,대면,427200,AI·SW학,2025,2,2학기
427110,소프트웨어,2025,2,SH309,기계학습,A,전공선택,"2, 3, 4",3,화요일(11:00~12:15),18521,한성훈,20250191,40/40,아영콘 IT227데이터처리실습 이수자 수강금지 // 전공(복수포함)자,지식정보,2,,블랜디드,427200,AI·SW학,2025,2,2학기
427110,소프트웨어,2025,2,SH309,기계학습,B,전공선택,"3, 4",3,"월요일(16:00~17:15), 수요일(17:30~18:45)","18314, 18314",강영경,19970108,31/40,아영콘 IT227데이터처리실습 이수자 수강금지 // 전공(복수포함)자,지식정보,1,,대면,427200,AI·SW학,2025,2,2학기
427110,소프트웨어,2025,2,SH309,기계학습,C,전공선택,"3, 4",3,"월요일(14:30~15:45), 수요일(14:30~15:45)","18521, 18521",이용걸,20210023,40/40,아영콘 IT227데이터처리실습 이수자 수강금지 // 전공(복수포함)자,지식정보,1,,대면,427200,AI·SW학,2025,2,2학기
427110,소프트웨어,2025,2,SH314,모바일프로그래밍,A,전공선택,"3, 4",3,"목요일(16:00~17:15), 목요일(17:30~18:45)","18307, 18307",이경호,20250184,21/40,,창의융합,1,,대면,427200,AI·SW학,2025,2,2학기
427110,소프트웨어,2025,2,SH314,모바일프로그래밍,B,전공선택,"3, 4",3,"목요일(13:00~14:15), 목요일(14:30~15:45)","18424, 18424",김현경,20250174,31/35,강의실 변경 18209->18424,창의융합,1,,대면,427200,AI·SW학,2025,2,2학기
427110,소프트웨어,2025,2,SH314,모바일프로그래밍,C,전공선택,"3, 4",3,"목요일(16:00~17:15), 목요일(17:30~18:45)","18419, 18419",한성훈,20250191,33/40,,창의융합,1,,대면,427200,AI·SW학,2025,2,2학기
427110,소프트웨어,2025,2,SH315,리눅스프로그래밍,A,전공선택,"3, 4",3,"월요일(13:00~14:15), 수요일(13:00~14:15)","18422, 18422",조성호,20020194,40/40,,지식정보,1,,대면,427200,AI·SW학,2025,2,2학기
427110,소프트웨어,2025,2,SH319,UI/UX프로그래밍,A,전공선택,"3, 4",3,"금요일(09:30~10:45), 금요일(11:00~12:15)","18424, 18424",임익수,20230014,43/43,,지식정보,1,,대면,427200,AI·SW학,2025,2,2학기
427110,소프트웨어,2025,2,SH327,고급웹프로그래밍,A,전공선택,"3, 4",3,"화요일(09:30~10:45), 목요일(11:00~12:15)","18419, 18419",손승일,20020195,38/43,,,1,,대면,427200,AI·SW학,2025,2,2학기
427110,소프트웨어,2025,2,SH329,딥러닝응용,A,전공선택,"3, 4",3,"월요일(14:30~15:45), 수요일(14:30~15:45)","18312, 18312",박기홍,20240073,27/40,,,1,,대면,427200,AI·SW학,2025,2,2학기
427110,소프트웨어,2025,2,SH329,딥러닝응용,B,전공선택,"3, 4",3,"월요일(09:30~10:45), 수요일(11:00~12:15)","18312, 18312",김선만,20240166,37/40,,,1,,대면,427200,AI·SW학,2025,2,2학기
427110,소프트웨어,2025,2,SH329,딥러닝응용,C,전공선택,"3, 4",3,"월요일(11:00~12:15), 수요일(09:30~10:45)","18312, 18312",김선만,20240166,19/40,,,2,,대면,427200,AI·SW학,2025,2,2학기
427110,소프트웨어,2025,2,SH330,음성공학,A,전공선택,3,3,"금요일(09:30~10:45), 금요일(11:00~12:15)","18314, 18314",신대진,20250027,33/40,,,1,,대면,427200,AI·SW학,2025,2,2학기
427110,소프트웨어,2025,2,SH335,디지털비즈니스개론,A,전공선택,"3, 4",3,"화요일(13:00~14:15), 화요일(14:30~15:45)","18209, 18209",홍승필,20240164,34/35,,,1,,대면,427200,AI·SW학,2025,2,2학기
427120,인공지능,2025,2,SH324,프로그래밍언어,A,전공선택,"3, 4",3,"화요일(13:00~14:15), 화요일(14:30~15:45)","18421, 18521",이경옥,20000150,24/35,강의실 변경,,1,,대면,427200,AI·SW학,2025,2,2학기
427120,인공지능,2025,2,SH405,컴퓨터비전,A,전공선택,"3, 4",3,"월요일(17:30~18:45), 수요일(16:00~17:15)","18422, 18422",박기홍,20240073,27/40,,,1,,대면,427200,AI·SW학,2025,2,2학기
427120,인공지능,2025,2,SH405,컴퓨터비전,B,전공선택,"3, 4",3,"화요일(09:30~10:45), 목요일(11:00~12:15)","18314, 18314",이용걸,20210023,39/42,,,1,,대면,427200,AI·SW학,2025,2,2학기
427130,데이터사이언스,2025,2,SH311,보안프로그래밍,A,전공선택,"3, 4",3,"화요일(16:00~17:15), 화요일(17:30~18:45)","18422, 18422",이형우,20030008,43/40,,지식정보,1,,대면,427200,AI·SW학,2025,2,2학기
427140,XR콘텐츠,2025,2,SH307,컴퓨터그래픽스,A,전공선택,"3, 4",3,"월요일(11:00~12:15), 수요일(09:30~10:45)","18422, 18422",류승택,20040026,40/40,,지식정보,1,,대면,427200,AI·SW학,2025,2,2학기
427140,XR콘텐츠,2025,2,SH318,컴퓨터애니메이션,A,전공선택,"3, 4",3,"금요일(09:30~10:45), 금요일(11:00~12:15)","18419, 18419",강명구,20230018,41/45,,창의융합,1,,대면,427200,AI·SW학,2025,2,2학기
427200,AI·SW학,2025,2,GP677,컴퓨터비전특론,A,학석연계,4,3,,,박기홍,20240073,2/10,장준하통일관 18208  목13:00~15:45,,1,,대면,427200,AI·SW학,2025,2,2학기
427200,AI·SW학,2025,2,MI401,감성컴퓨팅,A,전공선택,2,3,"화요일(14:30~15:45), 목요일(14:30~15:45)","18314, 18314",오석희,20240165,42/45,"인지감성컴퓨팅/앰비언트컴퓨팅 특화전공생, AISW학 전공생 신청 가능",창의융합,1,,대면,427200,AI·SW학,2025,2,2학기
427200,AI·SW학,2025,2,NI338,시스템분석설계,A,전공선택,"3, 4",3,"화요일(09:30~10:45), 목요일(11:00~12:15)","18418, 18418",이성구,19990055,36/43,,,1,,대면,427200,AI·SW학,2025,2,2학기
427200,AI·SW학,2025,2,NI338,시스템분석설계,B,전공선택,"3, 4",3,"화요일(11:00~12:15), 목요일(09:30~10:45)","18418, 18418",이성구,19990055,41/43,,,1,,대면,427200,AI·SW학,2025,2,2학기
427200,AI·SW학,2025,2,PD001,자기설계기초,G10,일반선택,"2, 3, 4",3,,,김애영,20210071,2/5,지정된 학생외 수강금지,,0,,N,427200,AI·SW학,2025,2,2학기
427200,AI·SW학,2025,2,PD001,자기설계기초,G2,일반선택,"2, 3, 4",3,,,이양선,20210020,3/5,지정 학생회 수강금지,,1,,N,427200,AI·SW학,2025,2,2학기
427200,AI·SW학,2025,2,PD001,자기설계기초,G5,일반선택,"2, 3, 4",3,,,류승택,20040026,3/5,,,1,,N,427200,AI·SW학,2025,2,2학기
427200,AI·SW학,2025,2,PD001,자기설계기초,G6,일반선택,"2, 3, 4",3,,,오석희,20240165,1/5,지정된 학생외 수강금지,,1,,N,427200,AI·SW학,2025,2,2학기
427200,AI·SW학,2025,2,PD001,자기설계기초,G7,일반선택,"2, 3, 4",3,,,안현,20210024,3/5,지정된 학생외 수강금지,,0,,N,427200,AI·SW학,2025,2,2학기
427200,AI·SW학,2025,2,PD001,자기설계기초,G8,일반선택,"2, 3, 4",3,,,김선만,20240166,3/5,지정된 학생외 수강금지,,1,,N,427200,AI·SW학,2025,2,2학기
427200,AI·SW학,2025,2,PD001,자기설계기초,G9,일반선택,"2, 3, 4",3,,,박기홍,20240073,1/5,지정된 학생외 수강금지,,1,,N,427200,AI·SW학,2025,2,2학기
427200,AI·SW학,2025,2,SH202,고급프로그래밍,A,전공선택,2,3,"월요일(11:00~12:15), 수요일(09:30~10:45)","18314, 18314",이형우,20030008,38/42,컴공부 NE202고급프로그래밍 이수자 수강 금지 // 전공(복수포함)자,지식정보,1,,대면,427200,AI·SW학,2025,2,2학기
427200,AI·SW학,2025,2,SH202,고급프로그래밍,B,전공선택,2,3,"월요일(09:30~10:45), 수요일(11:00~12:15)","18314, 18314",이형우,20030008,42/42,컴공부 NE202고급프로그래밍 이수자 수강 금지 // 전공(복수포함)자,지식정보,1,,대면,427200,AI·SW학,2025,2,2학기
427200,AI·SW학,2025,2,SH202,고급프로그래밍,C,전공선택,2,3,"화요일(14:30~15:45), 목요일(14:30~15:45)","18422, 18422",이성구,19990055,31/40,전공(복수포함)자,지식정보,1,,대면,427200,AI·SW학,2025,2,2학기
427200,AI·SW학,2025,2,SH202,고급프로그래밍,D,전공선택,2,3,"화요일(16:00~17:15), 화요일(17:30~18:45)","18312, 18312",한성훈,20250191,42/42,컴공부 NE202고급프로그래밍 이수자 수강 금지 // 전공(복수포함)자,지식정보,1,,대면,427200,AI·SW학,2025,2,2학기
427200,AI·SW학,2025,2,SH207,오픈소스SW개론,A,전공선택,2,3,"화요일(09:30~10:45), 목요일(11:00~12:15)","18424, 18424",안현,20210024,45/40,,,1,,대면,427200,AI·SW학,2025,2,2학기
427200,AI·SW학,2025,2,SH321,빅데이터플랫폼,A,전공선택,"3, 4",3,"화요일(13:00~14:15), 목요일(13:00~14:15)","18419, 18419",안현,20210024,43/43,,지식정보,1,,대면,427200,AI·SW학,2025,2,2학기
427200,AI·SW학,2025,2,SH325,AIoT설계와응용,A,전공선택,"3, 4",3,"화요일(11:00~12:15), 목요일(09:30~10:45)","18312, 18312",강민구,20000145,25/40,,지식정보,1,,대면,427200,AI·SW학,2025,2,2학기
427200,AI·SW학,2025,2,SH339,인지감성컴퓨팅기획,A,전공선택,"3, 4",3,"월요일(13:00~14:15), 수요일(13:00~14:15)","18314, 18314",오석희,20240165,12/40,인지감성컴퓨팅 특화전공생 수강,,1,,대면,427200,AI·SW학,2025,2,2학기
427200,AI·SW학,2025,2,SH342,앰비언트컴퓨팅기획,A,전공선택,"3, 4",3,"월요일(09:30~10:45), 수요일(11:00~12:15)","18422, 18422",이양선,20210020,17/40,앰비언트컴퓨팅 특화전공생 수강,,1,,대면,427200,AI·SW학,2025,2,2학기
427200,AI·SW학,2025,2,SH351,인지감성AI에이전트,A,전공선택,"3, 4",3,"월요일(14:30~15:45), 수요일(14:30~15:45)","18314, 18314",서정욱,20200078,28/40,"인지감성컴퓨팅 특화전공생 우선 수강,AISW학 전공생 신청 가능",,1,,대면,427200,AI·SW학,2025,2,2학기
427200,AI·SW학,2025,2,SH352,자율지능IoT시스템,A,전공선택,"2, 3, 4",3,"월요일(09:30~10:45), 수요일(11:00~12:15)","18424, 18424",서정욱,20200078,43/43,,,1,,대면,427200,AI·SW학,2025,2,2학기
427200,AI·SW학,2025,2,SH402,AISW캡스톤디자인Ⅰ,A,전공선택,"3, 4",3,"금요일(13:00~14:15), 금요일(14:30~15:45)","18314, 18314",홍승필,20240164,43/43,,창의융합,1,,대면,427200,AI·SW학,2025,2,2학기
427200,AI·SW학,2025,2,SH402,AISW캡스톤디자인Ⅰ,B,전공선택,"3, 4",3,"금요일(13:00~14:15), 금요일(14:30~15:45)","18422, 18422",류승택,20040026,44/45,,창의융합,1,,대면,427200,AI·SW학,2025,2,2학기
427200,AI·SW학,2025,2,SH402,AISW캡스톤디자인Ⅰ,C,전공선택,"3, 4",3,"금요일(13:00~14:15), 금요일(14:30~15:45)","18308, 18308",강민구,20000145,20/45,,창의융합,1,,대면,427200,AI·SW학,2025,2,2학기
427200,AI·SW학,2025,2,SH402,AISW캡스톤디자인Ⅰ,D,전공선택,"3, 4",3,"금요일(13:00~14:15), 금요일(14:30~15:45)","18307, 18307",남진문,20250127,38/43,,창의융합,1,,대면,427200,AI·SW학,2025,2,2학기
427200,AI·SW학,2025,2,SH402,AISW캡스톤디자인Ⅰ,E,전공선택,"3, 4",3,"금요일(13:00~14:15), 금요일(14:30~15:45)","18424, 18424",오윤식,20240027,43/43,,창의융합,1,,대면,427200,AI·SW학,2025,2,2학기
427200,AI·SW학,2025,2,XR202,XR콘텐츠응용,A,전공선택,2,3,"화요일(11:00~12:15), 목요일(09:30~10:45)","18209, 18209",임익수,20230014,36/36,아영콘 IT233XR콘텐츠제작기초실습 이수자 수강금지 // 전공(복수포함)자,,1,,대면,427200,AI·SW학,2025,2,2학기
427300,AI시스템반도체학,2025,2,AC102,반도체수학,A,전공선택,1,3,"월요일(13:00~14:15), 수요일(13:00~14:15)","18419, 18419",정승민,20060142,29/35,AI시스템반도체학 학생만 수강신청 가능 // 전공(복수포함)자,지식정보,1,,대면,427300,AI시스템반도체학,2025,2,2학기
427300,AI시스템반도체학,2025,2,AC203,기초회로실험,A,전공선택,2,3,"목요일(16:00~17:15), 목요일(17:30~18:45)","18425, 18425",여협구,20090007,8/35,AI시스템반도체학 학생만 수강신청 가능 // 전공(복수포함)자,지식정보,1,,대면,427300,AI시스템반도체학,2025,2,2학기
427300,AI시스템반도체학,2025,2,AC209,디지털회로실험,A,전공선택,2,3,"화요일(16:00~17:15), 화요일(17:30~18:45)","18425, 18425",정승민,20060142,12/35,AI시스템반도체학 학생만 수강신청 가능 // 전공(복수포함)자,지식정보,1,,대면,427300,AI시스템반도체학,2025,2,2학기
427300,AI시스템반도체학,2025,2,AC214,객체지향프로그래밍입문,A,전공선택,2,3,"월요일(09:30~10:45), 수요일(11:00~12:15)","18425, 18425",백수진,20230139,8/35,AI시스템반도체학 학생만 수강신청 가능 // 전공(복수포함)자,,1,,대면,427300,AI시스템반도체학,2025,2,2학기
427300,AI시스템반도체학,2025,2,AC216,집적회로설계입문,A,전공선택,2,3,"월요일(13:00~14:15), 수요일(13:00~14:15)","18425, 18425",여협구,20090007,10/35,AI시스템반도체학 학생만 수강신청 가능 // 전공(복수포함)자,,1,,대면,427300,AI시스템반도체학,2025,2,2학기
427300,AI시스템반도체학,2025,2,AC217,데이터분석및활용,A,전공선택,2,3,"화요일(13:00~14:15), 화요일(14:30~15:45)","18425, 18425",연문숙,20250183,11/35,AI시스템반도체학 학생만 수강신청 가능 // 전공(복수포함)자,,1,,대면,427300,AI시스템반도체학,2025,2,2학기
427400,첨단융합계열,2025,2,EC003,금융기초,A,계열공통,1,3,"월요일(16:00~17:15), 수요일(17:30~18:45)","7315, 7315",정재웅,20210034,38/40,,,1,,대면,,,2025,2,2학기
427400,첨단융합계열,2025,2,EC003,금융기초,B,계열공통,1,3,"월요일(17:30~18:45), 수요일(16:00~17:15)","7315, 7315",정재웅,20210034,27/40,,,1,,대면,,,2025,2,2학기
427400,첨단융합계열,2025,2,EC006,데이터분석프로그래밍기초,A,계열공통,1,3,"월요일(17:30~18:45), 수요일(16:00~17:15)","7203, 7203",김유신,20240163,33/30,,,1,,대면,,,2025,2,2학기
427400,첨단융합계열,2025,2,EC006,데이터분석프로그래밍기초,B,계열공통,1,3,"월요일(16:00~17:15), 수요일(17:30~18:45)","7203, 7203",김유신,20240163,33/30,,,1,,대면,,,2025,2,2학기
400000,교양과정,2025,3,KY217,성서의세계,A,교양필수,"2, 3, 4",2,,,진형섭,20209150,21/20,  // 교내온라인,,1,,교내온라인,,,2025,3,여름계절
400000,교양과정,2025,3,KY410,진로와상담,A,교양필수,4,(0),,,"김용희, 김은희",20220224,39/90,  // 외부온라인,,0,,외부온라인,,,2025,3,여름계절
400000,교양과정,2025,3,KY677,대학생활길잡이,A,교양필수,4,1,,,"이상헌, 최성혜",20080165,1/70,4학년만 수강신청가능 // 외부온라인,,0,,외부온라인,,,2025,3,여름계절
400000,교양과정,2025,3,KY909,사이버영어토익(초급),A,교양선택,"2, 3, 4",2,,,박슬기롭다,20240093,1/90,  // 외부온라인,,0,,외부온라인,,,2025,3,여름계절
400000,교양과정,2025,3,KY910,사이버영어토익(중급),A,교양선택,"2, 3, 4",2,,,박슬기롭다,20240093,6/90,  // 외부온라인,,0,,외부온라인,,,2025,3,여름계절
400000,교양과정,2025,3,KY921,사회생활길잡이,A,교양필수,4,1,,,"김용희, 황애양",20220224,16/90,  // 외부온라인,,0,,외부온라인,,,2025,3,여름계절
400000,교양과정,2025,3,KYC03,컴퓨터활용능력을위한엑셀2016,A,교양선택,"2, 3, 4",2,,,박슬기롭다,20240093,7/90,  // 외부온라인,,0,,외부온라인,,,2025,3,여름계절
400000,교양과정,2025,3,KYC04,컴퓨터활용능력을위한파워포인트2016,A,교양선택,"2, 3, 4",2,,,박슬기롭다,20240093,4/90,  // 외부온라인,,0,,외부온라인,,,2025,3,여름계절
400000,교양과정,2025,3,KYC53,미래사회를위한시민교육,A,교양선택,"2, 3, 4",3,,,옥장흠,20060143,1/50,  // 교내온라인,,1,,교내온라인,,,2025,3,여름계절
400000,교양과정,2025,3,KYC84,브랜드인문학,A,교양선택,"2, 3, 4",3,,,강석원,20130152,30/30,  // 교내온라인,,1,,교내온라인,,,2025,3,여름계절
400000,교양과정,2025,3,OC235,나를찾는행복레슨,A,교양선택,"1, 2, 3, 4",3,,,OCU컨소시엄,20150091,1/5,  // 외부온라인,,0,,외부온라인,,,2025,3,여름계절
402044,한중문화콘텐츠학과,2025,3,DC616,OJT2,A,전공선택,4,3,,,김남희,20200038,2/20,,,0,,N,422190,중국어문화콘텐츠학,2025,3,여름계절
402096,디지털영상문화콘텐츠학과,2025,3,DV422,OJT2,A,전공선택,4,3,,,김윤성,20060020,4/20,,,0,,N,422200,디지털영상문화콘텐츠학,2025,3,여름계절
402960,독일어문화학부,2025,3,HD901,현지독일어실습,A,전공선택,"2, 3, 4",3,,,전춘명,19960084,16/16,"협정대학 위탁수업으로 진행, 관련 공지(https://url.kr/5r473q)",,1,,대면,422140,독일어문화학,2025,3,여름계절
404030,경영학과,2025,3,EB212,회계원리,A,전공선택,"2, 3, 4",3,,,김병조,20140011,15/20,  // 교내온라인,,1,,교내온라인,424110,경영학,2025,3,여름계절
404030,경영학과,2025,3,EB304,전산회계실무,A,전공선택,"2, 3, 4",3,,,"김병조, 홍누리",20140011,27/25,수업방식은교내LMS/수강료제외교과목/거점특화프로그램수강문의(진로취업팀_0813)/전공및복수전공자수강불가/SH345(AWS클라우드서비스)수업과 중복수강신청불가 // 교내온라인,,1,,교내온라인,424110,경영학,2025,3,여름계절
404030,경영학과,2025,3,EB479,OJT2,A,전공선택,4,3,,,김경민,20160030,12/20,,,0,,N,424110,경영학,2025,3,여름계절
405940,컴퓨터공학부,2025,3,NE208,운영체제,A,전공선택,"2, 3, 4",3,,,이찬행,20220199,27/30,컴퓨터공학부만수강가능/전공문의 // 교내온라인,,1,,교내온라인,427200,AI·SW학,2025,3,여름계절
405940,컴퓨터공학부,2025,3,NE210,데이터베이스,A,전공선택,"2, 3, 4",3,,,이찬행,20220199,23/25,컴퓨터공학부만수강가능/전공문의 // 교내온라인,,1,,교내온라인,427200,AI·SW학,2025,3,여름계절
405940,컴퓨터공학부,2025,3,NE317,소프트웨어공학,A,전공선택,"2, 3, 4",3,"월요일(09:30~10:45), 월요일(11:00~12:15)","18424, 18424",안현,20210024,21/25,컴퓨터공학부만수강가능/전공문의 // 교내온라인,,0,,교내온라인,427200,AI·SW학,2025,3,여름계절
405940,컴퓨터공학부,2025,3,NE450,OJT2,A,전공선택,4,3,,,이양선,20210020,15/20,,,0,,N,427200,AI·SW학,2025,3,여름계절
405960,정보통신학부,2025,3,NI125,C++이론및실습,A,전공선택,"2, 3, 4",3,,,김시윤,20250040,18/25,"소프트웨어융합학부(정보통신학)학생만 수강 가능(재수강 가능)/AISW학(소프트웨어,XR콘텐츠,지능형IoT,인공지능,데이터사이언스), 컴퓨터공학부, IT영상콘텐츠학 수강금지 // 교내온라인",,1,,교내온라인,427200,AI·SW학,2025,3,여름계절
405960,정보통신학부,2025,3,NI241,자바프로그래밍,A,전공선택,"2, 3, 4",3,,,서정욱,20200078,15/25,"소프트웨어융합학부(정보통신학)학생만 수강 가능(재수강 가능)/AISW학(소프트웨어,XR콘텐츠,지능형IoT,인공지능,데이터사이언스), 컴퓨터공학부, IT영상콘텐츠학 수강금지 // 교내온라인",,1,,교내온라인,427200,AI·SW학,2025,3,여름계절
405960,정보통신학부,2025,3,NI431,알고리즘,A,전공선택,"2, 3, 4",3,"월요일(09:30~10:45), 월요일(11:00~12:15), 화요일(09:30~10:45), 화요일(11:00~12:15), 수요일(09:30~10:45), 수요일(11:00~12:15), 목요일(09:30~10:45), 목요일(11:00~12:15), 금요일(09:30~10:45), 금요일(11:00~12:15)","18521, 18521, 18521, 18521, 18521, 18521, 18521, 18521, 18521, 18521",조연진,20250056,11/25,"소프트웨어융합학부(정보통신학)학생만 수강가능(재수강 가능)/AISW학(소프트웨어,XR콘텐츠,지능형IoT,인공지능,데이터사이언스), 컴퓨터공학부, IT영상콘텐츠학 수강금지/블랜디드수업(대면수업(1주차~6주차)일정추후재공지)",,0,,블랜디드,427200,AI·SW학,2025,3,여름계절
405960,정보통신학부,2025,3,NI500,OJT2,A,전공선택,4,3,,,이용걸,20210023,11/25,,,0,,N,427200,AI·SW학,2025,3,여름계절
409010,학점교류,2025,3,OC112,생활속의심리학,A,교양선택,"1, 2, 3, 4",3,,,OCU컨소시엄,20150091,6/10,  // 외부온라인,,0,,외부온라인,,,2025,3,여름계절
409010,학점교류,2025,3,OC129,TED로배우는영화속바이오테크놀로지,A,교양선택,"1, 2, 3, 4",3,,,OCU컨소시엄,20150091,1/5,  // 외부온라인,,0,,외부온라인,,,2025,3,여름계절
409010,학점교류,2025,3,OC160,식생활과건강,A,교양선택,"1, 2, 3, 4",3,,,OCU컨소시엄,20150091,3/5,  // 외부온라인,,0,,외부온라인,,,2025,3,여름계절
409010,학점교류,2025,3,OC214,현대음악의이해,A,교양선택,"1, 2, 3, 4",3,,,OCU컨소시엄,20150091,1/5,  // 외부온라인,,0,,외부온라인,,,2025,3,여름계절
409010,학점교류,2025,3,OC219,문학과상상력,A,교양선택,"1, 2, 3, 4",3,,,OCU컨소시엄,20150091,1/5,  // 외부온라인,,0,,외부온라인,,,2025,3,여름계절
409010,학점교류,2025,3,OC240,제4차산업혁명과자기경영,A,교양선택,"1, 2, 3, 4",3,,,OCU컨소시엄,20150091,3/5,  // 외부온라인,,0,,외부온라인,,,2025,3,여름계절
409010,학점교류,2025,3,OC241,부자들의성공심리학,A,교양선택,"1, 2, 3, 4",3,,,OCU컨소시엄,20150091,2/5,  // 외부온라인,,0,,외부온라인,,,2025,3,여름계절
416010,IT콘텐츠학과,2025,3,IT421,OJT2,A,전공선택,4,3,,,오석희,20240165,1/20,,,0,,N,427200,AI·SW학,2025,3,여름계절
422140,독일어문화학,2025,3,HD227,독일동화의세상,A,전공선택,"2, 3, 4",3,,,오동식,20100188,20/25,  // 교내온라인,,1,,교내온라인,,,2025,3,여름계절
422140,독일어문화학,2025,3,HD624,독일의여가문화와맥주,A,전공선택,"2, 3, 4",3,,,전춘명,19960084,21/20,  // 교내온라인,,1,,교내온라인,,,2025,3,여름계절
422140,독일어문화학,2025,3,HD637,스포츠와문화,A,전공선택,"2, 3, 4",3,,,오동식,20100188,14/25,  // 교내온라인,,1,,교내온라인,,,2025,3,여름계절
422140,독일어문화학,2025,3,HD904,손짓언어와글로벌커뮤니케이션,A,전공선택,"2, 3, 4",3,,,전춘명,19960084,20/20,  // 교내온라인,,1,,교내온라인,,,2025,3,여름계절
422140,독일어문화학,2025,3,HD906,독일히든챔피언과창업,A,전공선택,"2, 3, 4",3,,,전춘명,19960084,19/20,  // 교내온라인,,1,,교내온라인,,,2025,3,여름계절
422190,중국어문화콘텐츠학,2025,3,DC134,동아시아의전통문화,A,전공선택,"2, 3, 4",3,,,김용표,20190301,2/90,  // 교내온라인,,1,,교내온라인,422190,중국어문화콘텐츠학,2025,3,여름계절
422190,중국어문화콘텐츠학,2025,3,HC388,중국음식문화의이해,A,전공선택,"2, 3, 4",3,,,문미진,20190194,30/30,  // 교내온라인,,0,,교내온라인,422190,중국어문화콘텐츠학,2025,3,여름계절
422200,디지털영상문화콘텐츠학,2025,3,DV315,한국영화사특강,A,전공선택,"2, 3, 4",3,,,신광철,19960087,18/40,  // 교내온라인,,1,,교내온라인,422200,디지털영상문화콘텐츠학,2025,3,여름계절
422200,디지털영상문화콘텐츠학,2025,3,DV420,SF영화와미래사회,A,전공선택,"2, 3, 4",3,,,신광철,19960087,22/40,  // 교내온라인,,1,,교내온라인,422200,디지털영상문화콘텐츠학,2025,3,여름계절
423110,중국학,2025,3,HN483,OJT2,A,전공선택,4,3,,,김도희,20050055,1,,,0,,N,423150,동아시아통상학,2025,3,여름계절
423220,공공인재빅데이터융합학,2025,3,PS422,OJT2,A,전공선택,4,3,,,윤건,20200035,3/20,,,0,,N,423220,공공인재빅데이터융합학,2025,3,여름계절
424110,경영학,2025,3,EB249,경영전산처리,A,전공선택,"2, 3, 4",3,,,염건,20230143,23/20,  // 교내온라인,,1,,교내온라인,424110,경영학,2025,3,여름계절
424120,IT경영학,2025,3,EZ441,OJT2,A,전공선택,"2, 3, 4",3,,,신재우,20240071,8/20,,,0,,N,424120,IT경영학,2025,3,여름계절
424130,글로벌비즈니스학,2025,3,EH103,경제원론,A,전공선택,"2, 3, 4",3,,,장종익,20120119,20/30,  // 교내온라인,,1,,교내온라인,424130,글로벌비즈니스학,2025,3,여름계절
424130,글로벌비즈니스학,2025,3,EH421,OJT2,A,전공선택,4,3,,,유한나,20220223,3/20,,,0,,N,424130,글로벌비즈니스학,2025,3,여름계절
424140,미디어영상광고홍보학,2025,3,EA335,소셜마케팅커뮤니케이션,A,전공선택,"2, 3, 4",3,,,박혜영,20210072,41/40,  // 교내온라인,,1,,교내온라인,424140,미디어영상광고홍보학,2025,3,여름계절
424140,미디어영상광고홍보학,2025,3,EA336,비즈니스모델과마케팅전략,A,전공선택,"2, 3, 4",3,,,지원배,20170127,28/23,  // 교내온라인,,1,,교내온라인,424140,미디어영상광고홍보학,2025,3,여름계절
424140,미디어영상광고홍보학,2025,3,EM235,대중문화와다중,A,공통선택,"2, 3, 4",3,,,채희상,20130174,31/30,  // 교내온라인,,1,,교내온라인,424140,미디어영상광고홍보학,2025,3,여름계절
424140,미디어영상광고홍보학,2025,3,EM412,캡스톤디자인I,A,전공선택,"2, 3, 4",3,,,지원배,20170127,14/15,"외부기업실습과목, 전공에 신청된 수강신청 허용 학생들만 신청가능(협의대상아닐시 취소됨) // 전공(복수포함)자",,1,,N,424140,미디어영상광고홍보학,2025,3,여름계절
424140,미디어영상광고홍보학,2025,3,EM413,캡스톤디자인II,A,전공선택,"2, 3, 4",3,,,지원배,20170127,10/15,"외부기업실습과목, 전공에 신청된 수강신청 허용 학생들만 신청가능(협의대상아닐시 취소됨) // 전공(복수포함)자",,1,,N,424140,미디어영상광고홍보학,2025,3,여름계절
425100,휴먼서비스계열,2025,3,SS008,장애인복지론,A,계열공통,"2, 3, 4",3,,,백변경희,20010014,17/20,  // 교내온라인,,1,,교내온라인,410000,휴먼서비스대학,2025,3,여름계절
425140,심리·아동학,2025,3,SA109,심리아동체험학습Ⅱ,A,전공선택,"2, 3, 4",(0),,,"구훈정, 김상원, 김영주, 안도연, 오현숙, 유희정",20150127,52/60,,,0,,N,425140,심리·아동학,2025,3,여름계절
425140,심리·아동학,2025,3,SB204,발달심리학,A,전공선택,"2, 3, 4",3,,,어유경,20250014,32/50,  // 교내온라인,,1,,교내온라인,425140,심리·아동학,2025,3,여름계절
425140,심리·아동학,2025,3,SC203,놀이지도,A,전공선택,"2, 3, 4",3,,,김영주,20210018,19/20,"편성학년(2,3,4학년) / LMS(교내온라인) // 교내온라인",,1,,교내온라인,425140,심리·아동학,2025,3,여름계절
427110,소프트웨어,2025,3,SH328,딥러닝기초,A,전공선택,"2, 3, 4",3,"월요일(13:00~14:15), 월요일(14:30~15:45), 화요일(13:00~14:15), 화요일(14:30~15:45), 수요일(13:00~14:15), 수요일(14:30~15:45), 목요일(13:00~14:15), 목요일(14:30~15:45), 금요일(13:00~14:15), 금요일(14:30~15:45)","18422, 18422, 18422, 18422, 18422, 18422, 18422, 18422, 18422, 18422",김선만,20240166,25/25,블랜디드(대면수업-13~16시/수업일정추후공지)/전공문의 후 수강신청,,1,,블랜디드,427200,AI·SW학,2025,3,여름계절
427200,AI·SW학,2025,3,SH345,AWS클라우드서비스,A,전공선택,"2, 3, 4",3,,,"오윤식, 이경호, 홍누리",20220237,40/25,수업방식은 교내LMS/수강료제외교과목/거점특화프로그램수강문의(진로취업팀_0813)/[IT416]수강자수강불가/EB304수업과 중복수강신청불가 // 교내온라인,,1,,교내온라인,427200,AI·SW학,2025,3,여름계절
400000,교양과정,2025,4,KY410,진로와상담,A,교양필수,4,(0),,,"신수정, 차윤정",20090005,40/90,  // 외부온라인,,0,,외부온라인,,,2025,4,겨울계절
400000,교양과정,2025,4,KY677,대학생활길잡이,A,교양필수,4,1,,,"김종엽, 최성혜",19990047,15/90,  // 교내온라인,,0,,교내온라인,,,2025,4,겨울계절
400000,교양과정,2025,4,KY909,사이버영어토익(초급),A,교양선택,"2, 3, 4",2,,,박원식,20230160,14/90,YBM외부온라인강의 // 외부온라인,,0,,외부온라인,,,2025,4,겨울계절
400000,교양과정,2025,4,KY921,사회생활길잡이,A,교양필수,4,1,,,"차윤정, 황애양",20090005,34/90,  // 교내온라인,,0,,교내온라인,,,2025,4,겨울계절
400000,교양과정,2025,4,KYA44,돈과인간,A,교양선택,"2, 3, 4",3,,,전병유,20090022,19/20,  // 교내온라인,,1,,교내온라인,,,2025,4,겨울계절
400000,교양과정,2025,4,KYC03,컴퓨터활용능력을위한엑셀2016,A,교양선택,"2, 3, 4",2,,,박원식,20230160,16/90,YBM외부온라인강의 // 외부온라인,,0,,외부온라인,,,2025,4,겨울계절
400000,교양과정,2025,4,KYC04,컴퓨터활용능력을위한파워포인트2016,A,교양선택,"2, 3, 4",2,,,박원식,20230160,1/90,YBM외부온라인강의 // 외부온라인,,0,,외부온라인,,,2025,4,겨울계절
400000,교양과정,2025,4,KYC84,브랜드인문학,A,교양선택,"2, 3, 4",3,,,강석원,20130152,21/30,  // 교내온라인,,1,,교내온라인,,,2025,4,겨울계절
401010,신학과,2025,4,TT609,교회봉사,A,전공필수,"3, 4",(1),,,"김광연, 전철",20140040,8/10,,,1,,대면,401011,신학,2025,4,겨울계절
404030,경영학과,2025,4,EB212,회계원리,A,전공선택,"2, 3, 4",3,,,김병조,20140011,17/20,"2,3,4학년 수강 // 교내온라인",,1,,교내온라인,424110,경영학,2025,4,겨울계절
405940,컴퓨터공학부,2025,4,NE115,확률과통계,A,전공선택,"2, 3, 4",3,,,나경욱,20080158,20/20,  // 교내온라인,,1,,교내온라인,427200,AI·SW학,2025,4,겨울계절
405940,컴퓨터공학부,2025,4,NE116,선형대수,A,전공선택,"2, 3, 4",3,,,나경욱,20080158,16/20,  // 교내온라인,,1,,교내온라인,427200,AI·SW학,2025,4,겨울계절
405940,컴퓨터공학부,2025,4,NE302,알고리즘,A,전공선택,"2, 3, 4",3,,,강영경,19970108,15/20,  // 교내온라인,,1,,교내온라인,427200,AI·SW학,2025,4,겨울계절
405940,컴퓨터공학부,2025,4,NE341,기계학습,A,전공선택,"2, 3, 4",3,,,강영경,19970108,13/20,"수강제한없음, 인지감성컴퓨팅, 앰비언트컴퓨팅 특화전공 교과과정 // 교내온라인",,1,,교내온라인,427200,AI·SW학,2025,4,겨울계절
405970,소프트웨어융합학부,2025,4,NI305,암호이론및보안,A,전공선택,"3, 4",3,"월요일(13:00~14:15), 월요일(14:30~15:45), 화요일(13:00~14:15), 화요일(14:30~15:45), 수요일(13:00~14:15), 수요일(14:30~15:45), 목요일(13:00~14:15), 목요일(14:30~15:45), 금요일(13:00~14:15), 금요일(14:30~15:45)","20404, 20404, 20404, 20404, 20404, 20404, 20404, 20404, 20404, 20404 ( 47 명 )",김애영,20210071,3/30,,,1,,대면,427200,AI·SW학,2025,4,겨울계절
409010,학점교류,2025,4,OC112,생활속의심리학,A,교양선택,"1, 2, 3, 4",3,,,OCU컨소시엄,20150091,5/5,  // 외부온라인,,0,,외부온라인,,,2025,4,겨울계절
409010,학점교류,2025,4,OC129,TED로배우는영화속바이오테크놀로지,A,교양선택,"1, 2, 3, 4",3,,,OCU컨소시엄,20150091,4/5,  // 외부온라인,,0,,외부온라인,,,2025,4,겨울계절
409010,학점교류,2025,4,OC160,식생활과건강,A,교양선택,"1, 2, 3, 4",3,,,OCU컨소시엄,20150091,2/5,  // 외부온라인,,0,,외부온라인,,,2025,4,겨울계절
409010,학점교류,2025,4,OC214,현대음악의이해,A,교양선택,"1, 2, 3, 4",3,,,OCU컨소시엄,20150091,2/5,  // 외부온라인,,0,,외부온라인,,,2025,4,겨울계절
409010,학점교류,2025,4,OC235,나를찾는행복레슨,A,교양선택,"1, 2, 3, 4",3,,,OCU컨소시엄,20150091,3/5,  // 외부온라인,,0,,외부온라인,,,2025,4,겨울계절
409010,학점교류,2025,4,OC242,부동산학개론,A,교양선택,"1, 2, 3, 4",3,,,OCU컨소시엄,20150091,1/5,  // 외부온라인,,0,,외부온라인,,,2025,4,겨울계절
409010,학점교류,2025,4,OC243,기후위기와미래사회,A,교양선택,"1, 2, 3, 4",3,,,OCU컨소시엄,20150091,3/5,  // 외부온라인,,0,,외부온라인,,,2025,4,겨울계절
422140,독일어문화학,2025,4,HD227,독일동화의세상,A,전공선택,"2, 3, 4",3,,,오동식,20100188,6/25,  // 교내온라인,,1,,교내온라인,,,2025,4,겨울계절
422140,독일어문화학,2025,4,HD624,독일의여가문화와맥주,A,전공선택,"2, 3, 4",3,,,전춘명,19960084,21/20,  // 교내온라인,,1,,교내온라인,,,2025,4,겨울계절
422140,독일어문화학,2025,4,HD625,한독문화교류의자취를찾아서,A,전공선택,"2, 3, 4",3,,,전춘명,19960084,20/20,  // 교내온라인,,1,,교내온라인,,,2025,4,겨울계절
422140,독일어문화학,2025,4,HD637,스포츠와문화,A,전공선택,"2, 3, 4",3,,,오동식,20100188,4/25,  // 교내온라인,,1,,교내온라인,,,2025,4,겨울계절
422140,독일어문화학,2025,4,HD906,독일히든챔피언과창업,A,전공선택,"2, 3, 4",3,,,전춘명,19960084,20/20,  // 교내온라인,,1,,교내온라인,,,2025,4,겨울계절
422190,중국어문화콘텐츠학,2025,4,HC911,영화를통해서배우는매너와에티켓,A,전공선택,"2, 3, 4",3,,,문미진,20190194,33/40,  // 교내온라인,,1,,교내온라인,422190,중국어문화콘텐츠학,2025,4,겨울계절
422200,디지털영상문화콘텐츠학,2025,4,DV315,한국영화사특강,A,전공선택,"2, 3, 4",3,,,신광철,19960087,13/40,  // 교내온라인,,0,,교내온라인,422200,디지털영상문화콘텐츠학,2025,4,겨울계절
422200,디지털영상문화콘텐츠학,2025,4,DV420,SF영화와미래사회,A,전공선택,"2, 3, 4",3,,,신광철,19960087,40/40,  // 교내온라인,,0,,교내온라인,422200,디지털영상문화콘텐츠학,2025,4,겨울계절
424110,경영학,2025,4,EB943,전산회계실무Ⅰ,A,전공선택,"2, 3, 4",3,,,"김병조, 조영식",20140011,25/25,수업방식은교내LMS/수강료제외교과목/거점특화프로그램수강문의(진로취업팀_0813)/전공및복수전공자수강불가/SH345(AWS클라우드서비스)수업과 중복수강신청불가 // 교내온라인,,1,,교내온라인,424110,경영학,2025,4,겨울계절
424130,글로벌비즈니스학,2025,4,EH103,경제원론,A,전공선택,"2, 3, 4",3,,,장종익,20120119,29/30,  // 교내온라인,,1,,교내온라인,424130,글로벌비즈니스학,2025,4,겨울계절
424130,글로벌비즈니스학,2025,4,EJ207,사회적가치와기업가정신,A,전공선택,"2, 3, 4",3,,,유한나,20220223,2/20,  // 교내온라인,,1,,교내온라인,424130,글로벌비즈니스학,2025,4,겨울계절
424140,미디어영상광고홍보학,2025,4,EA337,브랜딩트렌드,A,전공선택,"2, 3, 4",3,,,이성미,20170128,32/32,  // 교내온라인,,0,,교내온라인,424140,미디어영상광고홍보학,2025,4,겨울계절
424140,미디어영상광고홍보학,2025,4,EM104,영상의이해,A,공통선택,"2, 3, 4",3,,,채희상,20130174,9/30,  // 교내온라인,,1,,교내온라인,424140,미디어영상광고홍보학,2025,4,겨울계절
425130,재활상담학,2025,4,TR259,발달정신병리학,A,전공선택,"2, 3, 4",3,,,김용훈,20210025,16/30,  // 교내온라인,,1,,교내온라인,425130,재활상담학,2025,4,겨울계절
425130,재활상담학,2025,4,TR372,장애의진단과평가,A,전공선택,"2, 3, 4",3,,,남세현,20170011,10/90,  // 교내온라인,,0,,교내온라인,425130,재활상담학,2025,4,겨울계절
425140,심리·아동학,2025,4,SA110,심리아동체험학습Ⅲ,A,전공선택,"3, 4",(0),,,"구훈정, 김상원, 김영주, 안도연, 오현숙, 유희정",20210035,18/60,전공자(복수전공자 포함) 졸업 내규 기준 필수 과목. 국내연수프로그램. / 일정: 12월 16일(화)~19일(금)장소: 제주도 또는 대만(장소는 변경될 수 있음) ,,0,,N,425140,심리·아동학,2025,4,겨울계절
427200,AI·SW학,2025,4,SH345,AWS클라우드서비스,A,전공선택,"2, 3, 4",3,,,"오윤식, 이경호, 조영식",20250184,25/25,수업방식은 교내LMS/수강료제외교과목/거점특화프로그램수강문의(진로취업팀_0813)/[IT416]수강자수강불가/[EB943}수강자수강불가/ // 교내온라인,,0,,교내온라인,427200,AI·SW학,2025,4,겨울계절
427200,AI·SW학,2025,4,SH412,IPP3(장기현장실습),A,전공선택,"3, 4",3,,,이양선,20210020,1,전공(복수포함)자,,0,,N,427200,AI·SW학,2025,4,겨울계절
427200,AI·SW학,2025,4,SH413,IPP4(장기현장실습),A,전공선택,"3, 4",3,,,이양선,20210020,1,전공(복수포함)자,,0,,N,427200,AI·SW학,2025,4,겨울계절
400000,교양과정,2026,1,*KY042,영화로배우는한국어와한국문화,A,교양선택,"1, 2, 3, 4",3,"금요일(16:00~17:15), 금요일(17:30~18:45)","3308, 3308",PANG LI,20120123,8/15,외국인학생 전용강의 / 신설(2024.11.27),,1,,대면,,,2026,1,1학기
400000,교양과정,2026,1,*KY043,외국인을위한한국세계유산탐방,A,교양선택,1,3,"금요일(13:00~14:15), 금요일(14:30~15:45)","3308, 3308",PANG LI,20120123,15/15,외국인학생 전용강의 / 신설(2024.11.27),,1,,대면,,,2026,1,1학기
400000,교양과정,2026,1,*KY044,응급처치와생존수영,A,교양선택,1,2,화요일(13:00~14:40),10205,정예수,20208014,15/25,집중이수제과목 / 외국인학생 전용강의 / 신설(2024.11.27),,1,,대면,,,2026,1,1학기
400000,교양과정,2026,1,*KY045,고급심화한국어문법1,A,교양선택,"1, 2, 3, 4",3,"금요일(13:00~14:15), 금요일(14:30~15:45)","3412, 3412",김연숙,20250133,15/15,"외국인학생 전용 강의 / TOPIK 4급 읽기,문법,쓰기",,1,,대면,,,2026,1,1학기
400000,교양과정,2026,1,*KY046,고급심화한국어회화1,A,교양선택,"1, 2, 3, 4",3,"월요일(13:00~14:15), 수요일(13:00~14:15)","3408, 3408",신남미,20250143,18/18,"외국인학생 전용강의 / TOPIK 4급 듣기, 말하기",,1,,대면,,,2026,1,1학기
400000,교양과정,2026,1,*KY130,고급한국어회화2,A,교양선택,1,3,"월요일(14:30~15:45), 수요일(14:30~15:45)","3408, 3408",신남미,20250143,15/15,"외국인학생 전용강의 / TOPIK 4급 듣기, 말하기",,1,,대면,,,2026,1,1학기
400000,교양과정,2026,1,*KY133,소통의기술,A,교양선택,1,3,"화요일(09:30~10:45), 목요일(11:00~12:15)","3505, 3505",정예수,20208014,24/25,외국인학생 전용강의,,1,,대면,,,2026,1,1학기
400000,교양과정,2026,1,*KY134,K-POP실습,A,교양선택,1,3,"월요일(11:00~12:15), 수요일(09:30~10:45)","10203, 10203",강형모,20230137,14/15,외국인학생 전용강의,,1,,대면,,,2026,1,1학기
400000,교양과정,2026,1,*KY142,컴퓨터기초1,A,교양선택,"1, 2, 3, 4",3,"금요일(09:30~10:45), 금요일(11:00~12:15)","20404, 20404",김시윤,20260025,25/25,외국인학생 전용강의/신설(25.11.27),,1,,대면,,,2026,1,1학기
400000,교양과정,2026,1,KY100,채플,A,교양필수,"1, 2",(1),"월요일(17:30~18:20), 수요일(16:00~16:50)","4105, 4105","김광연, 나현기, 한경미",20240162,5/100,~22학번 신학대학 2~4학년 복학생(대예배실에서 채플 진행),,1,,대면,,,2026,1,1학기
400000,교양과정,2026,1,KY101,채플,A,교양필수,"1, 2",.5,월요일(14:30~15:20),채플실,"김광연, 나현기, 한경미",20240162,578/580,"첨단융합(수리,응통,금융공학,빅데이터융합),AI·SW계열(컴공, 소웨융, IT영상콘텐츠), AI시스템반도체",,1,,대면,,,2026,1,1학기
400000,교양과정,2026,1,KY101,채플,B,교양필수,"1, 2",.5,수요일(14:30~15:20),채플실,"김광연, 나현기, 한경미",20240162,541/550,"인문융합(한국어,종교,철학,문예,한국사),문화콘텐츠(독일어,영미,중문콘,디영문콘,일본),자유전공",,1,,대면,,,2026,1,1학기
400000,교양과정,2026,1,KY201,채플,A,교양필수,"1, 2",.5,월요일(16:00~16:50),채플실,"김광연, 나현기, 한경미",20240162,577/580,"경영계열(경영,IT경영,글비), 미디어계열(미영), 휴먼서비스계열(사회학과,사복,재활,심아), 특수체육학계열(특체)",,1,,대면,,,2026,1,1학기
400000,교양과정,2026,1,KY201,채플,B,교양필수,"1, 2",.5,수요일(16:00~16:50),채플실,"김광연, 나현기, 한경미",20240162,577/580,"글로벌융합(중국,동아시아,국경,경제,경제금융,국관,글인,공공인재)",,1,,대면,,,2026,1,1학기
400000,교양과정,2026,1,KY217,성서의세계,A,교양필수,"2, 3, 4",2,화요일(17:30~19:10),18420,이수연,20250019,58/90,"교필과목/2,3,4학년 성서관련 과목 미이수자",,1,,대면,,,2026,1,1학기
400000,교양과정,2026,1,KY241,노벨상으로보는과학의역사,A,교양선택,1,3,"화요일(13:00~14:15), 화요일(14:30~15:45)","18418, 18418",정태성,20080106,49/50,,,1,,대면,,,2026,1,1학기
400000,교양과정,2026,1,KY245,수재수학:수포자를위한재미있는수학,A,교양선택,1,3,"화요일(13:00~14:15), 화요일(14:30~15:45)","18520, 18520",나경욱,20080158,47/50,,,1,,대면,,,2026,1,1학기
400000,교양과정,2026,1,KY286,서양사의이해,A,교양선택,1,3,"금요일(13:00~14:15), 금요일(14:30~15:45)","18211, 18211",이시연,20250154,44/90,,,1,,대면,,,2026,1,1학기
400000,교양과정,2026,1,KY304,채플,A,교양필수,"2, 3, 4",(1),월요일(17:30~18:20),채플실,"김광연, 나현기, 한경미",20240162,48/200,"신학대학 2~4학년 수강(복수전공자 포함), P/NP",,1,,대면,,,2026,1,1학기
400000,교양과정,2026,1,KY304,채플,B,교양필수,1,(1),월요일(17:30~18:20),4107,"김광연, 나현기, 한경미",20240162,32/50,"신학 1학년, 신학전공 예정자(대예배실에서 채플 진행)",,1,,대면,,,2026,1,1학기
400000,교양과정,2026,1,KY309,생활속의실용금융,A,교양선택,1,3,"금요일(13:00~14:15), 금요일(14:30~15:45)","18212, 18212",장순택,20240159,45/50,학생 전원 교재 지급,,1,,대면,,,2026,1,1학기
400000,교양과정,2026,1,KY313,기독교와문화,A,교양필수,1,2,금요일(13:00~14:40),7215,나현기,20180057,85/90,교필과목/기독교과목,,1,,대면,,,2026,1,1학기
400000,교양과정,2026,1,KY313,기독교와문화,B,교양필수,1,2,화요일(11:00~12:40),18420,이수연,20250019,90/90,교필과목/기독교과목,,1,,대면,,,2026,1,1학기
400000,교양과정,2026,1,KY313,기독교와문화,C,교양필수,1,2,목요일(13:00~14:40),18420,진형섭,20209150,90/90,교필과목/기독교과목,,1,,대면,,,2026,1,1학기
400000,교양과정,2026,1,KY313,기독교와문화,D,교양필수,1,2,수요일(11:00~12:40),18420,진형섭,20209150,90/90,교필과목/기독교과목,,1,,대면,,,2026,1,1학기
400000,교양과정,2026,1,KY313,기독교와문화,E,교양필수,1,2,금요일(17:30~19:10),7215,나현기,20180057,35/80,교필과목/기독교과목,,1,,대면,,,2026,1,1학기
400000,교양과정,2026,1,KY410,진로와상담,A2,교양필수,"2, 3",(0),,,김희선,20220035,5/50,수강신청 변경기간에 조교안내 후 신청,,1,,N,,,2026,1,1학기
400000,교양과정,2026,1,KY410,진로와상담,A3,교양필수,"2, 3",(0),,,전철,20140040,2/50,수강신청 변경기간에 조교안내 후 신청,,0,,N,,,2026,1,1학기
400000,교양과정,2026,1,KY410,진로와상담,A6,교양필수,"2, 3",(0),,,이서영,20220036,12/50,수강신청 변경기간에 조교안내 후 신청,,1,,N,,,2026,1,1학기
400000,교양과정,2026,1,KY410,진로와상담,A7,교양필수,"2, 3",(0),,,김주한,20080110,9/50,수강신청 변경기간에 조교안내 후 신청,,1,,N,,,2026,1,1학기
400000,교양과정,2026,1,KY410,진로와상담,AA,교양필수,"2, 3",(0),,,김선만,20240166,20/20,"AI·SW학, 컴공부, 소웨융, 아영콘 수강 / 대생길, 사생길과 중복수강 금지",,1,,N,,,2026,1,1학기
400000,교양과정,2026,1,KY410,진로와상담,AB,교양필수,"2, 3",(0),,,홍승필,20240164,20/20,"AI·SW학, 컴공부, 소웨융, 아영콘 수강 / 대생길, 사생길과 중복수강 금지",,1,,N,,,2026,1,1학기
400000,교양과정,2026,1,KY410,진로와상담,AC,교양필수,"2, 3",(0),,,오석희,20240165,20/20,"AI·SW학, 컴공부, 소웨융, 아영콘 수강 / 대생길, 사생길과 중복수강 금지",,1,,N,,,2026,1,1학기
400000,교양과정,2026,1,KY410,진로와상담,AD,교양필수,"2, 3",(0),,,안현,20210024,21/20,"AI·SW학, 컴공부, 소웨융, 아영콘 수강 / 대생길, 사생길과 중복수강 금지",,1,,N,,,2026,1,1학기
400000,교양과정,2026,1,KY410,진로와상담,AE,교양필수,"2, 3",(0),,,서정욱,20200078,20/20,"AI·SW학, 컴공부, 소웨융, 아영콘 수강 / 대생길, 사생길과 중복수강 금지",,1,,N,,,2026,1,1학기
400000,교양과정,2026,1,KY410,진로와상담,B1,교양필수,"2, 3",(0),,,김지혜,20230138,24/50,"[교필] 2016학번부터 필수 / 한국어문학, 국어국문학과 수강 / 학번 끝자리 4,5,6 수강신청 / P/NP",,1,,N,,,2026,1,1학기
400000,교양과정,2026,1,KY410,진로와상담,B2,교양필수,"2, 3",(0),,,유형동,20220034,28/50,"[교필] 2016학번부터 필수 / 한국어문학, 국어국문학과 수강 / 학번 끝자리 0,1,2,3 수강신청 / P/NP",,1,,N,,,2026,1,1학기
400000,교양과정,2026,1,KY410,진로와상담,B3,교양필수,"2, 3",(0),,,강소영,20250125,10/50,"[교필] 2016학번부터 필수 / 한국어문학, 국어국문학과 수강 / 학번 끝자리 7,8,9 수강 / P/NP",,1,,N,,,2026,1,1학기
400000,교양과정,2026,1,KY410,진로와상담,B5,교양필수,"2, 3",(0),,,이향미,20200051,32/47,"대생길 때 수강했던 지도교수와 동일하게 신청, 대생길을 타전공 교수님께 수강한 학생의 경우 정정기간에 학번끝자리 4,5,6 재신청",,1,,N,,,2026,1,1학기
400000,교양과정,2026,1,KY410,진로와상담,B6,교양필수,"2, 3",(0),,,박미선,20090009,35/48,"대생길 때 수강했던 지도교수와 동일하게 신청, 대생길을 타전공 교수님께 수강한 학생의 경우 정정기간에 학번끝자리 7,8,9 재신청",,1,,N,,,2026,1,1학기
400000,교양과정,2026,1,KY410,진로와상담,C1,교양필수,"2, 3",(0),,,이형원,20210030,13/20,,,1,,N,,,2026,1,1학기
400000,교양과정,2026,1,KY410,진로와상담,C2,교양필수,"2, 3",(0),,,정해득,20140042,9/20,,,1,,N,,,2026,1,1학기
400000,교양과정,2026,1,KY410,진로와상담,C3,교양필수,"2, 3",(0),,,정무용,20230010,20/20,,,1,,N,,,2026,1,1학기
400000,교양과정,2026,1,KY410,진로와상담,C4,교양필수,"2, 3",(0),,,이영남,20170017,12/20,,,0,,N,,,2026,1,1학기
400000,교양과정,2026,1,KY410,진로와상담,C5,교양필수,"2, 3",(0),,,백수린,20240068,35/35,"학과에 상담지도교수 안내 받고 직접 수강 신청함,[교필]문예창작",,1,,N,,,2026,1,1학기
400000,교양과정,2026,1,KY410,진로와상담,C7,교양필수,"2, 3",(0),,,정한아,20220222,37/37,"학과에 상담지도교수 안내 받고 직접 수강 신청함,[교필]문예창작",,1,,N,,,2026,1,1학기
400000,교양과정,2026,1,KY410,진로와상담,CA,교양필수,"2, 3",(0),,,정승민,20060142,9/35,AI시스템반도체학 학생들만 수강신청,,1,,N,,,2026,1,1학기
400000,교양과정,2026,1,KY410,진로와상담,D1,교양필수,"2, 3",(0),,,전춘명,19960084,18/30,학과에서 상담교수 지정후 공지 및 개별신청,,1,,N,,,2026,1,1학기
400000,교양과정,2026,1,KY410,진로와상담,D2,교양필수,"2, 3",(0),,,오동식,20100188,9/30,학과에서 상담교수 지정후 공지 및 개별신청,,1,,N,,,2026,1,1학기
400000,교양과정,2026,1,KY410,진로와상담,D3,교양필수,"2, 3",(0),,,김대오,19970107,27/50,[교양필수] 대생길 때 수강했던 지도교수와 동일하게 신청,,1,,N,,,2026,1,1학기
400000,교양과정,2026,1,KY410,진로와상담,D6,교양필수,"2, 3",(0),,,김희정,20080164,12/25,[교양필수] 대생길 때 수강했던 지도교수와 동일하게 신청,,1,,N,,,2026,1,1학기
400000,교양과정,2026,1,KY410,진로와상담,E1,교양필수,"2, 3",(0),,,김상덕,20250013,9/40,종교문화학 및 종교문화학과 학생만 수강,,1,,N,,,2026,1,1학기
400000,교양과정,2026,1,KY410,진로와상담,E6,교양필수,"2, 3",(0),,,김윤성,20060020,33/40,디지털영상문화콘텐츠학(한국인 2-3학년 짝수번호/외국인은 안내받고 신청)/영상문화학,,1,,N,,,2026,1,1학기
400000,교양과정,2026,1,KY410,진로와상담,E7,교양필수,"2, 3",(0),,,이종현,20230011,34/40,디지털영상문화콘텐츠학(한국인 2-3학년 홀수번호/외국인은 안내받고 신청),,1,,N,,,2026,1,1학기
400000,교양과정,2026,1,KY410,진로와상담,E8,교양필수,"2, 3",(0),,,신광철,19960087,32/40,"디지털영상문화콘텐츠학(한국인 1학년,4학년,전입자)/디지털문화콘텐츠학)",,1,,N,,,2026,1,1학기
400000,교양과정,2026,1,KY410,진로와상담,F2,교양필수,"2, 3",(0),,,장정해,19930050,9/30,"학과에 상담지도교수 안내 받고 직접 수강 신청함, 중국어문화학과",,1,,N,,,2026,1,1학기
400000,교양과정,2026,1,KY410,진로와상담,F3,교양필수,"2, 3",(0),,,최민성,20090008,18/30,짝수 학번 수강생 신청,,1,,N,,,2026,1,1학기
400000,교양과정,2026,1,KY410,진로와상담,F4,교양필수,"2, 3",(0),,,김남희,20200038,24/30,홀수 학번 수강생 신청,,1,,N,,,2026,1,1학기
400000,교양과정,2026,1,KY410,진로와상담,G1,교양필수,"2, 3",(0),,,이해영,19960013,15/20,본인 지도교수 확인후 수강신청할 것.,,0,,N,,,2026,1,1학기
400000,교양과정,2026,1,KY410,진로와상담,G2,교양필수,"2, 3",(0),,,조성대,20020021,19/19,본인 지도교수 확인후 수강신청할 것.,,0,,N,,,2026,1,1학기
400000,교양과정,2026,1,KY410,진로와상담,G5,교양필수,"2, 3",(0),,,박상남,20060141,31/30,본인 지도교수 확인후 수강신청할 것.,,1,,N,,,2026,1,1학기
400000,교양과정,2026,1,KY410,진로와상담,G7,교양필수,"2, 3",(0),,,한재명,20240069,20/20,"경제학(학번 끝 뒷자리 4~6), 경제금융학 수강신청",,1,,N,,,2026,1,1학기
400000,교양과정,2026,1,KY410,진로와상담,G8,교양필수,"2, 3",(0),,,성락선,19960085,20/20,"경제학(학번 끝 뒷자리 0~3), 경제금융학 수강신청",,1,,N,,,2026,1,1학기
400000,교양과정,2026,1,KY410,진로와상담,G9,교양필수,"2, 3",(0),,,정재현,20250126,20/20,"경제학(학번 끝 뒷자리 7~9), 경제금융학 수강신청",,1,,N,,,2026,1,1학기
400000,교양과정,2026,1,KY410,진로와상담,H2,교양필수,"2, 3",(0),,,노중기,19970047,19/25,포털시스템에서 상담 지도교수 확인 후 수강신청,,1,,N,,,2026,1,1학기
400000,교양과정,2026,1,KY410,진로와상담,H3,교양필수,"2, 3",(0),,,김종엽,19990047,17/25,포털시스템에서 상담 지도교수 확인 후 수강신청,,1,,N,,,2026,1,1학기
400000,교양과정,2026,1,KY410,진로와상담,I1,교양필수,"2, 3",(0),,,문철수,20010229,24/20,,,1,,N,,,2026,1,1학기
400000,교양과정,2026,1,KY410,진로와상담,I2,교양필수,"2, 3",(0),,,채희상,20130174,25/20,,,1,,N,,,2026,1,1학기
400000,교양과정,2026,1,KY410,진로와상담,I3,교양필수,"2, 3",(0),,,정휘관,20250224,24/20,,,1,,N,,,2026,1,1학기
400000,교양과정,2026,1,KY410,진로와상담,I4,교양필수,"2, 3",(0),,,박혜영,20210072,24/20,,,0,,N,,,2026,1,1학기
400000,교양과정,2026,1,KY410,진로와상담,I5,교양필수,"2, 3",(0),,,이성미,20170128,24/20,,,1,,N,,,2026,1,1학기
400000,교양과정,2026,1,KY410,진로와상담,I6,교양필수,"2, 3",(0),,,김민철,20250012,24/20,,,1,,N,,,2026,1,1학기
400000,교양과정,2026,1,KY410,진로와상담,J1,교양필수,"2, 3",(0),,,홍선미,19960088,25/30,학번 마지막 숫자 0~1 수강 신청,,0,,N,,,2026,1,1학기
400000,교양과정,2026,1,KY410,진로와상담,J2,교양필수,"2, 3",(0),,,김수경,20210022,32/30,학번 마지막 숫자 2~4 수강 신청,,1,,N,,,2026,1,1학기
400000,교양과정,2026,1,KY410,진로와상담,J3,교양필수,"2, 3",(0),,,주경희,20180047,20/30,학번 마지막 숫자 8~9 수강 신청,,1,,N,,,2026,1,1학기
400000,교양과정,2026,1,KY410,진로와상담,J4,교양필수,"2, 3",(0),,,장익현,20200052,36/35,학번 마지막 숫자 5~7 수강 신청,,0,,N,,,2026,1,1학기
400000,교양과정,2026,1,KY410,진로와상담,J5,교양필수,"2, 3",(0),,,백변경희,20010014,23/30,"16학번부터 필수, P/N과목, 재활상담학 전공생 신청",,0,,N,,,2026,1,1학기
400000,교양과정,2026,1,KY410,진로와상담,J6,교양필수,"2, 3",(0),,,이인재,19940025,8/30,"16학번부터 필수, P/N과목, 재활상담학 전공생 신청",,0,,N,,,2026,1,1학기
400000,교양과정,2026,1,KY410,진로와상담,J7,교양필수,"2, 3",(0),,,김용훈,20210025,25/30,"16학번부터 필수, P/N과목, 재활상담학 전공생 신청",,0,,N,,,2026,1,1학기
400000,교양과정,2026,1,KY410,진로와상담,J8,교양필수,"2, 3",(0),,,남세현,20170011,8/30,"16학번부터 필수, P/N과목, 재활상담학 전공생 신청",,0,,N,,,2026,1,1학기
400000,교양과정,2026,1,KY410,진로와상담,K2,교양필수,"2, 3",(0),,,조규청,20080107,42/45,특수체육학 전공생 수강 신청,,1,,N,,,2026,1,1학기
400000,교양과정,2026,1,KY410,진로와상담,K3,교양필수,"2, 3",(0),,,박상현,20210074,36/45,특수체육학 전공생 수강 신청,,1,,N,,,2026,1,1학기
400000,교양과정,2026,1,KY410,진로와상담,K4,교양필수,"2, 3",(0),,,구훈정,20150127,30/30,,,1,,N,,,2026,1,1학기
400000,교양과정,2026,1,KY410,진로와상담,K5,교양필수,"2, 3",(0),,,김상원,20230013,23/30,,,1,,N,,,2026,1,1학기
400000,교양과정,2026,1,KY410,진로와상담,K6,교양필수,"2, 3",(0),,,오현숙,20040021,27/30,,,1,,N,,,2026,1,1학기
400000,교양과정,2026,1,KY410,진로와상담,K7,교양필수,"2, 3",(0),,,유희정,20170124,18/30,,,1,,N,,,2026,1,1학기
400000,교양과정,2026,1,KY410,진로와상담,K8,교양필수,"2, 3",(0),,,안도연,20210035,30/30,,,1,,N,,,2026,1,1학기
400000,교양과정,2026,1,KY410,진로와상담,L1,교양필수,"2, 3",(0),,,최지환,20230015,7/35,"희망 상담지도교수로 직접 수강 신청, 인원 초과시 신청 가능한 타 상담지도교수로 신청할 것",,1,,N,,,2026,1,1학기
400000,교양과정,2026,1,KY410,진로와상담,L2,교양필수,"2, 3",(0),,,김경민,20160030,35/35,"희망 상담지도교수로 직접 수강 신청, 인원 초과시 신청 가능한 타 상담지도교수로 신청할 것",,1,,N,,,2026,1,1학기
400000,교양과정,2026,1,KY410,진로와상담,L3,교양필수,"2, 3",(0),,,정의범,20210033,14/37,"희망 상담지도교수로 직접 수강 신청, 인원 초과시 신청 가능한 타 상담지도교수로 신청할 것",,1,,N,,,2026,1,1학기
400000,교양과정,2026,1,KY410,진로와상담,L4,교양필수,"2, 3",(0),,,이건범,20090026,33/35,"희망 상담지도교수로 직접 수강 신청, 인원 초과시 신청 가능한 타 상담지도교수로 신청할 것",,1,,N,,,2026,1,1학기
400000,교양과정,2026,1,KY410,진로와상담,L5,교양필수,"2, 3",(0),,,유현미,20240070,34/35,"희망 상담지도교수로 직접 수강 신청, 인원 초과시 신청 가능한 타 상담지도교수로 신청할 것",,1,,N,,,2026,1,1학기
400000,교양과정,2026,1,KY410,진로와상담,L6,교양필수,"2, 3",(0),,,박규호,20120084,4/35,"학번 끝자리 8, 9, 0",,1,,N,,,2026,1,1학기
400000,교양과정,2026,1,KY410,진로와상담,L8,교양필수,"2, 3",(0),,,유한나,20220223,20/50,"학번 끝자리 1, 2, 3, 4",,1,,N,,,2026,1,1학기
400000,교양과정,2026,1,KY410,진로와상담,L9,교양필수,"2, 3",(0),,,양영수,20210032,11/50,"학번 끝자리 5, 6, 7",,1,,N,,,2026,1,1학기
400000,교양과정,2026,1,KY410,진로와상담,M1,교양필수,"2, 3",(0),,,신재우,20240071,20/20,"IT경영학, IT경영학과 수강 / 학번 맨 끝자리 1~10, 편입생 수강",,1,,N,,,2026,1,1학기
400000,교양과정,2026,1,KY410,진로와상담,M2,교양필수,"2, 3",(0),,,이남연,20170129,7/20,"IT경영학, IT경영학과 수강 / 학번 맨 끝자리 11~20 수강",,1,,N,,,2026,1,1학기
400000,교양과정,2026,1,KY410,진로와상담,M3,교양필수,"2, 3",(0),,,김상욱,20030021,9/20,"IT경영학, IT경영학과 수강 / 학번 맨 끝자리 21~30 수강",,1,,N,,,2026,1,1학기
400000,교양과정,2026,1,KY410,진로와상담,M6,교양필수,"2, 3",(0),,,이일영,19970044,3/20,"학과에 상담지도교수 안내 받고 직접 수강 신청함,[교필]중국학, 동아시아통상학",,1,,N,,,2026,1,1학기
400000,교양과정,2026,1,KY410,진로와상담,M7,교양필수,"2, 3",(0),,,김도희,20050055,6/20,"학과에 상담지도교수 안내 받고 직접 수강 신청함,[교필]중국학, 동아시아통상학",,1,,N,,,2026,1,1학기
400000,교양과정,2026,1,KY410,진로와상담,M8,교양필수,"2, 3",(0),,,주장환,20080160,6/20,"학과에 상담지도교수 안내 받고 직접 수강 신청함,[교필]중국학, 동아시아통상학",,0,,N,,,2026,1,1학기
400000,교양과정,2026,1,KY410,진로와상담,M9,교양필수,"2, 3",(0),,,황선미,20190193,8/20,"학과에 상담지도교수 안내 받고 직접 수강 신청함,[교필]중국학, 동아시아통상학",,1,,N,,,2026,1,1학기
400000,교양과정,2026,1,KY410,진로와상담,N1,교양필수,"2, 3",(0),,,송주명,19990049,19/15,"학과에 상담지도교수 안내 받고 직접 수강 신청함,[교필]일본학과",,1,,N,,,2026,1,1학기
400000,교양과정,2026,1,KY410,진로와상담,N2,교양필수,"2, 3",(0),,,하종문,19960016,19/15,"학과에 상담지도교수 안내 받고 직접 수강 신청함,[교필]일본학과",,1,,N,,,2026,1,1학기
400000,교양과정,2026,1,KY410,진로와상담,N3,교양필수,"2, 3",(0),,,오미정,20100011,17/15,"학과에 상담지도교수 안내 받고 직접 수강 신청함,[교필]일본학과",,1,,N,,,2026,1,1학기
400000,교양과정,2026,1,KY410,진로와상담,N5,교양필수,"2, 3",(0),,,전창환,19970038,21/20,"국제경제학(학번 끝 뒷자리 0~4), 경제금융학 수강신청",,1,,N,,,2026,1,1학기
400000,교양과정,2026,1,KY410,진로와상담,N7,교양필수,"2, 3",(0),,,정희진,20230012,26/20,"국제경제학(학번 끝 뒷자리 5~9), 경제금융학 수강신청",,1,,N,,,2026,1,1학기
400000,교양과정,2026,1,KY410,진로와상담,O2,교양필수,"2, 3",(0),,,윤성식,19960015,15/40,전공 상담지도교수 안내 받고 직접 수강신청,,0,,N,,,2026,1,1학기
400000,교양과정,2026,1,KY410,진로와상담,O3,교양필수,"2, 3",(0),,,정재웅,20210034,20/45,전공 상담지도교수 안내 받고 직접 수강신청,,1,,N,,,2026,1,1학기
400000,교양과정,2026,1,KY410,진로와상담,O5,교양필수,"2, 3",(0),,,박동련,19960011,8/25,빅데이터융합학(응용통계학) 재학생 수강,,1,,N,,,2026,1,1학기
400000,교양과정,2026,1,KY410,진로와상담,O6,교양필수,"2, 3",(0),,,유한나,20220033,17/25,빅데이터융합학(응용통계학) 재학생 수강,,1,,N,,,2026,1,1학기
400000,교양과정,2026,1,KY410,진로와상담,O7,교양필수,"2, 3",(0),,,김유신,20240163,4/25,빅데이터융합학(응용통계학) 재학생 수강,,1,,N,,,2026,1,1학기
400000,교양과정,2026,1,KY410,진로와상담,O8,교양필수,"2, 3",(0),,,변종석,19970018,19/25,빅데이터융합학(응용통계학) 재학생 수강,,1,,N,,,2026,1,1학기
400000,교양과정,2026,1,KY410,진로와상담,P1,교양필수,"2, 3",(0),,,성낙준,20260013,8/20,"AI·SW학, 컴공부, 소웨융, 아영콘 수강 / 대생길, 사생길과 중복수강 금지",,1,,N,,,2026,1,1학기
400000,교양과정,2026,1,KY410,진로와상담,P2,교양필수,"2, 3",(0),,,강민구,20000145,11/20,"AI·SW학, 컴공부, 소웨융, 아영콘 수강 / 대생길, 사생길과 중복수강 금지",,1,,N,,,2026,1,1학기
400000,교양과정,2026,1,KY410,진로와상담,P4,교양필수,"2, 3",(0),,,이용걸,20210023,20/20,"AI·SW학, 컴공부, 소웨융, 아영콘 수강 / 대생길, 사생길과 중복수강 금지",,1,,N,,,2026,1,1학기
400000,교양과정,2026,1,KY410,진로와상담,P6,교양필수,"2, 3",(0),,,남진문,20250127,8/20,"AI·SW학, 컴공부, 소웨융, 아영콘 수강 / 대생길, 사생길과 중복수강 금지",,1,,N,,,2026,1,1학기
400000,교양과정,2026,1,KY410,진로와상담,Q1,교양필수,"2, 3",(0),,,류승택,20040026,16/20,"AI·SW학, 컴공부, 소웨융, 아영콘 수강 / 대생길, 사생길과 중복수강 금지",,1,,N,,,2026,1,1학기
400000,교양과정,2026,1,KY410,진로와상담,Q2,교양필수,"2, 3",(0),,,이양선,20210020,20/20,"AI·SW학, 컴공부, 소웨융, 아영콘 수강 / 대생길, 사생길과 중복수강 금지",,1,,N,,,2026,1,1학기
400000,교양과정,2026,1,KY410,진로와상담,Q3,교양필수,"2, 3",(0),,,임익수,20230014,20/20,"AI·SW학, 컴공부, 소웨융, 아영콘 수강 / 대생길, 사생길과 중복수강 금지",,1,,N,,,2026,1,1학기
400000,교양과정,2026,1,KY410,진로와상담,Q4,교양필수,"2, 3",(0),,,강영경,19970108,20/20,"AI·SW학, 컴공부, 소웨융, 아영콘 수강 / 대생길, 사생길과 중복수강 금지",,1,,N,,,2026,1,1학기
400000,교양과정,2026,1,KY410,진로와상담,Q5,교양필수,"2, 3",(0),,,박기홍,20240073,19/20,"AI·SW학, 컴공부, 소웨융, 아영콘 수강 / 대생길, 사생길과 중복수강 금지",,1,,N,,,2026,1,1학기
400000,교양과정,2026,1,KY410,진로와상담,Q6,교양필수,"2, 3",(0),,,백수진,20230139,15/20,"AI·SW학, 컴공부, 소웨융, 아영콘 수강 / 대생길, 사생길과 중복수강 금지",,1,,N,,,2026,1,1학기
400000,교양과정,2026,1,KY410,진로와상담,R1,교양필수,"2, 3",(0),,,조성호,20020194,16/20,"AI·SW학, 컴공부, 소웨융, 아영콘 수강 / 대생길, 사생길과 중복수강 금지",,1,,N,,,2026,1,1학기
400000,교양과정,2026,1,KY410,진로와상담,R2,교양필수,"2, 3",(0),,,여협구,20090007,14/20,"AI·SW학, 컴공부, 소웨융, 아영콘 수강 / 대생길, 사생길과 중복수강 금지",,1,,N,,,2026,1,1학기
400000,교양과정,2026,1,KY410,진로와상담,R3,교양필수,"2, 3",(0),,,손승일,20020195,19/20,"AI·SW학, 컴공부, 소웨융, 아영콘 수강 / 대생길, 사생길과 중복수강 금지",,1,,N,,,2026,1,1학기
400000,교양과정,2026,1,KY410,진로와상담,R4,교양필수,"2, 3",(0),,,이성구,19990055,11/20,"AI·SW학, 컴공부, 소웨융, 아영콘 수강 / 대생길, 사생길과 중복수강 금지",,1,,N,,,2026,1,1학기
400000,교양과정,2026,1,KY410,진로와상담,R5,교양필수,"2, 3",(0),,,박성진,20000021,12/20,"AI·SW학, 컴공부, 소웨융, 아영콘 수강 / 대생길, 사생길과 중복수강 금지",,1,,N,,,2026,1,1학기
400000,교양과정,2026,1,KY410,진로와상담,R6,교양필수,"2, 3",(0),,,이형우,20030008,17/20,"AI·SW학, 컴공부, 소웨융, 아영콘 수강 / 대생길, 사생길과 중복수강 금지",,1,,N,,,2026,1,1학기
400000,교양과정,2026,1,KY410,진로와상담,R7,교양필수,"2, 3",(0),,,이경옥,20000150,7/20,"AI·SW학, 컴공부, 소웨융, 아영콘 수강 / 대생길, 사생길과 중복수강 금지",,1,,N,,,2026,1,1학기
400000,교양과정,2026,1,KY410,진로와상담,R8,교양필수,"2, 3",(0),,,고병수,20260012,16/20,"AI·SW학, 컴공부, 소웨융, 아영콘 수강 / 대생길, 사생길과 중복수강 금지",,1,,N,,,2026,1,1학기
400000,교양과정,2026,1,KY410,진로와상담,V1,교양필수,"2, 3",(0),,,이석민,20200034,19/25,학과에서 지도교수 확인 및 안내 받은 후 수강신청. 이석민 교수,,1,,N,,,2026,1,1학기
400000,교양과정,2026,1,KY410,진로와상담,V2,교양필수,"2, 3",(0),,,윤건,20200035,15/15,학과에서 지도교수 확인 및 안내 받은 후 수강신청,,1,,N,,,2026,1,1학기
400000,교양과정,2026,1,KY410,진로와상담,V3,교양필수,"2, 3",(0),,,노승철,20210027,26/25,학과에서 지도교수 확인 및 안내 받은 후 수강신청. 노승철 지도교수,,1,,N,,,2026,1,1학기
400000,교양과정,2026,1,KY410,진로와상담,Z4,교양필수,1,(0),,,이남연,20170129,1/20,경영미디어계열 / 대학생활길잡이 이수 완료자,,1,,N,,,2026,1,1학기
400000,교양과정,2026,1,KY410,진로와상담,Z5,교양필수,1,(0),,,유희정,20170124,2/20,대학생활길잡이 이수 완료자 / 휴먼서비스 계열 수강,,1,,N,,,2026,1,1학기
400000,교양과정,2026,1,KY419,현대사회와복지,A,교양선택,1,3,"화요일(11:00~12:15), 목요일(09:30~10:45)","18519, 18519",주경희,20180047,45/90,,,1,,대면,,,2026,1,1학기
400000,교양과정,2026,1,KY471,논리와비판적사고,A,교양선택,1,3,"화요일(09:30~10:45), 목요일(11:00~12:15)","18212, 18212",조현진,20250167,27/80,,,1,,대면,,,2026,1,1학기
400000,교양과정,2026,2,*KY015,영상으로보는한국사회,A,교양선택,"1, 2, 3, 4",3,"금요일(16:00~17:15), 금요일(17:30~18:45)","3308, 3308",PANG LI,20120123,/15,외국인학생 교과목/일반학생불가,,1,,대면,,,2026,2,2학기
400000,교양과정,2026,2,*KY120,한국생활배우기1,A,교양선택,1,3,"화요일(11:00~12:15), 목요일(09:30~10:45)","3505, 3505",정예수,20208014,/15,외국인학생 교과목/일반학생불가,,0,,대면,,,2026,2,2학기
400000,교양과정,2026,2,*KY129,고급한국어회화1,A,교양선택,1,3,"월요일(14:30~15:45), 수요일(14:30~15:45)","3408, 3408",신남미,20250143,/15,"외국인학생 교과목/일반학생불가/TOPIK 4급 듣기,말하기",,1,,대면,,,2026,2,2학기
400000,교양과정,2026,2,*KY137,한국의인문지리탐구,A,교양선택,1,3,"금요일(13:00~14:15), 금요일(14:30~15:45)","3308, 3308",PANG LI,20120123,/15,외국인학생 교과목/일반학생불가,,1,,대면,,,2026,2,2학기
400000,교양과정,2026,2,*KY138,한국의생활문화,A,교양선택,1,3,"화요일(13:00~14:15), 화요일(14:30~15:45)","3308, 3308",PANG LI,20120123,/15,외국인학생 교과목/일반학생불가,,1,,대면,,,2026,2,2학기
400000,교양과정,2026,2,*KY139,고급심화한국어문법2,A,교양선택,1,3,"금요일(13:00~14:15), 금요일(14:30~15:45)","3408, 3408",김연숙,20250133,/15,외국인학생 교과목/일반학생불가,,1,,대면,,,2026,2,2학기
400000,교양과정,2026,2,*KY140,고급심화한국어회화2,A,교양선택,1,3,"월요일(13:00~14:15), 수요일(13:00~14:15)","3408, 3408",신남미,20250143,/15,외국인학생 교과목/일반학생불가,,1,,대면,,,2026,2,2학기
400000,교양과정,2026,2,*KY143,컴퓨터기초2,A,교양선택,"1, 2, 3, 4",3,"금요일(09:30~10:45), 금요일(11:00~12:15)","18307, 18307",김시윤,20260025,/25,외국인학생 전용강의/신설(26.06.01),,0,,대면,,,2026,2,2학기
400000,교양과정,2026,2,KY100,채플,A,교양필수,"1, 2",(1),"월요일(17:30~18:20), 수요일(16:00~16:50)","4105, 4105","김광연, 나현기, 한경미",20180057,/200,"00~22학번 신학대학 1,2학년 복학생/ 채플실 진행 / 월,수 모두 출석 / P/NP",,0,,대면,,,2026,2,2학기
400000,교양과정,2026,2,KY101,채플,A,교양필수,"1, 2",.5,월요일(14:30~15:20),채플실,"김광연, 나현기, 한경미",20180057,/550,"첨단융합(수리,응통,금융공학,빅데이터융합),AI·SW계열(컴공, 소웨융, IT영상콘텐츠),AI시스템반도체",,0,,대면,,,2026,2,2학기
400000,교양과정,2026,2,KY101,채플,B,교양필수,"1, 2",.5,수요일(14:30~15:20),채플실,"김광연, 나현기, 한경미",20180057,/550,"인문계열(국문,종교,철학,독일어,영미,문예,한국사,중문,한중문콘,디영문콘,일본),자유전공",,0,,대면,,,2026,2,2학기
400000,교양과정,2026,2,KY201,채플,A,교양필수,"1, 2",.5,월요일(16:00~16:50),채플실,"김광연, 나현기, 한경미",20180057,/550,"경영·미디어계열(경영,IT경영,글비,미영), 휴먼서비스계열(사회학과,사복,재활,심아), 특수체육학계열(특체)",,0,,대면,,,2026,2,2학기
400000,교양과정,2026,2,KY201,채플,B,교양필수,"1, 2",.5,수요일(16:00~16:50),채플실,"김광연, 나현기, 한경미",20180057,/550,"글로벌융합계열(중국,동아시아,국경,경제,경제금융,국관,글인,공공인재)",,0,,대면,,,2026,2,2학기
400000,교양과정,2026,2,KY205,초급일본어회화Ⅱ,A,교양선택,1,1,화요일(11:00~12:40),3321,신정아,20250144,/35,일본학과 수강금지(1학년허용),,0,,대면,,,2026,2,2학기
400000,교양과정,2026,2,KY206,현대서양사상의길잡이,A,교양선택,1,3,"월요일(16:00~17:15), 수요일(17:30~18:45)","18106, 18106",이문교,20250152,/90,,,1,,대면,,,2026,2,2학기
400000,교양과정,2026,2,KY217,성서의세계,A,교양필수,1,2,수요일(13:00~14:40),18421,진형섭,20209150,/90,교필(성서교과목),,0,,대면,,,2026,2,2학기
400000,교양과정,2026,2,KY217,성서의세계,B,교양필수,1,2,월요일(11:00~12:40),18211,박재형,20250018,/90,교필(성서교과목),,0,,대면,,,2026,2,2학기
400000,교양과정,2026,2,KY217,성서의세계,C,교양필수,1,2,화요일(11:00~12:40),18520,이수연,20250019,/90,교필(성서교과목),,0,,대면,,,2026,2,2학기
400000,교양과정,2026,2,KY217,성서의세계,D,교양필수,1,2,수요일(17:30~19:10),18421,진형섭,20209150,/80,교필(성서교과목),,0,,대면,,,2026,2,2학기
400000,교양과정,2026,2,KY217,성서의세계,E,교양필수,1,2,목요일(13:00~14:40),18421,진형섭,20209150,/90,교필(성서교과목),,0,,대면,,,2026,2,2학기
400000,교양과정,2026,2,KY217,성서의세계,F,교양필수,1,2,화요일(17:30~19:10),18520,이수연,20250019,/90,교필(성서교과목),,0,,대면,,,2026,2,2학기
400000,교양과정,2026,2,KY290,성서와문학,A,교양필수,1,2,월요일(17:30~19:10),18211,박재형,20250018,/90,교필(성서교과목),,0,,대면,,,2026,2,2학기
400000,교양과정,2026,2,KY304,채플,A,교양필수,"3, 4",(1),월요일(17:30~18:20),4107,"김광연, 나현기, 한경미",20180057,/100,"신학대학채플 / 신학 3,4학년수강 / 채플실 진행 / P/NP ",,0,,대면,,,2026,2,2학기
400000,교양과정,2026,2,KY304,채플,B,교양필수,1,(1),월요일(17:30~18:20),채플실,"김광연, 나현기, 한경미",20180057,/100,신학대학채플 / 신학전공예정 1학년 / P/NP ,,0,,대면,,,2026,2,2학기
400000,교양과정,2026,2,KY309,생활속의실용금융,A,교양선택,1,3,"금요일(14:30~15:45), 금요일(16:00~17:15)","18420, 18420",장순택,20240159,/50,,,0,,대면,,,2026,2,2학기
400000,교양과정,2026,2,KY410,진로와상담,A2,교양필수,"1, 3",(0),,,이영미,20050062,/20,[2016학번부터필수]/ P/NP과목 / 학과에 상담지도교수 안내받고 직접 수강신청,,1,,N,,,2026,2,2학기
400000,교양과정,2026,2,KY410,진로와상담,A4,교양필수,"1, 3",(0),,,이서영,20220036,/20,[2016학번부터필수]/ P/NP과목 / 학과에 상담지도교수 안내받고 직접 수강신청,,0,,N,,,2026,2,2학기
400000,교양과정,2026,2,KY410,진로와상담,A6,교양필수,"1, 3",(0),,,김희선,20220035,/20,[2016학번부터필수]/ P/NP과목 / 학과에 상담지도교수 안내받고 직접 수강신청,,0,,N,,,2026,2,2학기
400000,교양과정,2026,2,KY410,진로와상담,AA,교양필수,"1, 3",(0),,,박기홍,20240073,/25,"AI·SW전공, 컴공부, 소웨융, 아영콘 수강신청",,0,,N,,,2026,2,2학기
400000,교양과정,2026,2,KY410,진로와상담,AB,교양필수,"1, 3",(0),,,강영경,19970108,/25,"AI·SW전공, 컴공부, 소웨융, 아영콘 수강신청",,1,,N,,,2026,2,2학기
400000,교양과정,2026,2,KY410,진로와상담,AC,교양필수,"1, 3",(0),,,손승일,20020195,/25,"AI·SW전공, 컴공부, 소웨융, 아영콘 수강신청",,1,,N,,,2026,2,2학기
400000,교양과정,2026,2,KY410,진로와상담,AD,교양필수,"1, 3",(0),,,윤효석,20190207,/25,"AI·SW전공, 컴공부, 소웨융, 아영콘 수강신청",,1,,N,,,2026,2,2학기
400000,교양과정,2026,2,KY410,진로와상담,AE,교양필수,"1, 3",(0),,,오석희,20240165,/25,"AI·SW전공, 컴공부, 소웨융, 아영콘 수강신청",,1,,N,,,2026,2,2학기
400000,교양과정,2026,2,KY410,진로와상담,AF,교양필수,"1, 3",(0),,,이성구,19990055,/25,"AI·SW전공, 컴공부, 소웨융, 아영콘 수강신청",,1,,N,,,2026,2,2학기
400000,교양과정,2026,2,KY410,진로와상담,AG,교양필수,"1, 3",(0),,,조성호,20020194,/25,"AI·SW전공, 컴공부, 소웨융, 아영콘 수강신청",,1,,N,,,2026,2,2학기
400000,교양과정,2026,2,KY410,진로와상담,AH,교양필수,"1, 3",(0),,,이경옥,20000150,/25,"AI·SW전공, 컴공부, 소웨융, 아영콘 수강신청",,1,,N,,,2026,2,2학기
400000,교양과정,2026,2,KY410,진로와상담,AI,교양필수,"1, 3",(0),,,이양선,20210020,/25,"AI·SW전공, 컴공부, 소웨융, 아영콘 수강신청",,1,,N,,,2026,2,2학기
400000,교양과정,2026,2,KY410,진로와상담,AJ,교양필수,"1, 3",(0),,,강민구,20000145,/25,"AI·SW전공, 컴공부, 소웨융, 아영콘 수강신청",,0,,N,,,2026,2,2학기
400000,교양과정,2026,2,KY410,진로와상담,AT,교양필수,1,(0),,,김대오,19970107,/34,신학·인문융합계열 수강신청,,1,,N,,,2026,2,2학기
400000,교양과정,2026,2,KY410,진로와상담,AU,교양필수,1,(0),,,김희정,20080164,/34,신학·인문융합계열 수강신청,,0,,N,,,2026,2,2학기
400000,교양과정,2026,2,KY410,진로와상담,AW,교양필수,1,(0),,,전춘명,19960084,/17,문화콘텐츠계열 신청,,1,,N,,,2026,2,2학기
400000,교양과정,2026,2,KY410,진로와상담,AX,교양필수,1,(0),,,오동식,20100188,/17,문화콘텐츠계열 신청,,1,,N,,,2026,2,2학기
400000,교양과정,2026,2,KY410,진로와상담,B1,교양필수,"1, 3",(0),,,김지혜,20230138,/50,"[교필] 16학번부터 필수/한국어문학,국어국문학과수강/학번 끝자리 4,5,6 수강/ P/NP",,1,,N,,,2026,2,2학기
400000,교양과정,2026,2,KY410,진로와상담,B2,교양필수,"1, 3",(0),,,유형동,20220034,/50,"[교필] 16학번부터 필수/한국어문학,국어국문학과수강/학번 끝자리 0,1,2,3 수강/ P/NP",,1,,N,,,2026,2,2학기
400000,교양과정,2026,2,KY410,진로와상담,B3,교양필수,"1, 3",(0),,,강소영,20250125,/50,"[교필] 16학번부터 필수/한국어문학,국어국문학과 수강/학번 끝자리 7,8,9 수강/ P/NP",,0,,N,,,2026,2,2학기
400000,교양과정,2026,2,KY410,진로와상담,B5,교양필수,"1, 3",(0),,,김지혜,20210073,/30,[2016학번부터필수]영문/P/NP과목,,0,,N,,,2026,2,2학기
400000,교양과정,2026,2,KY410,진로와상담,B6,교양필수,"1, 3",(0),,,이향미,20200051,/30,[2016학번부터필수]영문/P/NP과목,,1,,N,,,2026,2,2학기
400000,교양과정,2026,2,KY410,진로와상담,B7,교양필수,"1, 3",(0),,,박미선,20090009,/30,[2016학번부터필수]영문/P/NP과목,,1,,N,,,2026,2,2학기
400000,교양과정,2026,2,KY410,진로와상담,BA,교양필수,1,(0),,,이향미,20200051,/10,[문화콘텐츠계열] 대학생활길잡이 담당 교수와 동일하게 신청,,1,,N,,,2026,2,2학기
400000,교양과정,2026,2,KY410,진로와상담,BC,교양필수,1,(0),,,김지혜,20210073,/10,[문화콘텐츠계열] 대학생활길잡이 담당 교수와 동일하게 신청,,0,,N,,,2026,2,2학기
400000,교양과정,2026,2,KY410,진로와상담,BD,교양필수,1,(0),,,박미선,20090009,/10,[문화콘텐츠계열] 대학생활길잡이 담당 교수와 동일하게 신청,,1,,N,,,2026,2,2학기
400000,교양과정,2026,2,KY410,진로와상담,BF,교양필수,1,(0),,,강지희,20190189,/30,신학·인문융합계열 수강신청,,0,,N,,,2026,2,2학기
400000,교양과정,2026,2,KY410,진로와상담,BG,교양필수,1,(0),,,백수린,20240068,/18,신학·인문융합계열 수강신청,,0,,N,,,2026,2,2학기
400000,교양과정,2026,2,KY410,진로와상담,BH,교양필수,1,(0),,,정한아,20220222,/18,신학·인문융합계열 수강신청,,0,,N,,,2026,2,2학기
400000,교양과정,2026,2,KY410,진로와상담,BJ,교양필수,1,(0),,,김지혜,20230138,/11,신학·인문융합계열 수강신청,,1,,N,,,2026,2,2학기
400000,교양과정,2026,2,KY410,진로와상담,BK,교양필수,1,(0),,,유형동,20220034,/11,신학·인문융합계열 수강신청,,1,,N,,,2026,2,2학기
400000,교양과정,2026,2,KY410,진로와상담,BL,교양필수,1,(0),,,강소영,20250125,/11,신학·인문융합계열 수강신청,,0,,N,,,2026,2,2학기
400000,교양과정,2026,2,KY410,진로와상담,BN,교양필수,1,(0),,,이형원,20210030,/10,신학·인문융합계열 수강신청,,0,,N,,,2026,2,2학기
400000,교양과정,2026,2,KY410,진로와상담,BO,교양필수,1,(0),,,정해득,20140042,/10,신학·인문융합계열 수강신청,,1,,N,,,2026,2,2학기
400000,교양과정,2026,2,KY410,진로와상담,BP,교양필수,1,(0),,,정무용,20230010,/10,신학·인문융합계열 수강신청,,0,,N,,,2026,2,2학기
400000,교양과정,2026,2,KY410,진로와상담,BQ,교양필수,1,(0),,,이영남,20170017,/10,신학·인문융합계열 수강신청,,0,,N,,,2026,2,2학기
400000,교양과정,2026,2,KY410,진로와상담,BR,교양필수,1,(0),,,류기수,19950013,/9,문화콘텐츠계열 수강신청,,1,,N,,,2026,2,2학기
400000,교양과정,2026,2,KY410,진로와상담,BS,교양필수,1,(0),,,장정해,19930050,/10,문화콘텐츠계열 수강신청,,1,,N,,,2026,2,2학기
400000,교양과정,2026,2,KY410,진로와상담,BT,교양필수,1,(0),,,최민성,20090008,/9,문화콘텐츠계열 수강신청,,1,,N,,,2026,2,2학기
400000,교양과정,2026,2,KY410,진로와상담,BU,교양필수,1,(0),,,김남희,20200038,/10,문화콘텐츠계열 수강신청,,1,,N,,,2026,2,2학기
400000,교양과정,2026,2,KY410,진로와상담,BW,교양필수,1,(0),,,신광철,19960087,/8,문화콘텐츠계열 수강신청,,1,,N,,,2026,2,2학기
400000,교양과정,2026,2,KY410,진로와상담,BX,교양필수,1,(0),,,김윤성,20060020,/8,문화콘텐츠계열 수강신청,,1,,N,,,2026,2,2학기
400000,교양과정,2026,2,KY410,진로와상담,BY,교양필수,1,(0),,,이종현,20230011,/8,문화콘텐츠계열 수강신청,,1,,N,,,2026,2,2학기
400000,교양과정,2026,2,KY410,진로와상담,C1,교양필수,"1, 3",(0),,,정무용,20230010,/20,,,0,,N,,,2026,2,2학기
400000,교양과정,2026,2,KY410,진로와상담,C2,교양필수,"1, 3",(0),,,이형원,20210030,/20,,,0,,N,,,2026,2,2학기
400000,교양과정,2026,2,KY410,진로와상담,C3,교양필수,"1, 3",(0),,,정해득,20140042,/20,,,1,,N,,,2026,2,2학기
400000,교양과정,2026,2,KY410,진로와상담,C4,교양필수,"1, 3",(0),,,이영남,20170017,/20,,,0,,N,,,2026,2,2학기
400000,교양과정,2026,2,KY410,진로와상담,C5,교양필수,"1, 3",(0),,,강지희,20190189,/30,,,0,,N,,,2026,2,2학기
400000,교양과정,2026,2,KY410,진로와상담,C6,교양필수,"1, 3",(0),,,백수린,20240068,/30,,,0,,N,,,2026,2,2학기
400000,교양과정,2026,2,KY410,진로와상담,C7,교양필수,"1, 3",(0),,,정한아,20220222,/30,,,0,,N,,,2026,2,2학기
400000,교양과정,2026,2,KY410,진로와상담,CA,교양필수,"1, 3",(0),,,남진문,20250127,/35,AI시스템반도체학 학생들만 수강신청,,0,,N,,,2026,2,2학기
400000,교양과정,2026,2,KY410,진로와상담,CB,교양필수,"1, 3",(0),,,김선만,20240166,/25,"AI·SW전공, 컴공부, 소웨융, 아영콘 수강신청",,1,,N,,,2026,2,2학기
400000,교양과정,2026,2,KY410,진로와상담,CC,교양필수,"1, 3",(0),,,류승택,20040026,/25,"AI·SW전공, 컴공부, 소웨융, 아영콘 수강신청",,1,,N,,,2026,2,2학기
400000,교양과정,2026,2,KY410,진로와상담,CD,교양필수,"1, 3",(0),,,박성진,20000021,/25,"AI·SW전공, 컴공부, 소웨융, 아영콘 수강신청",,1,,N,,,2026,2,2학기
400000,교양과정,2026,2,KY410,진로와상담,CE,교양필수,"1, 3",(0),,,백수진,20230139,/25,"AI·SW전공, 컴공부, 소웨융, 아영콘 수강신청",,1,,N,,,2026,2,2학기
400000,교양과정,2026,2,KY410,진로와상담,CF,교양필수,"1, 3",(0),,,안현,20210024,/25,"AI·SW전공, 컴공부, 소웨융, 아영콘 수강신청",,0,,N,,,2026,2,2학기
400000,교양과정,2026,2,KY410,진로와상담,CG,교양필수,"1, 3",(0),,,여협구,20090007,/25,"AI·SW전공, 컴공부, 소웨융, 아영콘 수강신청",,1,,N,,,2026,2,2학기
400000,교양과정,2026,2,KY410,진로와상담,CH,교양필수,"1, 3",(0),,,이용걸,20210023,/26,"AI·SW전공, 컴공부, 소웨융, 아영콘 수강신청",,1,,N,,,2026,2,2학기
400000,교양과정,2026,2,KY410,진로와상담,D1,교양필수,"1, 3",(0),,,전춘명,19960084,/20,독일어문화학과 학번 끝자리 홀수 신청,,1,,N,,,2026,2,2학기
400000,교양과정,2026,2,KY410,진로와상담,D2,교양필수,"1, 3",(0),,,오동식,20100188,/20,독일어문화학과 학번 끝자리 짝수 신청,,1,,N,,,2026,2,2학기
400000,교양과정,2026,2,KY410,진로와상담,D6,교양필수,"1, 3",(0),,,김대오,19970107,/50,"[2016학번부터필수]인문콘텐츠학부(철학전공)/P/NP과목, 학과 상담지도교수 안내받고 직접 수강신청",,1,,N,,,2026,2,2학기
400000,교양과정,2026,2,KY410,진로와상담,D7,교양필수,"1, 3",(0),,,김희정,20080164,/50,"[2016학번부터필수]인문콘텐츠학부(철학전공)/P/NP과목, 학과 상담지도교수 안내받고 직접 수강신청",,0,,N,,,2026,2,2학기
400000,교양과정,2026,2,KY410,진로와상담,DA,교양필수,"1, 3",(0),,,이형우,20030008,/25,"AI·SW전공, 컴공부, 소웨융, 아영콘 수강신청",,1,,N,,,2026,2,2학기
400000,교양과정,2026,2,KY410,진로와상담,DB,교양필수,"1, 3",(0),,,임익수,20230014,/25,"AI·SW전공, 컴공부, 소웨융, 아영콘 수강신청",,0,,N,,,2026,2,2학기
400000,교양과정,2026,2,KY410,진로와상담,DC,교양필수,"1, 3",(0),,,정승민,20060142,/25,"AI·SW전공, 컴공부, 소웨융, 아영콘 수강신청",,0,,N,,,2026,2,2학기
400000,교양과정,2026,2,KY410,진로와상담,DD,교양필수,"1, 3",(0),,,홍승필,20240164,/25,"AI·SW전공, 컴공부, 소웨융, 아영콘 수강신청",,1,,N,,,2026,2,2학기
400000,교양과정,2026,2,KY410,진로와상담,DE,교양필수,"1, 3",(0),,,성낙준,20260013,/25,"AI·SW전공, 컴공부, 소웨융, 아영콘 수강신청",,1,,N,,,2026,2,2학기
400000,교양과정,2026,2,KY410,진로와상담,DF,교양필수,"1, 3",(0),,,고병수,20260012,/25,"AI·SW전공, 컴공부, 소웨융, 아영콘 수강신청",,1,,N,,,2026,2,2학기
400000,교양과정,2026,2,KY410,진로와상담,DG,교양필수,"1, 3",(0),,,최창원,19960009,/25,"AI·SW전공, 컴공부, 소웨융, 아영콘 수강신청",,1,,N,,,2026,2,2학기
400000,교양과정,2026,2,KY410,진로와상담,E1,교양필수,"1, 3",(0),,,김상덕,20250013,/20,,,1,,N,,,2026,2,2학기
400000,교양과정,2026,2,KY410,진로와상담,E2,교양필수,1,(0),,,이기호,20080157,/15,K-문화예술학전공 수강신청,,0,,N,,,2026,2,2학기
400000,교양과정,2026,2,KY410,진로와상담,E4,교양필수,"1, 3",(0),,,신광철,19960087,/30,"디지털영상문화콘텐츠학(한국인 2학년, 4학년)",,1,,N,,,2026,2,2학기
400000,교양과정,2026,2,KY410,진로와상담,E5,교양필수,"1, 3",(0),,,김윤성,20060020,/30,디지털영상문화콘텐츠학(한국인 3학년 홀수번호. 외국인은 지정분반 신청)/영상문화학,,1,,N,,,2026,2,2학기
400000,교양과정,2026,2,KY410,진로와상담,E6,교양필수,"1, 3",(0),,,이종현,20230011,/30,"디지털영상문화콘텐츠학(한국인 3학년 짝수번호, 외국인은 지정분반 신청)/디지털문화콘텐츠학",,1,,N,,,2026,2,2학기
400000,교양과정,2026,2,KY410,진로와상담,EA,교양필수,1,(0),,,고우경,20140010,/14,자기탐색과소통 분반과 동일한 분반으로 신청,,0,,N,,,2026,2,2학기
400000,교양과정,2026,2,KY410,진로와상담,EB,교양필수,1,(0),,,공주형,20150011,/13,자기탐색과소통 분반과 동일한 분반으로 신청,,0,,N,,,2026,2,2학기
400000,교양과정,2026,2,KY410,진로와상담,EC,교양필수,1,(0),,,김민환,20160021,/13,자기탐색과소통 분반과 동일한 분반으로 신청,,1,,N,,,2026,2,2학기
400000,교양과정,2026,2,KY410,진로와상담,ED,교양필수,1,(0),,,박종현,20180154,/13,자기탐색과소통 분반과 동일한 분반으로 신청,,0,,N,,,2026,2,2학기
400000,교양과정,2026,2,KY410,진로와상담,EE,교양필수,1,(0),,,송주현,20130175,/13,자기탐색과소통 분반과 동일한 분반으로 신청,,0,,N,,,2026,2,2학기
400000,교양과정,2026,2,KY410,진로와상담,EF,교양필수,1,(0),,,서경희,20120121,/13,자기탐색과소통 분반과 동일한 분반으로 신청,,1,,N,,,2026,2,2학기
400000,교양과정,2026,2,KY410,진로와상담,EG,교양필수,1,(0),,,심주연,20170023,/14,자기탐색과소통 분반과 동일한 분반으로 신청,,0,,N,,,2026,2,2학기
400000,교양과정,2026,2,KY410,진로와상담,EH,교양필수,1,(0),,,염동호,20190191,/14,자기탐색과소통 분반과 동일한 분반으로 신청,,1,,N,,,2026,2,2학기
400000,교양과정,2026,2,KY410,진로와상담,EI,교양필수,1,(0),,,이익주,20150010,/13,자기탐색과소통 분반과 동일한 분반으로 신청,,0,,N,,,2026,2,2학기
400000,교양과정,2026,2,KY410,진로와상담,F1,교양필수,"1, 3",(0),,,류기수,19950013,/35,중국어문화콘텐츠학 4학년,,1,,N,,,2026,2,2학기
400000,교양과정,2026,2,KY410,진로와상담,F2,교양필수,"1, 3",(0),,,장정해,19930050,/35,중국어문화콘텐츠학 3학년 짝수번호 (중국어영상융합학과/중국어문화학과 신청),,1,,N,,,2026,2,2학기
400000,교양과정,2026,2,KY410,진로와상담,F3,교양필수,"1, 3",(0),,,최민성,20090008,/21,중국어문화콘텐츠학 3학년 홀수번호 (한중문화콘텐츠학과 신청),,1,,N,,,2026,2,2학기
400000,교양과정,2026,2,KY410,진로와상담,F4,교양필수,"1, 3",(0),,,김남희,20200038,/20,중국어문화콘텐츠학 2학년,,1,,N,,,2026,2,2학기
400000,교양과정,2026,2,KY410,진로와상담,G2,교양필수,"1, 3",(0),,,백준기,19990060,/25,"[2016부터필수] 글로벌인재학부(국제관계학부)/ P/NP과목, 학과 상담지도교수 확인 필수",,0,,N,,,2026,2,2학기
400000,교양과정,2026,2,KY410,진로와상담,G3,교양필수,"1, 3",(0),,,조성대,20020021,/25,"[2016부터필수] 글로벌인재학부(국제관계학부)/ P/NP과목, 학과 상담지도교수 확인 필수",,0,,N,,,2026,2,2학기
400000,교양과정,2026,2,KY410,진로와상담,G5,교양필수,"1, 3",(0),,,박상남,20060141,/25,"[2016부터필수] 글로벌인재학부(국제관계학부)/ P/NP과목, 학과 상담지도교수 확인 필수",,0,,N,,,2026,2,2학기
400000,교양과정,2026,2,KY410,진로와상담,G6,교양필수,"1, 3",(0),,,성락선,19960085,/20,"경제학(학번 끝 뒷자리 4~6), 경제금융학 수강신청",,1,,N,,,2026,2,2학기
400000,교양과정,2026,2,KY410,진로와상담,G7,교양필수,"1, 3",(0),,,한재명,20240069,/20,"경제학(학번 끝 뒷자리 0~3), 경제금융학 수강신청",,0,,N,,,2026,2,2학기
400000,교양과정,2026,2,KY410,진로와상담,G8,교양필수,"1, 3",(0),,,정재현,20250126,/20,"경제학(학번 끝 뒷자리 7~9), 경제금융학 수강신청",,0,,N,,,2026,2,2학기
400000,교양과정,2026,2,KY410,진로와상담,H3,교양필수,"1, 3",(0),,,김종엽,19990047,/30,사회학,,1,,N,,,2026,2,2학기
400000,교양과정,2026,2,KY410,진로와상담,I1,교양필수,"1, 3",(0),,,문철수,20010229,/24,,,0,,N,,,2026,2,2학기
400000,교양과정,2026,2,KY410,진로와상담,I2,교양필수,"1, 3",(0),,,지원배,20170127,/24,,,0,,N,,,2026,2,2학기
400000,교양과정,2026,2,KY410,진로와상담,I4,교양필수,"1, 3",(0),,,이성미,20170128,/24,,,0,,N,,,2026,2,2학기
400000,교양과정,2026,2,KY410,진로와상담,I5,교양필수,"1, 3",(0),,,박혜영,20210072,/24,,,0,,N,,,2026,2,2학기
400000,교양과정,2026,2,KY410,진로와상담,I6,교양필수,"1, 3",(0),,,김민철,20250012,/24,,,0,,N,,,2026,2,2학기
400000,교양과정,2026,2,KY410,진로와상담,I7,교양필수,"1, 3",(0),,,정휘관,20250224,/24,,,1,,N,,,2026,2,2학기
400000,교양과정,2026,2,KY410,진로와상담,J1,교양필수,"1, 3",(0),,,홍선미,19960088,/25,"계열 자유신청 전공생 학번 끝자리 0~1 수강신청 가능, [2016학번부터 필수] 사회복지학 P/NP과목",,0,,N,,,2026,2,2학기
400000,교양과정,2026,2,KY410,진로와상담,J2,교양필수,"1, 3",(0),,,주경희,20180047,/25,"계열 자유신청 전공생 학번 끝자리 2-3수강신청 가능, [2016학번부터 필수] 사회복지학 P/NP과목",,0,,N,,,2026,2,2학기
400000,교양과정,2026,2,KY410,진로와상담,J3,교양필수,"1, 3",(0),,,김수경,20210022,/20,"계열 자유신청 전공생 학번 끝자리 7-9 수강신청 가능, [2016학번부터 필수] 사회복지학 P/NP과목",,1,,N,,,2026,2,2학기
400000,교양과정,2026,2,KY410,진로와상담,J4,교양필수,"1, 3",(0),,,김예랑,20080163,/25,"계열 자유신청 전공생 학번 끝자리 4-6 수강신청 가능, [2016학번부터 필수] 사회복지학 P/NP과목",,0,,N,,,2026,2,2학기
400000,교양과정,2026,2,KY410,진로와상담,J6,교양필수,"1, 3",(0),,,백변경희,20010014,/15,"학과 상담지도교수 안내받고 직접 수강신청,[2016학번부터필수]재활학과/P/NP과목",,0,,N,,,2026,2,2학기
400000,교양과정,2026,2,KY410,진로와상담,J7,교양필수,"1, 3",(0),,,김용훈,20210025,/15,"학과 상담지도교수 안내받고 직접 수강신청,[2016학번부터필수]재활학과/P/NP과목",,0,,N,,,2026,2,2학기
400000,교양과정,2026,2,KY410,진로와상담,J8,교양필수,"1, 3",(0),,,남세현,20170011,/16,"학과 상담지도교수 안내받고 직접 수강신청,[2016학번부터필수]재활학과/P/NP과목",,0,,N,,,2026,2,2학기
400000,교양과정,2026,2,KY410,진로와상담,K1,교양필수,"1, 3",(0),,,명왕성,20210019,/36,특수체육학과/특수체육학 계열/힉과 지도 교수 확인 후 신청,,0,,N,,,2026,2,2학기
400000,교양과정,2026,2,KY410,진로와상담,K10,교양필수,"1, 3",(0),,,오현숙,20040021,/25,심리·아동학(심리 전공),,1,,N,,,2026,2,2학기
400000,교양과정,2026,2,KY410,진로와상담,K2,교양필수,"1, 3",(0),,,박상현,20210074,/36,특수체육학과 / 특수체육학계열 / 학과 지도교수 확인 후 신청,,1,,N,,,2026,2,2학기
400000,교양과정,2026,2,KY410,진로와상담,K3,교양필수,"1, 3",(0),,,조규청,20080107,/35,특수체육학과 / 특수체육학계열 / 학과 지도교수 확인 후 신청,,1,,N,,,2026,2,2학기
400000,교양과정,2026,2,KY410,진로와상담,K4,교양필수,"1, 3",(0),,,김수겸,20130148,/36,특수체육학과/특수체육학 계열/힉과 지도 교수 확인 후 신청,,1,,N,,,2026,2,2학기
400000,교양과정,2026,2,KY410,진로와상담,K7,교양필수,"1, 3",(0),,,안도연,20210035,/25,심리·아동학(심리 전공),,1,,N,,,2026,2,2학기
400000,교양과정,2026,2,KY410,진로와상담,K8,교양필수,"1, 3",(0),,,김상원,20230013,/25,심리·아동학(아동 전공),,1,,N,,,2026,2,2학기
400000,교양과정,2026,2,KY410,진로와상담,K9,교양필수,"1, 3",(0),,,유희정,20170124,/25,심리·아동학(아동 전공),,1,,N,,,2026,2,2학기
400000,교양과정,2026,2,KY410,진로와상담,L1,교양필수,"1, 3",(0),,,장종익,20120119,/40,"학번 끝자리에 맞춰 변경기간에 재신청 바랍니다. - 4, 5, 6",,0,,N,,,2026,2,2학기
400000,교양과정,2026,2,KY410,진로와상담,L2,교양필수,"1, 3",(0),,,양영수,20210032,/40,"학번 끝자리에 맞춰 변경기간에 재신청 바랍니다. - 7, 8, 9, 0",,1,,N,,,2026,2,2학기
400000,교양과정,2026,2,KY410,진로와상담,L3,교양필수,"1, 3",(0),,,김경민,20160030,/30,"희망 상담지도교수로 직접 수강 신청, 인원 초과시 신청 가능한 타 상담지도교수로 신청할 것",,1,,N,,,2026,2,2학기
400000,교양과정,2026,2,KY410,진로와상담,L4,교양필수,"1, 3",(0),,,이건범,20090026,/30,"희망 상담지도교수로 직접 수강 신청, 인원 초과시 신청 가능한 타 상담지도교수로 신청할 것",,1,,N,,,2026,2,2학기
400000,교양과정,2026,2,KY410,진로와상담,L5,교양필수,"1, 3",(0),,,유현미,20240070,/20,"희망 상담지도교수로 직접 수강 신청, 인원 초과시 신청 가능한 타 상담지도교수로 신청할 것",,1,,N,,,2026,2,2학기
400000,교양과정,2026,2,KY410,진로와상담,L6,교양필수,"1, 3",(0),,,최지환,20230015,/30,"희망 상담지도교수로 직접 수강 신청, 인원 초과시 신청 가능한 타 상담지도교수로 신청할 것",,1,,N,,,2026,2,2학기
400000,교양과정,2026,2,KY410,진로와상담,L7,교양필수,"1, 3",(0),,,정의범,20210033,/30,"희망 상담지도교수로 직접 수강 신청, 인원 초과시 신청 가능한 타 상담지도교수로 신청할 것",,0,,N,,,2026,2,2학기
400000,교양과정,2026,2,KY410,진로와상담,L8,교양필수,"1, 3",(0),,,박규호,20120084,/30,"희망 상담지도교수로 직접 수강 신청, 인원 초과시 신청 가능한 타 상담지도교수로 신청할 것",,1,,N,,,2026,2,2학기
400000,교양과정,2026,2,KY410,진로와상담,L9,교양필수,"1, 3",(0),,,유한나,20220223,/40,"학번 끝자리에 맞춰 변경기간에 재신청 바랍니다. - 1, 2, 3",,1,,N,,,2026,2,2학기
400000,교양과정,2026,2,KY410,진로와상담,M1,교양필수,"1, 3",(0),,,이남연,20170129,/20,"학번 맨끝자리 7,8,9 수강",,1,,N,,,2026,2,2학기
400000,교양과정,2026,2,KY410,진로와상담,M2,교양필수,"1, 3",(0),,,신재우,20240071,/20,"학번 맨 끝자리 0.1,2,3, 편입생 수강",,1,,N,,,2026,2,2학기
400000,교양과정,2026,2,KY410,진로와상담,M3,교양필수,"1, 3",(0),,,김상욱,20030021,/20,"학번 맨 끝자리 4,5,6, 수강",,0,,N,,,2026,2,2학기
400000,교양과정,2026,2,KY410,진로와상담,M5,교양필수,"1, 3",(0),,,이일영,19970044,/15,"동아시아통상학(학번 끝 뒷자리 0,1,2)",,0,,N,,,2026,2,2학기
400000,교양과정,2026,2,KY410,진로와상담,M6,교양필수,"1, 3",(0),,,주장환,20080160,/15,"동아시아통상학(학번 끝 뒷자리 3,4,5)",,0,,N,,,2026,2,2학기
400000,교양과정,2026,2,KY410,진로와상담,M7,교양필수,"1, 3",(0),,,황선미,20190193,/15,"동아시아통상학 (학번 끝 뒷자리 6,7,8,9)",,1,,N,,,2026,2,2학기
400000,교양과정,2026,2,KY410,진로와상담,N1,교양필수,"1, 3",(0),,,오미정,20100011,/20,"일본학 (학번 끝 뒷자리 0,1,2)",,1,,N,,,2026,2,2학기
400000,교양과정,2026,2,KY410,진로와상담,N2,교양필수,"1, 3",(0),,,하종문,19960016,/20,"일본학 (학번 끝 뒷자리 3,4,5)",,0,,N,,,2026,2,2학기
400000,교양과정,2026,2,KY410,진로와상담,N3,교양필수,"1, 3",(0),,,송주명,19990049,/20,"일본학 (학번 끝 뒷자리 6,7,8,9)",,0,,N,,,2026,2,2학기
400000,교양과정,2026,2,KY410,진로와상담,N5,교양필수,"1, 3",(0),,,전창환,19970038,/20,"국제경제학(학번 끝 뒷자리 0~4), 경제금융학 수강신청",,0,,N,,,2026,2,2학기
400000,교양과정,2026,2,KY410,진로와상담,N6,교양필수,"1, 3",(0),,,정희진,20230012,/20,"국제경제학(학번 끝 뒷자리 5~9), 경제금융학 수강신청",,1,,N,,,2026,2,2학기
400000,교양과정,2026,2,KY410,진로와상담,O1,교양필수,"1, 3",(0),,,정재웅,20210034,/45,학과 상담지도교수 안내받고 직접 수강신청,,1,,N,,,2026,2,2학기
400000,교양과정,2026,2,KY410,진로와상담,O2,교양필수,"1, 3",(0),,,윤성식,19960015,/40,학과 상담지도교수 안내받고 직접 수강신청,,0,,N,,,2026,2,2학기
400000,교양과정,2026,2,KY410,진로와상담,O5,교양필수,"1, 3",(0),,,변종석,19970018,/25,,,1,,N,,,2026,2,2학기
400000,교양과정,2026,2,KY410,진로와상담,O6,교양필수,"1, 3",(0),,,박동련,19960011,/25,,,1,,N,,,2026,2,2학기
400000,교양과정,2026,2,KY410,진로와상담,O7,교양필수,"1, 3",(0),,,유한나,20220033,/25,,,1,,N,,,2026,2,2학기
400000,교양과정,2026,2,KY410,진로와상담,O8,교양필수,"1, 3",(0),,,김유신,20240163,/25,,,0,,N,,,2026,2,2학기
400000,교양과정,2026,2,KY410,진로와상담,S1,교양필수,1,(0),,,이일영,19970044,/15,글로벌융합계열 수강신청,,0,,N,,,2026,2,2학기
400000,교양과정,2026,2,KY410,진로와상담,S3,교양필수,1,(0),,,주장환,20080160,/15,글로벌융합계열 수강신청,,0,,N,,,2026,2,2학기
400000,교양과정,2026,2,KY410,진로와상담,S4,교양필수,1,(0),,,황선미,20190193,/15,글로벌융합계열 수강신청,,1,,N,,,2026,2,2학기
400000,교양과정,2026,2,KY410,진로와상담,S5,교양필수,1,(0),,,오미정,20100011,/15,문화콘텐츠계열 수강신청,,1,,N,,,2026,2,2학기
400000,교양과정,2026,2,KY410,진로와상담,S6,교양필수,1,(0),,,하종문,19960016,/15,문화콘텐츠계열 수강신청,,0,,N,,,2026,2,2학기
400000,교양과정,2026,2,KY410,진로와상담,S7,교양필수,1,(0),,,송주명,19990049,/15,문화콘텐츠계열 수강신청,,0,,N,,,2026,2,2학기
400000,교양과정,2026,2,KY410,진로와상담,T2,교양필수,1,(0),,,전창환,19970038,/20,글로벌융합계열 수강신청,,0,,N,,,2026,2,2학기
400000,교양과정,2026,2,KY410,진로와상담,T3,교양필수,1,(0),,,정희진,20230012,/20,글로벌융합계열 수강신청,,1,,N,,,2026,2,2학기
400000,교양과정,2026,2,KY410,진로와상담,T5,교양필수,1,(0),,,정재현,20250126,/20,글로벌융합계열 수강신청,,0,,N,,,2026,2,2학기
400000,교양과정,2026,2,KY410,진로와상담,T6,교양필수,1,(0),,,성락선,19960085,/20,글로벌융합계열 수강신청,,1,,N,,,2026,2,2학기
400000,교양과정,2026,2,KY410,진로와상담,T7,교양필수,1,(0),,,한재명,20240069,/20,글로벌융합계열 수강신청,,0,,N,,,2026,2,2학기
400000,교양과정,2026,2,KY410,진로와상담,U3,교양필수,1,(0),,,정재웅,20210034,/50,첨단(이공계)융합계열 수강신청,,1,,N,,,2026,2,2학기
400000,교양과정,2026,2,KY410,진로와상담,U6,교양필수,1,(0),,,김유신,20240163,/25,첨단(이공계)융합계열 수강신청,,0,,N,,,2026,2,2학기
400000,교양과정,2026,2,KY410,진로와상담,U8,교양필수,1,(0),,,유한나,20220033,/25,첨단(이공계)융합계열 수강신청,,1,,N,,,2026,2,2학기
400000,교양과정,2026,2,KY410,진로와상담,V1,교양필수,"1, 3",(0),,,이석민,20200034,/50,,,0,,N,,,2026,2,2학기
400000,교양과정,2026,2,KY410,진로와상담,V3,교양필수,"1, 3",(0),,,노승철,20210027,/50,,,1,,N,,,2026,2,2학기
400000,교양과정,2026,2,KY410,진로와상담,V5,교양필수,1,(0),,,이석민,20200034,/22,글로벌융합계열 수강신청,,0,,N,,,2026,2,2학기
400000,교양과정,2026,2,KY410,진로와상담,V6,교양필수,1,(0),,,노승철,20210027,/22,글로벌융합계열 수강신청,,1,,N,,,2026,2,2학기
400000,교양과정,2026,2,KY410,진로와상담,V8,교양필수,1,(0),,,조성대,20020021,/15,글로벌융합계열 수강신청,,0,,N,,,2026,2,2학기
400000,교양과정,2026,2,KY410,진로와상담,V9,교양필수,1,(0),,,박상남,20060141,/15,글로벌융합계열 수강신청,,0,,N,,,2026,2,2학기
400000,교양과정,2026,2,KY410,진로와상담,W1,교양필수,1,(0),,,유현미,20240070,/10,경영·미디어계열 수강신청,,1,,N,,,2026,2,2학기
400000,교양과정,2026,2,KY410,진로와상담,W2,교양필수,1,(0),,,김경민,20160030,/10,경영계열 수강신청,,1,,N,,,2026,2,2학기
400000,교양과정,2026,2,KY410,진로와상담,W3,교양필수,1,(0),,,이건범,20090026,/10,경영계열 수강신청,,1,,N,,,2026,2,2학기
400000,교양과정,2026,2,KY410,진로와상담,W4,교양필수,1,(0),,,정의범,20210033,/10,경영계열 수강신청,,0,,N,,,2026,2,2학기
400000,교양과정,2026,2,KY410,진로와상담,W5,교양필수,1,(0),,,최지환,20230015,/10,경영계열 수강신청,,1,,N,,,2026,2,2학기
400000,교양과정,2026,2,KY410,진로와상담,W6,교양필수,1,(0),,,박규호,20120084,/10,경영계열 수강신청,,1,,N,,,2026,2,2학기
400000,교양과정,2026,2,KY410,진로와상담,W7,교양필수,1,(0),,,신재우,20240071,/10,경영계열 수강신청,,1,,N,,,2026,2,2학기
400000,교양과정,2026,2,KY410,진로와상담,W8,교양필수,1,(0),,,이남연,20170129,/10,경영계열 수강신청,,1,,N,,,2026,2,2학기
400000,교양과정,2026,2,KY410,진로와상담,W9,교양필수,1,(0),,,김상욱,20030021,/10,경영계열 수강신청,,0,,N,,,2026,2,2학기
400000,교양과정,2026,2,KY410,진로와상담,X1,교양필수,1,(0),,,양영수,20210032,/10,경영계열 수강신청,,1,,N,,,2026,2,2학기
400000,교양과정,2026,2,KY410,진로와상담,X10,교양필수,1,(0),,,정휘관,20250224,/10,미디어계열 수강신청,,1,,N,,,2026,2,2학기
400000,교양과정,2026,2,KY410,진로와상담,X2,교양필수,1,(0),,,장종익,20120119,/10,경영계열 수강신청,,0,,N,,,2026,2,2학기
400000,교양과정,2026,2,KY410,진로와상담,X3,교양필수,1,(0),,,유한나,20220223,/10,경영계열 수강신청,,1,,N,,,2026,2,2학기
400000,교양과정,2026,2,KY410,진로와상담,X4,교양필수,1,(0),,,김민철,20250012,/10,미디어계열 수강신청 / 경영·미디어계열 수강신청,,0,,N,,,2026,2,2학기
400000,교양과정,2026,2,KY410,진로와상담,X5,교양필수,1,(0),,,이성미,20170128,/10,미디어계열 수강신청,,0,,N,,,2026,2,2학기
400000,교양과정,2026,2,KY410,진로와상담,X6,교양필수,1,(0),,,문철수,20010229,/10,미디어계열 수강신청,,0,,N,,,2026,2,2학기
400000,교양과정,2026,2,KY410,진로와상담,X7,교양필수,1,(0),,,지원배,20170127,/10,미디어계열 수강신청,,0,,N,,,2026,2,2학기
400000,교양과정,2026,2,KY410,진로와상담,X9,교양필수,1,(0),,,박혜영,20210072,/10,미디어계열 수강신청,,0,,N,,,2026,2,2학기
400000,교양과정,2026,2,KY410,진로와상담,Y1,교양필수,1,(0),,,홍선미,19960088,/15,휴먼서비스계열 수강신청,,0,,N,,,2026,2,2학기
400000,교양과정,2026,2,KY410,진로와상담,Y2,교양필수,1,(0),,,주경희,20180047,/15,휴먼서비스계열 수강신청,,0,,N,,,2026,2,2학기
400000,교양과정,2026,2,KY410,진로와상담,Y3,교양필수,1,(0),,,김수경,20210022,/15,휴먼서비스계열 수강신청,,1,,N,,,2026,2,2학기
400000,교양과정,2026,2,KY410,진로와상담,Y4,교양필수,1,(0),,,김예랑,20080163,/15,휴먼서비스계열 수강신청,,0,,N,,,2026,2,2학기
400000,교양과정,2026,2,KY410,진로와상담,Y6,교양필수,1,(0),,,김용훈,20210025,/12,휴먼서비스계열 수강신청,,0,,N,,,2026,2,2학기
400000,교양과정,2026,2,KY410,진로와상담,Y7,교양필수,1,(0),,,백변경희,20010014,/12,휴먼서비스계열 수강신청,,0,,N,,,2026,2,2학기
400000,교양과정,2026,2,KY410,진로와상담,Y9,교양필수,1,(0),,,남세현,20170011,/12,휴먼서비스계열 수강신청,,0,,N,,,2026,2,2학기
400000,교양과정,2026,2,KY410,진로와상담,Z10,교양필수,1,(0),,,유희정,20170124,/10,휴먼서비스계열 수강신청,,1,,N,,,2026,2,2학기
400000,교양과정,2026,2,KY410,진로와상담,Z3,교양필수,1,(0),,,김종엽,19990047,/12,휴먼서비스계열 수강신청,,1,,N,,,2026,2,2학기
400000,교양과정,2026,2,KY410,진로와상담,Z7,교양필수,1,(0),,,김상원,20230013,/13,휴먼서비스계열 수강신청,,1,,N,,,2026,2,2학기
400000,교양과정,2026,2,KY410,진로와상담,Z9,교양필수,1,(0),,,안도연,20210035,/13,휴먼서비스계열 수강신청,,1,,N,,,2026,2,2학기
400000,교양과정,2026,2,KY471,논리와비판적사고,A,교양선택,1,3,"목요일(13:00~14:15), 목요일(14:30~15:45)","18420, 18420",조현진,20250167,/90,,,1,,대면,,,2026,2,2학기
400000,교양과정,2026,2,KY472,생활법률,A,교양선택,1,3,"화요일(13:00~14:15), 화요일(14:30~15:45)","18212, 18212",유영국,20240072,/90,,,0,,대면,,,2026,2,2학기
400000,교양과정,2026,2,KY508,1인미디어만들기,A,교양선택,1,3,수요일(16:00~17:15),20404,최은경,20210026,/30,블렌디드수업,,1,,블랜디드,,,2026,2,2학기
400000,교양과정,2026,2,KY509,채플,A,교양필수,"3, 4",(1),,,"김광연, 나현기, 한경미",20180057,/20,"신학대학(NP대상자), 교목실 지도 후 신청, P/NP",,0,,대면,,,2026,2,2학기
400000,교양과정,2026,2,KY553,인권과법,A,교양선택,1,3,"월요일(13:00~14:15), 수요일(13:00~14:15)","18212, 18212",유영국,20240072,/90,,,0,,대면,,,2026,2,2학기
400000,교양과정,2026,2,KY603,NCS직업기초능력다지기,A,교양선택,"3, 4",3,,,"정해인, 차윤정",20090005,/90,"[3,4학년만 수강 / 온라인수업 / P/NP //외부온라인]2026-1학기 ‘취창업스쿨1 or 진로선택과 취업준비’ 기수강자 수강불가/동일 학기 ‘취창업스쿨2’ 수강자 동시수강 불가(해당 시 수강취소 예정) // 외부온라인",,1,,외부온라인,,,2026,2,2학기
400000,교양과정,2026,2,KY603,NCS직업기초능력다지기,B,교양선택,"3, 4",3,,,"정해인, 차윤정",20090005,/90,"[3,4학년만 수강 / 온라인수업 / P/NP //외부온라인]2026-1학기 ‘취창업스쿨1 or 진로선택과 취업준비’ 기수강자 수강불가/동일 학기 ‘취창업스쿨2’ 수강자 동시수강 불가(해당 시 수강취소 예정) // 외부온라인",,1,,외부온라인,,,2026,2,2학기
400000,교양과정,2026,2,KY613,신학입문,A,교양필수,1,2,금요일(11:00~12:40),3207,이상철,20250185,/45,"신학대학, 신학전공 필수과목(신학인문융합계열 수강신청 가능)",,0,,대면,,,2026,2,2학기
400000,교양과정,2026,2,KY647,조선왕실의삶과문화,A,교양선택,1,3,월요일(13:00~14:15),3423,김선희,20250179,/90,블렌디드수업(대면/월13:00~),,1,,블랜디드,,,2026,2,2학기
400000,교양과정,2026,2,KY656,프랑스어회화및실습Ⅱ,A,교양선택,1,2,,,이익주,20150010,/30,LMS 온라인 수업 // 교내온라인,,0,,교내온라인,,,2026,2,2학기
400000,교양과정,2026,2,KY671,심리운동과놀이,A,교양선택,1,3,"월요일(13:00~14:15), 월요일(14:30~15:45)","10204, 10301",서연태,20220252,/40,,,0,,대면,,,2026,2,2학기
400000,교양과정,2026,2,KY674,한국의세계문화유산,A,교양선택,1,3,월요일(14:30~15:45),3423,김선희,20250179,/50,블랜디드 수업,,1,,블랜디드,,,2026,2,2학기
400000,교양과정,2026,2,KY676,수학으로세상읽기,A,교양선택,1,3,"화요일(13:00~14:15), 화요일(14:30~15:45)","18520, 18520",나경욱,20080158,/80,,,0,,대면,,,2026,2,2학기
400000,교양과정,2026,2,KY695,노동의의미,A,교양선택,1,3,"목요일(13:00~14:15), 목요일(14:30~15:45)","18211, 18211",미정-신규,19800208,/60,외부지원사업과목,,0,,대면,,,2026,2,2학기
400000,교양과정,2026,2,KY722,영어Ⅱ,A,교양필수,"3, 4",2,,,모리스,20120085,/35,교양필수 영어2 재수강반(*2026-2학기까지만 재수강 가능)/교내온라인 // 교내온라인,,1,,교내온라인,,,2026,2,2학기
400000,교양과정,2026,2,KY723,내삶을바꿀소설세편,A,교양선택,1,3,"월요일(11:00~12:15), 수요일(09:30~10:45)","20403, 20403",이미선,20250214,/50,,,1,,대면,,,2026,2,2학기
400000,교양과정,2026,2,KY735,건축의미학,A,교양선택,1,3,,,신광철,19960087,/90,교내온라인 // 교내온라인,,1,,교내온라인,,,2026,2,2학기
400000,교양과정,2026,2,KY748,현대중국의역사적이해,A,교양선택,1,3,,,주장환,20080160,/60,교내온라인 // 교내온라인,,0,,교내온라인,,,2026,2,2학기
400000,교양과정,2026,2,KY750,일본근현대와동아시아,A,교양선택,1,3,"월요일(09:30~10:45), 수요일(11:00~12:15)","7215, 7215",하종문,19960016,/90,,,0,,대면,,,2026,2,2학기
400000,교양과정,2026,2,KY777,현대인의정신건강,A,교양선택,1,3,"목요일(13:00~14:15), 목요일(14:30~15:45)","18212, 18212",김용훈,20210025,/90,발달재활서비스자격 과목,,0,,대면,,,2026,2,2학기
400000,교양과정,2026,2,KY780,초급일본어Ⅱ,A,교양선택,1,2,"화요일(13:00~14:15), 목요일(13:00~14:15)","3321, 3321",신정아,20250144,/40,일본학과수강금지(1학년허용),,0,,대면,,,2026,2,2학기
400000,교양과정,2026,2,KY800,구급과안전교육,A,교양선택,1,2,"금요일(09:30~10:45), 금요일(11:00~12:15)","10204, 10204",허범식,20250176,/40,"특체과 2,3,4학년 수강금지",,1,,대면,,,2026,2,2학기
400000,교양과정,2026,2,KY806,현대환경문제의이해,A,교양선택,1,3,"화요일(13:00~14:15), 화요일(14:30~15:45)","18519, 18519",이상헌,20080165,/90,,,1,,대면,,,2026,2,2학기
400000,교양과정,2026,2,KY819,배구,A,교양선택,2,2,"금요일(09:30~10:45), 금요일(11:00~12:15)","10301, 10301",우승정,20250024,/20,"특체과는 1학년만 수강가능/특체과 2,3,4학년 수강금지 / 복수전공, 부전공 수강 가능 / 이론 수업 강의실 미정",,1,,대면,,,2026,2,2학기
400000,교양과정,2026,2,KY821,탁구,A,교양선택,2,2,"목요일(09:30~10:45), 목요일(11:00~12:15)","10301, 10301",김수겸,20130148,/20,"특체과는 1학년만 수강가능/특체과 2,3,4학년 수강금지 / 복수전공, 부전공 수강 가능 / 이론 수업 강의실 미정",,1,,대면,,,2026,2,2학기
400000,교양과정,2026,2,KY822,배드민턴,A,교양선택,2,2,"목요일(13:00~14:15), 목요일(14:30~15:45)","10301, 10301",박상현,20210074,/20,"특체과는 1학년만 수강가능/특체과 2,3,4학년 수강금지 / 복수전공, 부전공 수강 가능 / 이론 수업 강의실 미정",,1,,대면,,,2026,2,2학기
400000,교양과정,2026,2,KY827,조깅과워킹,A,교양선택,2,2,"화요일(13:00~14:15), 화요일(14:30~15:45)","10201, 10201",정현성,20250190,/20,"특체과는 1학년만 수강가능/특체과 2,3,4학년 수강금지 / 복수전공, 부전공 수강 가능 / 이론 수업 강의실 미정",,1,,대면,,,2026,2,2학기
400000,교양과정,2026,2,KY831,취창업스쿨2,A,교양선택,"2, 3, 4",3,,,홍창기,20130034,/30,"[2,3,4학년 / 교내온라인 / P/NP] 2026-1학기 ‘취창업스쿨1 or 진로선택과 취업준비’ 기수강자 수강불가/동일 학기 ‘NCS직업기초능력다지기’ 수강자 동시수강 불가(해당 시 수강취소 예정) // 교내온라인",,0,,교내온라인,,,2026,2,2학기
400000,교양과정,2026,2,KY831,취창업스쿨2,B,교양선택,"2, 3, 4",3,,,허태윤,20208015,/30,"[2,3,4학년 / 교내온라인 / P/NP] 2026-1학기 ‘취창업스쿨1 or 진로선택과 취업준비’ 기수강자 수강불가/동일 학기 ‘NCS직업기초능력다지기’ 수강자 동시수강 불가(해당 시 수강취소 예정) // 교내온라인",,0,,교내온라인,,,2026,2,2학기
400000,교양과정,2026,2,KY832,정의란무엇인가,A,교양선택,1,3,"화요일(16:00~17:15), 화요일(17:30~18:45)","7215, 7215",박종성,20260043,/90,,,1,,대면,,,2026,2,2학기
400000,교양과정,2026,2,KY836,봉사활동Ⅱ,A,교양선택,1,1,,,"서창수, 주경희",20180047,/90,"[기타수업] P/NP 교과목/오리엔테이션 필참,30시간이상 봉사활동 수행/인증서 제출",,0,,N,,,2026,2,2학기
400000,교양과정,2026,2,KY843,중국어Ⅱ,A,교양선택,1,2,"화요일(13:00~14:15), 목요일(13:00~14:15)","8101, 8101",진연,20260041,/40,"중국학과, 중국어문화영상융합학과 2학년 이상 수강 금지",,0,,대면,,,2026,2,2학기
400000,교양과정,2026,2,KY845,중국어회화Ⅱ,A,교양선택,1,2,"월요일(14:30~15:45), 수요일(14:30~15:45)","3308, 3308",PANG LI,20120123,/30,"중국학과, 중국어문화영상융합학과 2학년 이상 수강 금지",,1,,대면,,,2026,2,2학기
400000,교양과정,2026,2,KY862,인간관계와예절,A,교양선택,1,2,"목요일(16:00~17:15), 목요일(17:30~18:45)","18519, 18519",성은실,20250142,/90,,,0,,대면,,,2026,2,2학기
400000,교양과정,2026,2,KY864,영화와사회심리,A,교양선택,1,3,"화요일(16:00~17:15), 화요일(17:30~18:45)","18420, 18420",이익주,20150010,/90,,,0,,대면,,,2026,2,2학기
400000,교양과정,2026,2,KY879,기독교와인문학,A,교양필수,1,2,금요일(13:00~14:40),7215,나현기,20180057,/50,교필(기독교과목),,1,,대면,,,2026,2,2학기
400000,교양과정,2026,2,KY891,인물로읽는성서,A,교양필수,1,2,목요일(13:00~14:40),3423,한경미,20240162,/90,교필(성서교과목),,0,,대면,,,2026,2,2학기
400000,교양과정,2026,2,KY893,성서와예술,A,교양필수,1,2,수요일(13:00~14:40),18211,강은미,20209151,/90,교필(성서교과목),,0,,대면,,,2026,2,2학기
400000,교양과정,2026,2,KY893,성서와예술,B,교양필수,1,2,금요일(11:00~12:40),18211,강은미,20209151,/50,교필(성서교과목),,0,,대면,,,2026,2,2학기
400000,교양과정,2026,2,KY894,성서와여성,A,교양필수,1,2,수요일(17:30~19:10),18211,강은미,20209151,/80,교필(성서교과목) ,,0,,대면,,,2026,2,2학기
400000,교양과정,2026,2,KY894,성서와여성,B,교양필수,1,2,금요일(17:30~19:10),4107,강은미,20209151,/50,교필(성서교과목),,0,,대면,,,2026,2,2학기
400000,교양과정,2026,2,KY895,교회음악Ⅱ,A,교양선택,1,2,월요일(13:00~14:40),4107,정춘,20250196,/20,P/NP,,1,,대면,,,2026,2,2학기
400000,교양과정,2026,2,KY899,독일문학길잡이,A,교양선택,1,3,"금요일(16:00~17:15), 금요일(17:30~18:45)","3505, 3505",오동식,20100188,/40,,,1,,대면,,,2026,2,2학기
400000,교양과정,2026,2,KY921,사회생활길잡이,A1,교양필수,2,1,월요일(16:00~16:50),4107,전철,20140040,/15,,,0,,대면,,,2026,2,2학기
400000,교양과정,2026,2,KY921,사회생활길잡이,A2,교양필수,2,1,월요일(16:00~16:50),4105,한경미,20240162,/15,,,0,,대면,,,2026,2,2학기
400000,교양과정,2026,2,KY921,사회생활길잡이,C1,교양필수,2,1,월요일(16:00~16:50),3410,김지혜,20230138,/30,"[교필] 11학번부터 필수/한국어문학,국어국문학과 수강/학번 끝자리 4,5,6 수강/ P/NP",,1,,대면,,,2026,2,2학기
400000,교양과정,2026,2,KY921,사회생활길잡이,C2,교양필수,2,1,월요일(16:00~16:50),20502,유형동,20220034,/30,"[교필] 11학번부터 필수/한국어문학,국어국문학과 수강/학번 끝자리 0,1,2,3 수강/ P/NP",,1,,대면,,,2026,2,2학기
400000,교양과정,2026,2,KY921,사회생활길잡이,C3,교양필수,2,1,월요일(16:00~16:50),3408,강소영,20250125,/30,"[교필] 11학번부터 필수/한국어문학,국어국문학과 수강/학번 끝자리 7,8,9 수강/ P/NP",,0,,대면,,,2026,2,2학기
400000,교양과정,2026,2,KY921,사회생활길잡이,D2,교양필수,2,1,월요일(16:00~16:50),3407,김지혜,20210073,/20,진로와상담과 동일한 지도교수 신청,,0,,대면,,,2026,2,2학기
400000,교양과정,2026,2,KY921,사회생활길잡이,D3,교양필수,2,1,월요일(16:00~16:50),3405,이향미,20200051,/20,진로와상담과 동일한 지도교수 신청,,1,,대면,,,2026,2,2학기
400000,교양과정,2026,2,KY921,사회생활길잡이,D4,교양필수,2,1,월요일(16:00~16:50),3406,박미선,20090009,/20,진로와상담과 동일한 지도교수 신청,,1,,대면,,,2026,2,2학기
400000,교양과정,2026,2,KY921,사회생활길잡이,E1,교양필수,2,1,월요일(16:00~16:50),3411,전춘명,19960084,/20,대학생활길잡이 담당 교수와 동일하게 신청,,1,,대면,,,2026,2,2학기
400000,교양과정,2026,2,KY921,사회생활길잡이,E2,교양필수,2,1,월요일(16:00~16:50),3308,오동식,20100188,/20,대학생활길잡이 담당 교수와 동일하게 신청,,1,,대면,,,2026,2,2학기
400000,교양과정,2026,2,KY921,사회생활길잡이,F1,교양필수,2,1,월요일(18:50~19:40),18101,김희정,20080164,/30,,,0,,대면,,,2026,2,2학기
400000,교양과정,2026,2,KY921,사회생활길잡이,F2,교양필수,2,1,수요일(18:50~19:40),18101,김대오,19970107,/30,,,1,,대면,,,2026,2,2학기
400000,교양과정,2026,2,KY921,사회생활길잡이,G1,교양필수,2,1,월요일(18:50~19:40),3204,정무용,20230010,/25,,,0,,대면,,,2026,2,2학기
400000,교양과정,2026,2,KY921,사회생활길잡이,G2,교양필수,2,1,월요일(18:50~19:40),3409,이형원,20210030,/25,,,0,,대면,,,2026,2,2학기
400000,교양과정,2026,2,KY921,사회생활길잡이,G3,교양필수,2,1,월요일(18:50~19:40),3412,정해득,20140042,/25,,,1,,대면,,,2026,2,2학기
400000,교양과정,2026,2,KY921,사회생활길잡이,G4,교양필수,2,1,화요일(18:50~19:40),3408,이영남,20170017,/25,,,0,,대면,,,2026,2,2학기
400000,교양과정,2026,2,KY921,사회생활길잡이,H1,교양필수,2,1,수요일(16:00~16:50),18104,김상덕,20250013,/20,,,1,,대면,,,2026,2,2학기
400000,교양과정,2026,2,KY921,사회생활길잡이,I1,교양필수,2,1,월요일(17:30~18:20),20308,강지희,20190189,/30,,,0,,대면,,,2026,2,2학기
400000,교양과정,2026,2,KY921,사회생활길잡이,I2,교양필수,2,1,월요일(17:30~18:20),20502,백수린,20240068,/30,,,0,,대면,,,2026,2,2학기
400000,교양과정,2026,2,KY921,사회생활길잡이,I3,교양필수,2,1,월요일(17:30~18:20),20401,정한아,20220222,/30,,,0,,대면,,,2026,2,2학기
400000,교양과정,2026,2,KY921,사회생활길잡이,I4,교양필수,2,1,월요일(16:00~16:50),18104,김윤성,20060020,/30,디지털영상문화콘텐츠학(한국인 홀수번호)/영상문화학,,1,,대면,,,2026,2,2학기
400000,교양과정,2026,2,KY921,사회생활길잡이,I5,교양필수,2,1,월요일(16:00~16:50),18102,신광철,19960087,/30,디지털영상문화콘텐츠학(외국인),,1,,대면,,,2026,2,2학기
400000,교양과정,2026,2,KY921,사회생활길잡이,I6,교양필수,2,1,월요일(16:00~16:50),18103,이종현,20230011,/30,디지털영상문화콘텐츠학(한국인 짝수번호)/디지털문화콘텐츠학,,1,,대면,,,2026,2,2학기
400000,교양과정,2026,2,KY921,사회생활길잡이,J5,교양필수,2,1,월요일(16:00~16:50),18110,김남희,20200038,/30,중국어문화콘텐츠학 (중국어영상융합학과/중국어문화학과/한중문화콘텐츠학과) 전공생,,1,,대면,,,2026,2,2학기
400000,교양과정,2026,2,KY921,사회생활길잡이,K2,교양필수,2,1,화요일(16:00~16:50),3411,백준기,19990060,/35,국제관계학부 / 글로벌인재학부 수강신청 전 지도교수 확인,,0,,대면,,,2026,2,2학기
400000,교양과정,2026,2,KY921,사회생활길잡이,K3,교양필수,2,1,수요일(16:00~16:50),3412,조성대,20020021,/35,국제관계학부 / 글로벌인재학부 수강신청 전 지도교수 확인,,0,,대면,,,2026,2,2학기
400000,교양과정,2026,2,KY921,사회생활길잡이,K5,교양필수,2,1,수요일(18:50~19:40),3506,박상남,20060141,/35,국제관계학부 / 글로벌인재학부 수강신청 전 지도교수 확인,,0,,대면,,,2026,2,2학기
400000,교양과정,2026,2,KY921,사회생활길잡이,K6,교양필수,2,1,수요일(16:00~16:50),20505,이석민,20200034,/30,진로와 상담 교수님과 동일하게 수강신청,,0,,대면,,,2026,2,2학기
400000,교양과정,2026,2,KY921,사회생활길잡이,K8,교양필수,2,1,월요일(16:00~16:50),20507,노승철,20210027,/30,진로와 상담 교수님과 동일하게 수강신청,,1,,대면,,,2026,2,2학기
400000,교양과정,2026,2,KY921,사회생활길잡이,L1,교양필수,2,1,수요일(16:00~16:50),3411,성락선,19960085,/20,,,1,,대면,,,2026,2,2학기
400000,교양과정,2026,2,KY921,사회생활길잡이,L2,교양필수,2,1,수요일(16:00~16:50),3505,한재명,20240069,/20,,,0,,대면,,,2026,2,2학기
400000,교양과정,2026,2,KY921,사회생활길잡이,L3,교양필수,2,1,수요일(16:00~16:50),3408,정재현,20250126,/20,,,0,,대면,,,2026,2,2학기
400000,교양과정,2026,2,KY921,사회생활길잡이,M2,교양필수,2,1,수요일(16:00~16:50),3407,전창환,19970038,/20,,,0,,대면,,,2026,2,2학기
400000,교양과정,2026,2,KY921,사회생활길잡이,M3,교양필수,2,1,수요일(16:00~16:50),3506,정희진,20230012,/20,,,1,,대면,,,2026,2,2학기
400000,교양과정,2026,2,KY921,사회생활길잡이,N1,교양필수,2,1,수요일(16:00~16:50),18102,문철수,20010229,/20,,,0,,대면,,,2026,2,2학기
400000,교양과정,2026,2,KY921,사회생활길잡이,N2,교양필수,2,1,수요일(16:00~16:50),18103,지원배,20170127,/20,,,0,,대면,,,2026,2,2학기
400000,교양과정,2026,2,KY921,사회생활길잡이,N4,교양필수,2,1,수요일(16:00~16:50),18101,이성미,20170128,/20,,,0,,대면,,,2026,2,2학기
400000,교양과정,2026,2,KY921,사회생활길잡이,N5,교양필수,2,1,수요일(16:00~16:50),18420-1,박혜영,20210072,/20,,,0,,대면,,,2026,2,2학기
400000,교양과정,2026,2,KY921,사회생활길잡이,N6,교양필수,2,1,수요일(16:00~16:50),18211-1,김민철,20250012,/20,,,0,,대면,,,2026,2,2학기
400000,교양과정,2026,2,KY921,사회생활길잡이,N7,교양필수,2,1,수요일(16:00~16:50),18106,정휘관,20250224,/20,,,1,,대면,,,2026,2,2학기
400000,교양과정,2026,2,KY921,사회생활길잡이,O2,교양필수,2,1,목요일(11:00~11:50),3206,김종엽,19990047,/20,,,1,,대면,,,2026,2,2학기
400000,교양과정,2026,2,KY921,사회생활길잡이,P1,교양필수,2,1,화요일(17:30~18:20),18519,김수경,20210022,/20,,,1,,대면,,,2026,2,2학기
400000,교양과정,2026,2,KY921,사회생활길잡이,P2,교양필수,2,1,화요일(17:30~18:20),18420-1,김예랑,20080163,/20,,,0,,대면,,,2026,2,2학기
400000,교양과정,2026,2,KY921,사회생활길잡이,Q3,교양필수,2,1,수요일(16:00~16:50),20506,남세현,20170011,/15,,,0,,대면,,,2026,2,2학기
400000,교양과정,2026,2,KY921,사회생활길잡이,Q4,교양필수,2,1,수요일(16:00~16:50),20502,백변경희,20010014,/15,,,0,,대면,,,2026,2,2학기
400000,교양과정,2026,2,KY921,사회생활길잡이,Q5,교양필수,2,1,수요일(16:00~16:50),18418,김용훈,20210025,/15,,,0,,대면,,,2026,2,2학기
400000,교양과정,2026,2,KY921,사회생활길잡이,S1,교양필수,2,1,수요일(16:00~16:50),3403,이일영,19970044,/15,,,0,,대면,,,2026,2,2학기
400000,교양과정,2026,2,KY921,사회생활길잡이,S3,교양필수,2,1,수요일(16:00~16:50),3409,주장환,20080160,/15,,,0,,대면,,,2026,2,2학기
400000,교양과정,2026,2,KY921,사회생활길잡이,S4,교양필수,2,1,수요일(16:00~16:50),3410,황선미,20190193,/15,,,1,,대면,,,2026,2,2학기
400000,교양과정,2026,2,KY921,사회생활길잡이,T1,교양필수,2,1,수요일(16:00~16:50),3406,오미정,20100011,/20,전공 상담지도교수 안내받고 직접 수강신청 /P/NP과목,,0,,대면,,,2026,2,2학기
400000,교양과정,2026,2,KY921,사회생활길잡이,T2,교양필수,2,1,수요일(16:00~16:50),3321,하종문,19960016,/20,전공 상담지도교수 안내받고 직접 수강신청 /P/NP과목,,0,,대면,,,2026,2,2학기
400000,교양과정,2026,2,KY921,사회생활길잡이,T3,교양필수,2,1,수요일(16:00~16:50),3405,송주명,19990049,/20,전공 상담지도교수 안내받고 직접 수강신청 /P/NP과목,,0,,대면,,,2026,2,2학기
400000,교양과정,2026,2,KY921,사회생활길잡이,U1,교양필수,2,1,수요일(16:00~16:50),8110,김경민,20160030,/15,,,1,,대면,,,2026,2,2학기
400000,교양과정,2026,2,KY921,사회생활길잡이,U2,교양필수,2,1,월요일(17:30~18:20),8101,이건범,20090026,/15,,,1,,대면,,,2026,2,2학기
400000,교양과정,2026,2,KY921,사회생활길잡이,U3,교양필수,2,1,수요일(17:30~18:20),8110,유현미,20240070,/15,,,1,,대면,,,2026,2,2학기
400000,교양과정,2026,2,KY921,사회생활길잡이,U4,교양필수,2,1,수요일(16:00~16:50),18212-1,최지환,20230015,/15,,,1,,대면,,,2026,2,2학기
400000,교양과정,2026,2,KY921,사회생활길잡이,U5,교양필수,2,1,월요일(17:30~18:20),18101,정의범,20210033,/15,,,0,,대면,,,2026,2,2학기
400000,교양과정,2026,2,KY921,사회생활길잡이,U6,교양필수,2,1,수요일(16:00~16:50),8101,박규호,20120084,/15,,,1,,대면,,,2026,2,2학기
400000,교양과정,2026,2,KY921,사회생활길잡이,W1,교양필수,2,1,월요일(17:30~18:20),3201,장종익,20120119,/26,"학번 끝자리에 맞춰 변경기간에 재신청 바랍니다.- 0,1,2 : 장종익 교수 ",,0,,대면,,,2026,2,2학기
400000,교양과정,2026,2,KY921,사회생활길잡이,W2,교양필수,2,1,월요일(17:30~18:20),3203,양영수,20210032,/30,"학번 끝자리에 맞춰 변경기간에 재신청 바랍니다. 3,4,5 : 양영수 교수 ",,1,,대면,,,2026,2,2학기
400000,교양과정,2026,2,KY921,사회생활길잡이,W3,교양필수,2,1,월요일(17:30~18:20),3204,유한나,20220223,/30,"학번 끝자리에 맞춰 변경기간에 재신청 바랍니다. 6,7,8,9 : 유한나 교수",,1,,대면,,,2026,2,2학기
400000,교양과정,2026,2,KY921,사회생활길잡이,Z10,교양필수,2,1,수요일(17:30~18:20),3405,유희정,20170124,/25,,,1,,대면,,,2026,2,2학기
400000,교양과정,2026,2,KY921,사회생활길잡이,Z7,교양필수,2,1,수요일(17:30~18:20),3408,김상원,20230013,/25,,,1,,대면,,,2026,2,2학기
400000,교양과정,2026,2,KY921,사회생활길잡이,Z8,교양필수,2,1,수요일(17:30~18:20),3321,김영주,20210018,/25,,,0,,대면,,,2026,2,2학기
400000,교양과정,2026,2,KY921,사회생활길잡이,Z9,교양필수,2,1,수요일(17:30~18:20),3409,안도연,20210035,/24,,,1,,대면,,,2026,2,2학기
400000,교양과정,2026,2,KY931,재미있는정신분석이야기,A,교양선택,1,3,"화요일(16:00~17:15), 화요일(17:30~18:45)","18211, 18211",미정-신규,19800208,/50,,,0,,블랜디드,,,2026,2,2학기
400000,교양과정,2026,2,KY951,일본문학길잡이,A,교양선택,1,3,"월요일(13:00~14:15), 수요일(13:00~14:15)","7215, 7215",오미정,20100011,/80,,,1,,대면,,,2026,2,2학기
400000,교양과정,2026,2,KY961,결혼과가족,A,교양선택,1,3,화요일(13:00~14:15),3203,김영주,20210018,/50,블랜디드 수업,,0,,블랜디드,,,2026,2,2학기
400000,교양과정,2026,2,KY972,예술로말하기2,A,교양선택,1,3,"화요일(13:00~14:15), 화요일(14:30~15:45)","18212-1, 18212-1",유순혜,20250194,/20,,,0,,대면,,,2026,2,2학기
400000,교양과정,2026,2,KY977,문화콘텐츠로만나는정조,A,교양선택,1,3,,,최민성,20090008,/90,LMS 온라인 수업 // 교내온라인,,1,,교내온라인,,,2026,2,2학기
400000,교양과정,2026,2,KY992,기초영어회화2,A1,교양선택,1,2,"월요일(09:30~10:45), 수요일(11:00~12:15)","8110, 8110",야니,20120086,/20,"기초영어회화1 수준에 준하는 학생, 수강인원 5명 이상 개설, 15명 이하 절대평가",,1,,대면,,,2026,2,2학기
400000,교양과정,2026,2,KY992,기초영어회화2,A2,교양선택,1,2,"월요일(13:00~14:15), 수요일(13:00~14:15)","8110, 8110",야니,20120086,/20,"기초영어회화1 수준에 준하는 학생, 수강인원 5명 이상 개설, 15명 이하 절대평가",,1,,대면,,,2026,2,2학기
400000,교양과정,2026,2,KY992,기초영어회화2,A3,교양선택,1,2,"월요일(14:30~15:45), 수요일(14:30~15:45)","8110, 8110",야니,20120086,/20,"기초영어회화1 수준에 준하는 학생, 수강인원 5명 이상 개설, 15명 이하 절대평가",,1,,대면,,,2026,2,2학기
400000,교양과정,2026,2,KY992,기초영어회화2,A4,교양선택,1,2,"화요일(11:00~12:15), 목요일(09:30~10:45)","8110, 8110",야니,20120086,/20,"기초영어회화1 수준에 준하는 학생, 수강인원 5명 이상 개설, 15명 이하 절대평가",,1,,대면,,,2026,2,2학기
400000,교양과정,2026,2,KY992,기초영어회화2,B1,교양선택,1,2,"월요일(09:30~10:45), 수요일(11:00~12:15)","20502, 20502",모리스,20120085,/20,"기초영어회화1 수준에 준하는 학생, 수강인원 5명 이상 개설, 15명 이하 절대평가",,1,,대면,,,2026,2,2학기
400000,교양과정,2026,2,KY992,기초영어회화2,B2,교양선택,1,2,"월요일(11:00~12:15), 수요일(09:30~10:45)","20502, 20502",모리스,20120085,/20,"기초영어회화1 수준에 준하는 학생, 수강인원 5명 이상 개설, 15명 이하 절대평가",,1,,대면,,,2026,2,2학기
400000,교양과정,2026,2,KY992,기초영어회화2,B3,교양선택,1,2,"월요일(13:00~14:15), 수요일(13:00~14:15)","20502, 20502",모리스,20120085,/20,"기초영어회화1 수준에 준하는 학생, 수강인원 5명 이상 개설, 15명 이하 절대평가",,1,,대면,,,2026,2,2학기
400000,교양과정,2026,2,KY992,기초영어회화2,B4,교양선택,1,2,"화요일(09:30~10:45), 목요일(11:00~12:15)","20502, 20502",모리스,20120085,/20,"기초영어회화1 수준에 준하는 학생, 수강인원 5명 이상 개설, 15명 이하 절대평가",,1,,대면,,,2026,2,2학기
400000,교양과정,2026,2,KY994,중급영어회화2,A1,교양선택,1,2,"월요일(09:30~10:45), 수요일(11:00~12:15)","20506, 20506",매튜,20140043,/15,"중급영어화화1 수준에 준하는 학생, 수강인원 5명 이상 개설, 15명 이하 절대평가",,0,,대면,,,2026,2,2학기
400000,교양과정,2026,2,KY994,중급영어회화2,A2,교양선택,1,2,"월요일(11:00~12:15), 수요일(09:30~10:45)","20506, 20506",매튜,20140043,/15,"중급영어화화1 수준에 준하는 학생, 수강인원 5명 이상 개설, 15명 이하 절대평가",,0,,대면,,,2026,2,2학기
400000,교양과정,2026,2,KY994,중급영어회화2,B1,교양선택,1,2,"월요일(13:00~14:15), 수요일(13:00~14:15)","20506, 20506",매튜,20140043,/15,"중급영어화화1 수준에 준하는 학생, 수강인원 5명 이상 개설, 15명 이하 절대평가",,0,,대면,,,2026,2,2학기
400000,교양과정,2026,2,KY994,중급영어회화2,B2,교양선택,1,2,"월요일(14:30~15:45), 수요일(14:30~15:45)","20506, 20506",매튜,20140043,/15,"중급영어화화1 수준에 준하는 학생, 수강인원 5명 이상 개설, 15명 이하 절대평가",,0,,대면,,,2026,2,2학기
400000,교양과정,2026,2,KYA21,물리란무엇인가,A,교양선택,1,3,"월요일(13:00~14:15), 수요일(13:00~14:15)","18418, 18418",정태성,20080106,/50,구)물리및실험,,0,,대면,,,2026,2,2학기
400000,교양과정,2026,2,KYA31,기초독일어실습Ⅱ,A,교양선택,1,3,,,전춘명,19960084,/90,교내온라인 // 교내온라인,,1,,교내온라인,,,2026,2,2학기
400000,교양과정,2026,2,KYA37,심리와교육,A,교양선택,1,3,월요일(13:00~14:15),3203,옥장흠,20060143,/50,"구)교육심리, 블랜디드 수업(월13시 대면)",,1,,블랜디드,,,2026,2,2학기
400000,교양과정,2026,2,KYA44,돈과인간,A,교양선택,1,3,"화요일(13:00~14:15), 화요일(14:30~15:45)","18523, 18523",전병유,20090022,/90,구)돈과자본그리고인간,,0,,대면,,,2026,2,2학기
400000,교양과정,2026,2,KYA49,영화로보는남북통일문제,A,교양선택,1,3,"목요일(16:00~17:15), 목요일(17:30~18:45)","18211, 18211",장창준,20240074,/90,,,0,,대면,,,2026,2,2학기
400000,교양과정,2026,2,KYA54,성서와평화,A,교양필수,1,2,금요일(17:30~19:10),18421,진형섭,20209150,/90,교필(성서교과목),,0,,대면,,,2026,2,2학기
400000,교양과정,2026,2,KYA54,성서와평화,B,교양필수,1,2,금요일(13:00~14:40),18421,진형섭,20209150,/90,교필(성서교과목),,0,,대면,,,2026,2,2학기
400000,교양과정,2026,2,KYA59,연기예술2:관찰,A,교양선택,1,3,"목요일(13:00~14:15), 목요일(14:30~15:45)","18523, 18523",장우현,20250160,/40,,,1,,대면,,,2026,2,2학기
400000,교양과정,2026,2,KYA60,연기와마음치료,A,교양선택,1,3,"목요일(16:00~17:15), 목요일(17:30~18:45)","18523, 18523",장우현,20250160,/40,,,1,,대면,,,2026,2,2학기
400000,교양과정,2026,2,KYA75,재테크와금융,A,교양선택,1,3,,,전창환,19970038,/90,교내온라인 // 교내온라인,,0,,교내온라인,,,2026,2,2학기
400000,교양과정,2026,2,KYA93,전환기시대의리더십,A,교양선택,1,3,,,이일영,19970044,/60,교내온라인 // 교내온라인,,0,,교내온라인,,,2026,2,2학기
400000,교양과정,2026,2,KYA96,과학의위대한순간들,A,교양선택,1,3,"화요일(13:00~14:15), 화요일(14:30~15:45)","18418, 18418",정태성,20080106,/50,,,0,,대면,,,2026,2,2학기
400000,교양과정,2026,2,KYA97,공공미술과도시재생,A,교양선택,1,3,,,공주형,20150011,/90,LMS 온라인 수업  // 교내온라인,,0,,교내온라인,,,2026,2,2학기
400000,교양과정,2026,2,KYB24,빅데이터분석원리및분석방법론(중급),A,교양선택,1,3,"화요일(13:00~14:15), 화요일(14:30~15:45)","18307, 18307",염동호,20190191,/30,[빅데이터분석] 마이크로전공,,1,,대면,,,2026,2,2학기
400000,교양과정,2026,2,KYC01,좋은기업찾기프로젝트,A,교양선택,"2, 3, 4",3,,,김용희,20220224,/90,"2,3,4학년 / 교내온라인 / P/NP // 교내온라인",,0,,교내온라인,,,2026,2,2학기
400000,교양과정,2026,2,KYC10,한국현대생활사,A,교양선택,1,3,"금요일(13:00~14:15), 금요일(14:30~15:45)","18211, 18211",정무용,20230010,/50,"구)민족해방과분단,그리고그너머",,0,,대면,,,2026,2,2학기
400000,교양과정,2026,2,KYC11,도시의역사,A,교양선택,1,3,"금요일(13:00~14:15), 금요일(14:30~15:45)","18212-1, 18212-1",이시연,20250154,/50,구)세계사속의혁명,,1,,대면,,,2026,2,2학기
400000,교양과정,2026,2,KYC13,한반도통일의현재와미래,A,교양선택,1,3,"화요일(13:00~14:15), 화요일(14:30~15:45)","3201, 3201",,,/55,,,0,,대면,,,2026,2,2학기
400000,교양과정,2026,2,KYC14,빅데이터분석기초,A,교양선택,1,3,"화요일(16:00~17:15), 화요일(17:30~18:45)","18307, 18307",염동호,20190191,/40,[빅데이터분석]마이크로전공 ,,1,,대면,,,2026,2,2학기
400000,교양과정,2026,2,KYC15,21세기사회와유대인의문화,A,교양선택,1,3,,,옥장흠,20060143,/90,LMS 온라인 수업  // 교내온라인,,1,,교내온라인,,,2026,2,2학기
400000,교양과정,2026,2,KYC16,21세기대안사회모델독일,A,교양선택,1,3,,,전춘명,19960084,/90,LMS 온라인 수업  // 교내온라인,,1,,교내온라인,,,2026,2,2학기
400000,교양과정,2026,2,KYC24,플랫폼시대의상상력과브랜딩,A,교양선택,"1, 2, 3, 4",3,"화요일(13:00~14:15), 화요일(14:30~15:45)","18211, 18211",허태윤,20208015,/40,,,0,,대면,,,2026,2,2학기
400000,교양과정,2026,2,KYC37,디지털사회와e스포츠,A,교양선택,1,3,"월요일(13:00~14:15), 수요일(13:00~14:15)","3506, 3506",최은경,20210026,/48,,,1,,대면,,,2026,2,2학기
400000,교양과정,2026,2,KYC39,세계도시와시민,A,교양선택,"1, 2, 3, 4",3,"목요일(13:00~14:15), 목요일(14:30~15:45)","18520, 18520",이기호,20080157,/90,전) 도시로읽는21세기과제와 상상력,,0,,대면,,,2026,2,2학기
400000,교양과정,2026,2,KYC41,나를찾아떠나는여행,A,교양선택,"1, 2",2,금요일(13:00~14:40),4107,강은미,20209151,/30,KY431 이수자 수강불가,,0,,대면,,,2026,2,2학기
400000,교양과정,2026,2,KYC42,유럽영화예술의세계,A,교양선택,1,3,,,심혜경,20210029,/60,"구)독일어권예술의세계, 교내온라인 // 교내온라인",,0,,교내온라인,,,2026,2,2학기
400000,교양과정,2026,2,KYC52,유라시아문명과미래세계,A,교양선택,1,3,"화요일(16:00~17:15), 화요일(17:30~18:45)","3308, 3308",,,/55,구) 현대세계정치의이해,,0,,대면,,,2026,2,2학기
400000,교양과정,2026,2,KYC54,Essential English,A1,교양필수,1,3,"월요일(09:30~10:45), 수요일(11:00~12:15)","18103, 18103",목승혜,20250136,/35,독해수업/자유전공/휴먼서비스/첨단융합/AISW/특체계열수강/교양필수,,0,,대면,,,2026,2,2학기
400000,교양과정,2026,2,KYC54,Essential English,A2,교양필수,1,3,"월요일(09:30~10:45), 수요일(11:00~12:15)","18104, 18104",김나영,20230141,/35,독해수업/자유전공/휴먼서비스/첨단융합/AISW/특체계열수강/교양필수,,0,,대면,,,2026,2,2학기
400000,교양과정,2026,2,KYC54,Essential English,A3,교양필수,1,3,"월요일(09:30~10:45), 수요일(11:00~12:15)","18106, 18106",차윤정,20090005,/35,독해수업/자유전공/휴먼서비스/첨단융합/AISW/특체계열수강/교양필수,,1,,대면,,,2026,2,2학기
400000,교양과정,2026,2,KYC54,Essential English,B1,교양필수,1,3,"월요일(11:00~12:15), 수요일(09:30~10:45)","18103, 18103",목승혜,20250136,/35,독해수업/자유전공/휴먼서비스/첨단융합/AISW/특체계열수강/교양필수,,0,,대면,,,2026,2,2학기
400000,교양과정,2026,2,KYC54,Essential English,B2,교양필수,1,3,"월요일(11:00~12:15), 수요일(09:30~10:45)","18104, 18104",김나영,20230141,/35,독해수업/자유전공/휴먼서비스/첨단융합/AISW/특체계열수강/교양필수,,0,,대면,,,2026,2,2학기
400000,교양과정,2026,2,KYC54,Essential English,B3,교양필수,1,3,"월요일(11:00~12:15), 수요일(09:30~10:45)","3505, 3505",고우경,20140010,/35,독해수업/자유전공/휴먼서비스/첨단융합/AISW/특체계열수강/교양필수,,0,,대면,,,2026,2,2학기
400000,교양과정,2026,2,KYC54,Essential English,C1,교양필수,1,3,"월요일(13:00~14:15), 수요일(13:00~14:15)","3505, 3505",고우경,20140010,/35,독해수업/자유전공/휴먼서비스/첨단융합/AISW/특체계열수강/교양필수,,0,,대면,,,2026,2,2학기
400000,교양과정,2026,2,KYC54,Essential English,C2,교양필수,1,3,"월요일(13:00~14:15), 수요일(13:00~14:15)","18104, 18104",심주연,20170023,/30,영어말하기수업/자유전공/휴먼서비스/첨단융합/AISW/특체계열수강/교양필수,,0,,대면,,,2026,2,2학기
400000,교양과정,2026,2,KYC54,Essential English,C3,교양필수,1,3,"월요일(13:00~14:15), 수요일(13:00~14:15)","18106, 18106",이아름,20240155,/35,독해수업/자유전공/휴먼서비스/첨단융합/AISW/특체계열수강/교양필수,,1,,대면,,,2026,2,2학기
400000,교양과정,2026,2,KYC54,Essential English,D1,교양필수,1,3,"월요일(14:30~15:45), 수요일(14:30~15:45)","3505, 3505",고우경,20140010,/35,독해수업/자유전공/휴먼서비스/첨단융합/AISW/특체계열수강/교양필수,,0,,대면,,,2026,2,2학기
400000,교양과정,2026,2,KYC54,Essential English,D2,교양필수,1,3,"월요일(14:30~15:45), 수요일(14:30~15:45)","18104, 18104",심주연,20170023,/30,영어말하기수업/자유전공/휴먼서비스/첨단융합/AISW/특체계열수강/교양필수,,0,,대면,,,2026,2,2학기
400000,교양과정,2026,2,KYC54,Essential English,D3,교양필수,1,3,"월요일(14:30~15:45), 수요일(14:30~15:45)","18106, 18106",이아름,20240155,/35,독해수업/자유전공/휴먼서비스/첨단융합/AISW/특체계열수강/교양필수,,1,,대면,,,2026,2,2학기
400000,교양과정,2026,2,KYC54,Essential English,E1,교양필수,1,3,"화요일(09:30~10:45), 목요일(11:00~12:15)","18103, 18103",김수현,20250211,/35,독해수업/자유전공/휴먼서비스/첨단융합/AISW/특체계열수강/교양필수,,1,,대면,,,2026,2,2학기
400000,교양과정,2026,2,KYC54,Essential English,E2,교양필수,1,3,"화요일(09:30~10:45), 목요일(11:00~12:15)","18106, 18106",성민선,20250222,/35,독해수업/자유전공/휴먼서비스/첨단융합/AISW/특체계열수강/교양필수,,0,,대면,,,2026,2,2학기
400000,교양과정,2026,2,KYC54,Essential English,E3,교양필수,1,3,"화요일(09:30~10:45), 목요일(11:00~12:15)","18104, 18104",김경선,20250130,/30,영어말하기수업/자유전공/휴먼서비스/첨단융합/AISW/특체계열수강/교양필수,,1,,대면,,,2026,2,2학기
400000,교양과정,2026,2,KYC54,Essential English,F1,교양필수,1,3,"화요일(11:00~12:15), 목요일(09:30~10:45)","18103, 18103",김수현,20250211,/35,독해수업/자유전공/휴먼서비스/첨단융합/AISW/특체계열수강/교양필수,,1,,대면,,,2026,2,2학기
400000,교양과정,2026,2,KYC54,Essential English,F2,교양필수,1,3,"화요일(11:00~12:15), 목요일(09:30~10:45)","18106, 18106",성민선,20250222,/35,독해수업/자유전공/휴먼서비스/첨단융합/AISW/특체계열수강/교양필수,,0,,대면,,,2026,2,2학기
400000,교양과정,2026,2,KYC54,Essential English,F3,교양필수,1,3,"화요일(11:00~12:15), 목요일(09:30~10:45)","18104, 18104",김경선,20250130,/30,영어말하기수업/자유전공/휴먼서비스/첨단융합/AISW/특체계열수강/교양필수,,1,,대면,,,2026,2,2학기
400000,교양과정,2026,2,KYC55,글쓰기의기초,A2,교양필수,1,3,"화요일(16:00~17:15), 화요일(17:30~18:45)","3408, 3408",김민환,20160021,/30,신학/인문/문화/글로벌융합/경영/미디어계열 수강/2026학번 교양필수,,1,,대면,,,2026,2,2학기
400000,교양과정,2026,2,KYC55,글쓰기의기초,A3,교양필수,1,3,"화요일(13:00~14:15), 화요일(14:30~15:45)","20505, 20505",유예원,20250148,/30,신학/인문/문화/글로벌융합/경영/미디어계열 수강/2026학번 교양필수,,1,,대면,,,2026,2,2학기
400000,교양과정,2026,2,KYC55,글쓰기의기초,A4,교양필수,1,3,"화요일(13:00~14:15), 화요일(14:30~15:45)","3412, 3412",계광수,20250128,/30,신학/인문/문화/글로벌융합/경영/미디어계열 수강/2026학번 교양필수,,0,,대면,,,2026,2,2학기
400000,교양과정,2026,2,KYC55,글쓰기의기초,A5,교양필수,1,3,"화요일(13:00~14:15), 화요일(14:30~15:45)","3503, 3503",신혜수,20250054,/30,신학/인문/문화/글로벌융합/경영/미디어계열 수강/2026학번 교양필수,,0,,대면,,,2026,2,2학기
400000,교양과정,2026,2,KYC55,글쓰기의기초,B1,교양필수,1,3,"화요일(16:00~17:15), 화요일(17:30~18:45)","3410, 3410",서경희,20120121,/30,신학/인문/문화/글로벌융합/경영/미디어계열 수강/2026학번 교양필수,,0,,대면,,,2026,2,2학기
400000,교양과정,2026,2,KYC55,글쓰기의기초,B2,교양필수,1,3,"화요일(16:00~17:15), 화요일(17:30~18:45)","3412, 3412",계광수,20250128,/30,신학/인문/문화/글로벌융합/경영/미디어계열 수강/2026학번 교양필수,,0,,대면,,,2026,2,2학기
400000,교양과정,2026,2,KYC55,글쓰기의기초,B3,교양필수,1,3,"화요일(16:00~17:15), 화요일(17:30~18:45)","3503, 3503",신혜수,20250054,/30,신학/인문/문화/글로벌융합/경영/미디어계열 수강/2026학번 교양필수,,0,,대면,,,2026,2,2학기
400000,교양과정,2026,2,KYC55,글쓰기의기초,B4,교양필수,1,3,"화요일(16:00~17:15), 화요일(17:30~18:45)","20505, 20505",유예원,20250148,/30,신학/인문/문화/글로벌융합/경영/미디어계열 수강/2026학번 교양필수,,1,,대면,,,2026,2,2학기
400000,교양과정,2026,2,KYC55,글쓰기의기초,C1,교양필수,1,3,"목요일(13:00~14:15), 목요일(14:30~15:45)","20505, 20505",허난희,20250055,/30,신학/인문/문화/글로벌융합/경영/미디어계열 수강/2026학번 교양필수,,0,,대면,,,2026,2,2학기
400000,교양과정,2026,2,KYC55,글쓰기의기초,C2,교양필수,1,3,"목요일(13:00~14:15), 목요일(14:30~15:45)","3410, 3410",서경희,20120121,/30,신학/인문/문화/글로벌융합/경영/미디어계열 수강/2026학번 교양필수,,0,,대면,,,2026,2,2학기
400000,교양과정,2026,2,KYC55,글쓰기의기초,C3,교양필수,1,3,"목요일(13:00~14:15), 목요일(14:30~15:45)","3412, 3412",서영화,20250141,/30,신학/인문/문화/글로벌융합/경영/미디어계열 수강/2026학번 교양필수,,0,,대면,,,2026,2,2학기
400000,교양과정,2026,2,KYC55,글쓰기의기초,C4,교양필수,1,3,"목요일(13:00~14:15), 목요일(14:30~15:45)","8110, 8110",한정미,20250171,/30,신학/인문/문화/글로벌융합/경영/미디어계열 수강/2026학번 교양필수,,1,,대면,,,2026,2,2학기
400000,교양과정,2026,2,KYC55,글쓰기의기초,C5,교양필수,1,3,"화요일(13:00~14:15), 화요일(14:30~15:45)","18211-1, 18211-1",전지은,20250163,/30,신학/인문/문화/글로벌융합/경영/미디어계열 수강/2026학번 교양필수,,0,,대면,,,2026,2,2학기
400000,교양과정,2026,2,KYC55,글쓰기의기초,D1,교양필수,1,3,"목요일(16:00~17:15), 목요일(17:30~18:45)","8110, 8110",한정미,20250171,/30,신학/인문/문화/글로벌융합/경영/미디어계열 수강/2026학번 교양필수,,1,,대면,,,2026,2,2학기
400000,교양과정,2026,2,KYC55,글쓰기의기초,D2,교양필수,1,3,"목요일(16:00~17:15), 목요일(17:30~18:45)","3412, 3412",서영화,20250141,/30,신학/인문/문화/글로벌융합/경영/미디어계열 수강/2026학번 교양필수,,0,,대면,,,2026,2,2학기
400000,교양과정,2026,2,KYC55,글쓰기의기초,D3,교양필수,1,3,"화요일(16:00~17:15), 화요일(17:30~18:45)","18211-1, 18211-1",전지은,20250163,/30,신학/인문/문화/글로벌융합/경영/미디어계열 수강/2026학번 교양필수,,0,,대면,,,2026,2,2학기
400000,교양과정,2026,2,KYC55,글쓰기의기초,D4,교양필수,1,3,"목요일(16:00~17:15), 목요일(17:30~18:45)","20505, 20505",허난희,20250055,/30,신학/인문/문화/글로벌융합/경영/미디어계열 수강/2026학번 교양필수,,0,,대면,,,2026,2,2학기
400000,교양과정,2026,2,KYC55,글쓰기의기초,E1,교양필수,1,3,"금요일(09:30~10:45), 금요일(11:00~12:15)","20502, 20502",송주현,20130175,/30,신학/인문/문화/글로벌융합/경영/미디어계열 수강/2026학번 교양필수,,0,,대면,,,2026,2,2학기
400000,교양과정,2026,2,KYC55,글쓰기의기초,E2,교양필수,1,3,"금요일(09:30~10:45), 금요일(11:00~12:15)","3409, 3409",김소륜,20250053,/30,신학/인문/문화/글로벌융합/경영/미디어계열 수강/2026학번 교양필수,,1,,대면,,,2026,2,2학기
400000,교양과정,2026,2,KYC55,글쓰기의기초,F1,교양필수,1,3,"금요일(13:00~14:15), 금요일(14:30~15:45)","3409, 3409",김소륜,20250053,/30,신학/인문/문화/글로벌융합/경영/미디어계열 수강/2026학번 교양필수,,1,,대면,,,2026,2,2학기
400000,교양과정,2026,2,KYC56,컴퓨팅사고와SW코딩,A2,교양필수,1,3,수요일(13:00~14:15),18308,박종현,20180154,/45,문화콘텐츠계열 / 교양필수,,0,,블랜디드,,,2026,2,2학기
400000,교양과정,2026,2,KYC56,컴퓨팅사고와SW코딩,A3,교양필수,1,3,화요일(13:00~14:15),18309,최진,20240161,/45,글로벌융합계열 / 교양필수,,0,,블랜디드,,,2026,2,2학기
400000,교양과정,2026,2,KYC56,컴퓨팅사고와SW코딩,A4,교양필수,1,3,화요일(14:30~15:45),18309,최진,20240161,/45,경영계열 미디어계열 / 교양필수,,0,,블랜디드,,,2026,2,2학기
400000,교양과정,2026,2,KYC56,컴퓨팅사고와SW코딩,A5,교양필수,1,3,수요일(11:00~12:15),18308,박종현,20180154,/45,신학인문융합계열 / 교양필수,,0,,블랜디드,,,2026,2,2학기
400000,교양과정,2026,2,KYC56,컴퓨팅사고와SW코딩,A6,교양필수,1,3,목요일(09:30~10:45),18309,김보경,20250210,/45,문화콘텐츠계열 / 교양필수,,0,,블랜디드,,,2026,2,2학기
400000,교양과정,2026,2,KYC56,컴퓨팅사고와SW코딩,A7,교양필수,1,3,목요일(11:00~12:15),18309,김보경,20250210,/45,글로벌융합계열 / 교양필수,,0,,블랜디드,,,2026,2,2학기
400000,교양과정,2026,2,KYC56,컴퓨팅사고와SW코딩,A8,교양필수,1,3,목요일(13:00~14:15),18309,김보경,20250210,/45,신학인문융합계열 / 교양필수,,0,,블랜디드,,,2026,2,2학기
400000,교양과정,2026,2,KYC56,컴퓨팅사고와SW코딩,B1,교양필수,1,3,수요일(14:30~15:45),18308,박종현,20180154,/45,글로벌융합계열 / 교양필수,,0,,블랜디드,,,2026,2,2학기
400000,교양과정,2026,2,KYC56,컴퓨팅사고와SW코딩,B2,교양필수,1,3,월요일(09:30~10:45),18309,선경희,20260067,/45,신학인문계열 / 교양필수,,1,,블랜디드,,,2026,2,2학기
400000,교양과정,2026,2,KYC56,컴퓨팅사고와SW코딩,B3,교양필수,1,3,목요일(13:00~14:15),18308,박종현,20180154,/45,경영계열 / 교양필수,,0,,블랜디드,,,2026,2,2학기
400000,교양과정,2026,2,KYC56,컴퓨팅사고와SW코딩,B4,교양필수,1,3,월요일(13:00~14:15),18309,변영민,20260020,/45,신학인문융합계열 / 교양필수,,0,,블랜디드,,,2026,2,2학기
400000,교양과정,2026,2,KYC56,컴퓨팅사고와SW코딩,B5,교양필수,1,3,월요일(14:30~15:45),18309,변영민,20260020,/45,미디어계열 / 교양필수,,0,,블랜디드,,,2026,2,2학기
400000,교양과정,2026,2,KYC56,컴퓨팅사고와SW코딩,B6,교양필수,1,3,월요일(16:00~17:15),18309,변영민,20260020,/45,문화콘텐츠계열 / 교양필수,,0,,블랜디드,,,2026,2,2학기
400000,교양과정,2026,2,KYC56,컴퓨팅사고와SW코딩,B7,교양필수,1,3,월요일(11:00~12:15),18309,선경희,20260067,/45,글로벌융합계열 / 교양필수,,1,,블랜디드,,,2026,2,2학기
400000,교양과정,2026,2,KYC60,먼나라이웃나라,A,교양선택,"1, 2, 3, 4",3,"화요일(13:00~14:15), 목요일(13:00~14:15)","20502, 20502",모리스,20120085,/30,,,1,,대면,,,2026,2,2학기
400000,교양과정,2026,2,KYC61,어서와한국은처음이지,A,교양선택,"1, 2, 3, 4",3,"월요일(11:00~12:15), 수요일(09:30~10:45)","8110, 8110",야니,20120086,/30,일반 학생 수강 가능/외국인 대상 수업 아님,,1,,대면,,,2026,2,2학기
400000,교양과정,2026,2,KYC63,책읽기와말하기,A,교양선택,1,3,"화요일(13:00~14:15), 화요일(14:30~15:45)","3410, 3410",서경희,20120121,/30,,,0,,대면,,,2026,2,2학기
400000,교양과정,2026,2,KYC63,책읽기와말하기,B,교양선택,1,3,"목요일(13:00~14:15), 목요일(14:30~15:45)","3408, 3408",김민환,20160021,/30,,,1,,대면,,,2026,2,2학기
400000,교양과정,2026,2,KYC64,발표하기와토론하기,A,교양선택,1,3,,,송주현,20130175,/30,교내 온라인 // 교내온라인,,0,,교내온라인,,,2026,2,2학기
400000,교양과정,2026,2,KYC76,광고에서배우는창의적문제해결,A,교양선택,1,3,,,최환진,20230031,/90,교내온라인 광고전공 수강 금지 // 교내온라인,,1,,교내온라인,,,2026,2,2학기
400000,교양과정,2026,2,KYC77,코드로읽는동북아시아의옛그림,A,교양선택,1,3,,,류기수,19950013,/90,교내온라인 / P/NP // 교내온라인,,1,,교내온라인,,,2026,2,2학기
400000,교양과정,2026,2,KYC80,기악과합주,A,교양선택,1,2,월요일(13:00~14:40),17201,이영진,20250051,/20,P/NP,,1,,대면,,,2026,2,2학기
400000,교양과정,2026,2,KYC81,디지털시대의리더십,A,교양선택,1,3,,,옥장흠,20060143,/90,교내온라인 // 교내온라인,,1,,교내온라인,,,2026,2,2학기
400000,교양과정,2026,2,KYC83,북한미술의어제와오늘,A,교양선택,1,3,,,류기수,19950013,/90,LMS 온라인 수업 / P/NP / KYA92 수강생 수강금지 // 교내온라인,,1,,교내온라인,,,2026,2,2학기
400000,교양과정,2026,2,KYC92,과학으로의산책,A,교양선택,1,3,"월요일(11:00~12:15), 수요일(09:30~10:45)","18418, 18418",정태성,20080106,/50,신설(24.01/대학혁신지원사업),,0,,대면,,,2026,2,2학기
400000,교양과정,2026,2,KYC95,경제생활과법,A,교양선택,1,3,"화요일(16:00~17:15), 화요일(17:30~18:45)","18523, 18523",유영국,20240072,/90,,,0,,대면,,,2026,2,2학기
400000,교양과정,2026,2,KYC97,한중일청년세대의이해 ,A,교양선택,1,3,,,유은하,20190136,/50,신규개설(24.06)/ LMS 온라인 수업 // 교내온라인,,1,,교내온라인,,,2026,2,2학기
400000,교양과정,2026,2,KYC98,건강라이프스킬,A,교양선택,1,3,"화요일(09:30~10:45), 목요일(11:00~12:15)","3505, 3505",정예수,20208014,/15,외국인학생 교과목/일반학생불가,,0,,대면,,,2026,2,2학기
400000,교양과정,2026,2,KYD02,진로탐구와도전,A1,교양필수,1,1,"화요일(09:30~10:45), 목요일(11:00~12:15)","3403, 3403",고우경,20140010,/14,자기탐색과소통 분반과 동일한 분반으로 신청,,0,,대면,,,2026,2,2학기
400000,교양과정,2026,2,KYD02,진로탐구와도전,A2,교양필수,1,1,"화요일(09:30~10:45), 목요일(11:00~12:15)","3405, 3405",공주형,20150011,/13,자기탐색과소통 분반과 동일한 분반으로 신청,,0,,대면,,,2026,2,2학기
400000,교양과정,2026,2,KYD02,진로탐구와도전,A3,교양필수,1,1,"화요일(09:30~10:45), 목요일(11:00~12:15)","3406, 3406",김민환,20160021,/15,자기탐색과소통 분반과 동일한 분반으로 신청,,1,,대면,,,2026,2,2학기
400000,교양과정,2026,2,KYD02,진로탐구와도전,A4,교양필수,1,1,"화요일(09:30~10:45), 목요일(11:00~12:15)","3407, 3407",박종현,20180154,/13,자기탐색과소통 분반과 동일한 분반으로 신청,,0,,대면,,,2026,2,2학기
400000,교양과정,2026,2,KYD02,진로탐구와도전,A5,교양필수,1,1,"화요일(09:30~10:45), 목요일(11:00~12:15)","3408, 3408",송주현,20130175,/13,자기탐색과소통 분반과 동일한 분반으로 신청,,0,,대면,,,2026,2,2학기
400000,교양과정,2026,2,KYD02,진로탐구와도전,A6,교양필수,1,1,"화요일(09:30~10:45), 목요일(11:00~12:15)","20406, 20406",서경희,20120121,/13,자기탐색과소통 분반과 동일한 분반으로 신청,,1,,대면,,,2026,2,2학기
400000,교양과정,2026,2,KYD02,진로탐구와도전,A7,교양필수,1,1,"화요일(09:30~10:45), 목요일(11:00~12:15)","3410, 3410",심주연,20170023,/14,자기탐색과소통 분반과 동일한 분반으로 신청,,0,,대면,,,2026,2,2학기
400000,교양과정,2026,2,KYD02,진로탐구와도전,A8,교양필수,1,1,"화요일(09:30~10:45), 목요일(11:00~12:15)","3412, 3412",염동호,20190191,/14,자기탐색과소통 분반과 동일한 분반으로 신청,,1,,대면,,,2026,2,2학기
400000,교양과정,2026,2,KYD02,진로탐구와도전,A9,교양필수,1,1,"화요일(09:30~10:45), 목요일(11:00~12:15)","3503, 3503",이익주,20150010,/13,자기탐색과소통 분반과 동일한 분반으로 신청,,0,,대면,,,2026,2,2학기
400000,교양과정,2026,2,KYD03,AI아트코딩과윤리,A1,교양필수,1,3,화요일(14:30~15:45),18308,김애영,20210071,/40,자유전공학부,,0,,블랜디드,,,2026,2,2학기
400000,교양과정,2026,2,KYD03,AI아트코딩과윤리,A2,교양필수,1,3,수요일(09:30~10:45),7108,홍혜승,20250042,/45,자유전공학부 수강 / 교양필수,,1,,블랜디드,,,2026,2,2학기
400000,교양과정,2026,2,KYD03,AI아트코딩과윤리,A3,교양필수,1,3,월요일(13:00~14:15),7108,홍창교,20260022,/40,AI·SW계열 수강 / 교양필수,,0,,블랜디드,,,2026,2,2학기
400000,교양과정,2026,2,KYD03,AI아트코딩과윤리,A4,교양필수,1,3,월요일(14:30~15:45),7108,홍창교,20260022,/45,첨단융합계열 수강 / 교양필수,,0,,블랜디드,,,2026,2,2학기
400000,교양과정,2026,2,KYD03,AI아트코딩과윤리,A5,교양필수,1,3,수요일(16:00~17:15),7108,정소현,20260021,/45,휴먼서비스계열 수강 / 교양필수,,1,,블랜디드,,,2026,2,2학기
400000,교양과정,2026,2,KYD03,AI아트코딩과윤리,A6,교양필수,1,3,수요일(11:00~12:15),7108,홍혜승,20250042,/45,AI·SW계열 수강 / 교양필수,,1,,블랜디드,,,2026,2,2학기
400000,교양과정,2026,2,KYD03,AI아트코딩과윤리,B1,교양필수,1,3,월요일(16:00~17:15),7108,홍창교,20260022,/45,AISW계열 수강 / 교양필수,,0,,블랜디드,,,2026,2,2학기
400000,교양과정,2026,2,KYD03,AI아트코딩과윤리,B2,교양필수,1,3,화요일(13:00~14:15),18308,이은정,20250216,/40,첨단융합계열 수강 / 교양필수,,0,,블랜디드,,,2026,2,2학기
400000,교양과정,2026,2,KYD03,AI아트코딩과윤리,B3,교양필수,1,3,수요일(13:00~14:15),18307,이은정,20250216,/40,특수체육학 계열 수강 / 교양필수,,0,,블랜디드,,,2026,2,2학기
400000,교양과정,2026,2,KYD03,AI아트코딩과윤리,B4,교양필수,1,3,수요일(14:30~15:45),18307,이은정,20250216,/45,첨단융합계열 수강 / 교양필수,,0,,블랜디드,,,2026,2,2학기
400000,교양과정,2026,2,KYD03,AI아트코딩과윤리,B5,교양필수,1,3,화요일(14:30~15:45),7108,김희선,20250041,/45,휴먼서비스계열 수강 / 교양필수,,0,,블랜디드,,,2026,2,2학기
400000,교양과정,2026,2,KYD03,AI아트코딩과윤리,B6,교양필수,1,3,화요일(13:00~14:15),7108,김희선,20250041,/45,휴먼서비스계열 수강 / 교양필수,,0,,블랜디드,,,2026,2,2학기
400000,교양과정,2026,2,KYD03,AI아트코딩과윤리,B7,교양필수,1,3,수요일(13:00~14:15),7108,정소현,20260021,/40,자유전공학부 수강 / 교양필수,,1,,블랜디드,,,2026,2,2학기
400000,교양과정,2026,2,KYD03,AI아트코딩과윤리,B8,교양필수,1,3,수요일(14:30~15:45),7108,정소현,20260021,/40,AISW계열 수강 / 교양필수,,1,,블랜디드,,,2026,2,2학기
400000,교양과정,2026,2,KYD08,영어로공부하는긍정심리학,A,교양선택,1,3,"화요일(13:00~14:15), 목요일(13:00~14:15)","20506, 20506",매튜,20140043,/30,구)마음돌봄과힐링,,0,,대면,,,2026,2,2학기
400000,교양과정,2026,2,KYD11,신화와정치,A,교양선택,1,3,,,유은하,20190136,/50,신규개설(25.06)/ LMS 온라인 수업 // 교내온라인,,1,,교내온라인,,,2026,2,2학기
400000,교양과정,2026,2,KYD14,영화로보는현대사회,A,교양선택,1,3,"월요일(14:30~15:45), 수요일(14:30~15:45)","18420, 18420",김상덕,20250013,/75,,,1,,대면,,,2026,2,2학기
400000,교양과정,2026,2,KYD16,세계문학콘텐츠,A,교양선택,1,3,"목요일(13:00~14:15), 목요일(14:30~15:45)","18101, 18101",정지수,20250164,/50,,,1,,대면,,,2026,2,2학기
400000,교양과정,2026,2,KYD23,과학자의발자취를따라,A,교양선택,1,3,"월요일(09:30~10:45), 수요일(11:00~12:15)","18418, 18418",정태성,20080106,/50,신설(2026.06.01),,0,,대면,,,2026,2,2학기
400000,교양과정,2026,2,KYD25,인공지능이해와활용,A,교양선택,1,3,"화요일(16:00~17:15), 화요일(17:30~18:45)","18309, 18309",전병유,20090022,/50,구)인문사회분야AI활용프로젝트,,0,,대면,,,2026,2,2학기
401011,신학,2026,2,TT111,목회실습Ⅰ,A,전공필수,"2, 3, 4",(1),,,"김광연, 전철",20140040,/50,,,0,,N,401011,신학,2026,2,2학기
401011,신학,2026,2,TT112,목회실습Ⅱ,A,전공필수,2,(1),,,"김광연, 전철",20140040,/50,,,0,,N,401011,신학,2026,2,2학기
401011,신학,2026,2,TT217,목회실습Ⅲ,A,전공필수,"2, 3",(1),,,"김광연, 전철",20140040,/50,,,0,,N,401011,신학,2026,2,2학기
401011,신학,2026,2,TT218,목회실습Ⅳ,A,전공필수,"3, 4",(1),,,"김광연, 전철",20140040,/50,,,0,,N,401011,신학,2026,2,2학기
401011,신학,2026,2,TT291,교회봉사Ⅲ,A,전공필수,3,(1),,,"김광연, 전철",20140040,/20,22학번까지 신청 가능 / 23학번 이후 X,,0,,N,401011,신학,2026,2,2학기
401011,신학,2026,2,TT293,교회봉사Ⅳ,N,전공필수,3,(1),,,"김광연, 전철",20140040,/20,22학번까지 신청 가능 / 23학번 이후 X,,0,,N,401011,신학,2026,2,2학기
401011,신학,2026,2,TT294,교회사개론,A,전공선택,2,3,"월요일(14:30~15:45), 수요일(14:30~15:45)","3207, 3207",김주한,20080110,/35,,,1,,대면,401011,신학,2026,2,2학기
401011,신학,2026,2,TT320,목회실습V,A,전공필수,4,(1),,,"김광연, 전철",20140040,/50,,,0,,N,401011,신학,2026,2,2학기
401011,신학,2026,2,TT321,목회실습Ⅵ,A,전공필수,4,(1),,,전철,20140040,/50,,,0,,N,401011,신학,2026,2,2학기
401011,신학,2026,2,TT416,졸업논문,A,전공필수,4,(3),,,한경미,20240162,/50,,,0,,N,401011,신학,2026,2,2학기
401011,신학,2026,2,TT501,요한복음이해,A,전공선택,3,3,"목요일(16:00~17:15), 목요일(17:30~18:45)","3207, 3207",이종철,20250188,/35,,,1,,대면,401011,신학,2026,2,2학기
401011,신학,2026,2,TT509,목회실습,A,전공필수,"2, 3, 4",(1),,,"김광연, 전철",20140040,/50,목회실습 미수강자만 신청 (대체과제 필수) ,,0,,N,401011,신학,2026,2,2학기
401011,신학,2026,2,TT517,서양기독교사상사,A,전공선택,4,3,"금요일(13:00~14:15), 금요일(14:30~15:45)","3207, 3207",김유준,20250180,/35,,,1,,대면,401011,신학,2026,2,2학기
401011,신학,2026,2,TT559,성문서연구,A,전공선택,2,3,"월요일(16:00~17:15), 수요일(17:30~18:45)","20307, 20307",이영미,20050062,/35,,,1,,블랜디드,401011,신학,2026,2,2학기
401011,신학,2026,2,TT562,현대신학연구,A,전공선택,3,3,"목요일(13:00~14:15), 목요일(14:30~15:45)","4107, 4107",허석헌,20240179,/35,,,1,,대면,401011,신학,2026,2,2학기
401011,신학,2026,2,TT565,성서히브리어문법,A,전공선택,2,3,"목요일(13:00~14:15), 목요일(14:30~15:45)","3207, 3207",미정-신규,19800208,/35,,,0,,대면,401011,신학,2026,2,2학기
401011,신학,2026,2,TT569,생태윤리,A,전공선택,3,3,"화요일(16:00~17:15), 화요일(17:30~18:45)","4107, 4107",김상덕,20250013,/35,,,1,,대면,401011,신학,2026,2,2학기
401011,신학,2026,2,TT570,성서해석과설교,A,전공선택,3,3,"화요일(13:00~14:15), 화요일(14:30~15:45)","3207, 3207",송진순,20260055,/35,,,0,,대면,401011,신학,2026,2,2학기
401011,신학,2026,2,TT573,예배와설교학개론,A,전공선택,2,3,"목요일(16:00~17:15), 목요일(17:30~18:45)","4107, 4107",박재형,20250018,/35,,,0,,대면,401011,신학,2026,2,2학기
401011,신학,2026,2,TT578,신약학개론,A,전공선택,2,3,"월요일(09:30~10:45), 수요일(11:00~12:15)","4107, 4107",이서영,20220036,/35,,,1,,블랜디드,401011,신학,2026,2,2학기
401011,신학,2026,2,TT583,성서이야기와하나님의교육,A,전공선택,3,3,"월요일(13:00~14:15), 수요일(13:00~14:15)","3207, 3207",이은주,20250187,/35,,,0,,대면,401011,신학,2026,2,2학기
401011,신학,2026,2,TT585,기독교교육개론,A,전공선택,2,3,"화요일(13:00~14:15), 화요일(14:30~15:45)","4107, 4107",이향명,20230144,/35,,,1,,대면,401011,신학,2026,2,2학기
401011,신학,2026,2,TT590,성서의역사와해석,A,전공필수,2,3,"화요일(16:00~17:15), 화요일(17:30~18:45)","3207, 3207",송진순,20260055,/35,,,0,,대면,401011,신학,2026,2,2학기
401011,신학,2026,2,TT650,기독교상담의이론과실제,A,전공선택,2,3,"금요일(13:00~14:15), 금요일(14:30~15:45)","20502, 20502",김희선,20220035,/35,,,0,,대면,401011,신학,2026,2,2학기
402051,철학,2026,2,HP151,AI와인간,A,전공선택,3,3,"월요일(13:00~14:15), 수요일(13:00~14:15)","20307, 20307",김대오,19970107,/38,,,1,,대면,402051,철학,2026,2,2학기
402051,철학,2026,2,HP205,미디어철학,A,전공선택,2,3,"화요일(09:30~10:45), 목요일(11:00~12:15)","20307, 20307",김대오,19970107,/38,,,1,,대면,402051,철학,2026,2,2학기
402051,철학,2026,2,HP209,실존주의,A,전공선택,2,3,"월요일(17:30~18:45), 수요일(16:00~17:15)","18212, 18212",이문교,20250152,/38,,,1,,대면,402051,철학,2026,2,2학기
402051,철학,2026,2,HP223,한국철학사,A,전공필수,2,3,"목요일(13:00~14:15), 목요일(14:30~15:45)","20307, 20307",최천식,20240156,/38,,,1,,대면,402051,철학,2026,2,2학기
402051,철학,2026,2,HP231,정치철학,A,전공선택,4,3,"화요일(16:00~17:15), 화요일(17:30~18:45)","20307, 20307",조현진,20250167,/38,,,1,,대면,402051,철학,2026,2,2학기
402051,철학,2026,2,HP312,논리학,A,전공선택,2,3,"월요일(14:30~15:45), 수요일(14:30~15:45)","20307, 20307",김희정,20080164,/38,,,0,,대면,402051,철학,2026,2,2학기
402051,철학,2026,2,HP328,중국사상,A,전공선택,3,3,"목요일(16:00~17:15), 목요일(17:30~18:45)","20307, 20307",최천식,20240156,/38,,,1,,대면,402051,철학,2026,2,2학기
402051,철학,2026,2,HP340,심리철학,A,전공선택,3,3,"월요일(17:30~18:45), 수요일(16:00~17:15)","20307, 20307",김희정,20080164,/38,,,0,,대면,402051,철학,2026,2,2학기
402051,철학,2026,2,HP408,사랑학통론,A,전공선택,2,3,"화요일(13:00~14:15), 화요일(14:30~15:45)","20307, 20307",박종성,20260043,/38,,,1,,대면,402051,철학,2026,2,2학기
402051,철학,2026,2,HP419,졸업논문,A,전공필수,4,(3),,,김대오,19970107,/38,,,1,,N,402051,철학,2026,2,2학기
402051,철학,2026,2,HP496,논문작성법,A,전공필수,4,(1),화요일(11:00~12:15),20307,"김대오, 김희정",19970107,/30,,,1,,대면,402051,철학,2026,2,2학기
402060,종교문화학,2026,2,HR223,종교학사,A,전공선택,3,3,"목요일(13:00~14:15), 목요일(14:30~15:45)","7106, 7106",허남진,20240143,/30,,,0,,대면,402060,종교문화학,2026,2,2학기
402060,종교문화학,2026,2,HR234,신화와문화,A,전공선택,2,3,"목요일(16:00~17:15), 목요일(17:30~18:45)","7106, 7106",이창익,20250157,/30,,,1,,대면,402060,종교문화학,2026,2,2학기
402060,종교문화학,2026,2,HR245,문화와의례,A,전공선택,2,3,,,허남진,20240143,/50,  // 교내온라인,,0,,교내온라인,402060,종교문화학,2026,2,2학기
402060,종교문화학,2026,2,HR264,인도의신화와종교,A,전공선택,2,3,"화요일(16:00~17:15), 화요일(17:30~18:45)","7106, 7106",류성민,20210167,/30,,,1,,대면,402060,종교문화학,2026,2,2학기
402060,종교문화학,2026,2,HR275,"종교와미디어,그리고현대문화",A,전공선택,"2, 3, 4",3,"월요일(13:00~14:15), 수요일(13:00~14:15)","7106, 7106",김상덕,20250013,/30,,,1,,대면,402060,종교문화학,2026,2,2학기
402060,종교문화학,2026,2,HR320,종교학특강,A,전공선택,4,3,"금요일(13:00~14:15), 금요일(14:30~15:45)","7106, 7106",김상덕,20250013,/30,,,1,,대면,402060,종교문화학,2026,2,2학기
402060,종교문화학,2026,2,HR358,종교학과문화비평,A,전공선택,3,3,,,신광철,19960087,/40,  // 교내온라인,,1,,교내온라인,402060,종교문화학,2026,2,2학기
402060,종교문화학,2026,2,HR373,종교상징의이해,A,전공선택,3,3,"화요일(13:00~14:15), 화요일(14:30~15:45)","7106, 7106",이창익,20250157,/30,,,1,,대면,402060,종교문화학,2026,2,2학기
402060,종교문화학,2026,2,HR419,졸업논문,A,전공필수,4,(3),,,김상덕,20250013,/20,,,1,,N,402060,종교문화학,2026,2,2학기
403021,사회복지학,2026,2,TS116,사회복지역사,A,전공선택,2,3,"화요일(16:00~17:15), 화요일(17:30~18:45)","3321, 3321",제갈현숙,20250165,/50,"2,3,4 학년 수강가능",,1,,대면,403021,사회복지학,2026,2,2학기
403021,사회복지학,2026,2,TS260,자원봉사론,A,전공선택,2,3,"금요일(09:30~10:45), 금요일(11:00~12:15)","18211-1, 18211-1",문대수,20260052,/50,,,1,,대면,403021,사회복지학,2026,2,2학기
403021,사회복지학,2026,2,TS270,산업복지론,A,전공선택,2,3,"화요일(13:00~14:15), 화요일(14:30~15:45)","3506, 3506",제갈현숙,20250165,/40,,,1,,대면,403021,사회복지학,2026,2,2학기
403021,사회복지학,2026,2,TS272,학교사회복지론,A,전공선택,2,3,"목요일(16:00~17:15), 목요일(17:30~18:45)","18212, 18212",주수산나,20260034,/50,,,1,,대면,403021,사회복지학,2026,2,2학기
403021,사회복지학,2026,2,TS303,사회보장론,A,전공선택,2,3,"목요일(16:00~17:15), 목요일(17:30~18:45)","18211-1, 18211-1",오혜인,20260035,/50,,,0,,대면,403021,사회복지학,2026,2,2학기
403021,사회복지학,2026,2,TS357,사회운동과복지,A,전공선택,3,3,"금요일(13:00~14:15), 금요일(14:30~15:45)","18211-1, 18211-1",문대수,20260052,/50,,,1,,대면,403021,사회복지학,2026,2,2학기
403021,사회복지학,2026,2,TS362,의료사회복지론,A,전공선택,3,3,"금요일(16:00~17:15), 금요일(17:30~18:45)","18210, 18210",미정,20099017,/50,,,0,,대면,403021,사회복지학,2026,2,2학기
403021,사회복지학,2026,2,TS364,사회복지현장실습의이해Ⅱ,B,전공선택,3,2,월요일(11:00~12:40),18101,홍선미,19960088,/30,"실습전 필수 선수과목//전공생만 신청가능 (복수전공, 부전공 제외)// 전과, 편입 및 복전생의 경우 학적변동 후 2학기째부터 이수 가능// 1학기 수강과목 포함하여 8개 기초과목중(사회복지학과 졸시과목) 4과목 이상 이수한 자에 한함",,0,,대면,403021,사회복지학,2026,2,2학기
403021,사회복지학,2026,2,TS419,졸업논문,A,전공필수,4,(3),,,김수경,20210022,/60,전공(복수포함)자,,1,,N,403021,사회복지학,2026,2,2학기
403021,사회복지학,2026,2,TS461,여성복지론,A,전공선택,4,3,"월요일(14:30~15:45), 수요일(14:30~15:45)","3503, 3503",김수경,20210022,/50,"사회복지사(1,2급) 선택과목",,0,,대면,403021,사회복지학,2026,2,2학기
403021,사회복지학,2026,2,TS479,국제사회복지론,A,전공선택,2,3,"월요일(13:00~14:15), 수요일(13:00~14:15)","18211-1, 18211-1",김수경,20210022,/50,"사회복지사(1,2급) 선택과목",,0,,대면,403021,사회복지학,2026,2,2학기
403021,사회복지학,2026,2,TS517,사회복지조사론,A,전공선택,2,3,"화요일(09:30~10:45), 목요일(11:00~12:15)","18210, 18210",김예랑,20080163,/50,"전공(복수포함)자 대상 // 사회복지사(1,2급) 필수과목",,0,,대면,403021,사회복지학,2026,2,2학기
403021,사회복지학,2026,2,TS517,사회복지조사론,B,전공선택,2,3,"화요일(11:00~12:15), 목요일(09:30~10:45)","18210, 18210",김예랑,20080163,/50,"전공자 제외 대상 // 사회복지사(1,2급) 필수 과목//AI융합시니어라이프케어전공 학생 수강가능/ 상대평가/ AI융합시니어라이프케어 전공생도 복수전공생과 같은 조건으로 수강신청 가능하도록 설정 요청",,0,,대면,403021,사회복지학,2026,2,2학기
403021,사회복지학,2026,2,TS518,노인복지론,A,전공선택,2,3,"월요일(11:00~12:15), 수요일(09:30~10:45)","18210, 18210",주경희,20180047,/50,"사회복지사(1,2급) 선택 과목 / ai융합시니어케어전공과목으로 융합시니어케어전공 수강",,0,,대면,403021,사회복지학,2026,2,2학기
403021,사회복지학,2026,2,TS520,사회복지행정론,A,전공선택,3,3,"금요일(09:30~10:45), 금요일(11:00~12:15)","18210, 18210",우수명,20260051,/50,"전공(복수포함)자 대상 // 사회복지사(1,2급) 필수과목",,0,,대면,403021,사회복지학,2026,2,2학기
403021,사회복지학,2026,2,TS520,사회복지행정론,B,전공선택,3,3,"금요일(13:00~14:15), 금요일(14:30~15:45)","18210, 18210",우수명,20260051,/50,"전공자 제외 대상 // 사회복지사(1,2급) 필수과목",,0,,대면,403021,사회복지학,2026,2,2학기
403021,사회복지학,2026,2,TS522,사회복지실천기술론,A,전공선택,3,3,"월요일(13:00~14:15), 수요일(13:00~14:15)","18210, 18210",김예랑,20080163,/50,"전공(복수포함)자 대상 // 사회복지사(1,2급) 필수과목",,0,,대면,403021,사회복지학,2026,2,2학기
403021,사회복지학,2026,2,TS522,사회복지실천기술론,B,전공선택,3,3,"목요일(13:00~14:15), 목요일(14:30~15:45)","20507, 20507",오혜인,20260035,/40,"전공자 제외 대상 // 사회복지사(1,2급) 필수과목",,0,,대면,403021,사회복지학,2026,2,2학기
403021,사회복지학,2026,2,TS523,사회복지현장실습Ⅰ,A,전공선택,3,3,"월요일(14:30~15:45), 수요일(14:30~15:45)","20507, 20507",홍선미,19960088,/30,"전공자 대상, 복수전공 및 부전공 신청 불가 // 하계실습 진행자 및 2학기 실습 합격자 대상 // 사회복지학과 졸업필수과목 // 전공(복수포함)자",,0,,대면,403021,사회복지학,2026,2,2학기
403021,사회복지학,2026,2,TS523,사회복지현장실습Ⅰ,B,전공선택,3,3,"금요일(16:00~17:15), 금요일(17:30~18:45)","18101, 18101",홍선미,19960088,/30,전공(복수포함)자,,0,,대면,403021,사회복지학,2026,2,2학기
403021,사회복지학,2026,2,TS524,가족복지론,A,전공선택,2,3,"목요일(13:00~14:15), 목요일(14:30~15:45)","3503, 3503",주수산나,20260034,/50,"사회복지사(1,2급) 선택과목",,1,,대면,403021,사회복지학,2026,2,2학기
403990,심리·아동학부,2026,2,GP644,고급발달심리학,A,전공선택,4,3,월요일(12:00~12:50),2202,,,/10,2202 강의실  13:00~15:45,,0,,대면,425140,심리·아동학,2026,2,2학기
405940,컴퓨터공학부,2026,2,NE419,졸업논문,A,전공필수,4,(3),,,이양선,20210020,/50,컴퓨터공학부 졸업대상자 수강신청,,0,,N,427200,AI·SW학,2026,2,2학기
405970,소프트웨어융합학부,2026,2,NI400,졸업논문,A,전공필수,4,(3),,,이용걸,20210023,/50,,,0,,N,427200,AI·SW학,2026,2,2학기
406030,동북아국제통상학,2026,2,NA419,졸업논문,A,전공필수,,(3),,,정희진,20230012,/10,,,1,,N,406030,동북아국제통상학,2026,2,2학기
406100,평생교육학·HRD,2026,2,KS207,청소년교육론,A,평생교육,"2, 3, 4",3,,,김남희,20250177,/40,평생교육학·HRD 전공 재학생 우선 수강신청 후 신청 가능/ 교내 LMS // 교내온라인,,0,,교내온라인,406100,평생교육학·HRD,2026,2,2학기
406100,평생교육학·HRD,2026,2,KS306,평생교육방법론,A,평생교육,"2, 3, 4",3,목요일(13:00~14:15),18102,김윤정,20250134,/50,평생교육학·HRD 전공 재학생 우선 수강신청 후 신청 가능/ 블랜디드(온‧오프라인 병행)수업은 교내 LMS강의와 대면강의 중 어느 하나라도 3/4(75%)이상 수강하지 않으면 출석실격으로 해당과목 성적을 인정받지 못합니다.,,1,,블랜디드,406100,평생교육학·HRD,2026,2,2학기
406100,평생교육학·HRD,2026,2,KS308,평생교육프로그램개발론,A,평생교육,"2, 3, 4",3,화요일(11:00~12:15),18102,옥장흠,20060143,/40,평생교육학·HRD 전공 재학생 우선 수강신청 후 신청 가능/ 블랜디드(온‧오프라인 병행)수업은 교내 LMS강의와 대면강의 중 어느 하나라도 3/4(75%)이상 수강하지 않으면 출석실격으로 해당과목 성적을 인정받지 못합니다.,,1,,블랜디드,406100,평생교육학·HRD,2026,2,2학기
406100,평생교육학·HRD,2026,2,KS311,특수교육론,A,평생교육,"2, 3, 4",3,,,김경양,20240028,/40,평생교육학·HRD 전공 재학생 우선 수강신청 후 신청 가능/ 교내 LMS // 교내온라인,,1,,교내온라인,406100,평생교육학·HRD,2026,2,2학기
406100,평생교육학·HRD,2026,2,KS312,교육조사방법론,A,평생교육,"2, 3, 4",3,수요일(13:00~14:15),18309,백상현,20230140,/40,평생교육학·HRD 전공 재학생 우선 수강신청 후 신청 가능/ 블랜디드(온‧오프라인 병행)수업은 교내 LMS강의와 대면강의 중 어느 하나라도 3/4(75%)이상 수강하지 않으면 출석실격으로 해당과목 성적을 인정받지 못합니다.,,1,,블랜디드,406100,평생교육학·HRD,2026,2,2학기
406100,평생교육학·HRD,2026,2,KS411,원격교육론,A,평생교육,"2, 3, 4",3,월요일(11:00~12:15),3204,김동심,20180010,/40,평생교육학·HRD 전공 재학생 우선 수강신청 후 신청 가능/ 블랜디드(온‧오프라인 병행)수업은 교내 LMS강의와 대면강의 중 어느 하나라도 3/4(75%)이상 수강하지 않으면 출석실격으로 해당과목 성적을 인정받지 못합니다.,,1,,블랜디드,406100,평생교육학·HRD,2026,2,2학기
406100,평생교육학·HRD,2026,2,KS412,평생교육실습,A,평생교육,4,3,월요일(16:00~17:15),18101,조미경,20260045,/40,"필수선수과목 4과목 이수자만 신청가능, 실습 학기중 160시간 이수",,1,,N,406100,평생교육학·HRD,2026,2,2학기
406100,평생교육학·HRD,2026,2,KS419,졸업논문,A,전공필수,4,(3),,,백상현,20230140,/50,,,1,,N,406100,평생교육학·HRD,2026,2,2학기
406100,평생교육학·HRD,2026,2,KS421,기업교육론,A,평생교육,"2, 3, 4",3,수요일(11:00~12:15),3204,김동심,20180010,/40,평생교육학·HRD 전공 재학생 우선 수강신청 후 신청 가능/ 블랜디드(온‧오프라인 병행)수업은 교내 LMS강의와 대면강의 중 어느 하나라도 3/4(75%)이상 수강하지 않으면 출석실격으로 해당과목 성적을 인정받지 못합니다.,,1,,블랜디드,406100,평생교육학·HRD,2026,2,2학기
406120,공직역량개발PEPD,2026,2,PE419,졸업논문,A,전공필수,4,(3),,,노승철,20210027,/30,,,1,,N,406120,공직역량개발PEPD,2026,2,2학기
406130,한류와아시아문화콘텐츠융합인재,2026,2,AK201,한류와아시아문화콘텐츠,A,융합전공,"1, 2, 3, 4",3,"화요일(13:00~14:15), 화요일(14:30~15:45)","18102, 18102",신광철,19960087,/40,,,1,,대면,406130,한류와아시아문화콘텐츠융합인재,2026,2,2학기
406140,AI융합장애인라이프케어,2026,2,SD002,문제해결형프로그래밍_융합,A,전공필수,4,3,"화요일(09:30~10:45), 목요일(11:00~12:15)","18308, 18308",김동석,20250059,/30,AI융합장애인라이프케어·AI융합시니어라이프케어 학생만 수강신청 가능  // 전공(복수포함)자,,1,,대면,406140,AI융합장애인라이프케어,2026,2,2학기
406140,AI융합장애인라이프케어,2026,2,SD004,AI융합라이프케어캡스톤디자인2,A,전공필수,"2, 3, 4",3,"금요일(09:30~10:45), 금요일(11:00~12:15)","18207, 18207",이상준,20250057,/30,AI융합장애인라이프케어·AI융합시니어라이프케어 학생만 수강신청 가능  // 전공(복수포함)자,,1,,대면,406140,AI융합장애인라이프케어,2026,2,2학기
406140,AI융합장애인라이프케어,2026,2,SD409,졸업논문,A,전공필수,"2, 3, 4",(3),,,안도연,20210035,/30,AI융합장애인라이프케어 졸업대상자 수강과목 // 전공(복수포함)자,,1,,N,406140,AI융합장애인라이프케어,2026,2,2학기
406150,AI융합시니어라이프케어,2026,2,SD419,졸업논문,A,전공필수,4,(3),,,주경희,20180047,/30,AI융합시니어라이프케어 졸업대상자 수강과목 // 전공(복수포함)자,,0,,N,406150,AI융합시니어라이프케어,2026,2,2학기
409010,학점교류,2026,2,OC112,생활속의심리학,A,교양선택,"1, 2, 3, 4",3,,,"OCU컨소시엄, 박원식",20150091,/90,사이버대학교(OCU)강의/교양과목/별도수강료납부/학점교류 6학점까지 수강가능 // 외부온라인,,0,,외부온라인,,,2026,2,2학기
409010,학점교류,2026,2,OC119,지중해문화산책,A,교양선택,"1, 2, 3, 4",3,,,"OCU컨소시엄, 박원식",20150091,/90,사이버대학교(OCU)강의/교양과목/별도수강료납부/학점교류 6학점까지 수강가능 // 외부온라인,,0,,외부온라인,,,2026,2,2학기
409010,학점교류,2026,2,OC129,TED로배우는영화속바이오테크놀로지,A,교양선택,"1, 2, 3, 4",3,,,"OCU컨소시엄, 박원식",20150091,/90,사이버대학교(OCU)강의/교양과목/별도수강료납부/학점교류 6학점까지 수강가능 // 외부온라인,,0,,외부온라인,,,2026,2,2학기
409010,학점교류,2026,2,OC156,교양한자,A,교양선택,"1, 2, 3, 4",3,,,"OCU컨소시엄, 박원식",20150091,/90,사이버대학교(OCU)강의/교양과목/별도수강료납부/학점교류 6학점까지 수강가능 // 외부온라인,,0,,외부온라인,,,2026,2,2학기
409010,학점교류,2026,2,OC160,식생활과건강,A,교양선택,"1, 2, 3, 4",3,,,"OCU컨소시엄, 박원식",20150091,/90,사이버대학교(OCU)강의/교양과목/별도수강료납부/학점교류 6학점까지 수강가능 // 외부온라인,,0,,외부온라인,,,2026,2,2학기
409010,학점교류,2026,2,OC235,나를찾는행복레슨,A,교양선택,"1, 2, 3, 4",3,,,"OCU컨소시엄, 박원식",20150091,/90,사이버대학교(OCU)강의/교양과목/별도수강료납부/학점교류 6학점까지 수강가능 // 외부온라인,,0,,외부온라인,,,2026,2,2학기
409010,학점교류,2026,2,OC239,챗GPT의이해와활용,A,교양선택,"1, 2, 3, 4",3,,,"OCU컨소시엄, 박원식",20150091,/90,사이버대학교(OCU)강의/교양과목/별도수강료납부/학점교류 6학점까지 수강가능 // 외부온라인,,0,,외부온라인,,,2026,2,2학기
409010,학점교류,2026,2,OC245,전통한옥의아름다움,A,교양선택,"1, 2, 3, 4",3,,,"OCU컨소시엄, 박원식",20150091,/90,사이버대학교(OCU)강의/교양과목/별도수강료납부/학점교류 6학점까지 수강가능 // 외부온라인,,0,,외부온라인,,,2026,2,2학기
418021,국제관계학,2026,2,HI312,동아시아국제관계론,A,전공선택,"2, 3",3,"목요일(16:00~17:15), 목요일(17:30~18:45)","3405, 3405",홍용덕,20260024,/30,,,1,,대면,,,2026,2,2학기
418021,국제관계학,2026,2,HI398,글로벌이슈분석,A,전공선택,"3, 4",3,"월요일(13:00~14:15), 수요일(13:00~14:15)","3201, 3201",미정-신규,19800208,/30,,,0,,대면,,,2026,2,2학기
419020,IT영상콘텐츠학과,2026,2,IT419,졸업논문,A,전공필수,4,(3),,,오석희,20240165,/50,,,0,,N,427200,AI·SW학,2026,2,2학기
422100,신학·인문융합계열,2026,2,TH005,철학으로생각하기,A,계열공통,1,3,"월요일(17:30~18:45), 수요일(16:00~17:15)","7107, 7107",김대오,19970107,/60,전공(복수포함)자,,1,,대면,422000,인문융합대학,2026,2,2학기
422100,신학·인문융합계열,2026,2,TH006,"역사와현재,미래",A,계열공통,1,3,"월요일(16:00~17:15), 수요일(17:30~18:45)","3505, 3505",정무용,20230010,/40,전공(복수포함)자,,0,,대면,422000,인문융합대학,2026,2,2학기
422100,신학·인문융합계열,2026,2,TH006,"역사와현재,미래",B,계열공통,1,3,"화요일(16:00~17:15), 화요일(17:30~18:45)","3505, 3505",정무용,20230010,/40,,,0,,대면,422000,인문융합대학,2026,2,2학기
422100,신학·인문융합계열,2026,2,TH008,우리말우리글산책,A,계열공통,1,3,"월요일(17:30~18:45), 수요일(16:00~17:15)","7215, 7215","강소영, 김지혜, 유형동",20220034,/60,,,1,,대면,422000,인문융합대학,2026,2,2학기
422120,문화콘텐츠계열,2026,2,TH007,"문화적다양성,상상력,콘텐츠",A,계열공통,1,3,"화요일(16:00~17:15), 화요일(17:30~18:45)","18418, 18418",이종현,20230011,/50,,,1,,대면,,,2026,2,2학기
422120,문화콘텐츠계열,2026,2,TH007,"문화적다양성,상상력,콘텐츠",B,계열공통,1,3,"화요일(16:00~17:15), 화요일(17:30~18:45)","18212, 18212",배현주,20250140,/50,,,0,,대면,,,2026,2,2학기
422120,문화콘텐츠계열,2026,2,TH013,아시아와일본,A,계열공통,1,3,"목요일(16:00~17:15), 목요일(17:30~18:45)","7103, 7103",송주명,19990049,/40,,,0,,대면,,,2026,2,2학기
422120,문화콘텐츠계열,2026,2,TH016,글로벌문화탐색,A,계열공통,1,3,"월요일(16:00~17:15), 수요일(17:30~18:45)","18311, 18311","오미정, 이향미, 전춘명, 최민성",20200051,/50,,,1,,대면,,,2026,2,2학기
422120,문화콘텐츠계열,2026,2,TH016,글로벌문화탐색,B,계열공통,1,3,"월요일(17:30~18:45), 수요일(16:00~17:15)","18311, 18311","오미정, 이향미, 전춘명, 최민성",20200051,/50,,,1,,대면,,,2026,2,2학기
422140,독일어문화학,2026,2,HB101,총괄세미나,A,전공필수,2,(1),,,오동식,20100188,/30,,,1,,N,422140,독일어문화학,2026,2,2학기
422140,독일어문화학,2026,2,HB227,영화와예술,A,전공선택,2,3,"화요일(13:00~14:15), 화요일(14:30~15:45)","3406, 3406",심혜경,20210029,/30,,,0,,대면,422140,독일어문화학,2026,2,2학기
422140,독일어문화학,2026,2,HD227,독일동화의세상,A,전공선택,2,3,,,오동식,20100188,/50,  // 교내온라인,,1,,교내온라인,422140,독일어문화학,2026,2,2학기
422140,독일어문화학,2026,2,HD290,독일어학개론,A,전공선택,2,3,월요일(14:30~15:45),20403,전춘명,19960084,/30,,,1,,블랜디드,422140,독일어문화학,2026,2,2학기
422140,독일어문화학,2026,2,HD419,졸업논문,A,전공필수,4,(3),,,오동식,20100188,/30,,,1,,N,422140,독일어문화학,2026,2,2학기
422140,독일어문화학,2026,2,HD496,시사독일어실습,A,전공선택,4,3,"화요일(13:00~14:15), 화요일(14:30~15:45)","20403, 20403","안데르트 발렌티, 전춘명",20260028,/20,,,1,,대면,422140,독일어문화학,2026,2,2학기
422140,독일어문화학,2026,2,HD579,언어와문화,A,전공선택,3,3,수요일(11:00~12:15),20403,국세라,20250045,/30,,,0,,블랜디드,422140,독일어문화학,2026,2,2학기
422140,독일어문화학,2026,2,HD607,20세기독문학과문화,A,전공선택,3,3,"목요일(13:00~14:15), 목요일(14:30~15:45)","20403, 20403",미정-신규,19800208,/30,,,0,,대면,422140,독일어문화학,2026,2,2학기
422140,독일어문화학,2026,2,HD628,독일어듣기말하기실습A2-1,A,전공필수,3,3,"화요일(16:00~17:15), 화요일(17:30~18:45)","20403, 20403",안데르트 발렌티,20260028,/20,,,0,,대면,422140,독일어문화학,2026,2,2학기
422140,독일어문화학,2026,2,HD630,독일어듣기말하기실습B1-1,A,전공선택,4,3,,,오동식,20100188,/50,  // 교내온라인,,1,,교내온라인,422140,독일어문화학,2026,2,2학기
422140,독일어문화학,2026,2,HD633,유럽여행과문화 ,A,전공선택,3,3,수요일(16:00~17:15),20403,오동식,20100188,/30,,,1,,블랜디드,422140,독일어문화학,2026,2,2학기
422140,독일어문화학,2026,2,HD648,다큐멘터리및실험영화의세계,A,전공선택,3,3,화요일(11:00~12:15),20403,심혜경,20210029,/30,,,0,,블랜디드,422140,독일어문화학,2026,2,2학기
422140,독일어문화학,2026,2,HD653,문화텍스트로보는유럽의젠더,A,전공선택,3,3,수요일(14:30~15:45),20403,심혜경,20210029,/30,,,0,,블랜디드,422140,독일어문화학,2026,2,2학기
422140,독일어문화학,2026,2,HD661,문화콘텐츠커리어탐구,A,전공선택,3,3,"목요일(16:00~17:15), 목요일(17:30~18:45)","20403, 20403",심윤진,20250146,/30,,,0,,대면,422140,독일어문화학,2026,2,2학기
422140,독일어문화학,2026,2,HD663,독일어듣기말하기AⅠ-Ⅰ,A,전공필수,2,3,"월요일(13:00~14:15), 수요일(13:00~14:15)","20403, 20403",오동식,20100188,/30,,,1,,대면,422140,독일어문화학,2026,2,2학기
422140,독일어문화학,2026,2,HD666,기본독일어실습II,A,전공필수,2,3,화요일(11:00~12:15),8101,전춘명,19960084,/40,,,1,,블랜디드,422140,독일어문화학,2026,2,2학기
422140,독일어문화학,2026,2,HD670,국내외유럽문화탐사2,A,전공선택,"3, 4",3,"금요일(09:30~10:45), 금요일(11:00~12:15)","20403, 20403",전춘명,19960084,/20,,,1,,대면,422140,독일어문화학,2026,2,2학기
422150,영미문화학,2026,2,HE211,영어학개론,A,전공필수,2,3,"화요일(13:00~14:15), 화요일(14:30~15:45)","3423, 3423",정유선,20260068,/50,,,1,,대면,422150,영미문화학,2026,2,2학기
422150,영미문화학,2026,2,HE272,고급영어작문,A,전공선택,"3, 4",2,수요일(11:00~12:40),20405,LUCIER PETER,20240051,/30,,,1,,대면,422150,영미문화학,2026,2,2학기
422150,영미문화학,2026,2,HE277,고급영어회화실습 ,A,전공선택,2,2,"월요일(13:00~14:15), 수요일(13:00~14:15)","20405, 20405",LUCIER PETER,20240051,/30,,,1,,대면,422150,영미문화학,2026,2,2학기
422150,영미문화학,2026,2,HE277,고급영어회화실습 ,B,전공선택,2,2,"월요일(17:30~18:45), 수요일(16:00~17:15)","20405, 20405",LUCIER PETER,20240051,/30,,,1,,대면,422150,영미문화학,2026,2,2학기
422150,영미문화학,2026,2,HE283,글로벌트렌드영어2,A,전공선택,2,3,"목요일(16:00~17:15), 목요일(17:30~18:45)","18101, 18101",서강목,20240061,/35,,,1,,대면,422150,영미문화학,2026,2,2학기
422150,영미문화학,2026,2,HE285,영상콘텐츠영어,A,전공선택,2,3,"화요일(09:30~10:45), 목요일(11:00~12:15)","20405, 20405",정지수,20250164,/30,,,1,,대면,422150,영미문화학,2026,2,2학기
422150,영미문화학,2026,2,HE316,자본주의와영문학,A,전공선택,"3, 4",3,"화요일(13:00~14:15), 화요일(14:30~15:45)","20405, 20405",박미선,20090009,/30,,,1,,대면,422150,영미문화학,2026,2,2학기
422150,영미문화학,2026,2,HE337,미국문학개관,A,전공필수,2,3,"월요일(11:00~12:15), 수요일(09:30~10:45)","20405, 20405",박미선,20090009,/25,,,1,,대면,422150,영미문화학,2026,2,2학기
422150,영미문화학,2026,2,HE337,미국문학개관,B,전공필수,2,3,"화요일(11:00~12:15), 목요일(09:30~10:45)","18101, 18101",이향미,20200051,/25,,,1,,대면,422150,영미문화학,2026,2,2학기
422150,영미문화학,2026,2,HE371,영미문화연구,A,전공선택,2,3,"목요일(13:00~14:15), 목요일(14:30~15:45)","18211-1, 18211-1",김지혜,20210073,/35,,,1,,대면,422150,영미문화학,2026,2,2학기
422150,영미문화학,2026,2,HE372,영미서사강독,A,전공선택,2,3,"화요일(11:00~12:15), 목요일(09:30~10:45)","20405, 20405",정지수,20250164,/30,,,1,,대면,422150,영미문화학,2026,2,2학기
422150,영미문화학,2026,2,HE375,근대영미문학,A,전공선택,"3, 4",3,"월요일(13:00~14:15), 수요일(13:00~14:15)","3206, 3206",박미선,20090009,/30,,,1,,대면,422150,영미문화학,2026,2,2학기
422150,영미문화학,2026,2,HE377,문화콘텐츠주제세미나,A,전공선택,3,3,"월요일(17:30~18:45), 수요일(16:00~17:15)","18110, 18110",김지혜,20210073,/30,,,1,,대면,422150,영미문화학,2026,2,2학기
422150,영미문화학,2026,2,HE379,프리젠테이션영어,A,전공선택,"3, 4",3,"월요일(16:00~17:15), 수요일(17:30~18:45)","20405, 20405",LUCIER PETER,20240051,/20,,,1,,대면,422150,영미문화학,2026,2,2학기
422150,영미문화학,2026,2,HE401,영미문화학특강,A,전공선택,"3, 4",3,"목요일(13:00~14:15), 목요일(14:30~15:45)","20405, 20405",서강목,20240061,/30,,,0,,대면,422150,영미문화학,2026,2,2학기
422150,영미문화학,2026,2,HE412,졸업논문,A,전공필수,4,(3),,,이향미,20200051,/50,,,1,,N,422150,영미문화학,2026,2,2학기
422150,영미문화학,2026,2,HE441,셰익스피어,A,전공선택,"3, 4",3,"월요일(14:30~15:45), 수요일(14:30~15:45)","18211-1, 18211-1",김지혜,20210073,/30,,,1,,대면,422150,영미문화학,2026,2,2학기
422150,영미문화학,2026,2,HE444,현대영어권문학의이해,A,전공선택,"3, 4",3,"화요일(16:00~17:15), 화요일(17:30~18:45)","18101, 18101",이향미,20200051,/30,,,1,,대면,422150,영미문화학,2026,2,2학기
422160,문예창작학,2026,2,HW239,동시대시강독Ⅱ,A,전공선택,2,3,"월요일(14:30~15:45), 수요일(14:30~15:45)","20505, 20505",정한아,20220222,/30,,,1,,대면,422160,문예창작학,2026,2,2학기
422160,문예창작학,2026,2,HW242,드라마특강,A,전공선택,4,3,"금요일(13:00~14:15), 금요일(14:30~15:45)","20308, 20308",박춘근,20250061,/30,,,1,,대면,422160,문예창작학,2026,2,2학기
422160,문예창작학,2026,2,HW244,드라마작법Ⅱ,A,전공선택,2,3,"목요일(16:00~17:15), 목요일(17:30~18:45)","20405, 20405",김민수,20240009,/30,,,0,,대면,422160,문예창작학,2026,2,2학기
422160,문예창작학,2026,2,HW307,시창작실습Ⅱ,A,전공선택,2,3,"목요일(16:00~17:15), 목요일(17:30~18:45)","20308, 20308",임지은,20260030,/30,,,1,,대면,422160,문예창작학,2026,2,2학기
422160,문예창작학,2026,2,HW308,소설창작실습Ⅱ,A,전공선택,2,3,"월요일(09:30~10:45), 수요일(11:00~12:15)","20308, 20308",이미선,20250214,/30,,,1,,대면,422160,문예창작학,2026,2,2학기
422160,문예창작학,2026,2,HW322,외국소설문학강독Ⅱ,A,전공선택,3,3,"화요일(14:30~15:45), 목요일(14:30~15:45)","20502, 20502",백수린,20240068,/30,,,1,,대면,422160,문예창작학,2026,2,2학기
422160,문예창작학,2026,2,HW336,소설창작특강Ⅰ,A,전공선택,3,3,"화요일(16:00~17:15), 화요일(17:30~18:45)","20502, 20502",백수린,20240068,/30,,,1,,대면,422160,문예창작학,2026,2,2학기
422160,문예창작학,2026,2,HW337,시창작특강Ⅰ,A,전공선택,3,3,"목요일(13:00~14:15), 목요일(14:30~15:45)","20308, 20308",정한아,20220222,/30,,,1,,대면,422160,문예창작학,2026,2,2학기
422160,문예창작학,2026,2,HW341,시나리오작법,A,전공선택,3,3,"금요일(09:30~10:45), 금요일(11:00~12:15)","20308, 20308",박춘근,20250061,/30,,,1,,대면,422160,문예창작학,2026,2,2학기
422160,문예창작학,2026,2,HW342,상상력연구Ⅱ,A,전공선택,3,3,"월요일(14:30~15:45), 수요일(14:30~15:45)","20308, 20308",강지희,20190189,/30,,,0,,대면,422160,문예창작학,2026,2,2학기
422160,문예창작학,2026,2,HW408,비평연습,A,전공선택,4,3,"화요일(16:00~17:15), 화요일(17:30~18:45)","20308, 20308",강지희,20190189,/30,,,0,,대면,422160,문예창작학,2026,2,2학기
422160,문예창작학,2026,2,HW416,현대시론,A,전공선택,4,3,"월요일(16:00~17:15), 수요일(17:30~18:45)","20401, 20401",정한아,20220222,/30,,,1,,대면,422160,문예창작학,2026,2,2학기
422160,문예창작학,2026,2,HW419,졸업논문,A,전공필수,4,(3),,,,,/30,,,0,,N,422160,문예창작학,2026,2,2학기
422160,문예창작학,2026,2,HW422,아동문학창작실습Ⅱ,A,전공선택,3,3,"화요일(13:00~14:15), 화요일(14:30~15:45)","20308, 20308",류재향,20240010,/30,,,1,,대면,422160,문예창작학,2026,2,2학기
422160,문예창작학,2026,2,HW433,OJT1,A,전공선택,4,9,,,정한아,20220222,/30,2026년 4년제대 재학형 일학습병행(IPP) 참여 학생만 수강 가능,,0,,N,422160,문예창작학,2026,2,2학기
422170,한국어문학,2026,2,HK107,한국어어문규범의이해,A,전공선택,2,3,"목요일(16:00~17:15), 목요일(17:30~18:45)","20401, 20401",미정-신규,19800208,/30,한국어교육트랙 1영역,,0,,대면,422170,한국어문학,2026,2,2학기
422170,한국어문학,2026,2,HK111,"세상읽기,현대산문탐구",A,전공선택,2,3,"화요일(16:00~17:15), 화요일(17:30~18:45)","20401, 20401",심동수,20250145,/30,,,1,,대면,422170,한국어문학,2026,2,2학기
422170,한국어문학,2026,2,HK278,한국어문법교육론,A,전공선택,2,3,"월요일(11:00~12:15), 수요일(09:30~10:45)","20401, 20401",김지혜,20230138,/30,한국어교육트랙 3영역,,1,,대면,422170,한국어문학,2026,2,2학기
422170,한국어문학,2026,2,HK279,현대시탐구,A,전공선택,2,3,"월요일(14:30~15:45), 수요일(14:30~15:45)","20401, 20401",유문선,20240189,/30,,,0,,대면,422170,한국어문학,2026,2,2학기
422170,한국어문학,2026,2,HK280,한국문학사탐구1,A,전공선택,2,3,"화요일(11:00~12:15), 목요일(09:30~10:45)","20401, 20401",유형동,20220034,/30,,,1,,대면,422170,한국어문학,2026,2,2학기
422170,한국어문학,2026,2,HK281,고전작품의이해,A,전공선택,2,3,"화요일(13:00~14:15), 화요일(14:30~15:45)","3405, 3405",이현정,20260046,/30,,,1,,대면,422170,한국어문학,2026,2,2학기
422170,한국어문학,2026,2,HK377,한국어교육론,A,전공선택,2,3,"월요일(13:00~14:15), 수요일(13:00~14:15)","20505, 20505",강소영,20250125,/30,한국어교육트랙 3영역,,0,,대면,422170,한국어문학,2026,2,2학기
422170,한국어문학,2026,2,HK387,한국어어휘교육론,A,전공선택,3,3,"목요일(13:00~14:15), 목요일(14:30~15:45)","20401, 20401",미정-신규,19800208,/30,한국어교육트랙 3영역,,0,,대면,422170,한국어문학,2026,2,2학기
422170,한국어문학,2026,2,HK388,현대작가탐구,A,전공선택,3,3,"화요일(13:00~14:15), 화요일(14:30~15:45)","20401, 20401",심동수,20250145,/30,,,1,,대면,422170,한국어문학,2026,2,2학기
422170,한국어문학,2026,2,HK389,고전소설탐구,A,전공선택,3,3,"목요일(16:00~17:15), 목요일(17:30~18:45)","20502, 20502",윤은정,20250149,/30,,,1,,대면,422170,한국어문학,2026,2,2학기
422170,한국어문학,2026,2,HK390,한국문학사탐구2,A,전공선택,3,3,"월요일(13:00~14:15), 수요일(13:00~14:15)","20401, 20401",유문선,20240189,/30,,,0,,대면,422170,한국어문학,2026,2,2학기
422170,한국어문학,2026,2,HK409,졸업논문,A,전공필수,4,(3),,,김지혜,20230138,/30,한국어교육트랙 학생 수강 (국어국문트랙 학생 수강 금지),,1,,N,422170,한국어문학,2026,2,2학기
422170,한국어문학,2026,2,HK419,졸업논문,A,전공필수,4,(3),,,김지혜,20230138,/30,국어국문트랙 학생 수강 (한국어교육트랙 학생 수강 금지),,1,,N,422170,한국어문학,2026,2,2학기
422170,한국어문학,2026,2,HK446,구비문학탐구,A,전공선택,"3, 4",3,"화요일(16:00~17:15), 화요일(17:30~18:45)","20506, 20506",이현정,20260046,/30,,,1,,대면,422170,한국어문학,2026,2,2학기
422170,한국어문학,2026,2,HK447,한국어교재론,A,전공선택,"3, 4",3,"월요일(09:30~10:45), 수요일(11:00~12:15)","20401, 20401",강소영,20250125,/30,한국어교육트랙 3영역,,0,,대면,422170,한국어문학,2026,2,2학기
422170,한국어문학,2026,2,HK448,대조언어학론,A,전공선택,"3, 4",3,"화요일(09:30~10:45), 목요일(11:00~12:15)","20401, 20401",김지혜,20230138,/30,한국어교육트랙 3영역,,1,,대면,422170,한국어문학,2026,2,2학기
422180,한국사학,2026,2,GP506,역사고고학특강Ⅰ,A,학석연계,4,3,월요일(13:00~13:50),2210,,,/10,2201 강의실 13:50~15:45,,0,,대면,422180,한국사학,2026,2,2학기
422180,한국사학,2026,2,GP554,필름아카이브,A,학석연계,4,3,월요일(09:30~10:20),2301,,,/10,2301 강의실  월19:00~21:45,,0,,대면,422180,한국사학,2026,2,2학기
422180,한국사학,2026,2,HH117,문화유산콘텐츠,A,전공선택,3,3,"목요일(13:00~14:15), 목요일(14:30~15:45)","20402, 20402",정해득,20140042,/50,,,1,,대면,422180,한국사학,2026,2,2학기
422180,한국사학,2026,2,HH119,구술아카이빙,A,전공선택,"2, 3",3,"월요일(16:00~17:15), 수요일(17:30~18:45)","20402, 20402",이영남,20170017,/50,,,0,,대면,422180,한국사학,2026,2,2학기
422180,한국사학,2026,2,HH120,기록인류학,A,전공선택,"2, 3",3,"월요일(09:30~10:45), 수요일(11:00~12:15)","20402, 20402",이영남,20170017,/50,,,0,,대면,422180,한국사학,2026,2,2학기
422180,한국사학,2026,2,HH121,세상을바꾸는기록이야기,A,전공선택,"2, 3",3,"목요일(16:00~17:15), 목요일(17:30~18:45)","20402, 20402",이경래,20250151,/50,,,1,,대면,422180,한국사학,2026,2,2학기
422180,한국사학,2026,2,HH206,문화유산과평화교육,A,전공선택,2,3,"월요일(14:30~15:45), 수요일(14:30~15:45)","20402, 20402",이형원,20210030,/50,,,1,,대면,422180,한국사학,2026,2,2학기
422180,한국사학,2026,2,HH238,서양사입문,A,전공선택,2,3,"금요일(09:30~10:45), 금요일(11:00~12:15)","18212-1, 18212-1",이시연,20250154,/50,,,1,,대면,422180,한국사학,2026,2,2학기
422180,한국사학,2026,2,HH270,역사고고학,A,전공선택,"2, 3",3,"월요일(17:30~18:45), 수요일(16:00~17:15)","20402, 20402",이형원,20210030,/50,,,1,,대면,422180,한국사학,2026,2,2학기
422180,한국사학,2026,2,HH273,디지털박물관학,A,전공선택,2,3,"화요일(13:00~14:15), 화요일(14:30~15:45)","20402, 20402",김한상,20240045,/50,,,1,,대면,422180,한국사학,2026,2,2학기
422180,한국사학,2026,2,HH309,한국여성사,A,전공선택,"3, 4",3,"금요일(13:00~14:15), 금요일(14:30~15:45)","20402, 20402",이미선,20250197,/50,,,1,,대면,422180,한국사학,2026,2,2학기
422180,한국사학,2026,2,HH331,한국중세사,A,전공선택,2,3,"월요일(11:00~12:15), 수요일(09:30~10:45)","20402, 20402",정해득,20140042,/50,,,1,,대면,422180,한국사학,2026,2,2학기
422180,한국사학,2026,2,HH371,한국사회경제사,A,전공선택,3,3,"화요일(09:30~10:45), 목요일(11:00~12:15)","20402, 20402",정무용,20230010,/50,,,0,,대면,422180,한국사학,2026,2,2학기
422180,한국사학,2026,2,HH390,동아시아근현대사,A,전공선택,"3, 4",3,"화요일(16:00~17:15), 화요일(17:30~18:45)","20402, 20402",정경민,20250021,/50,,,1,,대면,422180,한국사학,2026,2,2학기
422180,한국사학,2026,2,HH407,한국사사료읽기2,A,전공필수,2,2,"화요일(11:00~12:15), 목요일(09:30~10:45)","20402, 20402",정해득,20140042,/50,,,1,,대면,422180,한국사학,2026,2,2학기
422180,한국사학,2026,2,HH411,졸업논문,A,전공필수,4,(3),,,정무용,20230010,/50,,,0,,N,422180,한국사학,2026,2,2학기
422180,한국사학,2026,2,HH471,학술답사B,A,전공필수,2,.5,금요일(16:00~16:50),20402,이형원,20210030,/50,,,1,,대면,422180,한국사학,2026,2,2학기
422180,한국사학,2026,2,HH473,학술답사D,A,전공필수,3,.5,금요일(17:30~18:20),20402,정무용,20230010,/50,,,0,,대면,422180,한국사학,2026,2,2학기
422190,중국어문화콘텐츠학,2026,2,DC134,동아시아의전통문화,A,전공선택,2,3,,,김용표,20190301,/30,한중콘텐츠전공과목 // 교내온라인,,0,,교내온라인,422190,중국어문화콘텐츠학,2026,2,2학기
422190,중국어문화콘텐츠학,2026,2,DC165,콘텐츠서사디자인,A,전공선택,2,3,화요일(11:00~12:15),18110,송주현,20130175,/30,,,0,,블랜디드,422190,중국어문화콘텐츠학,2026,2,2학기
422190,중국어문화콘텐츠학,2026,2,DC419,졸업논문,A,전공필수,4,(3),,,김남희,20200038,/40,,,1,,N,422190,중국어문화콘텐츠학,2026,2,2학기
422190,중국어문화콘텐츠학,2026,2,DC461,한중문화관광콘텐츠제작실습,A,전공선택,3,3,"화요일(16:00~17:15), 화요일(17:30~18:45)","18110, 18110",최정규,20250202,/30,한중콘텐츠전공과목,,0,,대면,422190,중국어문화콘텐츠학,2026,2,2학기
422190,중국어문화콘텐츠학,2026,2,DC463,한중문화산업분석,A,전공필수,"2, 3",3,"화요일(09:30~10:45), 목요일(11:00~12:15)","18110, 18110",최민성,20090008,/30,한중콘텐츠전공과목,,1,,대면,422190,중국어문화콘텐츠학,2026,2,2학기
422190,중국어문화콘텐츠학,2026,2,DC464,한중문화콘텐츠원소스발굴,A,전공선택,2,3,"화요일(14:30~15:45), 목요일(14:30~15:45)","18110, 18110",김남희,20200038,/30,공통과목,,1,,대면,422190,중국어문화콘텐츠학,2026,2,2학기
422190,중국어문화콘텐츠학,2026,2,DC595,한중공연콘텐츠기획,A,전공선택,3,3,"목요일(16:00~17:15), 목요일(17:30~18:45)","18110, 18110",이경수,20260042,/30,한중콘텐츠전공과목,,1,,대면,422190,중국어문화콘텐츠학,2026,2,2학기
422190,중국어문화콘텐츠학,2026,2,DC608,전공중국어Ⅱ,A,전공선택,2,3,"화요일(13:00~14:15), 목요일(13:00~14:15)","18110, 18110",김남희,20200038,/30,공통과목,,1,,대면,422190,중국어문화콘텐츠학,2026,2,2학기
422190,중국어문화콘텐츠학,2026,2,DC627,지역콘텐츠분석,A,전공선택,2,3,"화요일(13:00~14:15), 목요일(13:00~14:15)","7107, 7107",최민성,20090008,/30,공통과목,,1,,대면,422190,중국어문화콘텐츠학,2026,2,2학기
422190,중국어문화콘텐츠학,2026,2,HC013,HSKK실습2,A,전공선택,"2, 3, 4",3,"화요일(16:00~17:15), 화요일(17:30~18:45)","3506, 3506",PANG LI,20120123,/30,중국어문전공과목,,1,,대면,422190,중국어문화콘텐츠학,2026,2,2학기
422190,중국어문화콘텐츠학,2026,2,HC227,역사를움직인중국의여인,A,전공선택,"2, 3, 4",3,"월요일(14:30~15:45), 수요일(14:30~15:45)","7107, 7107",장정해,19930050,/30,중국어문전공과목,,1,,대면,422190,중국어문화콘텐츠학,2026,2,2학기
422190,중국어문화콘텐츠학,2026,2,HC321,영상중국어Ⅱ,A,전공선택,"2, 3, 4",3,,,문미진,20190194,/30,중국어문전공과목 // 교내온라인,,1,,교내온라인,422190,중국어문화콘텐츠학,2026,2,2학기
422190,중국어문화콘텐츠학,2026,2,HC395,의료서비스회화,A,전공선택,"2, 3, 4",3,"화요일(14:30~15:45), 목요일(14:30~15:45)","7107, 7107",진연,20260041,/30,중국어문전공과목,,0,,대면,422190,중국어문화콘텐츠학,2026,2,2학기
422190,중국어문화콘텐츠학,2026,2,HC397,그림으로읽는한국과중국의길상문화,A,전공선택,"2, 3, 4",3,화요일(11:00~12:15),7107,문미진,20190194,/30,중국어문전공과목,,1,,블랜디드,422190,중국어문화콘텐츠학,2026,2,2학기
422190,중국어문화콘텐츠학,2026,2,HC436,대만의생활문화,A,전공선택,"2, 3, 4",3,"월요일(13:00~14:15), 수요일(13:00~14:15)","7107, 7107",장정해,19930050,/30,중국어문전공과목,,1,,대면,422190,중국어문화콘텐츠학,2026,2,2학기
422190,중국어문화콘텐츠학,2026,2,HC584,중국관광지리,A,전공선택,"2, 3, 4",3,,,문미진,20190194,/30,중국어문전공과목 // 교내온라인,,1,,교내온라인,422190,중국어문화콘텐츠학,2026,2,2학기
422190,중국어문화콘텐츠학,2026,2,HC616,중급중국어회화Ⅱ,A,전공필수,"2, 3",1,월요일(11:00~12:40),3408,PANG LI,20120123,/30,중국어문전공과목,,1,,대면,422190,중국어문화콘텐츠학,2026,2,2학기
422190,중국어문화콘텐츠학,2026,2,HC616,중급중국어회화Ⅱ,B,전공필수,"2, 3",1,수요일(11:00~12:40),3408,PANG LI,20120123,/30,중국어문전공과목,,1,,대면,422190,중국어문화콘텐츠학,2026,2,2학기
422190,중국어문화콘텐츠학,2026,2,HC617,HSK5급Ⅱ,A,전공필수,"3, 4",2,"금요일(13:00~14:15), 금요일(14:30~15:45)","7107, 7107",문미진,20190194,/30,전공필수과목,,1,,대면,422190,중국어문화콘텐츠학,2026,2,2학기
422190,중국어문화콘텐츠학,2026,2,HC619,초급중국어듣기와말하기2,A,전공선택,"2, 3, 4",3,목요일(11:00~12:15),8101,문미진,20190194,/30,,,1,,블랜디드,422190,중국어문화콘텐츠학,2026,2,2학기
422200,디지털영상문화콘텐츠학,2026,2,DV102,영상문화학,A,전공필수,2,3,"월요일(13:00~14:15), 수요일(13:00~14:15)","18105, 18105",김윤성,20060020,/60,,,1,,대면,422200,디지털영상문화콘텐츠학,2026,2,2학기
422200,디지털영상문화콘텐츠학,2026,2,DV102,영상문화학,B,전공필수,2,3,"월요일(14:30~15:45), 수요일(14:30~15:45)","18105, 18105",김윤성,20060020,/60,,,1,,대면,422200,디지털영상문화콘텐츠학,2026,2,2학기
422200,디지털영상문화콘텐츠학,2026,2,DV106,인문콘텐츠현장학습,A,전공선택,2,1,월요일(17:30~18:20),18105,김윤성,20060020,/60,,,1,,대면,422200,디지털영상문화콘텐츠학,2026,2,2학기
422200,디지털영상문화콘텐츠학,2026,2,DV201,문화콘텐츠의기술사적이해,A,전공선택,2,3,"화요일(13:00~14:15), 화요일(14:30~15:45)","18105, 18105",박민하,20250138,/60,,,0,,대면,422200,디지털영상문화콘텐츠학,2026,2,2학기
422200,디지털영상문화콘텐츠학,2026,2,DV211,문화콘텐츠의예술사적이해,A,전공선택,2,3,"화요일(09:30~10:45), 목요일(11:00~12:15)","18105, 18105",김윤성,20060020,/60,,,1,,대면,422200,디지털영상문화콘텐츠학,2026,2,2학기
422200,디지털영상문화콘텐츠학,2026,2,DV213,축제콘텐츠분석및기획워크숍,A,전공선택,2,3,"화요일(16:00~17:15), 화요일(17:30~18:45)","18105, 18105",박민하,20250138,/60,﻿디영문콘/디문콘/영상문화 전공자 (복수포함)에 한함,,0,,대면,422200,디지털영상문화콘텐츠학,2026,2,2학기
422200,디지털영상문화콘텐츠학,2026,2,DV218,영상미학,A,전공선택,2,3,"목요일(13:00~14:15), 목요일(14:30~15:45)","18105, 18105",박미영,20250137,/60,,,1,,대면,422200,디지털영상문화콘텐츠학,2026,2,2학기
422200,디지털영상문화콘텐츠학,2026,2,DV219,영화제현장학습1,A,전공선택,2,2,수요일(11:00~12:40),18105,이종현,20230011,/60,"P/NP과목, ﻿디영문콘/디문콘/영상문화 전공자(한국인) 신청/ 타과생 수강금지",,1,,대면,422200,디지털영상문화콘텐츠학,2026,2,2학기
422200,디지털영상문화콘텐츠학,2026,2,DV219,영화제현장학습1,B,전공선택,2,2,수요일(11:00~12:40),18211,김윤성,20060020,/60,"P/NP과목, ﻿디영문콘/디문콘/영상문화 전공자(한국인) 신청/ 타과생 수강금지",,1,,대면,422200,디지털영상문화콘텐츠학,2026,2,2학기
422200,디지털영상문화콘텐츠학,2026,2,DV308,"영상문화와젠더,섹슈얼리티",A,전공선택,3,3,"목요일(16:00~17:15), 목요일(17:30~18:45)","18105, 18105",박미영,20250137,/60,,,1,,대면,422200,디지털영상문화콘텐츠학,2026,2,2학기
422200,디지털영상문화콘텐츠학,2026,2,DV312,박물관및전시콘텐츠분석및기획실습,A,전공선택,3,3,"금요일(09:30~10:45), 금요일(11:00~12:15)","18105, 18105",장해라,20250161,/60,,,0,,대면,422200,디지털영상문화콘텐츠학,2026,2,2학기
422200,디지털영상문화콘텐츠학,2026,2,DV313,콘텐츠투어리즘사례분석및기획실습,A,전공선택,3,3,"금요일(13:00~14:15), 금요일(14:30~15:45)","18105, 18105",장해라,20250161,/60,﻿디영문콘/디문콘/영상문화 전공자 (복수포함)에 한함,,0,,대면,422200,디지털영상문화콘텐츠학,2026,2,2학기
422200,디지털영상문화콘텐츠학,2026,2,DV316,단편영화분석및제작워크숍,A,전공선택,3,3,"목요일(13:00~14:15), 목요일(14:30~15:45)","18104, 18104",이종현,20230011,/40,﻿디영문콘/디문콘/영상문화 전공자 (복수포함)에 한함,,1,,대면,422200,디지털영상문화콘텐츠학,2026,2,2학기
422200,디지털영상문화콘텐츠학,2026,2,DV323,한국영화감독론,A,전공선택,3,3,"화요일(11:00~12:15), 목요일(09:30~10:45)","18105, 18105",신광철,19960087,/60,,,1,,대면,422200,디지털영상문화콘텐츠학,2026,2,2학기
422200,디지털영상문화콘텐츠학,2026,2,DV406,문화콘텐츠산업정책및제도,A,전공선택,4,3,"화요일(13:00~14:15), 화요일(14:30~15:45)","18106, 18106",배현주,20250140,/60,,,0,,대면,422200,디지털영상문화콘텐츠학,2026,2,2학기
422200,디지털영상문화콘텐츠학,2026,2,DV407,트래블링쇼츠분석및제작워크숍,A,전공선택,4,3,"금요일(09:30~10:45), 금요일(11:00~12:15)","18104, 18104",신광철,19960087,/40,﻿디영문콘/디문콘/영상문화 전공자 (복수미포함)에 한함,,1,,대면,422200,디지털영상문화콘텐츠학,2026,2,2학기
422200,디지털영상문화콘텐츠학,2026,2,DV410,문화콘텐츠기획및제작워크숍2,A,전공선택,4,3,"월요일(17:30~18:45), 수요일(16:00~17:15)","18420, 18420",이종현,20230011,/40,,,1,,대면,422200,디지털영상문화콘텐츠학,2026,2,2학기
422200,디지털영상문화콘텐츠학,2026,2,DV419,졸업논문,A,전공필수,4,(3),,,신광철,19960087,/99,P/NP // 전공(복수포함)자,,1,,N,422200,디지털영상문화콘텐츠학,2026,2,2학기
422200,디지털영상문화콘텐츠학,2026,2,DV421,OJT1,A,전공선택,4,9,,,신광철,19960087,/10,P/NP. 2026년 4년제대 재학형 일학습병행 참여학생만 수강 가능,,1,,N,422200,디지털영상문화콘텐츠학,2026,2,2학기
422200,디지털영상문화콘텐츠학,2026,2,DV429,영상시나리오분석및창작워크숍,A,전공선택,2,3,"월요일(11:00~12:15), 수요일(09:30~10:45)","18105, 18105",이종현,20230011,/40,﻿디영문콘/디문콘/영상문화 전공자 (복수포함)에 한함,,1,,대면,422200,디지털영상문화콘텐츠학,2026,2,2학기
422210,K-문화예술학,2026,2,KA034,토픽 5급,A,전공선택,"1, 2, 3, 4",3,"금요일(09:30~10:45), 금요일(11:00~12:15)","3412, 3412",김연숙,20250133,/15,외국인유학생전용,,1,,대면,422210,K-문화예술학,2026,2,2학기
422210,K-문화예술학,2026,2,KA045,태권도,A,전공선택,"1, 2, 3, 4",3,"목요일(13:00~14:15), 목요일(14:30~15:45)","10203, 10203",정예수,20208014,/15,외국인유학생전용,,0,,대면,422210,K-문화예술학,2026,2,2학기
422210,K-문화예술학,2026,2,KA047,마케팅의이해,A,전공선택,"1, 2",3,"금요일(13:00~14:15), 금요일(14:30~15:45)","3410, 3410",유현미,20240070,/15,외국인유학생전용,,1,,대면,422210,K-문화예술학,2026,2,2학기
422210,K-문화예술학,2026,2,KA048,학문목적한국어 ,A,전공선택,"1, 2",3,"화요일(13:00~14:15), 화요일(14:30~15:45)","3411, 3411",미정-신규,19800208,/15,외국인유학생전용,,0,,대면,422210,K-문화예술학,2026,2,2학기
423120,일본학,2026,2,HJ129,초급일본어회화2,A,전공선택,2,2,"화요일(09:30~10:45), 목요일(11:00~12:15)","7106, 7106",YOSHIDA SAORI,20250084,/20,,,0,,대면,423120,일본학,2026,2,2학기
423120,일본학,2026,2,HJ129,초급일본어회화2,B,전공선택,2,2,"월요일(13:00~14:15), 수요일(13:00~14:15)","7103, 7103",YOSHIDA SAORI,20250084,/20,,,0,,대면,423120,일본학,2026,2,2학기
423120,일본학,2026,2,HJ226,사건으로보는일본사,A,전공선택,2,3,"월요일(11:00~12:15), 수요일(09:30~10:45)","7103, 7103",하종문,19960016,/40,,,0,,대면,423120,일본학,2026,2,2학기
423120,일본학,2026,2,HJ251,일본어작문,A,전공선택,3,3,"화요일(11:00~12:15), 목요일(09:30~10:45)","7106, 7106",YOSHIDA SAORI,20250084,/20,,,0,,대면,423120,일본학,2026,2,2학기
423120,일본학,2026,2,HJ264,중급일본어Ⅱ,A,전공선택,2,3,"화요일(13:00~14:15), 화요일(14:30~15:45)","7103, 7103",소리마치 마스미,20240145,/30,,,0,,대면,423120,일본학,2026,2,2학기
423120,일본학,2026,2,HJ268,일본사회와문화,A,전공선택,2,3,"목요일(13:00~14:15), 목요일(14:30~15:45)","7103, 7103",염동호,20190191,/40,,,1,,대면,423120,일본학,2026,2,2학기
423120,일본학,2026,2,HJ270,일본학조사연구Ⅱ,A,전공필수,2,3,"금요일(09:30~10:45), 금요일(11:00~12:15)","18106, 18106",송주명,19990049,/45,,,0,,대면,423120,일본학,2026,2,2학기
423120,일본학,2026,2,HJ336,비즈니스일본어,A,전공선택,3,3,"화요일(16:00~17:15), 화요일(17:30~18:45)","7103, 7103",소리마치 마스미,20240145,/30,,,0,,대면,423120,일본학,2026,2,2학기
423120,일본학,2026,2,HJ360,일본학조사연구Ⅳ,A,전공필수,3,3,"금요일(09:30~10:45), 금요일(11:00~12:15)","18212, 18212",하종문,19960016,/45,,,0,,대면,423120,일본학,2026,2,2학기
423120,일본학,2026,2,HJ385,일본명작감상,A,전공선택,3,3,"화요일(11:00~12:15), 목요일(09:30~10:45)","7103, 7103",오미정,20100011,/40,,,1,,대면,423120,일본학,2026,2,2학기
423120,일본학,2026,2,HJ387,통번역실습Ⅱ,A,전공선택,4,3,"화요일(09:30~10:45), 목요일(11:00~12:15)","7103, 7103",오미정,20100011,/40,,,1,,대면,423120,일본학,2026,2,2학기
423120,일본학,2026,2,HJ419,졸업논문,A,전공필수,4,(3),,,송주명,19990049,/40,,,0,,N,423120,일본학,2026,2,2학기
423120,일본학,2026,2,HJ461,시청각일본어,A,전공선택,3,3,"월요일(14:30~15:45), 수요일(14:30~15:45)","7103, 7103",YOSHIDA SAORI,20250084,/40,,,0,,대면,423120,일본학,2026,2,2학기
423150,동아시아통상학,2026,2,HN139,동아시아경제와기업환경,A,전공선택,"3, 4",3,"화요일(13:00~14:15), 화요일(14:30~15:45)","20501, 20501",박영수,20260029,/40,,,0,,대면,423150,동아시아통상학,2026,2,2학기
423150,동아시아통상학,2026,2,HN279,세계경제와중국경제개론,A,전공선택,2,3,"월요일(13:00~14:15), 수요일(13:00~14:15)","20402, 20402",고기영,20130146,/40,,,0,,대면,423150,동아시아통상학,2026,2,2학기
423150,동아시아통상학,2026,2,HN282,현대동아시아인물탐구,A,전공선택,2,3,"월요일(14:30~15:45), 수요일(14:30~15:45)","20405, 20405",유은하,20190136,/40,,,1,,대면,423150,동아시아통상학,2026,2,2학기
423150,동아시아통상학,2026,2,HN284,동아시아경제입문,A,전공필수,2,3,"화요일(09:30~10:45), 목요일(11:00~12:15)","20501, 20501",이일영,19970044,/40,,,0,,대면,423150,동아시아통상학,2026,2,2학기
423150,동아시아통상학,2026,2,HN287,실용중국어회화2,A,전공선택,"3, 4",3,"월요일(13:00~14:15), 수요일(13:00~14:15)","20501, 20501",황선미,20190193,/40,,,1,,대면,423150,동아시아통상학,2026,2,2학기
423150,동아시아통상학,2026,2,HN392,중화권문학과문화,A,전공선택,"3, 4",3,"화요일(16:00~17:15), 화요일(17:30~18:45)","3204, 3204",황선미,20190193,/40,,,1,,대면,423150,동아시아통상학,2026,2,2학기
423150,동아시아통상학,2026,2,HN419,졸업논문,A,전공필수,4,(3),,,황선미,20190193,/40,,,1,,N,423150,동아시아통상학,2026,2,2학기
423150,동아시아통상학,2026,2,HN482,중국외교정책,A,전공선택,"3, 4",3,,,주장환,20080160,/40,  // 교내온라인,,0,,교내온라인,423150,동아시아통상학,2026,2,2학기
423150,동아시아통상학,2026,2,HN615,동아시아국제관계,A,전공선택,2,3,"화요일(11:00~12:15), 목요일(09:30~10:45)","20501, 20501",주장환,20080160,/40,,,0,,대면,423150,동아시아통상학,2026,2,2학기
423160,경제금융학,2026,2,EE235,정치경제학,A,전공선택,2,3,"화요일(16:00~17:15), 화요일(17:30~18:45)","20301, 20301",성락선,19960085,/45,,,1,,대면,423160,경제금융학,2026,2,2학기
423160,경제금융학,2026,2,EE237,근대경제사,A,전공선택,2,3,"월요일(11:00~12:15), 수요일(09:30~10:45)","20301, 20301",성락선,19960085,/45,,,1,,대면,423160,경제금융학,2026,2,2학기
423160,경제금융학,2026,2,EE331,화폐금융론,A,전공선택,3,3,"월요일(16:00~17:15), 수요일(17:30~18:45)","20301, 20301",최미호,20250168,/45,,,0,,대면,423160,경제금융학,2026,2,2학기
423160,경제금융학,2026,2,EE337,경제학설사,A,전공선택,3,3,"월요일(14:30~15:45), 수요일(14:30~15:45)","20301, 20301",성락선,19960085,/45,,,1,,대면,423160,경제금융학,2026,2,2학기
423160,경제금융학,2026,2,EE382,조세경제학,A,전공선택,3,3,"화요일(11:00~12:15), 목요일(09:30~10:45)","20301, 20301",한재명,20240069,/45,,,0,,대면,423160,경제금융학,2026,2,2학기
423160,경제금융학,2026,2,EE411,졸업논문,A,전공필수,4,(3),,,한재명,20240069,/45,,,0,,N,423160,경제금융학,2026,2,2학기
423160,경제금융학,2026,2,EE441,경제학특강,A,전공선택,4,3,"월요일(17:30~18:45), 수요일(16:00~17:15)","20301, 20301",최미호,20250168,/45,,,0,,대면,423160,경제금융학,2026,2,2학기
423160,경제금융학,2026,2,EE443,노사관계와노동조합,A,전공선택,3,3,"월요일(13:00~14:15), 수요일(13:00~14:15)","20301, 20301",정재현,20250126,/45,,,0,,대면,423160,경제금융학,2026,2,2학기
423160,경제금융학,2026,2,EE477,OJT1,A,전공선택,4,9,,,한재명,20240069,/10,,,0,,N,423160,경제금융학,2026,2,2학기
423160,경제금융학,2026,2,EF203,기초통계학,A,전공필수,2,3,"월요일(09:30~10:45), 수요일(11:00~12:15)","20404, 20404",정재현,20250126,/40,,,0,,대면,423160,경제금융학,2026,2,2학기
423160,경제금융학,2026,2,EF203,기초통계학,B,전공필수,2,3,"월요일(11:00~12:15), 수요일(09:30~10:45)","7104, 7104",연제호,20240018,/40,,,1,,대면,423160,경제금융학,2026,2,2학기
423160,경제금융학,2026,2,EF303,응용계량경제학,A,전공선택,3,3,"화요일(14:30~15:45), 목요일(14:30~15:45)","3404, 3404",한재명,20240069,/45,,,0,,대면,423160,경제금융학,2026,2,2학기
423160,경제금융학,2026,2,EI219,증권경제론,A,전공선택,3,3,"월요일(13:00~14:15), 수요일(13:00~14:15)","7104, 7104",전창환,19970038,/45,,,0,,대면,423160,경제금융학,2026,2,2학기
423160,경제금융학,2026,2,EI250,금융거시경제론,A,전공필수,2,3,"월요일(14:30~15:45), 수요일(14:30~15:45)","7104, 7104",전창환,19970038,/45,,,0,,대면,423160,경제금융학,2026,2,2학기
423160,경제금융학,2026,2,EI250,금융거시경제론,B,전공필수,2,3,"월요일(09:30~10:45), 수요일(11:00~12:15)","7104, 7104",연제호,20240018,/45,,,1,,대면,423160,경제금융학,2026,2,2학기
423160,경제금융학,2026,2,EI268,실용미시경제론,A,전공선택,2,3,"목요일(13:00~14:15), 목요일(14:30~15:45)","7104, 7104",김진환,20260065,/45,,,1,,대면,423160,경제금융학,2026,2,2학기
423160,경제금융학,2026,2,EI344,무역영어,A,전공선택,"3, 4",3,"화요일(13:00~14:15), 목요일(13:00~14:15)","20301, 20301",정희진,20230012,/45,,,1,,대면,423160,경제금융학,2026,2,2학기
423160,경제금융학,2026,2,EI344,무역영어,B,전공선택,"3, 4",3,"화요일(14:30~15:45), 목요일(14:30~15:45)","20301, 20301",정희진,20230012,/45,,,1,,대면,423160,경제금융학,2026,2,2학기
423160,경제금융학,2026,2,EI381,국제무역과결제,A,전공선택,"3, 4",3,"목요일(16:00~17:15), 목요일(17:30~18:45)","7104, 7104",미정-신규,19800208,/45,,,0,,대면,423160,경제금융학,2026,2,2학기
423160,경제금융학,2026,2,EI409,OJT1,A,전공선택,4,9,,,정희진,20230012,/10,,,1,,N,423160,경제금융학,2026,2,2학기
423160,경제금융학,2026,2,EI411,졸업논문,A,전공필수,4,(3),,,정희진,20230012,/45,,,1,,N,423160,경제금융학,2026,2,2학기
423160,경제금융학,2026,2,EI472,사회보험론,A,전공선택,"3, 4",3,"금요일(09:30~10:45), 금요일(11:00~12:15)","7104, 7104",김혜성,20250135,/45,,,0,,대면,423160,경제금융학,2026,2,2학기
423160,경제금융학,2026,2,EI478,관세법,A,전공선택,2,3,"월요일(09:30~10:45), 수요일(11:00~12:15)","18212, 18212",정희진,20230012,/45,,,0,,대면,423160,경제금융학,2026,2,2학기
423170,국제관계학,2026,2,HI119,글로벌사회의이해,A,전공선택,2,3,"화요일(09:30~10:45), 목요일(11:00~12:15)","20306, 20306",백준기,19990060,/30,,,1,,대면,423170,국제관계학,2026,2,2학기
423170,국제관계학,2026,2,HI258,제국론,A,전공선택,"2, 3",3,"화요일(13:00~14:15), 목요일(13:00~14:15)","3505, 3505",백준기,19990060,/30,,,1,,대면,423170,국제관계학,2026,2,2학기
423170,국제관계학,2026,2,HI262,유라시아지역연구,A,전공선택,"3, 4",3,"목요일(13:00~14:15), 목요일(14:30~15:45)","3405, 3405",노태경,20240175,/30,외국인 유학생 전용 강의,,0,,대면,423170,국제관계학,2026,2,2학기
423170,국제관계학,2026,2,HI369,전공논문과글쓰기,A,전공선택,"3, 4",3,"월요일(16:00~17:15), 수요일(17:30~18:45)","20306, 20306",박상남,20060141,/30,,,1,,대면,423170,국제관계학,2026,2,2학기
423170,국제관계학,2026,2,HI371,국제기구와국제관계,A,전공선택,"2, 3",3,"월요일(14:30~15:45), 수요일(14:30~15:45)","3201, 3201",미정-신규,19800208,/30,,,0,,대면,423170,국제관계학,2026,2,2학기
423170,국제관계학,2026,2,HI419,졸업논문,A,전공필수,4,(3),,,박상남,20060141,/50,국제관계학 전공자 신청과목 / 마지막학기생 신청(복수 전공 시 졸업논문 2개 모두 신청),,1,,N,423170,국제관계학,2026,2,2학기
423170,국제관계학,2026,2,HI429,국제정치와경제학,A,전공선택,"3, 4",3,"금요일(16:00~17:15), 금요일(17:30~18:45)","20507, 20507",이유철,20250155,/30,,,1,,대면,423170,국제관계학,2026,2,2학기
423170,국제관계학,2026,2,HI431,한국정치와리더십연구,A,전공선택,"3, 4",3,"금요일(13:00~14:15), 금요일(14:30~15:45)","20306, 20306",최지나,20240174,/30,외국인 유학생 전용 강의,,0,,대면,423170,국제관계학,2026,2,2학기
423170,국제관계학,2026,2,HI432,동서양사유의비교,A,전공필수,"3, 4",3,"목요일(13:00~14:15), 목요일(14:30~15:45)","20306, 20306",박상남,20060141,/30,,,0,,대면,423170,국제관계학,2026,2,2학기
423170,국제관계학,2026,2,HI435,미국사회와인권법,A,전공선택,"3, 4",3,"월요일(09:30~10:45), 수요일(11:00~12:15)","20306, 20306",조성대,20020021,/30,,,0,,대면,423170,국제관계학,2026,2,2학기
423170,국제관계학,2026,2,HI437,정치심리학,A,전공선택,"3, 4",3,"화요일(13:00~14:15), 화요일(14:30~15:45)","20306, 20306",박상남,20060141,/30,,,0,,대면,423170,국제관계학,2026,2,2학기
423170,국제관계학,2026,2,HI442,민주주의이론과현실,A,전공선택,"2, 3",3,"월요일(11:00~12:15), 수요일(09:30~10:45)","20306, 20306",조성대,20020021,/30,,,0,,대면,423170,국제관계학,2026,2,2학기
423170,국제관계학,2026,2,HI443,미국정치와사회,A,전공선택,2,3,"금요일(13:00~14:15), 금요일(14:30~15:45)","20507, 20507",이유철,20250155,/30,,,1,,대면,423170,국제관계학,2026,2,2학기
423170,국제관계학,2026,2,HI448,한반도통합문제세미나,A,전공선택,"3, 4",3,"화요일(16:00~17:15), 화요일(17:30~18:45)","20306, 20306",홍용덕,20260024,/30,,,1,,대면,423170,국제관계학,2026,2,2학기
423170,국제관계학,2026,2,HI453,국제금융의이해,A,전공선택,"2, 3",3,"목요일(16:00~17:15), 목요일(17:30~18:45)","3406, 3406",미정-신규,19800208,/30,,,0,,대면,423170,국제관계학,2026,2,2학기
423170,국제관계학,2026,2,SP419,졸업논문,A,전공필수,4,(3),,,박상남,20060141,/30,정치학 전공자 신청과목 / 마지막학기생 신청(복수 전공 시 졸업논문 2개 모두 신청),,0,,N,423170,국제관계학,2026,2,2학기
423220,공공인재빅데이터융합학,2026,2,PS108,행정법,A,전공선택,"2, 3",3,"화요일(16:00~17:15), 화요일(17:30~18:45)","20507, 20507",강현,20260049,/35,,,1,,대면,423220,공공인재빅데이터융합학,2026,2,2학기
423220,공공인재빅데이터융합학,2026,2,PS111,조직진단사례연습,A,전공선택,"3, 4",3,,,미정-신규,19800208,/40,  // 교내온라인,,0,,교내온라인,423220,공공인재빅데이터융합학,2026,2,2학기
423220,공공인재빅데이터융합학,2026,2,PS201,조사연구방법론,A,전공필수,"2, 3",3,"화요일(13:00~14:15), 화요일(14:30~15:45)","20404, 20404",박미영,20250206,/40,,,0,,대면,423220,공공인재빅데이터융합학,2026,2,2학기
423220,공공인재빅데이터융합학,2026,2,PS216,공공인사관리,A,전공선택,"2, 3",3,,,미정-신규,19800208,/50,  // 교내온라인,,0,,교내온라인,423220,공공인재빅데이터융합학,2026,2,2학기
423220,공공인재빅데이터융합학,2026,2,PS224,딥러닝기초,A,전공선택,"2, 3",3,"화요일(13:00~14:15), 화요일(14:30~15:45)","20507, 20507",이석민,20200034,/50,,,0,,대면,423220,공공인재빅데이터융합학,2026,2,2학기
423220,공공인재빅데이터융합학,2026,2,PS228,재무행정론,A,전공선택,2,3,,,미정-신규,19800208,/50,  // 교내온라인,,0,,교내온라인,423220,공공인재빅데이터융합학,2026,2,2학기
423220,공공인재빅데이터융합학,2026,2,PS230,사회과학데이터분석기초,A,전공선택,2,3,"목요일(13:00~14:15), 목요일(14:30~15:45)","20404, 20404",노승철,20210027,/40,,,1,,대면,423220,공공인재빅데이터융합학,2026,2,2학기
423220,공공인재빅데이터융합학,2026,2,PS232,AI데이터개발과MLOps,A,전공선택,2,3,,,이석민,20200034,/15,  // 교내온라인,,0,,교내온라인,423220,공공인재빅데이터융합학,2026,2,2학기
423220,공공인재빅데이터융합학,2026,2,PS319,딥러닝영상데이터분석,A,전공선택,"3, 4",3,,,이석민,20200034,/15,  // 교내온라인,,0,,교내온라인,423220,공공인재빅데이터융합학,2026,2,2학기
423220,공공인재빅데이터융합학,2026,2,PS323,소셜미디어빅데이터분석,A,전공선택,3,3,"월요일(11:00~12:15), 수요일(09:30~10:45)","20404, 20404",노승철,20210027,/40,,,1,,대면,423220,공공인재빅데이터융합학,2026,2,2학기
423220,공공인재빅데이터융합학,2026,2,PS324,정책분석과평가방법,A,전공선택,3,3,"월요일(14:30~15:45), 수요일(14:30~15:45)","8101, 8101",이석민,20200034,/30,,,0,,대면,423220,공공인재빅데이터융합학,2026,2,2학기
423220,공공인재빅데이터융합학,2026,2,PS401,공기업론,A,전공선택,"2, 3",3,"월요일(13:00~14:15), 수요일(13:00~14:15)","8101, 8101",이석민,20200034,/30,,,0,,대면,423220,공공인재빅데이터융합학,2026,2,2학기
423220,공공인재빅데이터융합학,2026,2,PS408,데이터기반정책관리,A,전공선택,"2, 3",3,"화요일(09:30~10:45), 목요일(11:00~12:15)","20404, 20404",노승철,20210027,/40,,,1,,대면,423220,공공인재빅데이터융합학,2026,2,2학기
423220,공공인재빅데이터융합학,2026,2,PS415,GIS를이용한공간정보분석,A,전공선택,"2, 3",3,"화요일(11:00~12:15), 목요일(09:30~10:45)","20404, 20404",노승철,20210027,/40,,,1,,대면,423220,공공인재빅데이터융합학,2026,2,2학기
423220,공공인재빅데이터융합학,2026,2,PS421,OJT1,A,전공선택,4,9,,,노승철,20210027,/20,,,1,,N,423220,공공인재빅데이터융합학,2026,2,2학기
423220,공공인재빅데이터융합학,2026,2,PSA01,졸업논문,A,전공필수,4,(3),,,노승철,20210027,/30,행정학 전공 졸업예정자 신청(행정학/정책학 복수 전공 시 졸업논문 2개 모두 신청),,1,,N,423220,공공인재빅데이터융합학,2026,2,2학기
423220,공공인재빅데이터융합학,2026,2,PSB01,졸업논문,A,전공필수,4,(3),,,노승철,20210027,/50,정책학 전공 졸업예정자 신청(행정학/정책학 복수 전공 시 졸업논문 2개 모두 신청),,1,,N,423220,공공인재빅데이터융합학,2026,2,2학기
423400,글로벌융합계열,2026,2,EN008,글로벌경제입문,A,계열공통,1,3,"월요일(16:00~17:15), 수요일(17:30~18:45)","18212, 18212",정희진,20230012,/45,,,1,,대면,,,2026,2,2학기
423400,글로벌융합계열,2026,2,EN008,글로벌경제입문,B,계열공통,1,3,"화요일(16:00~17:15), 화요일(17:30~18:45)","18106, 18106",정재현,20250126,/45,,,0,,대면,,,2026,2,2학기
423400,글로벌융합계열,2026,2,EN011,기초중국어Ⅱ,A,계열공통,1,3,"월요일(16:00~17:15), 수요일(17:30~18:45)","20501, 20501","유은하, 황선미",20190193,/30,,,1,,대면,,,2026,2,2학기
423400,글로벌융합계열,2026,2,EN011,기초중국어Ⅱ,B,계열공통,1,3,"월요일(16:00~17:15), 수요일(17:30~18:45)","20308, 20308","유은하, 황선미",20190136,/30,,,1,,대면,,,2026,2,2학기
423400,글로벌융합계열,2026,2,EN012,동아시아통상학입문,A,계열공통,1,3,"화요일(16:00~17:15), 화요일(17:30~18:45)","20501, 20501",주장환,20080160,/50,,,0,,대면,,,2026,2,2학기
423400,글로벌융합계열,2026,2,GH002,정치학입문,A,계열공통,1,3,"목요일(16:00~17:15), 목요일(17:30~18:45)","20306, 20306",조성대,20020021,/45,,,0,,대면,,,2026,2,2학기
423400,글로벌융합계열,2026,2,GH002,정치학입문,B,계열공통,1,3,"월요일(13:00~14:15), 수요일(13:00~14:15)","20306, 20306",조성대,20020021,/45,,,0,,대면,,,2026,2,2학기
423400,글로벌융합계열,2026,2,GH006,공공빅데이터분석입문,A,계열공통,1,3,"화요일(16:00~17:15), 화요일(17:30~18:45)","20404, 20404",노승철,20210027,/40,,,1,,대면,,,2026,2,2학기
424110,경영학,2026,2,EB111,마케팅관리론,A,전공필수,2,3,"화요일(09:30~10:45), 목요일(11:00~12:15)","18311, 18311",유현미,20240070,/40,,,1,,대면,424110,경영학,2026,2,2학기
424110,경영학,2026,2,EB111,마케팅관리론,B,전공필수,2,3,"화요일(11:00~12:15), 목요일(09:30~10:45)","18311, 18311",유현미,20240070,/40,,,1,,대면,424110,경영학,2026,2,2학기
424110,경영학,2026,2,EB112,경영을위한경제학,A,전공선택,2,3,"화요일(13:00~14:15), 목요일(13:00~14:15)","18311, 18311",이건범,20090026,/50,,,1,,대면,424110,경영학,2026,2,2학기
424110,경영학,2026,2,EB113,인공지능기반인적자원경영,A,전공선택,3,3,"월요일(14:30~15:45), 수요일(14:30~15:45)","18311, 18311",김경민,20160030,/40,,,1,,대면,424110,경영학,2026,2,2학기
424110,경영학,2026,2,EB202,리더십과조직문화,A,전공선택,2,3,"월요일(13:00~14:15), 수요일(13:00~14:15)","18311, 18311",김경민,20160030,/40,,,1,,대면,424110,경영학,2026,2,2학기
424110,경영학,2026,2,EB218,중급재무회계2,A,전공선택,2,3,"월요일(13:00~14:15), 수요일(13:00~14:15)","18520, 18520",최지환,20230015,/40,*선수이수과목: 중급재무회계1,,1,,대면,424110,경영학,2026,2,2학기
424110,경영학,2026,2,EB218,중급재무회계2,B,전공선택,2,3,"월요일(14:30~15:45), 수요일(14:30~15:45)","18418, 18418",최지환,20230015,/40,*선수이수과목: 중급재무회계1,,1,,대면,424110,경영학,2026,2,2학기
424110,경영학,2026,2,EB249,경영전산처리,A,전공선택,"2, 3",3,"금요일(09:30~10:45), 금요일(11:00~12:15)","7108, 7108",염건,20230143,/30,,,0,,대면,424110,경영학,2026,2,2학기
424110,경영학,2026,2,EB311,생산관리,A,전공필수,"3, 4",3,"월요일(09:30~10:45), 수요일(11:00~12:15)","18311, 18311",정의범,20210033,/40,,,0,,대면,424110,경영학,2026,2,2학기
424110,경영학,2026,2,EB311,생산관리,B,전공필수,"3, 4",3,"월요일(11:00~12:15), 수요일(09:30~10:45)","18311, 18311",정의범,20210033,/40,,,0,,대면,424110,경영학,2026,2,2학기
424110,경영학,2026,2,EB313,관리회계,A,전공선택,2,3,"월요일(13:00~14:15), 수요일(13:00~14:15)","3308, 3308",김병조,20140011,/40,,,1,,대면,424110,경영학,2026,2,2학기
424110,경영학,2026,2,EB313,관리회계,B,전공선택,2,3,"화요일(11:00~12:15), 목요일(09:30~10:45)","3423, 3423",김병조,20140011,/40,전공(복수포함)자,,1,,대면,424110,경영학,2026,2,2학기
424110,경영학,2026,2,EB318,중소기업경영론,A,전공선택,"3, 4",3,"금요일(13:00~14:15), 금요일(14:30~15:45)","18311, 18311",손정현,20250199,/30,,,1,,대면,424110,경영학,2026,2,2학기
424110,경영학,2026,2,EB321,경영세미나2,A,전공선택,4,3,"목요일(13:00~14:15), 목요일(14:30~15:45)","3201, 3201",홍원의,20250205,/30,,,0,,대면,424110,경영학,2026,2,2학기
424110,경영학,2026,2,EB322,혁신경영론,A,전공선택,"3, 4",3,"월요일(14:30~15:45), 수요일(14:30~15:45)","3203, 3203",박규호,20120084,/40,,,1,,대면,424110,경영학,2026,2,2학기
424110,경영학,2026,2,EB324,영업관리,A,전공선택,"3, 4",3,"금요일(09:30~10:45), 금요일(11:00~12:15)","18311, 18311",손정현,20250199,/30,,,1,,대면,424110,경영학,2026,2,2학기
424110,경영학,2026,2,EB335,투자론,A,전공선택,"3, 4",3,"화요일(14:30~15:45), 목요일(14:30~15:45)","18311, 18311",이건범,20090026,/50,,,1,,대면,424110,경영학,2026,2,2학기
424110,경영학,2026,2,EB388,AI기반비즈니스애널리틱스,A,전공선택,"3, 4",3,,,정의범,20210033,/40,금요일 1교시~4교시(9:30~12:15) / 원격화상수업(Microsoft Teams)으로 진행,,0,,원격화상수업,424110,경영학,2026,2,2학기
424110,경영학,2026,2,EB412,졸업논문,A,전공필수,4,(3),,,최지환,20230015,/99,졸업예정자 필수 교과목 // 전공(복수포함)자,,1,,N,424110,경영학,2026,2,2학기
424110,경영학,2026,2,EB478,OJT1,A,전공선택,4,9,,,최지환,20230015,/15,2026년 4년제대 재학형 일학습병행(IPP) 참여 학생만 수강 가능,,1,,N,424110,경영학,2026,2,2학기
424120,IT경영학,2026,2,EZ140,자율사물과활용사례,A,전공선택,2,3,"목요일(13:00~14:15), 목요일(14:30~15:45)","7301, 7301",김재국,20250220,/40,,,1,,대면,424120,IT경영학,2026,2,2학기
424120,IT경영학,2026,2,EZ208,경영정보시스템,A,전공선택,2,3,"목요일(16:00~17:15), 목요일(17:30~18:45)","7305, 7305",김재국,20250220,/40,,,1,,대면,424120,IT경영학,2026,2,2학기
424120,IT경영학,2026,2,EZ236,인터넷마케팅과창업,A,전공선택,2,3,"월요일(09:30~10:45), 수요일(11:00~12:15)","18102, 18102",김권수,20240026,/48,,,1,,대면,424120,IT경영학,2026,2,2학기
424120,IT경영학,2026,2,EZ237,파이썬프로그래밍활용,A,전공필수,2,3,"화요일(09:30~10:45), 목요일(11:00~12:15)","18307, 18307",이남연,20170129,/40,,,1,,대면,424120,IT경영학,2026,2,2학기
424120,IT경영학,2026,2,EZ239,데이터분석,A,전공필수,"2, 3",3,"목요일(13:00~14:15), 목요일(14:30~15:45)","7305, 7305",신재우,20240071,/30,,,1,,대면,424120,IT경영학,2026,2,2학기
424120,IT경영학,2026,2,EZ249,데이터활용기초,A,전공선택,2,3,"화요일(11:00~12:15), 목요일(09:30~10:45)","7301, 7301",신재우,20240071,/40,,,1,,대면,424120,IT경영학,2026,2,2학기
424120,IT경영학,2026,2,EZ302,인공지능과스타트업,A,전공선택,3,3,"월요일(14:30~15:45), 수요일(14:30~15:45)","20404, 20404",이남연,20170129,/40,,,1,,대면,424120,IT경영학,2026,2,2학기
424120,IT경영학,2026,2,EZ335,물류관리론,A,전공선택,3,3,"화요일(13:00~14:15), 화요일(14:30~15:45)","7305, 7305",한광희,20240064,/40,,,1,,대면,424120,IT경영학,2026,2,2학기
424120,IT경영학,2026,2,EZ336,경영전략론,A,전공선택,3,3,"월요일(09:30~10:45), 수요일(11:00~12:15)","7305, 7305",김상욱,20030021,/40,융합전공 학생 수강 가능,,0,,대면,424120,IT경영학,2026,2,2학기
424120,IT경영학,2026,2,EZ339,시장조사와사업계획서,A,전공선택,3,3,"월요일(11:00~12:15), 수요일(09:30~10:45)","18307, 18307",김권수,20240026,/48,,,1,,대면,424120,IT경영학,2026,2,2학기
424120,IT경영학,2026,2,EZ341,글로벌경영과비즈니스모델,A,전공선택,3,3,,,한광희,20240064,/40,  // 교내온라인,,1,,교내온라인,424120,IT경영학,2026,2,2학기
424120,IT경영학,2026,2,EZ419,졸업논문,A,전공필수,4,(3),,,신재우,20240071,/40,,,1,,N,424120,IT경영학,2026,2,2학기
424120,IT경영학,2026,2,EZ435,기술경영과지식재산,A,전공선택,4,3,수요일(14:30~15:45),7305,신재우,20240071,/40,,,1,,블랜디드,424120,IT경영학,2026,2,2학기
424120,IT경영학,2026,2,EZ440,OJT1,A,전공선택,4,9,,,신재우,20240071,/15,2026년 IPP형 일학습병행 참여학생만 수강 가능,,1,,N,424120,IT경영학,2026,2,2학기
424120,IT경영학,2026,2,EZ446,IT경영세미나Ⅱ,A,전공선택,4,1,수요일(16:00~16:50),7305,신재우,20240071,/40,,,1,,대면,424120,IT경영학,2026,2,2학기
424130,글로벌비즈니스학,2026,2,EH106,글로벌비즈니스거시경제론,A,전공선택,2,3,"화요일(13:00~14:15), 목요일(13:00~14:15)","7105, 7105",장종익,20120119,/50,,,0,,대면,424130,글로벌비즈니스학,2026,2,2학기
424130,글로벌비즈니스학,2026,2,EH420,OJT1,A,전공선택,4,9,,,유한나,20220223,/20,2026년 4년제대 재학형 일학습병행(IPP) 참여 학생만 수강 가능,,1,,N,424130,글로벌비즈니스학,2026,2,2학기
424130,글로벌비즈니스학,2026,2,EJ204,사회적경제경영입문,A,전공필수,2,3,"화요일(11:00~12:15), 목요일(09:30~10:45)","7105, 7105",장종익,20120119,/30,,,0,,대면,424130,글로벌비즈니스학,2026,2,2학기
424130,글로벌비즈니스학,2026,2,EJ205,사회적기업비즈니스모델,A,전공필수,2,3,"월요일(16:00~17:15), 수요일(17:30~18:45)","7105, 7105",유한나,20220223,/50,<지속가능경영과 소셜임팩트> 마이크로전공 인정('25년 2학기~). 전공 무관(관심 있는 학생 누구나 수강 가능),,1,,대면,424130,글로벌비즈니스학,2026,2,2학기
424130,글로벌비즈니스학,2026,2,EJ357,지속가능경영과ESG전략,A,전공선택,"3, 4",3,"월요일(17:30~18:45), 수요일(16:00~17:15)","7105, 7105",유한나,20220223,/50,<지속가능경영과 소셜임팩트> 마이크로전공 인정('25년 2학기~). 전공 무관(관심 있는 학생 누구나 수강 가능),,1,,대면,424130,글로벌비즈니스학,2026,2,2학기
424130,글로벌비즈니스학,2026,2,EJ419,졸업논문,A,전공필수,"3, 4",(3),,,장종익,20120119,/30,"학번 끝자리에 맞춰 신청 바랍니다. - 0, 1, 2, 3, 4, 5.  국제개발협력/사회적경제 전공",,0,,N,424130,글로벌비즈니스학,2026,2,2학기
424130,글로벌비즈니스학,2026,2,EJ419,졸업논문,B,전공필수,"3, 4",(3),,,유한나,20220223,/30,"학번 끝자리에 맞춰 신청 바랍니다. - 6, 7, 8, 9  국제개발협력/사회적경제 전공. ",,1,,N,424130,글로벌비즈니스학,2026,2,2학기
424130,글로벌비즈니스학,2026,2,EK204,국제무역통상개론,A,전공필수,2,3,"목요일(13:00~14:15), 목요일(14:30~15:45)","3506, 3506",미정-신규,19800208,/50,,,0,,대면,424130,글로벌비즈니스학,2026,2,2학기
424130,글로벌비즈니스학,2026,2,EK301,전략경영,A,전공선택,2,3,"화요일(16:00~17:15), 화요일(17:30~18:45)","3201, 3201",박규호,20120084,/40,,,1,,대면,424130,글로벌비즈니스학,2026,2,2학기
424130,글로벌비즈니스학,2026,2,EK303,재무관리,A,전공선택,2,3,"금요일(09:30~10:45), 금요일(11:00~12:15)","7105, 7105",이건범,20090026,/50,,,1,,대면,424130,글로벌비즈니스학,2026,2,2학기
424130,글로벌비즈니스학,2026,2,EK306,글로벌마케팅론,A,전공선택,"3, 4",3,수요일(11:00~12:15),7105,양영수,20210032,/30,,,1,,대면,424130,글로벌비즈니스학,2026,2,2학기
424130,글로벌비즈니스학,2026,2,EK348,아시아기업론,A,전공선택,"3, 4",3,"월요일(14:30~15:45), 수요일(14:30~15:45)","7105, 7105",고기영,20130146,/30,,,0,,대면,424130,글로벌비즈니스학,2026,2,2학기
424130,글로벌비즈니스학,2026,2,EK350,글로벌경영사례연구,A,전공선택,"3, 4",3,"월요일(13:00~14:15), 수요일(13:00~14:15)","7105, 7105",양영수,20210032,/30,,,1,,대면,424130,글로벌비즈니스학,2026,2,2학기
424130,글로벌비즈니스학,2026,2,EK419,졸업논문,A,전공필수,4,(3),,,양영수,20210032,/30,"학번 끝자리에 맞춰 신청 바랍니다. - 0, 1, 2, 3, 4, 5 국제경영/국제무역통상 전공. ",,1,,N,424130,글로벌비즈니스학,2026,2,2학기
424130,글로벌비즈니스학,2026,2,EK419,졸업논문,B,전공필수,4,(3),,,유한나,20220223,/30,"학번 끝자리에 맞춰 신청 바랍니다. - 6, 7, 8, 9 국제경영/국제무역통상 전공.",,1,,N,424130,글로벌비즈니스학,2026,2,2학기
424140,미디어영상광고홍보학,2026,2,EA206,소비자행동론,A,공통선택,2,3,"월요일(13:00~14:15), 수요일(13:00~14:15)","18519, 18519",정휘관,20250224,/50,미디어영상광고홍보학(복수전공생 포함)만 수강 가능 // 전공(복수포함)자,,1,,대면,424140,미디어영상광고홍보학,2026,2,2학기
424140,미디어영상광고홍보학,2026,2,EA206,소비자행동론,B,공통선택,2,3,"월요일(14:30~15:45), 수요일(14:30~15:45)","18519, 18519",정휘관,20250224,/50,미디어영상광고홍보학(복수전공생 포함)만 수강 가능 // 전공(복수포함)자,,1,,대면,424140,미디어영상광고홍보학,2026,2,2학기
424140,미디어영상광고홍보학,2026,2,EA314,홍보관리론,A,전공선택,2,3,"목요일(13:00~14:15), 목요일(14:30~15:45)","18106, 18106",정재선,20250223,/50,미디어영상광고홍보학(복수전공생 포함)만 수강 가능 // 전공(복수포함)자,,0,,대면,424140,미디어영상광고홍보학,2026,2,2학기
424140,미디어영상광고홍보학,2026,2,EA337,브랜딩트렌드,A,전공선택,3,3,"월요일(09:30~10:45), 수요일(11:00~12:15)","18310, 18310",이성미,20170128,/60,미디어영상광고홍보학(복수전공생 포함)만 수강 가능 // 전공(복수포함)자,,0,,대면,424140,미디어영상광고홍보학,2026,2,2학기
424140,미디어영상광고홍보학,2026,2,EA337,브랜딩트렌드,B,전공선택,3,3,"월요일(11:00~12:15), 수요일(09:30~10:45)","18310, 18310",이성미,20170128,/60,미디어영상광고홍보학(복수전공생 포함)만 수강 가능 // 전공(복수포함)자,,0,,대면,424140,미디어영상광고홍보학,2026,2,2학기
424140,미디어영상광고홍보학,2026,2,EA341,AI와정책홍보,A,전공선택,3,3,"화요일(11:00~12:15), 목요일(09:30~10:45)","18211, 18211",정휘관,20250224,/50,미디어영상광고홍보학(복수전공생 포함)만 수강 가능 // 전공(복수포함)자,,1,,대면,424140,미디어영상광고홍보학,2026,2,2학기
424140,미디어영상광고홍보학,2026,2,EA409,졸업논문,A,전공필수,4,(3),,,김민철,20250012,/200,전공(복수포함)자,,0,,N,424140,미디어영상광고홍보학,2026,2,2학기
424140,미디어영상광고홍보학,2026,2,EA509,연구방법론,A,전공필수,3,3,"월요일(14:30~15:45), 수요일(14:30~15:45)","18310, 18310",박혜영,20210072,/50,미디어영상광고홍보학(복수전공생 포함)만 수강 가능 // 전공(복수포함)자,,0,,대면,424140,미디어영상광고홍보학,2026,2,2학기
424140,미디어영상광고홍보학,2026,2,EA509,연구방법론,B,전공필수,3,3,"화요일(13:00~14:15), 화요일(14:30~15:45)","18421, 18421",정기현,20210164,/50,미디어영상광고홍보학(복수전공생 포함)만 수강 가능 // 전공(복수포함)자,,1,,대면,424140,미디어영상광고홍보학,2026,2,2학기
424140,미디어영상광고홍보학,2026,2,EM104,영상의이해,A,공통선택,2,3,"화요일(13:00~14:15), 화요일(14:30~15:45)","18420, 18420",미정-신규,19800208,/50,미디어영상광고홍보학(복수전공생 포함)만 수강 가능 / 2026년 마지막 개설 // 전공(복수포함)자,,0,,대면,424140,미디어영상광고홍보학,2026,2,2학기
424140,미디어영상광고홍보학,2026,2,EM207,마케팅원론,A,공통선택,2,3,"화요일(09:30~10:45), 목요일(11:00~12:15)","18310, 18310",지원배,20170127,/70,미디어영상광고홍보학(복수전공생 포함)만 수강 가능 // 전공(복수포함)자,,0,,대면,424140,미디어영상광고홍보학,2026,2,2학기
424140,미디어영상광고홍보학,2026,2,EM207,마케팅원론,B,공통선택,2,3,"화요일(11:00~12:15), 목요일(09:30~10:45)","18310, 18310",지원배,20170127,/70,미디어영상광고홍보학(복수전공생 포함)만 수강 가능 // 전공(복수포함)자,,0,,대면,424140,미디어영상광고홍보학,2026,2,2학기
424140,미디어영상광고홍보학,2026,2,EM230,소셜게임의이해,A,공통선택,2,3,"목요일(13:00~14:15), 목요일(14:30~15:45)","18519, 18519",이수호,20250186,/70,미디어영상광고홍보학(복수전공생 포함)만 수강 가능 // 전공(복수포함)자,,0,,대면,424140,미디어영상광고홍보학,2026,2,2학기
424140,미디어영상광고홍보학,2026,2,EM234,디지털미디어리터리시론,A,공통선택,2,3,"월요일(13:00~14:15), 수요일(13:00~14:15)","18310, 18310",박혜영,20210072,/50,"미디어영상광고홍보학(복수전공생, 융합전공생 포함)만 수강 가능 // 전공(복수포함)자",,0,,대면,424140,미디어영상광고홍보학,2026,2,2학기
424140,미디어영상광고홍보학,2026,2,EM308,시나리오워크숍,A,전공선택,3,3,"월요일(09:30~10:45), 수요일(11:00~12:15)","18110, 18110",미정-신규,19800208,/30,미디어영상광고홍보학(복수전공생 포함)만 수강 가능 // 전공(복수포함)자,,0,,대면,424140,미디어영상광고홍보학,2026,2,2학기
424140,미디어영상광고홍보학,2026,2,EM308,시나리오워크숍,B,전공선택,3,3,"월요일(11:00~12:15), 수요일(09:30~10:45)","18110, 18110",미정-신규,19800208,/30,미디어영상광고홍보학(복수전공생 포함)만 수강 가능 // 전공(복수포함)자,,0,,대면,424140,미디어영상광고홍보학,2026,2,2학기
424140,미디어영상광고홍보학,2026,2,EM310,영상광고제작실습,A,공통선택,3,3,"목요일(13:00~14:15), 목요일(14:30~15:45)","18310, 18310",김민철,20250012,/40,미디어영상광고홍보학(복수전공생 포함)만 수강 가능 // 전공(복수포함)자,,0,,대면,424140,미디어영상광고홍보학,2026,2,2학기
424140,미디어영상광고홍보학,2026,2,EM310,영상광고제작실습,B,공통선택,3,3,"화요일(16:00~17:15), 화요일(17:30~18:45)","18310, 18310",미정-신규,19800208,/40,미디어영상광고홍보학(복수전공생 포함)만 수강 가능 // 전공(복수포함)자,,0,,대면,424140,미디어영상광고홍보학,2026,2,2학기
424140,미디어영상광고홍보학,2026,2,EM319,픽션영상제작실습,A,전공선택,3,3,"금요일(13:00~14:15), 금요일(14:30~15:45)","18310, 18310",김민철,20250012,/40,미디어영상광고홍보학(복수전공생 포함)만 수강 가능 // 전공(복수포함)자,,0,,대면,424140,미디어영상광고홍보학,2026,2,2학기
424140,미디어영상광고홍보학,2026,2,EM319,픽션영상제작실습,B,전공선택,3,3,"금요일(16:00~17:15), 금요일(17:30~18:45)","18310, 18310",김민철,20250012,/40,미디어영상광고홍보학(복수전공생 포함)만 수강 가능 // 전공(복수포함)자,,0,,대면,424140,미디어영상광고홍보학,2026,2,2학기
424140,미디어영상광고홍보학,2026,2,EM320,에디팅실습Ⅱ,A,전공선택,3,3,"금요일(09:30~10:45), 금요일(11:00~12:15)","18301, 18301",류근환,20260033,/30,미디어영상광고홍보학(복수전공생 포함)만 수강 가능 / 파이널컷 기초 사용 가능자 // 전공(복수포함)자,,1,,대면,424140,미디어영상광고홍보학,2026,2,2학기
424140,미디어영상광고홍보학,2026,2,EM320,에디팅실습Ⅱ,B,전공선택,3,3,"금요일(13:00~14:15), 금요일(14:30~15:45)","18301, 18301",류근환,20260033,/30,미디어영상광고홍보학(복수전공생 포함)만 수강 가능 / 파이널컷 기초 사용 가능자 // 전공(복수포함)자,,1,,대면,424140,미디어영상광고홍보학,2026,2,2학기
424140,미디어영상광고홍보학,2026,2,EM324,디지털광고론,A,공통선택,2,3,"화요일(13:00~14:15), 화요일(14:30~15:45)","18310, 18310",이성미,20170128,/70,미디어영상광고홍보학(복수전공생 포함)만 수강 가능 // 전공(복수포함)자,,0,,대면,424140,미디어영상광고홍보학,2026,2,2학기
424140,미디어영상광고홍보학,2026,2,EM405,디지털미디어프로젝트,A,전공선택,4,3,"금요일(13:00~14:15), 금요일(14:30~15:45)","18418, 18418",황선태,20260031,/50,미디어영상광고홍보학(복수전공생 포함)만 수강 가능 // 전공(복수포함)자,,1,,대면,424140,미디어영상광고홍보학,2026,2,2학기
424140,미디어영상광고홍보학,2026,2,EM405,디지털미디어프로젝트,B,전공선택,4,3,"금요일(16:00~17:15), 금요일(17:30~18:45)","18418, 18418",황선태,20260031,/50,미디어영상광고홍보학(복수전공생 포함)만 수강 가능 // 전공(복수포함)자,,1,,대면,424140,미디어영상광고홍보학,2026,2,2학기
424140,미디어영상광고홍보학,2026,2,EM416,소셜미디어제작실습,A,전공선택,3,3,"금요일(09:30~10:45), 금요일(11:00~12:15)","18101, 18101",정일건,20260032,/35,미디어영상광고홍보학(복수전공생 포함)만 수강 가능 // 전공(복수포함)자,,1,,대면,424140,미디어영상광고홍보학,2026,2,2학기
424140,미디어영상광고홍보학,2026,2,EM416,소셜미디어제작실습,B,전공선택,3,3,"금요일(13:00~14:15), 금요일(14:30~15:45)","18101, 18101",정일건,20260032,/35,미디어영상광고홍보학(복수전공생 포함)만 수강 가능 // 전공(복수포함)자,,1,,대면,424140,미디어영상광고홍보학,2026,2,2학기
424140,미디어영상광고홍보학,2026,2,EM419,졸업논문,A,전공필수,4,(3),,,김민철,20250012,/200,전공(복수포함)자,,0,,N,424140,미디어영상광고홍보학,2026,2,2학기
424200,경영계열,2026,2,BA001,경영학원론,A,계열공통,1,3,"화요일(16:00~17:15), 화요일(17:30~18:45)","7105, 7105",양영수,20210032,/40,계열생 신청 후 잔여좌석에 한해 재학생(타과 포함) 신청 가능,,1,,대면,,,2026,2,2학기
424200,경영계열,2026,2,BA001,경영학원론,B,계열공통,1,3,"화요일(16:00~17:15), 화요일(17:30~18:45)","7305, 7305",신재우,20240071,/40,계열생 신청 후 잔여좌석에 한해 재학생(타과 포함) 신청 가능,,1,,대면,,,2026,2,2학기
424200,경영계열,2026,2,BA001,경영학원론,C,계열공통,1,3,"목요일(16:00~17:15), 목요일(17:30~18:45)","3203, 3203",박규호,20120084,/40,계열생 신청 후 잔여좌석에 한해 재학생(타과 포함) 신청 가능,,1,,대면,,,2026,2,2학기
424200,경영계열,2026,2,BA003,회계원리,A,계열공통,1,3,"월요일(17:30~18:45), 수요일(16:00~17:15)","3423, 3423",김병조,20140011,/30,계열생 신청 후 잔여좌석에 한해 재학생(타과 포함) 신청 가능,,1,,대면,,,2026,2,2학기
424200,경영계열,2026,2,BA003,회계원리,B,계열공통,1,3,"화요일(16:00~17:15), 화요일(17:30~18:45)","3203, 3203",최지환,20230015,/30,계열생 신청 후 잔여좌석에 한해 재학생(타과 포함) 신청 가능,,1,,대면,,,2026,2,2학기
424200,경영계열,2026,2,BA003,회계원리,C,계열공통,1,3,"월요일(16:00~17:15), 수요일(17:30~18:45)","3423, 3423",김병조,20140011,/30,계열생 신청 후 잔여좌석에 한해 재학생(타과 포함) 신청 가능,,1,,대면,,,2026,2,2학기
424200,경영계열,2026,2,BA006,비즈니스프로그래밍,A,계열공통,1,3,"화요일(16:00~17:15), 화요일(17:30~18:45)","7108, 7108",이남연,20170129,/40,경영계열만 수강 가능 // 전공(복수포함)자,,1,,대면,,,2026,2,2학기
424300,미디어계열,2026,2,MC004,영상의이해,A,계열공통,1,3,"화요일(16:00~17:15), 화요일(17:30~18:45)","18421, 18421",미정-신규,19800208,/50,미디어계열생만 수강 가능 // 미영광홍 수강 불가,,0,,대면,,,2026,2,2학기
424300,미디어계열,2026,2,MC005,광고학개론,A,계열공통,1,3,"금요일(09:30~10:45), 금요일(11:00~12:15)","18310, 18310",지원배,20170127,/70,미디어계열생만 수강 가능 // 미영광홍 수강 불가,,0,,대면,,,2026,2,2학기
425100,휴먼서비스계열,2026,2,SS006,인간행동과사회환경,A,계열공통,1,3,"화요일(16:00~17:15), 목요일(16:00~17:15)","18210, 18210",주경희,20180047,/60,,,0,,대면,410000,휴먼서비스대학,2026,2,2학기
425100,휴먼서비스계열,2026,2,SS006,인간행동과사회환경,B,계열공통,1,3,"화요일(17:30~18:45), 목요일(17:30~18:45)","18210, 18210",주경희,20180047,/60,,,0,,대면,410000,휴먼서비스대학,2026,2,2학기
425100,휴먼서비스계열,2026,2,SS006,인간행동과사회환경,C,계열공통,1,3,"화요일(13:00~14:15), 화요일(14:30~15:45)","18210, 18210",미정-신규,19800208,/60,,,0,,대면,410000,휴먼서비스대학,2026,2,2학기
425100,휴먼서비스계열,2026,2,SS008,장애인복지론,A,계열공통,1,3,"목요일(16:00~17:15), 목요일(17:30~18:45)","18106, 18106",백변경희,20010014,/50,,,0,,대면,410000,휴먼서비스대학,2026,2,2학기
425100,휴먼서비스계열,2026,2,SS009,특수체육의이해,A,계열공통,1,3,"화요일(13:00~14:15), 화요일(14:30~15:45)","10301, 10301",이성미,20250153,/30,,,1,,대면,410000,휴먼서비스대학,2026,2,2학기
425100,휴먼서비스계열,2026,2,SS010,일상생활과사회학적상상력,A,계열공통,1,3,"월요일(17:30~18:45), 수요일(16:00~17:15)","18421, 18421",김종엽,19990047,/50,,,1,,대면,410000,휴먼서비스대학,2026,2,2학기
425110,사회학,2026,2,HS214,사회조사방법Ⅰ,A,전공선택,2,3,"목요일(13:00~14:15), 목요일(14:30~15:45)","18307, 18307",미정-신규,19800208,/50,,,0,,대면,425110,사회학,2026,2,2학기
425110,사회학,2026,2,HS221,사회계층과불평등,A,전공선택,2,3,"금요일(13:00~14:15), 금요일(14:30~15:45)","3206, 3206",박서재,20250048,/50,,,1,,대면,425110,사회학,2026,2,2학기
425110,사회학,2026,2,HS234,시민사회운동실습,A,전공선택,2,3,"월요일(16:00~17:15), 수요일(17:30~18:45)","18417, 18417",권오용,20250129,/50,,,1,,대면,425110,사회학,2026,2,2학기
425110,사회학,2026,2,HS240,사회연구실습Ⅰ,A,전공필수,2,3,"월요일(14:30~15:45), 수요일(14:30~15:45)","18110, 18110",김종엽,19990047,/50,,,1,,대면,425110,사회학,2026,2,2학기
425110,사회학,2026,2,HS241,사회연구실습Ⅱ,A,전공필수,3,3,"화요일(13:00~14:15), 화요일(14:30~15:45)","3206, 3206",정찬대,20250047,/50,,,1,,대면,425110,사회학,2026,2,2학기
425110,사회학,2026,2,HS334,북한사회의이해,A,전공선택,"3, 4",3,"화요일(16:00~17:15), 화요일(17:30~18:45)","3206, 3206",정찬대,20250047,/50,,,1,,대면,425110,사회학,2026,2,2학기
425110,사회학,2026,2,HS337,노사관계와노동운동,A,전공선택,"3, 4",3,"목요일(16:00~17:15), 목요일(17:30~18:45)","18102, 18102",미정-신규,19800208,/50,,,0,,대면,425110,사회학,2026,2,2학기
425110,사회학,2026,2,HS338,현대사회학이론의이해,A,전공선택,2,3,"월요일(17:30~18:45), 수요일(16:00~17:15)","18417, 18417",권오용,20250129,/50,,,1,,대면,425110,사회학,2026,2,2학기
425110,사회학,2026,2,HS343,결혼사랑가족제도,A,전공선택,"3, 4",3,"목요일(16:00~17:15), 목요일(17:30~18:45)","18104, 18104",미정-신규,19800208,/50,,,0,,대면,425110,사회학,2026,2,2학기
425110,사회학,2026,2,HS364,사회학특강,A,전공선택,"3, 4",3,"월요일(13:00~14:15), 수요일(13:00~14:15)","18110, 18110",김민환,20160021,/50,"주제: <스포츠와사회문화의사회학> 강의예정/ 2,3,4학년 권장",,1,,대면,425110,사회학,2026,2,2학기
425110,사회학,2026,2,HS367,합리성과합리적행위탐구,A,전공선택,"3, 4",3,"금요일(09:30~10:45), 금요일(11:00~12:15)","3206, 3206",박서재,20250048,/50,,,1,,대면,425110,사회학,2026,2,2학기
425110,사회학,2026,2,HS419,졸업논문,A,전공필수,4,(3),,,김종엽,19990047,/60,전공(복수포함)자,,1,,N,425110,사회학,2026,2,2학기
425130,재활상담학,2026,2,TR126,응용행동분석,A,전공선택,"3, 4",3,"목요일(13:00~14:15), 목요일(14:30~15:45)","18417, 18417",미정-신규,19800208,/40,발달재활서비스 선택 과목,,0,,대면,425130,재활상담학,2026,2,2학기
425130,재활상담학,2026,2,TR211,놀이치료이론과실제,A,전공선택,2,3,"금요일(09:30~10:45), 금요일(11:00~12:15)","18417, 18417",이미선,20260060,/40,발달재활서비스자격 필수과목,,0,,대면,425130,재활상담학,2026,2,2학기
425130,재활상담학,2026,2,TR248,직업재활개론,A,전공선택,2,3,"월요일(09:30~10:45), 수요일(11:00~12:15)","18211-1, 18211-1",남세현,20170011,/30,장애인재활상담사 필수 과목,,0,,대면,425130,재활상담학,2026,2,2학기
425130,재활상담학,2026,2,TR248,직업재활개론,B,전공선택,2,3,"목요일(13:00~14:15), 목요일(14:30~15:45)","18212-1, 18212-1",장홍영,20250058,/15,AI융합장애인라이프케어전공 학생 우선수강 / 본 전공생 수강제한 없음 / AI융합장애인라이프케어전공 인정교과목,,1,,대면,425130,재활상담학,2026,2,2학기
425130,재활상담학,2026,2,TR260,재활연구방법론,A,전공필수,2,3,"화요일(11:00~12:15), 목요일(09:30~10:45)","18307, 18307",이인재,19940025,/40,"전공필수 과목, 장애인재활상담사 선택과목, 발달재활서비스 선택과목",,1,,대면,425130,재활상담학,2026,2,2학기
425130,재활상담학,2026,2,TR338,재활실습Ⅰ,A,전공선택,3,3,"금요일(16:00~17:15), 금요일(17:30~18:45)","18417, 18417","김선형, 이인재",19940025,/30,"25년 동계실습, 26년 1학기중 및 하계실습 진행자, 2학기중 실습합격자 대상, 장애인재활상담사 필수과목",,1,,대면,425130,재활상담학,2026,2,2학기
425130,재활상담학,2026,2,TR341,직업평가,A,전공선택,2,3,"화요일(11:00~12:15), 목요일(09:30~10:45)","18417, 18417",김선형,20250178,/30,"장애인재활상담사 선택과목, 발달재활서비스 선택과목",,1,,대면,425130,재활상담학,2026,2,2학기
425130,재활상담학,2026,2,TR355,상담이론과실제,A,전공선택,2,3,"금요일(13:00~14:15), 금요일(14:30~15:45)","18417, 18417",김용훈,20210025,/60,"장애인재활상담사, 발달재활서비스자격 공통선택과목",,0,,대면,425130,재활상담학,2026,2,2학기
425130,재활상담학,2026,2,TR369,재활정책,A,전공선택,4,3,"화요일(09:30~10:45), 목요일(11:00~12:15)","18102, 18102",이인재,19940025,/30,"발달재활서비스 공통선택과목, 장애인재활상담사 선택과목",,1,,대면,425130,재활상담학,2026,2,2학기
425130,재활상담학,2026,2,TR373,발달진단및심리평가,A,전공선택,3,3,"화요일(09:30~10:45), 목요일(11:00~12:15)","18212-1, 18212-1",김용훈,20210025,/40,"발달재활서비스 인증과목(2,3,4학년)(자격증필수과목) , 타과생 수강가능",,0,,대면,425130,재활상담학,2026,2,2학기
425130,재활상담학,2026,2,TR380,직무개발과배치,A,전공선택,3,3,"화요일(09:30~10:45), 목요일(11:00~12:15)","18417, 18417",김선형,20250178,/30,장애인재활상담사 필수과목,,1,,대면,425130,재활상담학,2026,2,2학기
425130,재활상담학,2026,2,TR382,놀이치료관찰및실습,A,전공선택,3,3,"화요일(16:00~17:15), 화요일(17:30~18:45)","18417, 18417",홍정은,20260061,/30,"발달재활서비스자격 필수과목, 외부기관실습",,1,,대면,425130,재활상담학,2026,2,2학기
425130,재활상담학,2026,2,TR383,발달기반놀이치료,A,전공선택,3,3,"화요일(13:00~14:15), 화요일(14:30~15:45)","18417, 18417",홍정은,20260061,/40,,,1,,대면,425130,재활상담학,2026,2,2학기
425130,재활상담학,2026,2,TR419,졸업논문,A,전공필수,4,(3),,,백변경희,20010014,/60,전공(복수포함)자,,0,,N,425130,재활상담학,2026,2,2학기
425130,재활상담학,2026,2,TR452,부모교육및상담,A,전공선택,"2, 3",3,"화요일(11:00~12:15), 목요일(09:30~10:45)","18212-1, 18212-1",김용훈,20210025,/40,,,0,,대면,425130,재활상담학,2026,2,2학기
425130,재활상담학,2026,2,TR454,직업상담,A,전공선택,2,3,"화요일(13:00~14:15), 화요일(14:30~15:45)","18104, 18104",최종태,20240023,/40,장애인재활상담사 필수과목,,1,,대면,425130,재활상담학,2026,2,2학기
425130,재활상담학,2026,2,TR455,노동법규와재활,A,전공선택,3,3,"화요일(16:00~17:15), 화요일(17:30~18:45)","18102, 18102",남용현,20250193,/40,,,0,,대면,425130,재활상담학,2026,2,2학기
425140,심리·아동학,2026,2,GP549,발달장애의진단및치료,A,학석연계,4,3,금요일(09:30~10:20),2202,,,/10,2202강의실 월 16:00~18:45,,0,,,425140,심리·아동학,2026,2,2학기
425140,심리·아동학,2026,2,SA105,보육학개론,A,전공선택,2,3,"화요일(09:30~10:45), 목요일(11:00~12:15)","17201, 17201",유희정,20170124,/50,"2,3,4학년 권장",,1,,대면,425140,심리·아동학,2026,2,2학기
425140,심리·아동학,2026,2,SB203,집단치료,A,전공선택,4,3,"금요일(13:00~14:15), 금요일(14:30~15:45)","3423, 3423",조영원,20250050,/50,AI융합장애인라이프케어 전공생 신청 가능(AI융합장애인라이프케어 인정과목),,1,,대면,425140,심리·아동학,2026,2,2학기
425140,심리·아동학,2026,2,SB206,심리통계,A,전공선택,2,3,"화요일(16:00~17:15), 화요일(17:30~18:45)","3423, 3423",황창주,20250172,/50,,,0,,대면,425140,심리·아동학,2026,2,2학기
425140,심리·아동학,2026,2,SB303,성격심리학,A,전공선택,2,3,"월요일(13:00~14:15), 수요일(13:00~14:15)","3204, 3204",오현숙,20040021,/50,심리·아동학 주(복수)전공생만 수강 신청 가능 // 전공(복수포함)자,,1,,대면,425140,심리·아동학,2026,2,2학기
425140,심리·아동학,2026,2,SB303,성격심리학,B,전공선택,2,3,"월요일(14:30~15:45), 수요일(14:30~15:45)","3204, 3204",오현숙,20040021,/50,"심리·아동학 주(복수)전공생, AI융합장애인라이프케어 전공생만 수강 신청 가능(AI융합장애인라이프케어 인정과목) // 전공(복수포함)자",,1,,대면,425140,심리·아동학,2026,2,2학기
425140,심리·아동학,2026,2,SB304,심리평가실습,A,전공선택,3,3,"금요일(09:30~10:45), 금요일(11:00~12:15)","20501, 20501",미정-신규,19800208,/60,심리·아동학 주(복수)전공생만 수강신청 // 전공(복수포함)자,,0,,대면,425140,심리·아동학,2026,2,2학기
425140,심리·아동학,2026,2,SB305,개인심리치료,A,전공선택,3,3,"월요일(14:30~15:45), 수요일(14:30~15:45)","18520, 18520",안도연,20210035,/50,"심리·아동학 주(복수)전공생, AI융합장애인라이프케어 전공생만 수강 신청 가능(AI융합장애인라이프케어 인정과목) // 전공(복수포함)자",,1,,대면,425140,심리·아동학,2026,2,2학기
425140,심리·아동학,2026,2,SB401,생리심리학,A,전공선택,3,3,"월요일(16:00~17:15), 수요일(17:30~18:45)","18310, 18310",김미경,20240147,/60,,,1,,대면,425140,심리·아동학,2026,2,2학기
425140,심리·아동학,2026,2,SB419,졸업논문,A,전공필수,4,(3),,,안도연,20210035,/90,심리 전공생 수강 // 전공(복수포함)자,,1,,N,425140,심리·아동학,2026,2,2학기
425140,심리·아동학,2026,2,SB424,범죄심리학,A,전공선택,4,3,"금요일(09:30~10:45), 금요일(11:00~12:15)","7215, 7215",하창현,20250169,/50,,,1,,대면,425140,심리·아동학,2026,2,2학기
425140,심리·아동학,2026,2,SB426,산업및조직심리학,A,전공선택,3,3,"목요일(16:00~17:15), 목요일(17:30~18:45)","20501, 20501",이은선,20240158,/50,,,1,,대면,425140,심리·아동학,2026,2,2학기
425140,심리·아동학,2026,2,SC207,언어지도,A,전공선택,2,3,"금요일(13:00~14:15), 금요일(14:30~15:45)","17201, 17201",이영진,20250051,/50,,,1,,대면,425140,심리·아동학,2026,2,2학기
425140,심리·아동학,2026,2,SC209,영유아발달,A,전공선택,2,3,"금요일(09:30~10:45), 금요일(11:00~12:15)","17201, 17201",김영주,20210018,/50,,,0,,대면,425140,심리·아동학,2026,2,2학기
425140,심리·아동학,2026,2,SC302,아동생활지도,A,전공선택,3,3,"화요일(11:00~12:15), 목요일(09:30~10:45)","17201, 17201","김상원, 유희정",20170124,/50,"3,4학년 권장",,1,,대면,425140,심리·아동학,2026,2,2학기
425140,심리·아동학,2026,2,SC304,아동수학지도,A,전공선택,3,3,"화요일(16:00~17:15), 화요일(17:30~18:45)","17201, 17201",김영주,20210018,/50,"2,3,4학년 권장",,0,,대면,425140,심리·아동학,2026,2,2학기
425140,심리·아동학,2026,2,SC312,영유아교수방법론,A,전공선택,3,3,"목요일(16:00~17:15), 목요일(17:30~18:45)","18103, 18103",문주형,20250182,/50,,,1,,대면,425140,심리·아동학,2026,2,2학기
425140,심리·아동학,2026,2,SC315,아동권리와복지,A,전공선택,3,3,"화요일(14:30~15:45), 목요일(14:30~15:45)","7215, 7215",김상원,20230013,/50,"심리·아동학 주(복수)전공생만 수강신청, 2,3,4학년 권장 // 전공(복수포함)자",,1,,대면,425140,심리·아동학,2026,2,2학기
425140,심리·아동학,2026,2,SC401,보육실습,A,전공선택,4,3,"월요일(17:30~18:45), 수요일(16:00~17:15)","17201, 17201",유희정,20170124,/50,,,1,,대면,425140,심리·아동학,2026,2,2학기
425140,심리·아동학,2026,2,SC419,졸업논문,A,전공필수,4,(3),,,안도연,20210035,/50,아동 전공생 수강 // 전공(복수포함)자,,1,,N,425140,심리·아동학,2026,2,2학기
425140,심리·아동학,2026,2,SC423,아동학의통계학적기초,A,전공선택,4,3,"화요일(09:30~10:45), 목요일(11:00~12:15)","7108, 7108",김상원,20230013,/50,심리·아동학 주(복수)전공생만 수강신청 // 전공(복수포함)자,,1,,대면,425140,심리·아동학,2026,2,2학기
425210,특수체육학,2026,2,GP550,전공특강Ⅰ,A,전공선택,4,3,토요일(09:30~10:20),10204,,,/10,10204강의실 화 19:00~21:45,,0,,대면,425210,특수체육학,2026,2,2학기
425210,특수체육학,2026,2,NP102,체육사,A,전공선택,2,3,"화요일(16:00~17:15), 화요일(17:30~18:45)","10201, 10201",정현성,20250190,/35,,,1,,대면,425210,특수체육학,2026,2,2학기
425210,특수체육학,2026,2,NP136,뉴스포츠,A,전공선택,2,2,"월요일(09:30~10:45), 월요일(11:00~12:15)","10301, 10301",배재윤,20260044,/30,,,1,,대면,425210,특수체육학,2026,2,2학기
425210,특수체육학,2026,2,NP137,동계스포츠,A,전공선택,"3, 4",3,"금요일(16:00~17:15), 금요일(17:30~18:45)","10202, 10202",조규청,20080107,/50,전공 예산으로 실습비 사용하므로 전공자(복수전공자)만 수강 가능 // 전공(복수포함)자,,1,,대면,425210,특수체육학,2026,2,2학기
425210,특수체육학,2026,2,NP214,운동생리학,A,전공필수,2,3,"금요일(16:00~17:15), 금요일(17:30~18:45)","10201, 10201",전유나,20250162,/35,특수체육학 전공 필수 과목,,1,,대면,425210,특수체육학,2026,2,2학기
425210,특수체육학,2026,2,NP214,운동생리학,B,전공필수,2,3,"화요일(16:00~17:15), 화요일(17:30~18:45)","10202, 10202",박현미,20250025,/35,AI융합시니어라이프케어 지정분반,,1,,대면,425210,특수체육학,2026,2,2학기
425210,특수체육학,2026,2,NP255,스포츠재활,A,전공선택,2,3,"목요일(09:30~10:45), 목요일(11:00~12:15)","10201, 10201",,,/40,,,0,,대면,425210,특수체육학,2026,2,2학기
425210,특수체육학,2026,2,NP256,스포츠심리학,A,전공필수,2,3,"화요일(14:30~15:45), 목요일(14:30~15:45)","10202, 10202",조규청,20080107,/40,,,1,,대면,425210,특수체육학,2026,2,2학기
425210,특수체육학,2026,2,NP263,좌식배구지도법,A,전공선택,2,2,"화요일(09:30~10:45), 화요일(11:00~12:15)","10301, 10301",김수겸,20130148,/24,이론수업 시 10201에서 진행,,1,,대면,425210,특수체육학,2026,2,2학기
425210,특수체육학,2026,2,NP264,유아체육Ⅱ,A,전공선택,2,2,"금요일(13:00~14:15), 금요일(14:30~15:45)","10301, 10301",강이용,20250175,/30,이론 수업 시 10202호,,1,,대면,425210,특수체육학,2026,2,2학기
425210,특수체육학,2026,2,NP266,장애인체육Ⅱ,A,전공선택,1,3,"수요일(13:00~14:15), 수요일(14:30~15:45)","10301, 10301",이성미,20250153,/30,특수체육학 1학년 전공 선택 과목/이론 수업 시 10201호,,1,,대면,425210,특수체육학,2026,2,2학기
425210,특수체육학,2026,2,NP269,노인스포츠,A,전공선택,3,3,"월요일(13:00~14:15), 월요일(14:30~15:45)","10201, 10201",배재윤,20260044,/30,이론 수업 시 10204호,,1,,대면,425210,특수체육학,2026,2,2학기
425210,특수체육학,2026,2,NP270,피트니스헬스케어,A,전공선택,2,3,"목요일(16:00~17:15), 목요일(17:30~18:45)","10204, 10204",조석준,20250201,/35,"강의실 사용: 10208(체력단련실),10206(무용실),이론 수업 강의실 10204호",,0,,대면,425210,특수체육학,2026,2,2학기
425210,특수체육학,2026,2,NP271,캠핑,A,전공선택,"2, 3",3,"금요일(13:00~14:15), 금요일(14:30~15:45)","10204, 10204",박상현,20210074,/25,전공(복수포함)자,,1,,대면,425210,특수체육학,2026,2,2학기
425210,특수체육학,2026,2,NP349,체육측정평가및통계학,A,전공선택,3,3,"금요일(13:00~14:15), 금요일(14:30~15:45)","10201, 10201",전유나,20250162,/35,,,1,,대면,425210,특수체육학,2026,2,2학기
425210,특수체육학,2026,2,NP372,게이트볼지도법,A,전공선택,3,3,"수요일(09:30~10:45), 수요일(11:00~12:15)","90010, 90010",김수겸,20130148,/20,,,1,,대면,425210,특수체육학,2026,2,2학기
425210,특수체육학,2026,2,NP380,축구지도법,A,전공선택,3,3,"수요일(13:00~14:15), 수요일(14:30~15:45)","90010, 90010",명왕성,20210019,/30,이론수업 시 10201호,,0,,대면,425210,특수체육학,2026,2,2학기
425210,특수체육학,2026,2,NP419,졸업논문,A,전공필수,4,(3),,,명왕성,20210019,/40,전공(복수포함)자,,0,,N,425210,특수체육학,2026,2,2학기
425210,특수체육학,2026,2,NP447,스포츠윤리학,A,전공선택,4,3,"금요일(09:30~10:45), 금요일(11:00~12:15)","10201, 10201",명왕성,20210019,/40,,,0,,대면,425210,특수체육학,2026,2,2학기
427100,AI·SW계열,2026,2,AS004,AI·SW수학,A,계열공통,1,3,"화요일(09:30~10:45), 목요일(11:00~12:15)","18212, 18212",김선만,20240166,/45,AI·SW계열생 수강,,1,,대면,427200,AI·SW학,2026,2,2학기
427100,AI·SW계열,2026,2,AS004,AI·SW수학,B,계열공통,1,3,"월요일(13:00~14:15), 수요일(13:00~14:15)","18212-1, 18212-1",이경옥,20000150,/45,AI·SW계열생 수강,,1,,대면,427200,AI·SW학,2026,2,2학기
427100,AI·SW계열,2026,2,AS004,AI·SW수학,C,계열공통,1,3,"월요일(14:30~15:45), 수요일(14:30~15:45)","18212-1, 18212-1",이경옥,20000150,/45,AI·SW계열생 수강,,1,,대면,427200,AI·SW학,2026,2,2학기
427100,AI·SW계열,2026,2,AS004,AI·SW수학,D,계열공통,1,3,"월요일(13:00~14:15), 수요일(13:00~14:15)","18420-1, 18420-1",나경욱,20080158,/45,AI·SW계열생 수강,,0,,대면,427200,AI·SW학,2026,2,2학기
427100,AI·SW계열,2026,2,AS004,AI·SW수학,E,계열공통,1,3,"화요일(11:00~12:15), 목요일(09:30~10:45)","18211-1, 18211-1",나경욱,20080158,/45,AI·SW계열생 수강,,0,,대면,427200,AI·SW학,2026,2,2학기
427100,AI·SW계열,2026,2,AS004,AI·SW수학,F,계열공통,1,3,"목요일(13:00~14:15), 목요일(14:30~15:45)","18418, 18418",한근식,20230033,/45,AI·SW계열생 수강,,0,,대면,427200,AI·SW학,2026,2,2학기
427100,AI·SW계열,2026,2,AS005,문제해결형프로그래밍,A,계열공통,1,3,"월요일(09:30~10:45), 수요일(11:00~12:15)","18307, 18307",이용걸,20210023,/35,AI·SW계열생 수강,,1,,대면,427200,AI·SW학,2026,2,2학기
427100,AI·SW계열,2026,2,AS005,문제해결형프로그래밍,B,계열공통,1,3,"월요일(11:00~12:15), 수요일(09:30~10:45)","18424, 18424",안현,20210024,/35,AI·SW계열생 수강,,0,,대면,427200,AI·SW학,2026,2,2학기
427100,AI·SW계열,2026,2,AS005,문제해결형프로그래밍,C,계열공통,1,3,"월요일(13:00~14:15), 수요일(13:00~14:15)","18422, 18422",이형우,20030008,/35,AI·SW계열생 수강,,1,,대면,427200,AI·SW학,2026,2,2학기
427100,AI·SW계열,2026,2,AS005,문제해결형프로그래밍,D,계열공통,1,3,"월요일(14:30~15:45), 수요일(14:30~15:45)","18312, 18312",강영경,19970108,/35,AI·SW계열생 수강,,1,,대면,427200,AI·SW학,2026,2,2학기
427100,AI·SW계열,2026,2,AS005,문제해결형프로그래밍,E,계열공통,1,3,"월요일(13:00~14:15), 수요일(13:00~14:15)","18312, 18312",강영경,19970108,/35,AI·SW계열생 수강,,1,,대면,427200,AI·SW학,2026,2,2학기
427100,AI·SW계열,2026,2,AS005,문제해결형프로그래밍,F,계열공통,1,3,"목요일(16:00~17:15), 목요일(17:30~18:45)","18314, 18314",연문숙,20250183,/35,AI시스템반도체학 학생만 수강신청 가능,,1,,대면,427200,AI·SW학,2026,2,2학기
427100,AI·SW계열,2026,2,AS005,문제해결형프로그래밍,G,계열공통,1,3,"화요일(16:00~17:15), 화요일(17:30~18:45)","18419, 18419",고병수,20260012,/35,AI·SW계열생 수강,,1,,대면,427200,AI·SW학,2026,2,2학기
427100,AI·SW계열,2026,2,AS005,문제해결형프로그래밍,H,계열공통,1,3,"화요일(13:00~14:15), 목요일(13:00~14:15)","18312, 18312",성낙준,20260013,/35,AI·SW계열생 수강,,1,,대면,427200,AI·SW학,2026,2,2학기
427100,AI·SW계열,2026,2,AS006,웹프로그래밍,A,계열공통,1,3,"월요일(11:00~12:15), 수요일(09:30~10:45)","18419, 18419",손승일,20020195,/35,AI·SW계열생 수강,,1,,대면,427200,AI·SW학,2026,2,2학기
427100,AI·SW계열,2026,2,AS006,웹프로그래밍,B,계열공통,1,3,"월요일(13:00~14:15), 수요일(13:00~14:15)","18521, 18521",백수진,20230139,/35,AI시스템반도체학 학생만 수강신청 가능,,1,,대면,427200,AI·SW학,2026,2,2학기
427100,AI·SW계열,2026,2,AS006,웹프로그래밍,C,계열공통,1,3,"화요일(11:00~12:15), 목요일(09:30~10:45)","18521, 18521",조성호,20020194,/35,AI·SW계열생 수강,,1,,대면,427200,AI·SW학,2026,2,2학기
427100,AI·SW계열,2026,2,AS006,웹프로그래밍,D,계열공통,1,3,"화요일(09:30~10:45), 목요일(11:00~12:15)","18521, 18521",조성호,20020194,/35,AI·SW계열생 수강,,1,,대면,427200,AI·SW학,2026,2,2학기
427100,AI·SW계열,2026,2,AS006,웹프로그래밍,E,계열공통,1,3,"목요일(16:00~17:15), 목요일(17:30~18:45)","18312, 18312",이애본,20250028,/35,AI·SW계열생 수강,,0,,대면,427200,AI·SW학,2026,2,2학기
427100,AI·SW계열,2026,2,AS006,웹프로그래밍,F,계열공통,1,3,"월요일(09:30~10:45), 수요일(11:00~12:15)","18419, 18419",미정-신규,19800208,/35,AI·SW계열생 수강,,0,,대면,427200,AI·SW학,2026,2,2학기
427100,AI·SW계열,2026,2,AS006,웹프로그래밍,G,계열공통,1,3,"화요일(14:30~15:45), 목요일(14:30~15:45)","18419, 18419",윤효석,20190207,/35,AI·SW계열생 수강,,1,,대면,427200,AI·SW학,2026,2,2학기
427100,AI·SW계열,2026,2,AS006,웹프로그래밍,H,계열공통,1,3,"월요일(16:00~17:15), 수요일(17:30~18:45)","18312, 18312",성낙준,20260013,/35,AI·SW계열생 수강,,1,,대면,427200,AI·SW학,2026,2,2학기
427100,AI·SW계열,2026,2,AS009,논리회로,A,계열공통,2,3,"화요일(09:30~10:45), 목요일(11:00~12:15)","18419, 18419",손승일,20020195,/40,,,1,,대면,427200,AI·SW학,2026,2,2학기
427100,AI·SW계열,2026,2,AS009,논리회로,B,계열공통,2,3,"화요일(11:00~12:15), 목요일(09:30~10:45)","18419, 18419",손승일,20020195,/40,,,1,,대면,427200,AI·SW학,2026,2,2학기
427100,AI·SW계열,2026,2,AS009,논리회로,C,계열공통,2,3,"월요일(13:00~14:15), 수요일(13:00~14:15)","18425, 18425",여협구,20090007,/40,,,1,,대면,427200,AI·SW학,2026,2,2학기
427100,AI·SW계열,2026,2,AS009,논리회로,D,계열공통,2,3,"화요일(14:30~15:45), 목요일(14:30~15:45)","18425, 18425",여협구,20090007,/40,,,1,,대면,427200,AI·SW학,2026,2,2학기
427100,AI·SW계열,2026,2,AS009,논리회로,E,계열공통,2,3,"화요일(13:00~14:15), 목요일(13:00~14:15)","18425, 18425",남진문,20250127,/40,,,0,,대면,427200,AI·SW학,2026,2,2학기
427100,AI·SW계열,2026,2,AS009,논리회로,F,계열공통,2,3,"화요일(14:30~15:45), 목요일(14:30~15:45)","18312, 18312",남진문,20250127,/40,,,0,,대면,427200,AI·SW학,2026,2,2학기
427100,AI·SW계열,2026,2,AS011,운영체제,A,계열공통,2,3,"월요일(16:00~17:15), 수요일(17:30~18:45)","18424, 18424",윤효석,20190207,/40,,,1,,대면,427200,AI·SW학,2026,2,2학기
427100,AI·SW계열,2026,2,AS011,운영체제,B,계열공통,2,3,"월요일(09:30~10:45), 수요일(11:00~12:15)","18520, 18520",조성호,20020194,/40,,,1,,대면,427200,AI·SW학,2026,2,2학기
427100,AI·SW계열,2026,2,AS011,운영체제,C,계열공통,2,3,"월요일(11:00~12:15), 수요일(09:30~10:45)","18520, 18520",조성호,20020194,/40,,,1,,대면,427200,AI·SW학,2026,2,2학기
427100,AI·SW계열,2026,2,AS011,운영체제,D,계열공통,2,3,"목요일(13:00~14:15), 목요일(14:30~15:45)","18521, 18521",김경아,20250192,/40,,,1,,대면,427200,AI·SW학,2026,2,2학기
427100,AI·SW계열,2026,2,AS011,운영체제,E,계열공통,2,3,"화요일(09:30~10:45), 목요일(11:00~12:15)","18312, 18312",최창원,19960009,/40,,,1,,대면,427200,AI·SW학,2026,2,2학기
427100,AI·SW계열,2026,2,AS011,운영체제,F,계열공통,2,3,"월요일(14:30~15:45), 수요일(14:30~15:45)","18424, 18424",윤효석,20190207,/40,,,1,,대면,427200,AI·SW학,2026,2,2학기
427100,AI·SW계열,2026,2,AS012,데이터베이스,A,계열공통,2,3,"월요일(11:00~12:15), 수요일(09:30~10:45)","18308, 18308",박성진,20000021,/40,,,1,,대면,427200,AI·SW학,2026,2,2학기
427100,AI·SW계열,2026,2,AS012,데이터베이스,B,계열공통,2,3,"월요일(13:00~14:15), 수요일(13:00~14:15)","18424, 18424",박성진,20000021,/40,,,1,,대면,427200,AI·SW학,2026,2,2학기
427100,AI·SW계열,2026,2,AS012,데이터베이스,C,계열공통,2,3,"목요일(13:00~14:15), 목요일(14:30~15:45)","18424, 18424",이경호,20250184,/40,,,1,,대면,427200,AI·SW학,2026,2,2학기
427100,AI·SW계열,2026,2,AS012,데이터베이스,D,계열공통,2,3,"목요일(16:00~17:15), 목요일(17:30~18:45)","18422, 18422",오윤식,20240027,/40,,,1,,대면,427200,AI·SW학,2026,2,2학기
427100,AI·SW계열,2026,2,AS012,데이터베이스,E,계열공통,2,3,"화요일(11:00~12:15), 목요일(09:30~10:45)","18422, 18422",고병수,20260012,/40,,,1,,대면,427200,AI·SW학,2026,2,2학기
427100,AI·SW계열,2026,2,AS012,데이터베이스,F,계열공통,2,3,"월요일(17:30~18:45), 수요일(16:00~17:15)","18424, 18424",미정-신규,19800208,/40,,,0,,대면,427200,AI·SW학,2026,2,2학기
427110,소프트웨어,2026,2,SH210,AISW실무형프로젝트,A,전공선택,4,6,,,이양선,20210020,/30,AI x 클라우드 네이티브 백엔드 취업 부트캠프 참여자만 신청,,1,,N,427200,AI·SW학,2026,2,2학기
427110,소프트웨어,2026,2,SH327,고급웹프로그래밍,A,전공선택,"3, 4",3,"화요일(09:30~10:45), 목요일(11:00~12:15)","18422, 18422",미정-신규,19800208,/40,,,0,,대면,427200,AI·SW학,2026,2,2학기
427110,소프트웨어,2026,2,SH329,딥러닝응용,A,전공선택,"3, 4",3,"월요일(17:30~18:45), 수요일(16:00~17:15)","18422, 18422",성낙준,20260013,/40,,,1,,대면,427200,AI·SW학,2026,2,2학기
427110,소프트웨어,2026,2,SH329,딥러닝응용,B,전공선택,"3, 4",3,"월요일(16:00~17:15), 수요일(17:30~18:45)","18419, 18419",김선만,20240166,/40,,,1,,대면,427200,AI·SW학,2026,2,2학기
427110,소프트웨어,2026,2,SH329,딥러닝응용,C,전공선택,"3, 4",3,"월요일(14:30~15:45), 수요일(14:30~15:45)","18419, 18419",김선만,20240166,/40,,,1,,대면,427200,AI·SW학,2026,2,2학기
427110,소프트웨어,2026,2,SH415,OJT1,A,전공선택,"3, 4",9,,,이양선,20210020,/30,2026년 4년제대 재학형 일학습병행(IPP) 참여 학생만 수강 가능,,1,,N,427200,AI·SW학,2026,2,2학기
427110,소프트웨어,2026,2,SH519,졸업논문,A,전공필수,4,(3),,,이양선,20210020,/99,,,1,,N,427200,AI·SW학,2026,2,2학기
427120,인공지능,2026,2,AI403,졸업논문,A,전공필수,4,(3),,,김선만,20240166,/30,,,1,,N,427200,AI·SW학,2026,2,2학기
427120,인공지능,2026,2,SH324,프로그래밍언어,A,전공선택,"3, 4",3,"화요일(13:00~14:15), 화요일(14:30~15:45)","18521, 18521",이경옥,20000150,/35,,,1,,대면,427200,AI·SW학,2026,2,2학기
427120,인공지능,2026,2,SH405,컴퓨터비전,A,전공선택,"3, 4",3,"월요일(11:00~12:15), 수요일(09:30~10:45)","18312, 18312",박기홍,20240073,/35,,,0,,대면,427200,AI·SW학,2026,2,2학기
427120,인공지능,2026,2,SH405,컴퓨터비전,B,전공선택,"3, 4",3,"화요일(11:00~12:15), 목요일(09:30~10:45)","18314, 18314",이용걸,20210023,/35,,,1,,대면,427200,AI·SW학,2026,2,2학기
427130,데이터사이언스,2026,2,DS403,졸업논문,A,전공필수,4,(3),,,이용걸,20210023,/30,,,1,,N,427200,AI·SW학,2026,2,2학기
427130,데이터사이언스,2026,2,SH311,보안프로그래밍,A,전공선택,"3, 4",3,"화요일(16:00~17:15), 화요일(17:30~18:45)","18424, 18424",이형우,20030008,/40,,,1,,대면,427200,AI·SW학,2026,2,2학기
427140,XR콘텐츠,2026,2,SH307,컴퓨터그래픽스,A,전공선택,"3, 4",3,"월요일(09:30~10:45), 수요일(11:00~12:15)","18422, 18422",류승택,20040026,/40,,,1,,대면,427200,AI·SW학,2026,2,2학기
427140,XR콘텐츠,2026,2,XR401,졸업논문,A,전공필수,4,(3),,,오석희,20240165,/30,,,1,,N,427200,AI·SW학,2026,2,2학기
427150,지능형IoT,2026,2,AT401,졸업논문,A,전공필수,4,(3),,,임익수,20230014,/30,,,0,,N,427200,AI·SW학,2026,2,2학기
427170,금융공학,2026,2,NM138,금융기초수학2,A,전공선택,2,3,"월요일(09:30~10:45), 수요일(11:00~12:15)","7315, 7315",홍경표,20260026,/50,,,1,,대면,427170,금융공학,2026,2,2학기
427170,금융공학,2026,2,NM217,금융공학2,A,전공선택,2,3,"월요일(11:00~12:15), 수요일(09:30~10:45)","7315, 7315",홍경표,20260026,/50,,,1,,대면,427170,금융공학,2026,2,2학기
427170,금융공학,2026,2,NM218,글로벌금융이슈,A,전공선택,2,3,금요일(14:30~15:45),7315,정재웅,20210034,/50,전공자 수강신청 // 전공(복수포함)자,,1,,블랜디드,427170,금융공학,2026,2,2학기
427170,금융공학,2026,2,NM218,글로벌금융이슈,B,전공선택,2,3,,,정재웅,20210034,/90,  // 교내온라인,,1,,교내온라인,427170,금융공학,2026,2,2학기
427170,금융공학,2026,2,NM222,금융프로그래밍,A,전공선택,2,3,"월요일(16:00~17:15), 수요일(17:30~18:45)","18308, 18308",윤성식,19960015,/50,,,0,,대면,427170,금융공학,2026,2,2학기
427170,금융공학,2026,2,NM235,고등미적분학,A,전공선택,2,3,"화요일(09:30~10:45), 목요일(11:00~12:15)","7315, 7315",엄원미,20260027,/50,,,0,,대면,427170,금융공학,2026,2,2학기
427170,금융공학,2026,2,NM318,편미분방정식,A,전공선택,3,3,"화요일(11:00~12:15), 목요일(09:30~10:45)","7315, 7315",엄원미,20260027,/50,,,0,,대면,427170,금융공학,2026,2,2학기
427170,금융공학,2026,2,NM322,C언어Ⅱ,A,전공선택,2,3,"월요일(17:30~18:45), 수요일(16:00~17:15)","18308, 18308",윤성식,19960015,/50,,,0,,대면,427170,금융공학,2026,2,2학기
427170,금융공학,2026,2,NM392,채권론,A,전공선택,3,3,"금요일(16:00~17:15), 금요일(17:30~18:45)","7315, 7315",정재웅,20210034,/50,전공자 수강신청 // 전공(복수포함)자,,1,,블랜디드,427170,금융공학,2026,2,2학기
427170,금융공학,2026,2,NM439,파생상품이론2,A,전공선택,4,3,금요일(13:00~14:15),7315,정재웅,20210034,/50,전공자 수강신청 // 전공(복수포함)자,,1,,블랜디드,427170,금융공학,2026,2,2학기
427170,금융공학,2026,2,NM439,파생상품이론2,B,전공선택,4,3,,,정재웅,20210034,/90,  // 교내온라인,,0,,교내온라인,427170,금융공학,2026,2,2학기
427170,금융공학,2026,2,NM450,졸업논문,A,전공필수,4,(3),,,정재웅,20210034,/50,전공(복수포함)자,,1,,N,427170,금융공학,2026,2,2학기
427170,금융공학,2026,2,NM451,금융수치해석기법,A,전공선택,4,3,"화요일(16:00~17:15), 화요일(17:30~18:45)","18308, 18308",윤성식,19960015,/50,,,0,,대면,427170,금융공학,2026,2,2학기
427180,빅데이터융합학,2026,2,NS221,SAS프로그래밍,A,전공선택,2,3,"월요일(13:00~14:15), 수요일(13:00~14:15)","7203, 7203",유한나,20220033,/40,,,1,,대면,427180,빅데이터융합학,2026,2,2학기
427180,빅데이터융합학,2026,2,NS237,회귀분석및실습,A,전공선택,2,3,"월요일(14:30~15:45), 수요일(14:30~15:45)","7203, 7203",변종석,19970018,/25,,,1,,대면,427180,빅데이터융합학,2026,2,2학기
427180,빅데이터융합학,2026,2,NS237,회귀분석및실습,B,전공선택,2,3,목요일(11:00~12:15),7202,박동련,19960011,/25,,,1,,블랜디드,427180,빅데이터융합학,2026,2,2학기
427180,빅데이터융합학,2026,2,NS306,다변량분석,A,전공선택,"3, 4",3,화요일(11:00~12:15),7202,박동련,19960011,/30,,,1,,블랜디드,427180,빅데이터융합학,2026,2,2학기
427180,빅데이터융합학,2026,2,NS345,통계자료분석실습,A,전공필수,3,3,"금요일(13:00~14:15), 금요일(14:30~15:45)","7202, 7202",박동련,19960011,/50,,,1,,대면,427180,빅데이터융합학,2026,2,2학기
427180,빅데이터융합학,2026,2,NS359,바이오통계자료분석,A,전공선택,"3, 4",3,"월요일(14:30~15:45), 수요일(14:30~15:45)","7202, 7202",유한나,20220033,/40,,,1,,대면,427180,빅데이터융합학,2026,2,2학기
427180,빅데이터융합학,2026,2,NS362,R데이터분석,A,전공선택,"3, 4",3,"화요일(13:00~14:15), 화요일(14:30~15:45)","7202, 7202",유한나,20220033,/30,,,1,,대면,427180,빅데이터융합학,2026,2,2학기
427180,빅데이터융합학,2026,2,NS367,데이터관리,A,전공선택,2,3,"화요일(16:00~17:15), 화요일(17:30~18:45)","7202, 7202",김유신,20240163,/35,,,0,,대면,427180,빅데이터융합학,2026,2,2학기
427180,빅데이터융합학,2026,2,NS372,통계패키지를활용한분석,A,전공선택,"3, 4",3,"월요일(11:00~12:15), 수요일(09:30~10:45)","7202, 7202",변종석,19970018,/35,,,0,,대면,427180,빅데이터융합학,2026,2,2학기
427180,빅데이터융합학,2026,2,NS419,졸업논문,A,전공필수,4,(3),,,변종석,19970018,/80,전공(복수포함)자,,1,,N,427180,빅데이터융합학,2026,2,2학기
427200,AI·SW학,2026,2,GP551,IoT통신특론,A,전공선택,4,3,토요일(09:30~10:20),18208,,,/10,18208 강의실  수16:00~18:45,,0,,대면,427200,AI·SW학,2026,2,2학기
427200,AI·SW학,2026,2,GP552,데이터엔지니어링특론,A,전공선택,4,3,토요일(11:00~11:50),18208,,,/10,18208강의실  수 13:00~15:45,,0,,대면,427200,AI·SW학,2026,2,2학기
427200,AI·SW학,2026,2,GP553,소셜컴퓨팅,A,학석연계,4,3,토요일(12:00~12:50),18208,,,/10,18208강의실  목13:00~목15:45,,0,,대면,427200,AI·SW학,2026,2,2학기
427200,AI·SW학,2026,2,SH202,고급프로그래밍,A,전공선택,2,3,"월요일(11:00~12:15), 수요일(09:30~10:45)","18314, 18314",이형우,20030008,/40,,,1,,대면,427200,AI·SW학,2026,2,2학기
427200,AI·SW학,2026,2,SH202,고급프로그래밍,B,전공선택,2,3,"월요일(09:30~10:45), 수요일(11:00~12:15)","18314, 18314",이형우,20030008,/40,,,1,,대면,427200,AI·SW학,2026,2,2학기
427200,AI·SW학,2026,2,SH202,고급프로그래밍,C,전공선택,2,3,"월요일(16:00~17:15), 수요일(17:30~18:45)","18422, 18422",미정-신규,19800208,/40,,,0,,대면,427200,AI·SW학,2026,2,2학기
427200,AI·SW학,2026,2,SH202,고급프로그래밍,D,전공선택,2,3,"화요일(13:00~14:15), 화요일(14:30~15:45)","18314, 18314",한성훈,20250191,/40,,,1,,대면,427200,AI·SW학,2026,2,2학기
427200,AI·SW학,2026,2,SH207,오픈소스SW개론,A,전공선택,2,3,"화요일(09:30~10:45), 목요일(11:00~12:15)","18424, 18424",안현,20210024,/40,,,0,,대면,427200,AI·SW학,2026,2,2학기
427200,AI·SW학,2026,2,SH209,감성컴퓨팅,A,전공선택,2,3,"월요일(17:30~18:45), 수요일(16:00~17:15)","18314, 18314",오석희,20240165,/40,융합전공 학생 수강가능,,1,,대면,427200,AI·SW학,2026,2,2학기
427200,AI·SW학,2026,2,SH309,기계학습,A,전공선택,"3, 4",3,"월요일(13:00~14:15), 수요일(13:00~14:15)","18419, 18419",미정-신규,19800208,/40,,,0,,대면,427200,AI·SW학,2026,2,2학기
427200,AI·SW학,2026,2,SH309,기계학습,B,전공선택,"3, 4",3,"월요일(14:30~15:45), 수요일(14:30~15:45)","18521, 18521",이용걸,20210023,/40,융합전공 학생 수강가능,,1,,대면,427200,AI·SW학,2026,2,2학기
427200,AI·SW학,2026,2,SH312,네트워크보안,A,전공선택,"3, 4",3,"금요일(09:30~10:45), 금요일(11:00~12:15)","18209, 18209",최창원,19960009,/30,,,1,,대면,427200,AI·SW학,2026,2,2학기
427200,AI·SW학,2026,2,SH314,모바일프로그래밍,A,전공선택,"3, 4",3,"목요일(16:00~17:15), 목요일(17:30~18:45)","18424, 18424",이경호,20250184,/40,,,1,,대면,427200,AI·SW학,2026,2,2학기
427200,AI·SW학,2026,2,SH314,모바일프로그래밍,B,전공선택,"3, 4",3,"목요일(13:00~14:15), 목요일(14:30~15:45)","18422, 18422",오윤식,20240027,/40,,,1,,대면,427200,AI·SW학,2026,2,2학기
427200,AI·SW학,2026,2,SH314,모바일프로그래밍,C,전공선택,"3, 4",3,"화요일(16:00~17:15), 화요일(17:30~18:45)","18314, 18314",한성훈,20250191,/40,,,1,,대면,427200,AI·SW학,2026,2,2학기
427200,AI·SW학,2026,2,SH315,리눅스프로그래밍,A,전공선택,"3, 4",3,"화요일(13:00~14:15), 화요일(14:30~15:45)","18424, 18424",조성호,20020194,/40,,,1,,대면,427200,AI·SW학,2026,2,2학기
427200,AI·SW학,2026,2,SH319,UI/UX프로그래밍,A,전공선택,"3, 4",3,"금요일(09:30~10:45), 금요일(11:00~12:15)","18424, 18424",미정-신규,19800208,/40,융합전공 학생 수강가능,,0,,대면,427200,AI·SW학,2026,2,2학기
427200,AI·SW학,2026,2,SH319,UI/UX프로그래밍,B,전공선택,"3, 4",3,"화요일(13:00~14:15), 화요일(14:30~15:45)","18422, 18422",임익수,20230014,/40,,,0,,대면,427200,AI·SW학,2026,2,2학기
427200,AI·SW학,2026,2,SH321,빅데이터플랫폼,A,전공선택,"3, 4",3,"화요일(13:00~14:15), 목요일(13:00~14:15)","18419, 18419",안현,20210024,/40,,,0,,대면,427200,AI·SW학,2026,2,2학기
427200,AI·SW학,2026,2,SH325,AIoT설계와응용,A,전공선택,"3, 4",3,"화요일(11:00~12:15), 목요일(09:30~10:45)","18208, 18208",최창원,19960009,/30,,,1,,대면,427200,AI·SW학,2026,2,2학기
427200,AI·SW학,2026,2,SH330,음성공학,A,전공선택,"3, 4",3,"금요일(09:30~10:45), 금요일(11:00~12:15)","18314, 18314",신대진,20250027,/40,,,0,,대면,427200,AI·SW학,2026,2,2학기
427200,AI·SW학,2026,2,SH335,디지털비즈니스개론,A,전공선택,"3, 4",3,"화요일(13:00~14:15), 화요일(14:30~15:45)","18207, 18207",홍승필,20240164,/30,,,1,,대면,427200,AI·SW학,2026,2,2학기
427200,AI·SW학,2026,2,SH339,인지감성컴퓨팅기획,A,전공선택,3,3,"월요일(16:00~17:15), 수요일(17:30~18:45)","18209, 18209",오석희,20240165,/30,,,1,,대면,427200,AI·SW학,2026,2,2학기
427200,AI·SW학,2026,2,SH342,앰비언트컴퓨팅기획,A,전공선택,3,3,"월요일(13:00~14:15), 수요일(13:00~14:15)","18207, 18207",이양선,20210020,/30,,,1,,대면,427200,AI·SW학,2026,2,2학기
427200,AI·SW학,2026,2,SH344,앰비언트컴퓨팅개발2,A,전공선택,"3, 4",3,"화요일(16:00~17:15), 화요일(17:30~18:45)","18209, 18209",이양선,20210020,/30,,,1,,대면,427200,AI·SW학,2026,2,2학기
427200,AI·SW학,2026,2,SH351,인지감성AI에이전트,A,전공선택,3,3,"월요일(14:30~15:45), 수요일(14:30~15:45)","18314, 18314",미정-신규,19800208,/40,,,0,,대면,427200,AI·SW학,2026,2,2학기
427200,AI·SW학,2026,2,SH352,자율지능IoT시스템,A,전공선택,"2, 3, 4",3,"월요일(09:30~10:45), 수요일(11:00~12:15)","18424, 18424",미정-신규,19800208,/40,,,0,,대면,427200,AI·SW학,2026,2,2학기
427200,AI·SW학,2026,2,SH353,시스템분석설계,A,전공선택,"3, 4",3,"월요일(09:30~10:45), 수요일(11:00~12:15)","18420, 18420",이성구,19990055,/40,,,1,,대면,427200,AI·SW학,2026,2,2학기
427200,AI·SW학,2026,2,SH353,시스템분석설계,B,전공선택,"3, 4",3,"월요일(11:00~12:15), 수요일(09:30~10:45)","18420, 18420",이성구,19990055,/40,,,1,,대면,427200,AI·SW학,2026,2,2학기
427200,AI·SW학,2026,2,SH402,AISW캡스톤디자인Ⅰ,A,전공선택,"3, 4",3,"금요일(13:00~14:15), 금요일(14:30~15:45)","18309, 18309",홍승필,20240164,/35,,,1,,대면,427200,AI·SW학,2026,2,2학기
427200,AI·SW학,2026,2,SH402,AISW캡스톤디자인Ⅰ,B,전공선택,"3, 4",3,"금요일(13:00~14:15), 금요일(14:30~15:45)","18312, 18312",강민구,20000145,/35,,,1,,대면,427200,AI·SW학,2026,2,2학기
427200,AI·SW학,2026,2,SH402,AISW캡스톤디자인Ⅰ,C,전공선택,"3, 4",3,"금요일(13:00~14:15), 금요일(14:30~15:45)","18422, 18422",고병수,20260012,/35,,,1,,대면,427200,AI·SW학,2026,2,2학기
427200,AI·SW학,2026,2,SH402,AISW캡스톤디자인Ⅰ,D,전공선택,"3, 4",3,"금요일(13:00~14:15), 금요일(14:30~15:45)","18424, 18424",미정-신규,19800208,/35,,,0,,대면,427200,AI·SW학,2026,2,2학기
427200,AI·SW학,2026,2,SH402,AISW캡스톤디자인Ⅰ,E,전공선택,"3, 4",3,"금요일(13:00~14:15), 금요일(14:30~15:45)","18521, 18521",미정-신규,19800208,/35,,,0,,대면,427200,AI·SW학,2026,2,2학기
427200,AI·SW학,2026,2,SH402,AISW캡스톤디자인Ⅰ,F,전공선택,"3, 4",3,"금요일(13:00~14:15), 금요일(14:30~15:45)","18308, 18308",미정-신규,19800208,/35,,,0,,대면,427200,AI·SW학,2026,2,2학기
427200,AI·SW학,2026,2,SH403,AISW캡스톤디자인Ⅱ,A,전공선택,"3, 4",3,"금요일(13:00~14:15), 금요일(14:30~15:45)","18314, 18314",박기홍,20240073,/40,,,0,,대면,427200,AI·SW학,2026,2,2학기
427200,AI·SW학,2026,2,XR202,XR콘텐츠응용,A,전공선택,2,3,"월요일(11:00~12:15), 수요일(09:30~10:45)","18422, 18422",임익수,20230014,/40,융합전공 학생 수강가능,,0,,대면,427200,AI·SW학,2026,2,2학기
427200,AI·SW학,2026,2,XR202,XR콘텐츠응용,B,전공선택,2,3,"월요일(14:30~15:45), 수요일(14:30~15:45)","18422, 18422",임익수,20230014,/40,,,0,,대면,427200,AI·SW학,2026,2,2학기
427300,AI시스템반도체학,2026,2,AC102,반도체수학,A,전공선택,1,3,"화요일(13:00~14:15), 목요일(13:00~14:15)","18209, 18209",정승민,20060142,/40,AI시스템반도체학 학생만 수강신청 가능 // 전공(복수포함)자,,1,,대면,427300,AI시스템반도체학,2026,2,2학기
427300,AI시스템반도체학,2026,2,AC203,기초회로실험,A,전공선택,2,3,"화요일(11:00~12:15), 목요일(09:30~10:45)","18425, 18425",정승민,20060142,/40,AI시스템반도체학 학생만 수강신청 가능 // 전공(복수포함)자,,0,,대면,427300,AI시스템반도체학,2026,2,2학기
427300,AI시스템반도체학,2026,2,AC209,디지털회로실험,A,전공선택,2,3,"금요일(13:00~14:15), 금요일(14:30~15:45)","18425, 18425",정승민,20060142,/40,AI시스템반도체학 학생만 수강신청 가능 // 전공(복수포함)자,,1,,대면,427300,AI시스템반도체학,2026,2,2학기
427300,AI시스템반도체학,2026,2,AC214,객체지향프로그래밍입문,A,전공선택,2,3,"월요일(09:30~10:45), 수요일(11:00~12:15)","18521, 18521",백수진,20230139,/40,AI시스템반도체학 학생만 수강신청 가능 // 전공(복수포함)자,,1,,대면,427300,AI시스템반도체학,2026,2,2학기
427300,AI시스템반도체학,2026,2,AC216,집적회로설계입문,A,전공선택,2,3,"화요일(16:00~17:15), 화요일(17:30~18:45)","18425, 18425",여협구,20090007,/40,AI시스템반도체학 학생만 수강신청 가능 // 전공(복수포함)자,,1,,대면,427300,AI시스템반도체학,2026,2,2학기
427300,AI시스템반도체학,2026,2,AC217,데이터분석및활용,A,전공선택,2,3,"목요일(13:00~14:15), 목요일(14:30~15:45)","18314, 18314",연문숙,20250183,/40,AI시스템반도체학 학생만 수강신청 가능 // 전공(복수포함)자,,1,,대면,427300,AI시스템반도체학,2026,2,2학기
427300,AI시스템반도체학,2026,2,AC218,반도체소자,A,전공선택,2,3,"월요일(17:30~18:45), 수요일(16:00~17:15)","18425, 18425",남진문,20250127,/40,AI시스템반도체학 학생만 수강신청 가능 // 전공(복수포함)자,,0,,대면,427300,AI시스템반도체학,2026,2,2학기
427300,AI시스템반도체학,2026,2,AC307,마이크로프로세서,A,전공선택,3,3,"월요일(16:00~17:15), 수요일(17:30~18:45)","18425, 18425",남진문,20250127,/40,AI시스템반도체학 학생만 수강신청 가능 // 전공(복수포함)자,,0,,대면,427300,AI시스템반도체학,2026,2,2학기
427300,AI시스템반도체학,2026,2,AC313,디지털시스템설계응용,A,전공선택,3,3,"월요일(09:30~10:45), 수요일(11:00~12:15)","18425, 18425",손승일,20020195,/40,AI시스템반도체학 학생만 수강신청 가능 // 전공(복수포함)자,,1,,대면,427300,AI시스템반도체학,2026,2,2학기
427300,AI시스템반도체학,2026,2,AC316,컴퓨터비전및실습,A,전공선택,3,3,"월요일(11:00~12:15), 수요일(09:30~10:45)","18425, 18425",백수진,20230139,/40,AI시스템반도체학 학생만 수강신청 가능 // 전공(복수포함)자,,1,,대면,427300,AI시스템반도체학,2026,2,2학기
427300,AI시스템반도체학,2026,2,AC319,아날로그IC설계기초,A,전공선택,3,3,"월요일(14:30~15:45), 수요일(14:30~15:45)","18425, 18425",여협구,20090007,/40,AI시스템반도체학 학생만 수강신청 가능 // 전공(복수포함)자,,0,,대면,427300,AI시스템반도체학,2026,2,2학기
427300,AI시스템반도체학,2026,2,AC408,SoC설계,A,전공선택,3,3,"금요일(16:00~17:15), 금요일(17:30~18:45)","18425, 18425",정승민,20060142,/40,AI시스템반도체학 학생만 수강신청 가능 // 전공(복수포함)자,,0,,대면,427300,AI시스템반도체학,2026,2,2학기
427400,첨단융합계열,2026,2,EC003,금융기초,A,계열공통,1,3,"월요일(16:00~17:15), 수요일(17:30~18:45)","7315, 7315",정재웅,20210034,/40,,,1,,대면,,,2026,2,2학기
427400,첨단융합계열,2026,2,EC003,금융기초,B,계열공통,1,3,"월요일(17:30~18:45), 수요일(16:00~17:15)","7315, 7315",정재웅,20210034,/40,,,1,,대면,,,2026,2,2학기
427400,첨단융합계열,2026,2,EC006,데이터분석프로그래밍기초,A,계열공통,1,3,"월요일(16:00~17:15), 수요일(17:30~18:45)","7203, 7203",김유신,20240163,/30,,,0,,대면,,,2026,2,2학기
427400,첨단융합계열,2026,2,EC006,데이터분석프로그래밍기초,B,계열공통,1,3,"월요일(17:30~18:45), 수요일(16:00~17:15)","7203, 7203",김유신,20240163,/30,,,0,,대면,,,2026,2,2학기
400000,교양과정,2026,3,KY101,채플,A,교양필수,,.5,"월요일(09:30~10:45), 월요일(11:00~12:15), 월요일(13:00~14:15), 월요일(14:30~15:45), 월요일(16:00~17:15), 월요일(17:30~18:45), 월요일(19:00~20:15), 월요일(20:30~21:45), 화요일(09:30~10:45), 화요일(11:00~12:15), 화요일(13:00~14:15), 화요일(14:30~15:45), 화요일(16:00~17:15), 화요일(17:30~18:45), 화요일(19:00~20:15), 화요일(20:30~21:45), 수요일(09:30~10:45), 수요일(11:00~12:15), 수요일(13:00~14:15), 수요일(14:30~15:45), 수요일(16:00~17:15), 수요일(17:30~18:45), 수요일(19:00~20:15), 수요일(20:30~21:45), 목요일(09:30~10:45), 목요일(11:00~12:15), 목요일(13:00~14:15), 목요일(14:30~15:45), 목요일(16:00~17:15), 목요일(17:30~18:45), 목요일(19:00~20:15), 목요일(20:30~21:45), 금요일(09:30~10:45), 금요일(11:00~12:15), 금요일(13:00~14:15), 금요일(14:30~15:45), 금요일(16:00~17:15), 금요일(17:30~18:45), 금요일(19:00~20:15), 금요일(20:30~21:45)","18307, 18307, 18307, 18307, 18307, 18307, 18307, 18307, 18307, 18307, 18307, 18307, 18307, 18307, 18307, 18307, 18307, 18307, 18307, 18307, 18307, 18307, 18307, 18307, 18307, 18307, 18307, 18307, 18307, 18307, 18307, 18307, 18307, 18307, 18307, 18307, 18307, 18307, 18307, 18307 ( 46 명 )",정준훈,20210095,5,전자출결 테스트,,0,,,,,2026,3,여름계절
400000,교양과정,2026,3,KY410,진로와상담,A,교양필수,4,(0),,,"순혜란, 차윤정",20090005,24/90,  // 외부온라인,,0,,외부온라인,,,2026,3,여름계절
400000,교양과정,2026,3,KY677,대학생활길잡이,A,교양필수,4,1,,,"김가영, 김종엽",19990047,5/90,  // 외부온라인,,1,,외부온라인,,,2026,3,여름계절
400000,교양과정,2026,3,KY909,사이버영어토익(초급),A,교양선택,"2, 3, 4",2,,,박원식,20230160,28/90,YBM외부온라인강의 // 외부온라인,,1,,외부온라인,,,2026,3,여름계절
400000,교양과정,2026,3,KY910,사이버영어토익(중급),A,교양선택,"2, 3, 4",2,,,박원식,20230160,5/90,YBM외부온라인강의 // 외부온라인,,1,,외부온라인,,,2026,3,여름계절
400000,교양과정,2026,3,KY921,사회생활길잡이,A,교양필수,4,1,,,"차윤정, 황애양",20090005,12/90,  // 외부온라인,,0,,외부온라인,,,2026,3,여름계절
400000,교양과정,2026,3,KYC84,브랜드인문학,A,교양선택,"2, 3, 4",3,,,강석원,20130152,29/30,  // 교내온라인,,1,,교내온라인,,,2026,3,여름계절
400000,교양과정,2026,3,KYD21,MOS 365 Power Point Associate,A,교양선택,"2, 3, 4",2,,,박원식,20230160,1/90,YBM외부온라인강의 // 외부온라인,,1,,외부온라인,,,2026,3,여름계절
400000,교양과정,2026,3,KYD22,MOS 365 Excel Associate,A,교양선택,"2, 3, 4",2,,,박원식,20230160,15/90,YBM외부온라인강의 // 외부온라인,,1,,외부온라인,,,2026,3,여름계절
402044,한중문화콘텐츠학과,2026,3,DC604,중국언어문화탐사,A,전공선택,"2, 3, 4",3,,,김남희,20200038,3/15,사전에 하계 언어문화 탐사를 신청한 인원 수강,,0,,N,422190,중국어문화콘텐츠학,2026,3,여름계절
402960,독일어문화학부,2026,3,HD901,현지독일어실습,A,전공선택,"2, 3, 4",3,,,전춘명,19960084,7/15,"협정대학 위탁수업으로 진행, 관련 공지(https://zrr.kr/dkxjr7)",,1,,N,422140,독일어문화학,2026,3,여름계절
403021,사회복지학,2026,3,TS516,사회복지법제,A,전공선택,"2, 3, 4",3,,,민병록,20250049,8/15,  // 교내온라인,,1,,교내온라인,403021,사회복지학,2026,3,여름계절
409010,학점교류,2026,3,OC112,생활속의심리학,A,교양선택,"1, 2, 3, 4",3,,,OCU컨소시엄,20150091,9/20,  // 외부온라인,,0,,외부온라인,,,2026,3,여름계절
409010,학점교류,2026,3,OC160,식생활과건강,A,교양선택,"1, 2, 3, 4",3,,,OCU컨소시엄,20150091,2/20,  // 외부온라인,,0,,외부온라인,,,2026,3,여름계절
409010,학점교류,2026,3,OC191,부동산의이해,A,교양선택,"1, 2, 3, 4",3,,,OCU컨소시엄,20150091,7/20,  // 외부온라인,,0,,외부온라인,,,2026,3,여름계절
409010,학점교류,2026,3,OC235,나를찾는행복레슨,A,교양선택,"1, 2, 3, 4",3,,,OCU컨소시엄,20150091,12/20,  // 외부온라인,,0,,외부온라인,,,2026,3,여름계절
422140,독일어문화학,2026,3,HD227,독일동화의세상,A,전공선택,"2, 3, 4",3,,,오동식,20100188,20/20,  // 교내온라인,,1,,교내온라인,422140,독일어문화학,2026,3,여름계절
422140,독일어문화학,2026,3,HD624,독일의여가문화와맥주,A,전공선택,"2, 3, 4",3,,,전춘명,19960084,19/20,전학년 수강 가능 // 교내온라인,,1,,교내온라인,422140,독일어문화학,2026,3,여름계절
422140,독일어문화학,2026,3,HD625,한독문화교류의자취를찾아서,A,전공선택,"2, 3, 4",3,,,전춘명,19960084,20/20,전학년 수강 가능 // 교내온라인,,1,,교내온라인,422140,독일어문화학,2026,3,여름계절
422140,독일어문화학,2026,3,HD904,손짓언어와글로벌커뮤니케이션,A,전공선택,"2, 3, 4",3,,,전춘명,19960084,20/20,전학년 수강 가능 // 교내온라인,,1,,교내온라인,422140,독일어문화학,2026,3,여름계절
422140,독일어문화학,2026,3,HD906,독일히든챔피언과창업,A,전공선택,"2, 3, 4",3,,,전춘명,19960084,20/20,전학년 수강 가능 // 교내온라인,,1,,교내온라인,422140,독일어문화학,2026,3,여름계절
422150,영미문화학,2026,3,HE211,영어학개론,A,전공필수,"2, 3, 4",3,,,정유선,20260068,1/50,  // 교내온라인,,1,,교내온라인,422150,영미문화학,2026,3,여름계절
422160,문예창작학,2026,3,HN483,OJT2,A,전공선택,4,3,,,정한아,20220222,1/15,,,0,,N,422160,문예창작학,2026,3,여름계절
422200,디지털영상문화콘텐츠학,2026,3,DV420,SF영화와미래사회,A,전공선택,"2, 3, 4",3,,,신광철,19960087,40/40,  // 교내온라인,,1,,교내온라인,422200,디지털영상문화콘텐츠학,2026,3,여름계절
422200,디지털영상문화콘텐츠학,2026,3,DV422,OJT2,A,전공선택,4,3,,,,,2/10,,,0,,N,422200,디지털영상문화콘텐츠학,2026,3,여름계절
423130,국제경제학,2026,3,EI408,OJT2,A,전공선택,4,3,,,정희진,20230012,1/5,,,0,,N,423160,경제금융학,2026,3,여름계절
423140,경제학,2026,3,EE476,OJT2,A,전공선택,4,3,,,한재명,20240069,1/20,,,0,,N,423160,경제금융학,2026,3,여름계절
423150,동아시아통상학,2026,3,HN601,중국현지연구및실습Ⅰ,A,전공선택,"1, 2, 3, 4",3,,,황선미,20190193,24/25,해외계절학기 / 동아시아통상학에 사전 신청한 학생에 한해 신청가능,,1,,N,423150,동아시아통상학,2026,3,여름계절
423220,공공인재빅데이터융합학,2026,3,PS227,파이썬데이터분석기초,A,전공선택,"2, 3, 4",3,,,노승철,20210027,7/50,"AISW계열 및 첨단융합계열 학생 수강금지(단, 우리 전공을 복수전공, 부전공 하는 학생은 수강 가능) // 교내온라인",,1,,교내온라인,423220,공공인재빅데이터융합학,2026,3,여름계절
423220,공공인재빅데이터융합학,2026,3,PS422,OJT2,A,전공선택,4,3,,,노승철,20210027,1/20,,,0,,N,423220,공공인재빅데이터융합학,2026,3,여름계절
424110,경영학,2026,3,EB201,경영통계학,A,전공선택,"2, 3, 4",3,,,정의범,20210033,16/20,  // 교내온라인,,1,,교내온라인,424110,경영학,2026,3,여름계절
424110,경영학,2026,3,EB212,회계원리,A,전공선택,"2, 3, 4",3,,,김병조,20140011,20/20,  // 교내온라인,,1,,교내온라인,424110,경영학,2026,3,여름계절
424110,경영학,2026,3,EB249,경영전산처리,A,전공선택,"2, 3, 4",3,,,염건,20230143,19/20,  // 교내온라인,,1,,교내온라인,424110,경영학,2026,3,여름계절
424110,경영학,2026,3,EB479,OJT2,A,전공선택,4,3,,,최지환,20230015,3/15,2026년 4년제대 재학형 일학습병행 참여학생만 수강 가능,,0,,N,424110,경영학,2026,3,여름계절
424110,경영학,2026,3,EB944,마케팅원론Ⅰ,A,전공선택,"2, 3, 4",3,,,유현미,20240070,35/25,대학일자리플러스센터 연계 교과목(거점특화 프로그램) / 마케팅원론1(EB944)AWS클라우드서비스(SH345-A)이 두과정은 중복수강 불가 // 교내온라인,,1,,교내온라인,424110,경영학,2026,3,여름계절
424120,IT경영학,2026,3,EZ441,OJT2,A,전공선택,4,3,,,신재우,20240071,6/15,,,0,,N,424120,IT경영학,2026,3,여름계절
424130,글로벌비즈니스학,2026,3,EH421,OJT2,A,전공선택,4,3,,,유한나,20220223,5/20,,,0,,N,424130,글로벌비즈니스학,2026,3,여름계절
424140,미디어영상광고홍보학,2026,3,EM104,영상의이해,A,공통선택,"2, 3, 4",3,,,채희상,20130174,6/30,"2026학번 수강 금지, 전공(복수포함)자 / 교내 온라인 // 전공(복수포함)자 // 교내온라인",,1,,교내온라인,424140,미디어영상광고홍보학,2026,3,여름계절
424140,미디어영상광고홍보학,2026,3,EM420,K-pop과한국대중음악,A,공통선택,"2, 3, 4",3,,,채희상,20130174,50/50,  // 교내온라인,,1,,교내온라인,424140,미디어영상광고홍보학,2026,3,여름계절
425140,심리·아동학,2026,3,SA105,보육학개론,A,전공필수,"2, 3, 4",3,,,유희정,20170124,13/50,  // 교내온라인,,1,,교내온라인,425140,심리·아동학,2026,3,여름계절
425140,심리·아동학,2026,3,SB204,발달심리학,A,전공선택,"2, 3, 4",3,,,어유경,20250014,19/50,  // 교내온라인,,1,,교내온라인,425140,심리·아동학,2026,3,여름계절
426110,수리금융학,2026,3,NM390,보험론,A,전공선택,"2, 3, 4",3,,,정재웅,20210034,12/50,  // 교내온라인,,1,,교내온라인,427170,금융공학,2026,3,여름계절
427110,소프트웨어,2026,3,SH211,AISW실무형프로젝트 2,A,전공선택,4,3,,,이양선,20210020,13/20,,,0,,대면,427200,AI·SW학,2026,3,여름계절
427200,AI·SW학,2026,3,SH345,AWS클라우드서비스,A,전공선택,"2, 3, 4",3,,,"오윤식, 이경호",20250184,28/25,대학일자리플러스센터 연계 교과목(거점특화 프로그램) / 마케팅원론1(EB944)AWS클라우드서비스(SH345-A)이 두과정은 중복수강 불가 // 교내온라인,,0,,교내온라인,427200,AI·SW학,2026,3,여름계절
427200,AI·SW학,2026,3,SH416,OJT2,A,전공선택,"3, 4",3,,,,,19/20,,,0,,N,427200,AI·SW학,2026,3,여름계절
