schedule_id,offering_id,day_of_week,start_time,end_time,classroom
1,3,금,13:00,14:40,7215
2,4,화,11:00,12:40,18420
3,5,목,13:00,14:40,18420
4,6,수,11:00,12:40,18420
5,7,금,17:30,19:10,7215
6,8,월,09:30,10:45,18102
7,8,수,11:00,12:15,18102
8,9,월,09:30,10:45,18106
9,9,수,11:00,12:15,18106
10,10,월,09:30,10:45,18103
11,10,수,11:00,12:15,18103
12,11,월,11:00,12:15,3505
13,11,수,09:30,10:45,3505
14,12,월,11:00,12:15,18104
15,12,수,09:30,10:45,18104
16,13,월,11:00,12:15,18103
17,13,수,09:30,10:45,18103
18,14,화,09:30,10:45,18103
19,14,목,11:00,12:15,18103
20,15,화,09:30,10:45,18104
21,15,목,11:00,12:15,18104
22,16,화,09:30,10:45,18106
23,16,목,11:00,12:15,18106
24,17,화,11:00,12:15,18103
25,17,목,09:30,10:45,18103
26,18,화,11:00,12:15,18104
27,18,목,09:30,10:45,18104
28,19,화,11:00,12:15,18106
29,19,목,09:30,10:45,18106
30,20,월,13:00,14:15,18102
31,20,수,13:00,14:15,18102
32,21,월,13:00,14:15,18104
33,21,수,13:00,14:15,18104
34,22,월,13:00,14:15,3505
35,22,수,13:00,14:15,3505
36,23,월,14:30,15:45,18102
37,23,수,14:30,15:45,18102
38,24,월,14:30,15:45,18104
39,24,수,14:30,15:45,18104
40,25,화,11:00,12:40,18212
41,26,화,17:30,19:10,18421
42,27,수,17:30,19:10,18211
43,28,금,17:30,19:10,18211
44,29,월,17:30,18:20,18207
45,30,월,17:30,18:20,18307
46,31,월,16:00,16:50,18425
47,32,수,17:30,18:20,3405
48,33,수,17:30,18:20,3409
49,34,수,17:30,18:20,3408
50,35,수,17:30,18:20,3407
51,36,수,17:30,18:20,3204
52,37,수,13:00,14:40,18211
53,38,금,11:00,12:40,18211
54,39,월,16:00,16:50,20505
55,40,월,17:30,18:20,4107
56,41,월,09:30,10:45,18309
57,42,화,14:30,15:45,18309
58,43,수,13:00,14:15,18308
59,44,월,13:00,14:15,18309
60,45,목,09:30,10:45,18309
61,46,목,11:00,12:15,18309
62,47,월,11:00,12:15,18309
63,48,화,13:00,14:15,18309
64,49,수,11:00,12:15,18308
65,50,수,11:00,12:15,18307
66,51,목,13:00,14:15,18309
67,52,수,09:30,10:45,18308
68,53,화,11:00,12:15,18309
69,54,수,14:30,15:45,18308
70,55,월,18:50,19:40,3405
71,56,월,18:50,19:40,20402
72,57,월,18:50,19:40,3407
73,58,수,16:00,16:50,3321
74,59,월,16:00,16:50,3403
75,60,월,16:00,16:50,18105
76,61,월,16:00,16:50,3405
77,62,화,18:50,19:40,3408
78,63,화,18:50,19:40,3409
79,64,화,18:50,19:40,18110
80,65,월,16:00,16:50,18101
81,66,월,16:00,16:50,3408
82,67,월,16:00,16:50,3409
83,68,월,16:00,16:50,3410
84,69,수,17:30,18:20,3406
85,70,수,17:30,18:20,3206
86,71,수,16:00,16:50,7103
87,72,수,16:00,16:50,3406
88,73,수,16:00,16:50,3407
89,74,월,17:30,18:20,20502
90,75,목,18:50,19:40,20505
91,76,수,17:30,18:20,3503
92,77,수,16:00,16:50,3204
93,78,수,16:00,16:50,20502
94,79,수,16:00,16:50,3403
95,80,수,17:30,18:20,18212
96,81,수,17:30,18:20,20505
97,83,수,17:30,18:20,3412
98,84,수,17:30,18:20,3411
99,85,수,17:30,18:20,3410
100,86,수,17:30,18:20,3506
101,87,화,18:50,19:40,7104
102,88,수,16:00,16:50,20505
103,89,화,18:50,19:40,7106
104,90,금,13:00,13:50,7106
105,91,금,13:00,13:50,8101
106,92,화,18:50,19:40,18101
107,93,수,18:50,19:40,18106
108,94,수,18:50,19:40,8101
109,95,수,16:00,16:50,18212-1
110,96,수,16:00,16:50,18211-1
111,97,수,16:00,16:50,18103
112,98,수,16:00,16:50,18104
113,99,수,16:00,16:50,18101
114,100,수,16:00,16:50,18102
115,101,수,18:50,19:40,7305
116,102,금,13:00,13:50,3411
117,103,금,13:00,13:50,7105
118,104,수,18:50,19:40,7316
119,105,월,18:50,19:40,7315
120,106,월,16:00,16:50,7203
121,107,화,18:50,19:40,7202
122,108,화,18:50,19:40,10204
123,109,수,17:30,18:20,10201
124,110,월,16:00,16:50,18207
125,111,월,16:00,16:50,18208
126,112,월,16:00,16:50,18209
127,113,월,16:00,16:50,18314
128,114,월,16:00,16:50,18419
129,115,월,17:30,18:20,18424
130,116,월,17:30,18:20,18208
131,117,월,16:00,16:50,18422
132,118,월,17:30,18:20,18209
133,119,화,13:00,14:15,20505
134,119,화,14:30,15:45,20505
135,120,화,13:00,14:15,3408
136,120,화,14:30,15:45,3408
137,121,화,13:00,14:15,3412
138,121,화,14:30,15:45,3412
139,122,화,13:00,14:15,3410
140,122,화,14:30,15:45,3410
141,123,금,13:00,14:15,3408
142,123,금,14:30,15:45,3408
143,124,목,16:00,17:15,20505
144,124,목,17:30,18:45,20505
145,125,화,16:00,17:15,3408
146,125,화,17:30,18:45,3408
147,126,화,16:00,17:15,3412
148,126,화,17:30,18:45,3412
149,127,화,16:00,17:15,3410
150,127,화,17:30,18:45,3410
151,128,목,13:00,14:15,3409
152,128,목,14:30,15:45,3409
153,129,목,13:00,14:15,20505
154,129,목,14:30,15:45,20505
155,130,목,13:00,14:15,3410
156,130,목,14:30,15:45,3410
157,131,목,13:00,14:15,3412
158,131,목,14:30,15:45,3412
159,132,목,13:00,14:15,3407
160,132,목,14:30,15:45,3407
161,133,목,16:00,17:15,3410
162,133,목,17:30,18:45,3410
163,134,목,16:00,17:15,3412
164,134,목,17:30,18:45,3412
165,135,목,16:00,17:15,3407
166,135,목,17:30,18:45,3407
167,136,화,16:00,17:15,3407
168,136,화,17:30,18:45,3407
169,137,금,09:30,10:45,20505
170,137,금,11:00,12:15,20505
171,138,화,13:00,14:15,3407
172,138,화,14:30,15:45,3407
173,139,금,09:30,10:45,3408
174,139,금,11:00,12:15,3408
175,140,수,09:30,10:45,18309
176,141,월,13:00,14:15,18307
177,142,목,11:00,12:15,18307
178,143,목,13:00,14:15,18307
179,144,수,14:30,15:45,18307
180,145,화,14:30,15:45,7108
181,146,월,14:30,15:45,18307
182,147,월,14:30,15:45,18308
183,148,수,13:00,14:15,18309
184,149,화,13:00,14:15,7108
185,150,수,13:00,14:15,18307
186,151,목,14:30,15:45,18309
187,152,월,16:00,17:15,18308
188,153,수,11:00,12:15,18309
189,154,화,09:30,10:45,3506
190,154,목,11:00,12:15,3506
191,155,화,09:30,10:45,3405
192,155,목,11:00,12:15,3405
193,156,화,09:30,10:45,3308
194,156,목,11:00,12:15,3308
195,157,화,09:30,10:45,20305
196,157,목,11:00,12:15,20305
197,158,화,09:30,10:45,20505
198,158,목,11:00,12:15,20505
199,159,화,09:30,10:45,20406
200,159,목,11:00,12:15,20406
201,160,화,09:30,10:45,3406
202,160,목,11:00,12:15,3406
203,161,화,09:30,10:45,3408
204,161,목,11:00,12:15,3408
205,162,화,09:30,10:45,3410
206,162,목,11:00,12:15,3410
207,163,화,11:00,12:40,3207
208,164,목,17:30,19:10,3423
209,165,수,17:30,19:10,18420
210,166,금,11:00,12:40,18420
211,167,금,13:00,14:40,18420
212,168,수,16:00,16:50,3207
213,169,월,16:00,16:50,4107
214,170,월,18:50,19:40,3409
215,171,월,18:50,19:40,3410
216,172,월,18:50,19:40,3411
217,173,월,18:50,19:40,20505
218,174,월,18:50,19:40,20401
219,175,월,18:50,19:40,20506
220,176,월,18:50,19:40,3203
221,177,월,18:50,19:40,3201
222,178,월,17:30,18:20,3503
223,179,월,17:30,18:20,20403
224,180,월,18:50,19:40,3408
225,181,월,18:50,19:40,3506
226,182,월,18:50,19:40,3403
227,183,월,16:00,16:50,채플실
228,184,수,16:00,16:50,채플실
229,185,월,17:30,18:20,4105
230,185,수,16:00,16:50,4105
231,186,월,14:30,15:20,채플실
232,187,수,14:30,15:20,채플실
233,189,수,17:30,18:20,18106
234,190,수,17:30,18:20,18102
235,191,수,17:30,18:20,18103
236,192,수,17:30,18:20,18212-1
237,193,수,17:30,18:20,18420-1
238,194,수,17:30,18:20,18101
239,195,수,17:30,18:20,10204
240,196,월,17:30,18:20,10202
241,197,수,16:00,16:50,7301
242,198,수,16:00,16:50,7215
243,199,수,16:00,16:50,7305
244,200,수,18:50,19:40,7315
245,201,수,16:00,16:50,8101
246,202,수,16:00,16:50,7203
247,203,수,17:30,18:20,7203
248,204,월,16:00,16:50,18312
249,313,화,17:30,19:10,18420
250,314,월,17:30,18:20,채플실
251,315,월,14:30,15:45,3412
252,315,수,14:30,15:45,3412
253,316,월,11:00,12:15,10203
254,316,수,09:30,10:45,10203
255,318,금,16:00,17:15,18523
256,318,금,17:30,18:45,18523
257,319,목,09:30,10:45,10301
258,319,목,11:00,12:15,10301
259,320,금,13:00,14:15,10204
260,320,금,14:30,15:45,10204
261,321,월,16:00,17:15,18519
262,321,수,17:30,18:45,18519
263,322,수,13:00,14:15,90010
264,322,수,14:30,15:45,90010
265,324,월,13:00,14:15,18421
266,324,수,13:00,14:15,18421
267,325,월,09:30,10:45,18418
268,325,수,11:00,12:15,18418
269,326,화,13:00,14:15,18421
270,326,화,14:30,15:45,18421
271,328,화,13:00,14:15,18102
272,328,목,13:00,14:15,18102
273,329,화,13:00,14:15,18520
274,329,화,14:30,15:45,18520
275,332,금,09:30,10:45,10204
276,332,금,11:00,12:15,10204
277,334,화,13:00,14:15,18212
278,334,화,14:30,15:45,18212
279,335,화,13:00,14:15,18519
280,335,화,14:30,15:45,18519
281,336,목,13:00,14:15,10301
282,336,목,14:30,15:45,10301
283,337,목,13:00,14:15,3506
284,337,목,14:30,15:45,3506
285,339,화,13:00,14:15,18211-1
286,342,월,09:30,10:45,20506
287,342,수,11:00,12:15,20506
288,343,월,11:00,12:15,20506
289,343,수,09:30,10:45,20506
290,344,월,13:00,14:15,20506
291,344,수,13:00,14:15,20506
292,345,월,14:30,15:45,20506
293,345,수,14:30,15:45,20506
294,346,금,13:00,14:15,18211
295,346,금,14:30,15:45,18211
296,347,월,13:00,14:15,18418
297,347,수,13:00,14:15,18418
298,349,월,14:30,15:45,3321
299,350,월,13:00,14:15,3506
300,350,수,13:00,14:15,3506
301,351,월,14:30,15:45,3408
302,351,수,14:30,15:45,3408
303,352,수,16:00,17:15,20404
304,353,금,13:00,14:40,4107
305,354,화,11:00,12:40,18102
306,355,월,13:00,14:15,3503
307,355,수,13:00,14:15,3503
308,356,월,16:00,17:15,20404
309,358,화,13:00,14:15,18104
310,358,화,14:30,15:45,18104
311,359,화,09:30,10:45,3505
312,359,목,11:00,12:15,3505
313,361,화,13:00,14:15,18212-1
314,361,화,14:30,15:45,18212-1
315,362,월,14:30,15:45,3308
316,362,수,14:30,15:45,3308
317,363,목,13:00,14:15,3505
318,363,목,14:30,15:45,3505
319,364,화,13:00,14:40,10205
320,365,목,13:00,14:15,7215
321,365,목,14:30,15:45,7215
322,366,금,13:00,14:15,18212
323,366,금,14:30,15:45,18212
324,368,월,14:30,15:45,18420
325,368,수,14:30,15:45,18420
326,369,화,13:00,14:15,18106
327,369,화,14:30,15:45,18106
328,372,화,16:00,17:15,3203
329,372,화,17:30,18:45,3203
330,373,화,16:00,17:15,18211
331,373,화,17:30,18:45,18211
332,374,월,09:30,10:45,10301
333,374,월,11:00,12:15,10301
334,375,금,13:00,14:15,3308
335,375,금,14:30,15:45,3308
336,377,월,11:00,12:15,18102
337,377,수,09:30,10:45,18102
338,378,월,11:00,12:15,18418
339,378,수,09:30,10:45,18418
340,379,월,13:00,14:15,10204
341,379,월,14:30,15:45,10204
342,381,화,16:00,17:15,18307
343,381,화,17:30,18:45,18307
344,382,월,13:00,14:40,4105
345,384,화,13:00,14:40,17204
346,385,화,13:00,14:15,3505
347,385,화,14:30,15:45,3505
348,386,화,13:00,14:15,18211
349,386,화,14:30,15:45,18211
350,388,목,16:00,17:15,18523
351,388,목,17:30,18:45,18523
352,389,화,16:00,17:15,3505
353,389,화,17:30,18:45,3505
354,390,목,13:00,14:15,18523
355,390,목,14:30,15:45,18523
356,392,화,13:00,14:15,18418
357,392,화,14:30,15:45,18418
358,393,화,11:00,12:15,18211
359,394,화,16:00,17:15,3423
360,394,화,17:30,18:45,3423
361,395,화,13:00,14:15,18523
362,395,화,14:30,15:45,18523
363,397,화,13:00,14:15,3423
364,397,화,14:30,15:45,3423
365,399,화,09:30,10:45,18212
366,399,목,11:00,12:15,18212
367,400,목,13:00,14:15,18106
368,400,목,14:30,15:45,18106
369,401,화,13:00,14:15,3405
370,401,목,13:00,14:15,3405
371,402,월,13:00,14:15,3412
372,402,수,13:00,14:15,3412
373,403,화,11:00,12:15,3412
374,403,목,09:30,10:45,3412
375,404,월,11:00,12:15,8110
376,404,수,09:30,10:45,8110
377,405,화,11:00,12:15,20502
378,405,목,09:30,10:45,20502
379,406,화,09:30,10:45,20502
380,406,목,11:00,12:15,20502
381,407,월,13:00,14:15,8110
382,407,수,13:00,14:15,8110
383,408,화,13:00,14:15,20506
384,408,목,13:00,14:15,20506
385,410,화,11:00,12:15,18519
386,410,목,09:30,10:45,18519
387,411,월,11:00,12:15,3412
388,411,수,09:30,10:45,3412
389,412,화,13:00,14:15,3409
390,412,화,14:30,15:45,3409
391,415,화,13:00,14:15,3506
392,415,화,14:30,15:45,3506
393,418,월,09:30,10:45,8110
394,418,수,11:00,12:15,8110
395,420,금,09:30,10:45,20404
396,420,금,11:00,12:15,20404
397,424,금,13:00,14:15,3412
398,424,금,14:30,15:45,3412
399,425,월,13:00,14:15,3408
400,425,수,13:00,14:15,3408
401,427,금,16:00,17:15,3308
402,427,금,17:30,18:45,3308
403,435,월,11:00,12:15,7107
404,435,수,09:30,10:45,7107
405,437,월,09:30,10:45,20401
406,437,수,11:00,12:15,20401
407,438,화,11:00,12:15,20402
408,438,목,09:30,10:45,20402
409,439,화,11:00,12:15,20501
410,439,목,09:30,10:45,20501
411,440,화,09:30,10:45,20307
412,440,목,11:00,12:15,20307
413,441,수,09:30,10:20,20307
414,442,화,13:00,14:15,20507
415,442,화,14:30,15:45,20507
416,443,월,13:00,14:15,7108
417,443,수,13:00,14:15,7108
418,444,월,14:30,15:45,20502
419,444,수,14:30,15:45,20502
420,445,화,13:00,14:15,18311
421,445,목,13:00,14:15,18311
422,446,화,14:30,15:45,18311
423,446,목,14:30,15:45,18311
424,447,월,16:00,17:15,20402
425,447,수,17:30,18:45,20402
426,448,월,13:00,14:15,18311
427,448,수,13:00,14:15,18311
428,449,월,14:30,15:45,18311
429,449,수,14:30,15:45,18311
430,450,월,11:00,12:15,20402
431,450,수,09:30,10:45,20402
432,451,금,16:00,16:50,20402
433,453,월,13:00,14:15,3206
434,453,수,13:00,14:15,3206
435,454,월,13:00,14:15,3207
436,455,월,11:00,12:15,7106
437,455,수,09:30,10:45,7106
438,456,월,17:30,18:45,20405
439,456,수,16:00,17:15,20405
440,457,월,13:00,14:15,18105
441,457,수,13:00,14:15,18105
442,458,화,13:00,14:15,18105
443,458,화,14:30,15:45,18105
444,459,월,11:00,12:15,18110
445,459,수,09:30,10:45,18110
446,461,월,13:00,14:15,7215
447,461,수,13:00,14:15,7215
448,462,월,11:00,12:15,20301
449,462,수,09:30,10:45,20301
450,463,월,11:00,12:15,7315
451,463,수,09:30,10:45,7315
452,464,월,13:00,14:15,10201
453,464,월,14:30,15:45,10201
454,465,화,13:00,14:15,10201
455,465,화,14:30,15:45,10201
456,466,월,11:00,12:15,20401
457,466,수,09:30,10:45,20401
458,467,금,09:30,10:45,18523
459,467,금,11:00,12:15,18523
460,468,화,11:00,12:15,7106
461,468,목,09:30,10:45,7106
462,469,월,11:00,12:15,7105
463,469,수,09:30,10:45,7105
464,470,월,14:30,15:45,7305
465,470,수,14:30,15:45,7305
466,471,화,11:00,12:15,20301
467,471,목,09:30,10:45,20301
468,472,화,09:30,10:45,7315
469,472,목,11:00,12:15,7315
470,473,월,09:30,10:45,20402
471,473,수,11:00,12:15,20402
472,474,금,13:00,14:15,20306
473,474,금,14:30,15:45,20306
474,475,화,09:30,10:45,20306
475,475,목,11:00,12:15,20306
476,476,수,11:00,12:40,3408
477,477,월,11:00,12:40,3408
478,478,화,11:00,12:15,20507
479,478,목,09:30,10:45,20507
480,479,화,13:00,14:15,20306
481,479,화,14:30,15:45,20306
482,481,목,13:00,14:15,20404
483,481,목,14:30,15:45,20404
484,482,목,13:00,14:15,7108
485,482,목,14:30,15:45,7108
486,483,수,11:00,11:50,20307
487,485,월,14:30,15:45,7301
488,485,수,14:30,15:45,7301
489,488,월,11:00,12:15,7202
490,488,수,09:30,10:45,7202
491,489,화,16:00,17:15,7108
492,489,화,17:30,18:45,7108
493,490,금,09:30,10:45,18106
494,490,금,11:00,12:15,18106
495,491,월,11:00,12:15,7108
496,491,수,09:30,10:45,7108
497,492,금,17:30,18:20,20402
498,493,월,13:00,14:15,7105
499,493,수,13:00,14:15,7105
500,494,월,13:00,14:15,7104
501,494,수,13:00,14:15,7104
502,497,금,13:00,14:15,7107
503,497,금,14:30,15:45,7107
504,498,목,13:00,14:15,20502
505,498,목,14:30,15:45,20502
506,499,화,13:00,14:15,3203
507,499,목,13:00,14:15,3203
508,500,월,13:00,14:15,18212
509,500,수,13:00,14:15,18212
510,501,월,09:30,10:45,20306
511,501,수,11:00,12:15,20306
512,514,월,11:00,12:40,3203
513,525,금,09:30,10:45,10201
514,525,금,11:00,12:15,10201
515,535,월,11:00,11:50,20307
516,540,월,16:00,17:15,7106
517,540,수,17:30,18:45,7106
518,550,화,14:30,15:45,10202
519,550,목,14:30,15:45,10202
520,551,화,09:30,10:45,18425
521,551,목,11:00,12:15,18425
522,553,금,09:30,10:45,3412
523,553,금,11:00,12:15,3412
524,554,금,13:00,14:15,3410
525,554,금,14:30,15:45,3410
526,555,월,09:30,10:45,10203
527,555,수,11:00,12:15,10203
528,556,월,13:00,14:15,20307
529,556,수,13:00,14:15,20307
530,557,월,11:00,12:15,18419
531,557,수,09:30,10:45,18419
532,558,목,16:00,17:15,4107
533,558,목,17:30,18:45,4107
534,559,월,13:00,14:15,18417
535,559,수,13:00,14:15,18417
536,560,목,11:00,12:15,8101
537,561,월,14:30,15:45,7202
538,561,수,14:30,15:45,7202
539,562,월,13:00,14:15,7202
540,562,수,13:00,14:15,7202
541,563,화,11:00,12:15,20308
542,563,목,09:30,10:45,20308
543,564,수,11:00,12:15,20403
544,565,금,09:30,10:45,18105
545,565,금,11:00,12:15,18105
546,566,월,14:30,15:45,20505
547,566,수,14:30,15:45,20505
548,567,월,11:00,12:15,18417
549,567,수,09:30,10:45,18417
550,568,월,13:00,14:15,18419
551,568,수,13:00,14:15,18419
552,569,목,16:00,17:15,3405
553,569,목,17:30,18:45,3405
554,570,목,13:00,14:15,18211
555,570,목,14:30,15:45,18211
556,572,화,09:30,10:45,20308
557,572,목,11:00,12:15,20308
558,573,화,13:00,14:15,18110
559,573,목,13:00,14:15,18110
560,574,화,13:00,14:15,7107
561,574,목,13:00,14:15,7107
562,575,월,13:00,14:15,18110
563,575,수,13:00,14:15,18110
564,577,월,14:30,15:45,20405
565,577,수,14:30,15:45,20405
566,578,화,16:00,17:15,20401
567,578,화,17:30,18:45,20401
568,579,월,11:00,12:15,7103
569,579,수,09:30,10:45,7103
570,580,수,11:00,12:40,20405
571,581,화,16:00,17:15,3308
572,581,화,17:30,18:45,3308
573,582,월,11:00,12:15,20403
574,582,수,09:30,10:45,20403
575,583,월,16:00,17:15,3207
576,583,수,17:30,18:45,3207
577,584,수,13:00,14:15,20403
578,585,화,09:30,10:45,17201
579,585,목,11:00,12:15,17201
580,586,화,11:00,12:15,17201
581,586,목,09:30,10:45,17201
582,587,월,14:30,15:45,18309
583,587,수,14:30,15:45,18309
584,588,수,11:00,12:40,18105
585,589,수,11:00,12:40,18212
586,591,월,13:00,14:15,3204
587,591,수,13:00,14:15,3204
588,592,월,14:30,15:45,3204
589,592,수,14:30,15:45,3204
590,593,월,09:30,10:45,18312
591,593,수,11:00,12:15,18312
592,594,금,09:30,10:45,18301
593,594,금,11:00,12:15,18301
594,595,금,13:00,14:15,18301
595,595,금,14:30,15:45,18301
596,596,월,11:00,12:15,18105
597,596,수,09:30,10:45,18105
598,597,화,13:00,14:15,7103
599,597,화,14:30,15:45,7103
600,598,금,13:00,14:15,3423
601,598,금,14:30,15:45,3423
602,599,화,13:00,14:15,17201
603,599,목,13:00,14:15,17201
604,600,금,09:30,10:45,18310
605,600,금,11:00,12:15,18310
606,601,목,16:00,17:15,7305
607,601,목,17:30,18:45,7305
608,602,목,13:00,14:15,3207
609,602,목,14:30,15:45,3207
610,603,화,11:00,12:15,18417
611,603,목,09:30,10:45,18417
612,604,화,11:00,12:15,18105
613,604,목,09:30,10:45,18105
614,605,목,16:00,17:15,18105
615,605,목,17:30,18:45,18105
616,607,화,16:00,17:15,20307
617,607,화,17:30,18:45,20307
618,608,화,13:00,14:15,18420-1
619,608,화,14:30,15:45,18420-1
620,609,월,13:00,14:15,20501
621,609,수,13:00,14:15,20501
622,610,월,14:30,15:45,7103
623,610,수,14:30,15:45,7103
624,611,월,09:30,10:45,3423
625,611,수,11:00,12:15,3423
626,612,화,13:00,14:15,20501
627,612,목,13:00,14:15,20501
628,613,화,14:30,15:45,20501
629,613,목,14:30,15:45,20501
630,614,목,16:00,17:15,18210
631,614,목,17:30,18:45,18210
632,615,월,11:00,12:15,18310
633,615,수,09:30,10:45,18310
634,616,화,13:00,14:15,20502
635,616,화,14:30,15:45,20502
636,617,목,13:00,14:15,18101
637,617,목,14:30,15:45,18101
638,618,월,09:30,10:45,3204
639,618,수,11:00,12:15,3204
640,619,화,14:30,15:45,18210
641,619,목,14:30,15:45,18210
642,621,금,13:00,14:15,7202
643,621,금,14:30,15:45,7202
644,622,화,16:00,17:15,18308
645,622,화,17:30,18:45,18308
646,623,화,09:30,10:45,7108
647,623,목,11:00,12:15,7108
648,624,금,13:00,14:15,17201
649,624,금,14:30,15:45,17201
650,625,화,11:00,12:15,20403
651,626,월,17:30,18:20,18105
652,627,월,09:30,10:45,7108
653,627,수,11:00,12:15,7108
654,628,화,16:00,17:15,18210
655,628,화,17:30,18:45,18210
656,629,화,16:00,17:15,4107
657,629,화,17:30,18:45,4107
658,630,화,13:00,14:15,7106
659,630,화,14:30,15:45,7106
660,631,화,11:00,12:15,18110
661,632,화,16:00,17:15,7215
662,632,화,17:30,18:45,7215
663,633,월,13:00,14:15,7103
664,633,수,13:00,14:15,7103
665,634,월,13:00,14:15,18425
666,634,수,13:00,14:15,18425
667,635,화,09:30,10:45,10301
668,635,화,11:00,12:15,10301
669,636,화,16:00,17:15,10301
670,636,화,17:30,18:45,10301
671,637,월,14:30,15:45,7108
672,637,수,14:30,15:45,7108
673,638,화,09:30,10:45,7103
674,638,목,11:00,12:15,7103
675,639,화,11:00,12:15,20307
676,639,목,09:30,10:45,20307
677,640,월,13:00,14:15,20405
678,640,수,13:00,14:15,20405
679,641,월,16:00,17:15,20405
680,641,수,17:30,18:45,20405
681,642,월,09:30,10:45,18314
682,642,수,11:00,12:15,18314
683,643,화,16:00,17:15,3206
684,643,화,17:30,18:45,3206
685,644,화,13:00,14:15,3503
686,644,목,13:00,14:15,3503
687,645,화,09:30,10:45,18105
688,645,목,11:00,12:15,18105
689,646,목,13:00,14:15,3206
690,646,목,14:30,15:45,3206
691,647,화,13:00,14:15,18210
692,647,목,13:00,14:15,18210
693,648,금,09:30,10:45,18210
694,648,금,11:00,12:15,18210
695,649,화,13:00,14:15,3321
696,649,화,14:30,15:45,3321
697,650,금,13:00,14:15,3207
698,650,금,14:30,15:45,3207
699,651,금,13:00,14:15,18310
700,651,금,14:30,15:45,18310
701,652,금,16:00,17:15,18310
702,652,금,17:30,18:45,18310
703,653,월,09:30,10:45,7315
704,653,수,11:00,12:15,7315
705,654,금,13:00,14:15,18106
706,654,금,14:30,15:45,18106
707,655,금,16:00,17:15,18105
708,655,금,17:30,18:45,18105
709,656,목,16:00,17:15,18110
710,656,목,17:30,18:45,18110
711,657,금,13:00,14:15,10202
712,657,금,14:30,15:45,10202
713,658,월,17:30,18:45,20307
714,658,수,16:00,17:15,20307
715,659,월,16:00,17:15,3203
716,659,수,17:30,18:45,3203
717,660,월,17:30,18:45,3203
718,660,수,16:00,17:15,3203
719,661,목,13:00,14:15,3321
720,661,목,14:30,15:45,3321
721,662,목,16:00,17:15,3206
722,662,목,17:30,18:45,3206
723,663,월,13:00,14:15,20403
724,663,수,16:00,17:15,20403
725,664,금,13:00,14:15,7315
726,665,월,11:00,12:15,3204
727,665,수,09:30,10:45,3204
728,666,월,11:00,12:15,20501
729,666,수,09:30,10:45,20501
730,667,목,13:00,14:15,18420-1
731,667,목,14:30,15:45,18420-1
732,668,화,11:00,12:15,7315
733,668,목,09:30,10:45,7315
734,669,목,16:00,17:15,7106
735,669,목,17:30,18:45,7106
736,670,금,09:30,10:45,3423
737,670,금,11:00,12:15,3423
738,671,월,11:00,12:15,20308
739,671,수,09:30,10:45,20308
740,672,목,16:00,17:15,10301
741,672,목,17:30,18:45,10301
742,673,화,13:00,14:15,20404
743,673,화,14:30,15:45,20404
744,674,금,13:00,14:15,18418
745,674,금,14:30,15:45,18418
746,675,목,13:00,14:15,20301
747,675,목,14:30,15:45,20301
748,676,월,11:00,12:15,18307
749,676,수,09:30,10:45,18307
750,677,화,13:00,14:15,7105
751,679,목,16:00,17:15,3201
752,679,목,17:30,18:45,3201
753,680,목,13:00,14:15,18421
754,680,목,14:30,15:45,18421
755,681,화,16:00,17:15,20507
756,681,화,17:30,18:45,20507
757,682,화,16:00,17:15,3405
758,682,화,17:30,18:45,3405
759,683,월,16:00,17:15,20507
760,683,수,17:30,18:45,20507
761,684,월,11:00,12:15,20404
762,684,수,09:30,10:45,20404
763,685,월,09:30,10:45,18417
764,685,수,11:00,12:15,18417
765,686,화,13:00,14:15,8110
766,686,화,14:30,15:45,8110
767,687,월,17:30,18:45,20507
768,687,수,16:00,17:15,20507
769,688,월,09:30,10:45,20404
770,688,수,11:00,12:15,20404
771,689,목,16:00,17:15,7104
772,689,목,17:30,18:45,7104
773,690,화,11:00,12:15,20404
774,690,목,09:30,10:45,20404
775,691,목,16:00,17:15,20402
776,691,목,17:30,18:45,20402
777,692,화,16:00,17:15,20505
778,692,화,17:30,18:45,20505
779,693,월,13:00,14:15,20404
780,693,수,13:00,14:15,20404
781,694,목,09:30,10:45,10204
782,694,목,11:00,12:15,10204
783,695,월,14:30,15:45,20404
784,695,수,14:30,15:45,20404
785,696,월,11:00,12:15,20306
786,696,수,09:30,10:45,20306
787,697,화,09:30,10:45,20402
788,697,목,11:00,12:15,20402
789,698,월,13:00,14:15,20505
790,698,수,13:00,14:15,20505
791,701,수,11:00,12:40,20505
792,702,목,16:00,17:15,18521
793,702,목,17:30,18:45,18521
794,704,월,14:30,15:45,7107
795,704,수,14:30,15:45,7107
796,705,금,13:00,14:15,20402
797,705,금,14:30,15:45,20402
798,710,월,13:00,14:15,7106
799,710,수,13:00,14:15,7106
800,711,월,17:30,18:45,20402
801,711,수,16:00,17:15,20402
802,712,월,13:00,14:15,7107
803,712,수,13:00,14:15,7107
804,713,목,11:00,12:15,7107
805,714,화,16:00,17:15,7107
806,714,화,17:30,18:45,7107
807,715,목,16:00,17:15,7107
808,715,목,17:30,18:45,7107
809,716,화,14:30,15:45,7107
810,717,목,13:00,14:15,20402
811,717,목,14:30,15:45,20402
812,718,월,14:30,15:45,7104
813,718,수,14:30,15:45,7104
814,719,금,13:00,14:15,7103
815,719,금,14:30,15:45,7103
816,720,목,13:00,14:15,18104
817,720,목,14:30,15:45,18104
818,721,목,13:00,14:15,18417
819,721,목,14:30,15:45,18417
820,722,금,13:00,14:15,18417
821,722,금,14:30,15:45,18417
822,724,목,13:00,14:15,10201
823,724,목,14:30,15:45,10201
824,725,목,13:00,14:15,20307
825,725,목,14:30,15:45,20307
826,726,월,11:00,12:40,8101
827,727,수,11:00,12:40,8101
828,728,월,09:30,10:45,18310
829,728,수,11:00,12:15,18310
830,729,화,11:00,12:15,7103
831,729,목,09:30,10:45,7103
832,730,월,13:00,14:15,3404
833,730,수,13:00,14:15,3404
834,731,월,14:30,15:45,20301
835,731,수,14:30,15:45,20301
836,732,월,16:00,17:15,7316
837,732,수,17:30,18:45,7316
838,733,월,09:30,10:45,7107
839,733,수,11:00,12:15,7107
840,734,금,09:30,10:45,18211-1
841,734,금,11:00,12:15,18211-1
842,735,화,16:00,17:15,3207
843,735,화,17:30,18:45,3207
844,736,월,11:00,12:15,18425
845,736,수,09:30,10:45,18425
846,737,금,09:30,10:45,18102
847,737,금,11:00,12:15,18102
848,738,금,13:00,14:15,18101
849,738,금,14:30,15:45,18101
850,739,목,13:00,14:15,18105
851,739,목,14:30,15:45,18105
852,740,화,13:00,14:15,20402
853,740,화,14:30,15:45,20402
854,741,목,16:00,17:15,18103
855,741,목,17:30,18:45,18103
856,742,화,16:00,17:15,18105
857,742,화,17:30,18:45,18105
858,743,화,13:00,14:15,18308
859,743,화,14:30,15:45,18308
860,744,목,16:00,17:15,20308
861,744,목,17:30,18:45,20308
862,745,월,09:30,10:45,18421
863,745,수,11:00,12:15,18421
864,746,월,11:00,12:15,18421
865,746,수,09:30,10:45,18421
866,747,화,13:00,14:15,20308
867,747,화,14:30,15:45,20308
868,748,월,14:30,15:45,20306
869,748,수,14:30,15:45,20306
870,749,월,13:00,14:15,18210
871,749,수,13:00,14:15,18210
872,750,월,14:30,15:45,18210
873,750,수,14:30,15:45,18210
874,751,금,16:00,17:15,17201
875,751,금,17:30,18:45,17201
876,752,화,13:00,14:15,10301
877,752,화,14:30,15:45,10301
878,753,월,13:00,14:15,4107
879,753,수,13:00,14:15,4107
880,755,월,13:00,14:15,20301
881,755,수,13:00,14:15,20301
882,756,화,13:00,14:15,7104
883,756,화,14:30,15:45,7104
884,757,금,13:00,14:15,10201
885,757,금,14:30,15:45,10201
886,758,금,13:00,14:15,3505
887,758,금,14:30,15:45,3505
888,759,목,13:00,14:15,7103
889,759,목,14:30,15:45,7103
890,760,화,16:00,17:15,7103
891,760,화,17:30,18:45,7103
892,761,금,09:30,10:45,20308
893,761,금,11:00,12:15,20308
894,762,금,09:30,10:45,18417
895,762,금,11:00,12:15,18417
896,763,화,11:00,12:15,20401
897,763,목,09:30,10:45,20401
898,764,금,13:00,14:15,18105
899,764,금,14:30,15:45,18105
900,765,목,13:00,14:15,18519
901,765,목,14:30,15:45,18519
902,766,월,09:30,10:45,18425
903,766,수,11:00,12:15,18425
904,767,금,09:30,10:45,7108
905,767,금,11:00,12:15,7108
906,768,월,14:30,15:45,7215
907,768,수,14:30,15:45,7215
908,769,금,13:00,14:15,3204
909,769,금,14:30,15:45,3204
910,770,월,13:00,14:15,18310
911,770,수,13:00,14:15,18310
912,771,화,13:00,14:15,3207
913,771,화,14:30,15:45,3207
914,772,월,13:00,14:15,8101
915,772,수,13:00,14:15,8101
916,773,화,16:00,17:15,18310
917,773,화,17:30,18:45,18310
918,774,화,13:00,14:15,18310
919,774,화,14:30,15:45,18310
920,775,화,14:30,15:45,17201
921,775,목,14:30,15:45,17201
922,776,목,16:00,17:15,20401
923,776,목,17:30,18:45,20401
924,777,월,14:30,15:45,18110
925,777,수,14:30,15:45,18110
926,778,월,14:30,15:45,18212
927,778,수,14:30,15:45,18212
928,779,목,16:00,17:15,3207
929,779,목,17:30,18:45,3207
930,780,월,14:30,15:45,20403
931,780,수,14:30,15:45,20403
932,781,월,13:00,14:15,18106
933,781,수,13:00,14:15,18106
934,782,월,14:30,15:45,18425
935,782,수,14:30,15:45,18425
936,783,화,16:00,17:15,10202
937,783,화,17:30,18:45,10202
938,784,화,13:00,14:15,3406
939,784,화,14:30,15:45,3406
940,785,목,13:00,14:15,18211-1
941,785,목,14:30,15:45,18211-1
942,786,목,16:00,17:15,18101
943,786,목,17:30,18:45,18101
944,788,목,13:00,14:15,18425
945,788,목,14:30,15:45,18425
946,789,월,13:00,14:15,20401
947,789,수,13:00,14:15,20401
948,790,월,14:30,15:45,20402
949,790,수,14:30,15:45,20402
950,791,월,09:30,10:45,20308
951,791,수,11:00,12:15,20308
952,792,목,16:00,17:15,20307
953,792,목,17:30,18:45,20307
954,793,금,16:00,17:15,7315
955,793,금,17:30,18:45,7315
956,794,월,14:30,15:45,3207
957,794,수,14:30,15:45,3207
958,795,화,09:30,10:45,18210
959,795,목,11:00,12:15,18210
960,796,화,13:00,14:15,18103
961,796,화,14:30,15:45,18103
962,797,월,13:00,14:15,18420
963,797,수,13:00,14:15,18420
964,798,월,14:30,15:45,18310
965,798,수,14:30,15:45,18310
966,799,화,16:00,17:15,20308
967,799,화,17:30,18:45,20308
968,800,화,11:00,12:15,7105
969,800,목,09:30,10:45,7105
970,801,화,13:00,14:15,4107
971,801,화,14:30,15:45,4107
972,802,월,11:00,12:15,3207
973,802,수,09:30,10:45,3207
974,803,월,13:00,14:15,3321
975,803,수,13:00,14:15,3321
976,804,화,09:30,10:45,20401
977,804,목,11:00,12:15,20401
978,805,목,16:00,17:15,20306
979,805,목,17:30,18:45,20306
980,806,월,14:30,15:45,20307
981,806,수,14:30,15:45,20307
982,807,월,13:00,14:15,18103
983,807,수,13:00,14:15,18103
984,808,월,09:30,10:45,7103
985,808,수,11:00,12:15,7103
986,809,목,16:00,17:15,7108
987,809,목,17:30,18:45,7108
988,810,화,14:30,15:45,18307
989,810,목,14:30,15:45,18307
990,811,화,16:00,17:15,18417
991,811,화,17:30,18:45,18417
992,812,월,11:00,12:15,18212
993,812,수,09:30,10:45,18212
994,813,금,09:30,10:45,18104
995,813,금,11:00,12:15,18104
996,814,월,13:00,14:15,18521
997,814,수,13:00,14:15,18521
998,815,금,13:00,14:15,18519
999,815,금,14:30,15:45,18519
1000,816,화,09:30,10:45,18311
1001,816,목,11:00,12:15,18311
1002,817,화,11:00,12:15,18311
1003,817,목,09:30,10:45,18311
1004,818,월,16:00,17:15,3308
1005,818,수,17:30,18:45,3308
1006,820,화,13:00,14:15,3206
1007,820,화,14:30,15:45,3206
1008,821,목,13:00,14:15,7301
1009,821,목,14:30,15:45,7301
1010,822,금,13:00,14:15,20507
1011,822,금,14:30,15:45,20507
1012,823,화,11:00,12:15,18314
1013,823,목,09:30,10:45,18314
1014,824,화,16:00,17:15,20405
1015,824,화,17:30,18:45,20405
1016,825,화,13:00,14:15,7202
1017,825,화,14:30,15:45,7202
1018,826,화,16:00,17:15,3204
1019,826,화,17:30,18:45,3204
1020,827,화,14:30,15:45,7105
1021,827,목,14:30,15:45,7105
1022,828,목,13:00,14:15,20403
1023,828,목,14:30,15:45,20403
1024,829,목,13:00,14:15,20507
1025,829,목,14:30,15:45,20507
1026,830,화,16:00,17:15,20506
1027,830,화,17:30,18:45,20506
1028,831,금,09:30,10:45,20403
1029,831,금,11:00,12:15,20403
1030,832,월,17:30,18:45,20401
1031,832,수,16:00,17:15,20401
1032,833,화,11:00,12:15,18308
1033,833,목,09:30,10:45,18308
1034,834,월,17:30,18:45,3308
1035,834,수,16:00,17:15,3308
1036,835,화,11:00,12:15,20405
1037,835,목,09:30,10:45,20405
1038,836,화,13:00,14:15,20401
1039,836,화,14:30,15:45,20401
1040,837,목,16:00,17:15,18417
1041,837,목,17:30,18:45,18417
1042,838,금,09:30,10:45,7104
1043,838,금,11:00,12:15,7104
1044,839,금,16:00,17:15,10202
1045,839,금,17:30,18:45,10202
1046,840,목,13:00,14:15,18209
1047,840,목,14:30,15:45,18209
1048,841,월,09:30,10:45,18311
1049,841,수,11:00,12:15,18311
1050,842,월,11:00,12:15,18311
1051,842,수,09:30,10:45,18311
1052,843,목,14:30,15:45,20306
1053,845,목,13:00,14:15,18207
1054,845,목,14:30,15:45,18207
1055,846,화,13:00,14:15,3204
1056,846,목,13:00,14:15,3204
1057,847,화,14:30,15:45,3204
1058,847,목,14:30,15:45,3204
1059,848,목,13:00,14:15,7104
1060,848,목,14:30,15:45,7104
1061,849,월,16:00,17:15,20306
1062,849,수,17:30,18:45,20306
1063,850,월,13:00,14:15,20306
1064,850,수,13:00,14:15,20306
1065,851,월,16:00,17:15,20401
1066,851,수,17:30,18:45,20401
1067,852,화,09:30,10:45,18417
1068,852,목,11:00,12:15,18417
1069,853,월,14:30,15:45,18417
1070,853,수,14:30,15:45,18417
1071,854,월,13:00,14:15,18101
1072,854,수,13:00,14:15,18101
1073,855,목,11:00,12:15,7202
1074,856,화,13:00,14:15,3308
1075,856,화,14:30,15:45,3308
1076,857,금,09:30,10:45,18314
1077,857,금,11:00,12:15,18314
1078,858,월,11:00,12:15,20507
1079,858,수,09:30,10:45,20507
1080,859,화,11:00,12:15,18312
1081,859,목,09:30,10:45,18312
1082,860,화,09:30,10:45,18419
1083,860,목,11:00,12:15,18419
1084,861,월,14:30,15:45,18521
1085,861,수,14:30,15:45,18521
1086,862,금,13:00,14:15,18314
1087,862,금,14:30,15:45,18314
1088,863,금,13:00,14:15,18422
1089,863,금,14:30,15:45,18422
1090,864,금,13:00,14:15,18309
1091,864,금,14:30,15:45,18309
1092,865,금,13:00,14:15,18307
1093,865,금,14:30,15:45,18307
1094,866,금,13:00,14:15,18424
1095,866,금,14:30,15:45,18424
1096,867,월,14:30,15:45,18314
1097,867,수,14:30,15:45,18314
1098,868,월,13:00,14:15,18312
1099,868,수,13:00,14:15,18312
1100,869,금,09:30,10:45,18311
1101,869,금,11:00,12:15,18311
1102,870,목,13:00,14:15,3404
1103,870,목,14:30,15:45,3404
1104,871,월,14:30,15:45,3206
1105,871,수,14:30,15:45,3206
1106,872,화,13:00,14:15,18208
1107,872,화,14:30,15:45,18208
1108,873,화,11:00,12:15,7202
1109,874,화,13:00,14:15,18419
1110,874,화,14:30,15:45,18419
1111,875,화,16:00,17:15,8101
1112,875,화,17:30,18:45,8101
1113,876,화,09:30,10:45,3404
1114,876,목,11:00,12:15,3404
1115,877,화,09:30,10:45,20405
1116,877,목,11:00,12:15,20405
1117,878,화,16:00,17:15,20402
1118,878,화,17:30,18:45,20402
1119,879,금,09:30,10:45,18419
1120,879,금,11:00,12:15,18419
1121,880,월,14:30,15:45,7203
1122,880,수,14:30,15:45,7203
1123,881,화,16:00,17:15,18422
1124,881,화,17:30,18:45,18422
1125,882,월,16:00,17:15,18309
1126,882,수,17:30,18:45,18309
1127,883,월,17:30,18:45,18419
1128,883,수,16:00,17:15,18419
1129,884,월,17:30,18:45,18314
1130,884,수,16:00,17:15,18314
1131,885,월,13:00,14:15,18422
1132,885,수,13:00,14:15,18422
1133,886,월,14:30,15:45,18422
1134,886,수,14:30,15:45,18422
1135,887,금,13:00,14:15,18419
1136,887,금,14:30,15:45,18419
1137,888,화,11:00,12:15,18521
1138,888,목,09:30,10:45,18521
1139,889,화,16:00,17:15,18309
1140,889,화,17:30,18:45,18309
1141,890,금,13:00,14:15,18425
1142,890,금,14:30,15:45,18425
1143,891,화,16:00,17:15,18312
1144,891,화,17:30,18:45,18312
1145,892,월,09:30,10:45,18211
1146,892,수,11:00,12:15,18211
1147,893,월,11:00,12:15,18211
1148,893,수,09:30,10:45,18211
1149,894,월,14:30,15:45,20501
1150,894,수,14:30,15:45,20501
1151,895,금,09:30,10:45,18521
1152,895,금,11:00,12:15,18521
1153,896,월,11:00,12:15,18314
1154,896,수,09:30,10:45,18314
1155,897,화,09:30,10:45,18520
1156,897,목,11:00,12:15,18520
1157,898,화,11:00,12:15,18520
1158,898,목,09:30,10:45,18520
1159,899,화,13:00,14:15,18312
1160,899,화,14:30,15:45,18312
1161,900,월,14:30,15:45,18419
1162,900,수,14:30,15:45,18419
1163,901,목,13:00,14:15,18521
1164,901,목,14:30,15:45,18521
1165,902,월,17:30,18:45,18422
1166,902,수,16:00,17:15,18422
1167,903,화,13:00,14:15,20301
1168,903,화,14:30,15:45,20301
1169,904,화,16:00,17:15,17201
1170,904,화,17:30,18:45,17201
1171,905,금,09:30,10:45,18424
1172,905,금,11:00,12:15,18424
1173,906,목,16:00,17:15,20403
1174,906,목,17:30,18:45,20403
1175,907,금,16:00,17:15,3206
1176,907,금,17:30,18:45,3206
1177,908,화,16:00,17:15,18101
1178,908,화,17:30,18:45,18101
1179,909,수,17:30,18:20,7305
1180,910,수,09:30,10:45,10301
1181,910,수,11:00,12:15,10301
1182,911,금,13:00,14:15,8110
1183,911,금,14:30,15:45,8110
1184,912,목,13:00,14:15,20401
1185,912,목,14:30,15:45,20401
1186,913,금,09:30,10:45,17201
1187,913,금,11:00,12:15,17201
1188,914,목,16:00,17:15,3404
1189,914,목,17:30,18:45,3404
1190,915,금,13:00,14:15,3206
1191,915,금,14:30,15:45,3206
1192,916,화,16:00,17:15,18104
1193,916,화,17:30,18:45,18104
1194,917,화,13:00,14:15,18207
1195,917,화,14:30,15:45,18207
1196,918,화,13:00,14:15,18417
1197,918,화,14:30,15:45,18417
1198,920,화,14:30,15:45,8101
1199,920,목,14:30,15:45,8101
1200,921,월,17:30,18:45,7316
1201,921,수,16:00,17:15,7316
1202,922,월,09:30,10:45,18210
1203,922,수,11:00,12:15,18210
1204,923,월,11:00,12:15,18210
1205,923,수,09:30,10:45,18210
1206,924,화,16:00,17:15,18207
1207,924,화,17:30,18:45,18207
1208,925,화,11:00,12:15,18418
1209,925,목,09:30,10:45,18418
1210,926,금,16:00,17:15,8110
1211,926,금,17:30,18:45,8110
1212,927,월,13:00,14:15,20402
1213,927,수,13:00,14:15,20402
1214,928,목,16:00,17:15,18311
1215,928,목,17:30,18:45,18311
1216,929,목,16:00,17:15,10201
1217,929,목,17:30,18:45,10201
1218,930,화,16:00,17:15,7305
1219,930,화,17:30,18:45,7305
1220,931,월,16:00,17:15,20308
1221,931,수,17:30,18:45,20308
1222,932,목,16:00,17:15,18102
1223,932,목,17:30,18:45,18102
1224,933,목,16:00,17:15,3204
1225,933,목,17:30,18:45,3204
1226,934,금,14:30,15:45,7315
1227,935,월,16:00,17:15,20301
1228,935,수,17:30,18:45,20301
1229,936,화,13:00,14:15,7203
1230,936,화,14:30,15:45,7203
1231,937,월,14:30,15:45,18105
1232,937,수,14:30,15:45,18105
1233,938,금,13:00,14:15,20308
1234,938,금,14:30,15:45,20308
1235,939,월,14:30,15:45,20308
1236,939,수,14:30,15:45,20308
1237,940,화,11:00,12:15,20506
1238,941,월,16:00,17:15,20307
1239,941,수,17:30,18:45,20307
1240,942,수,11:00,12:15,7215
1241,943,월,11:00,12:15,18209
1242,943,수,09:30,10:45,18209
1243,944,금,09:30,10:45,20402
1244,944,금,11:00,12:15,20402
1245,945,화,13:00,14:15,20307
1246,945,화,14:30,15:45,20307
1247,946,월,14:30,15:45,20401
1248,946,수,14:30,15:45,20401
1249,947,목,13:00,14:15,20308
1250,947,목,14:30,15:45,20308
1251,949,목,13:00,14:15,18212-1
1252,949,목,14:30,15:45,18212-1
1253,950,월,16:00,17:15,7305
1254,950,월,17:30,18:45,7305
1255,951,월,14:30,15:45,18103
1256,951,수,14:30,15:45,18103
1257,996,목,13:00,14:15,3423
1258,996,목,14:30,15:45,3423
1259,997,목,13:00,14:15,18212
1260,997,목,14:30,15:45,18212
1261,998,목,16:00,17:15,20501
1262,998,목,17:30,18:45,20501
1263,999,목,13:00,14:15,18310
1264,999,목,14:30,15:45,18310
1265,1000,월,16:00,17:15,3505
1266,1000,수,17:30,18:45,3505
1267,1001,화,16:00,17:15,18102
1268,1001,화,17:30,18:45,18102
1269,1002,금,13:00,14:15,20505
1270,1002,금,14:30,15:45,20505
1271,1003,화,13:00,14:15,20403
1272,1003,화,14:30,15:45,20403
1273,1004,화,16:00,17:15,7301
1274,1004,화,17:30,18:45,7301
1275,1005,금,09:30,10:45,18212
1276,1005,금,11:00,12:15,18212
1277,1006,월,16:00,17:15,18110
1278,1006,월,17:30,18:45,18110
1279,1007,수,16:00,17:15,18110
1280,1007,수,17:30,18:45,18110
1281,1008,월,13:00,14:15,3423
1282,1008,수,13:00,14:15,3423
1283,1009,월,16:00,17:15,7315
1284,1009,수,17:30,18:45,7315
1285,1010,월,17:30,18:45,7315
1286,1010,수,16:00,17:15,7315
1287,1011,월,16:00,17:15,3321
1288,1011,수,17:30,18:45,3321
1289,1012,월,17:30,18:45,20308
1290,1012,수,16:00,17:15,20308
1291,1013,월,17:30,18:45,7202
1292,1013,수,16:00,17:15,7202
1293,1014,월,16:00,17:15,7202
1294,1014,수,17:30,18:45,7202
1295,1015,화,16:00,17:15,20403
1296,1015,화,17:30,18:45,20403
1297,1016,화,16:00,17:15,20306
1298,1016,화,17:30,18:45,20306
1299,1017,목,16:00,17:15,20507
1300,1017,목,17:30,18:45,20507
1301,1018,목,16:00,17:15,18310
1302,1018,목,17:30,18:45,18310
1303,1019,목,16:00,17:15,20502
1304,1019,목,17:30,18:45,20502
1305,1020,목,16:00,17:15,20506
1306,1020,목,17:30,18:45,20506
1307,1021,목,16:00,17:15,20301
1308,1021,목,17:30,18:45,20301
1309,1022,월,16:00,17:15,18310
1310,1022,수,17:30,18:45,18310
1311,1023,화,13:00,14:15,18420
1312,1023,화,14:30,15:45,18420
1313,1024,화,16:00,17:15,20501
1314,1024,화,17:30,18:45,20501
1315,1025,목,16:00,17:15,3506
1316,1025,목,17:30,18:45,3506
1317,1026,화,16:00,17:15,7105
1318,1026,화,17:30,18:45,7105
1319,1027,금,09:30,10:45,18421
1320,1027,금,11:00,12:15,18421
1321,1028,월,16:00,17:15,18311
1322,1028,수,17:30,18:45,18311
1323,1029,월,17:30,18:45,18210
1324,1029,수,16:00,17:15,18210
1325,1030,월,17:30,18:45,18417
1326,1030,수,16:00,17:15,18417
1327,1031,월,17:30,18:45,18211
1328,1031,수,16:00,17:15,18211
1329,1032,화,09:30,10:45,18521
1330,1032,목,11:00,12:15,18521
1331,1033,목,13:00,14:15,18314
1332,1033,목,14:30,15:45,18314
1333,1034,목,13:00,14:15,18308
1334,1034,목,14:30,15:45,18308
1335,1035,월,17:30,18:45,18425
1336,1035,수,16:00,17:15,18425
1337,1036,금,13:00,14:15,18312
1338,1036,금,14:30,15:45,18312
1339,1037,월,14:30,15:45,18312
1340,1037,수,14:30,15:45,18312
1341,1038,금,09:30,10:45,18422
1342,1038,금,11:00,12:15,18422
1343,1039,화,13:00,14:15,18314
1344,1039,화,14:30,15:45,18314
1345,1040,화,16:00,17:15,18106
1346,1040,화,17:30,18:45,18106
1347,1041,금,09:30,10:45,18418
1348,1041,금,11:00,12:15,18418
1349,1042,화,09:30,10:45,18422
1350,1042,목,11:00,12:15,18422
1351,1043,화,11:00,12:15,18422
1352,1043,목,09:30,10:45,18422
1353,1044,화,11:00,12:15,18424
1354,1044,목,09:30,10:45,18424
1355,1045,월,16:00,17:15,18424
1356,1045,수,17:30,18:45,18424
1357,1046,월,09:30,10:45,18419
1358,1046,수,11:00,12:15,18419
1359,1047,화,13:00,14:15,18425
1360,1047,화,14:30,15:45,18425
1361,1048,월,13:00,14:15,18424
1362,1048,수,13:00,14:15,18424
1363,1049,월,09:30,10:45,18521
1364,1049,수,11:00,12:15,18521
1365,1050,월,11:00,12:15,18521
1366,1050,수,09:30,10:45,18521
1367,1051,화,13:00,14:15,18422
1368,1051,화,14:30,15:45,18422
1369,1052,화,16:00,17:15,18103
1370,1052,화,17:30,18:45,18103
1371,1053,월,16:00,17:15,18521
1372,1053,수,17:30,18:45,18521
1373,1054,화,09:30,10:45,18314
1374,1054,목,11:00,12:15,18314
1375,1055,월,16:00,17:15,3423
1376,1055,수,17:30,18:45,3423
1377,1056,화,16:00,17:15,3503
1378,1056,화,17:30,18:45,3503
1379,1057,월,17:30,18:45,3423
1380,1057,수,16:00,17:15,3423
1381,1058,화,16:00,17:15,20301
1382,1058,화,17:30,18:45,20301
1383,1059,월,17:30,18:45,20301
1384,1059,수,16:00,17:15,20301
1385,1060,월,16:00,17:15,20501
1386,1060,수,17:30,18:45,20501
1387,1061,월,17:30,18:45,18521
1388,1061,수,16:00,17:15,18521
1389,1062,화,13:00,14:15,18521
1390,1062,화,14:30,15:45,18521
1391,1063,월,11:00,12:15,18312
1392,1063,수,09:30,10:45,18312
1393,1064,화,16:00,17:15,18521
1394,1064,화,17:30,18:45,18521
1395,1065,화,13:00,14:15,18209
1396,1065,화,14:30,15:45,18209
1397,1066,화,16:00,17:15,18420-1
1398,1066,화,17:30,18:45,18420-1
1399,1067,월,09:30,10:45,18211-1
1400,1067,수,11:00,12:15,18211-1
1401,1068,화,13:00,14:15,18424
1402,1068,화,14:30,15:45,18424
1403,1069,화,16:00,17:15,18424
1404,1069,화,17:30,18:45,18424
1405,1070,목,13:00,14:15,18424
1406,1070,목,14:30,15:45,18424
1407,1071,월,09:30,10:45,18422
1408,1071,수,11:00,12:15,18422
1409,1072,월,11:00,12:15,18422
1410,1072,수,09:30,10:45,18422
1411,1073,목,13:00,14:15,18419
1412,1073,목,14:30,15:45,18419
1413,1074,목,16:00,17:15,18419
1414,1074,목,17:30,18:45,18419
1415,1075,월,14:30,15:45,18424
1416,1075,수,14:30,15:45,18424
1417,1076,월,09:30,10:45,18424
1418,1076,수,11:00,12:15,18424
1419,1077,월,11:00,12:15,18424
1420,1077,수,09:30,10:45,18424
1421,1078,목,13:00,14:15,18422
1422,1078,목,14:30,15:45,18422
1423,1079,목,16:00,17:15,18422
1424,1079,목,17:30,18:45,18422
1425,1080,월,13:00,14:15,18314
1426,1080,수,13:00,14:15,18314
1427,1081,화,09:30,10:45,18308
1428,1081,목,11:00,12:15,18308
1429,1082,토,16:00,17:15,2210
1430,1082,토,17:30,18:45,2210
1431,1083,화,16:00,17:15,2306
1432,1083,화,17:30,18:45,2306
1433,1085,수,19:00,20:15,2305
1434,1085,수,20:30,21:45,2305
1435,1086,월,16:00,17:15,2203
1436,1086,월,17:30,18:45,2203
1437,1087,수,13:00,14:15,18208
1438,1087,수,14:30,15:45,18208
1439,1088,화,13:00,14:15,3201
1440,1089,목,14:30,15:45,3201
1441,1090,월,13:00,14:15,3201
1442,1091,월,11:00,12:15,3201
1443,1093,화,14:30,15:45,3201
1444,1094,수,13:00,14:15,3203
1445,1095,화,16:00,17:15,3201
1446,1095,화,17:30,18:45,3201
1447,1096,화,09:30,10:45,18424
1448,1096,목,11:00,12:15,18424
1449,1097,금,13:00,14:15,18211-1
1450,1097,금,14:30,15:45,18211-1
1451,1099,화,16:00,17:15,3408
1452,1099,화,17:30,18:45,3408
1453,1100,화,13:00,14:15,20505
1454,1100,화,14:30,15:45,20505
1455,1101,화,13:00,14:15,3412
1456,1101,화,14:30,15:45,3412
1457,1102,화,13:00,14:15,3503
1458,1102,화,14:30,15:45,3503
1459,1103,화,16:00,17:15,3410
1460,1103,화,17:30,18:45,3410
1461,1104,화,16:00,17:15,3412
1462,1104,화,17:30,18:45,3412
1463,1105,화,16:00,17:15,3503
1464,1105,화,17:30,18:45,3503
1465,1106,화,16:00,17:15,20505
1466,1106,화,17:30,18:45,20505
1467,1107,목,13:00,14:15,20505
1468,1107,목,14:30,15:45,20505
1469,1108,목,13:00,14:15,3410
1470,1108,목,14:30,15:45,3410
1471,1109,목,13:00,14:15,3412
1472,1109,목,14:30,15:45,3412
1473,1110,목,13:00,14:15,8110
1474,1110,목,14:30,15:45,8110
1475,1111,화,13:00,14:15,18211-1
1476,1111,화,14:30,15:45,18211-1
1477,1112,목,16:00,17:15,8110
1478,1112,목,17:30,18:45,8110
1479,1113,목,16:00,17:15,3412
1480,1113,목,17:30,18:45,3412
1481,1114,화,16:00,17:15,18211-1
1482,1114,화,17:30,18:45,18211-1
1483,1115,목,16:00,17:15,20505
1484,1115,목,17:30,18:45,20505
1485,1116,금,09:30,10:45,20502
1486,1116,금,11:00,12:15,20502
1487,1117,금,09:30,10:45,3409
1488,1117,금,11:00,12:15,3409
1489,1118,금,13:00,14:15,3409
1490,1118,금,14:30,15:45,3409
1491,1119,화,09:30,10:45,3403
1492,1119,목,11:00,12:15,3403
1493,1120,화,09:30,10:45,3405
1494,1120,목,11:00,12:15,3405
1495,1121,화,09:30,10:45,3406
1496,1121,목,11:00,12:15,3406
1497,1122,화,09:30,10:45,3407
1498,1122,목,11:00,12:15,3407
1499,1123,화,09:30,10:45,3408
1500,1123,목,11:00,12:15,3408
1501,1124,화,09:30,10:45,20406
1502,1124,목,11:00,12:15,20406
1503,1125,화,09:30,10:45,3410
1504,1125,목,11:00,12:15,3410
1505,1126,화,09:30,10:45,3412
1506,1126,목,11:00,12:15,3412
1507,1127,화,09:30,10:45,3503
1508,1127,목,11:00,12:15,3503
1509,1128,수,13:00,14:40,18211
1510,1129,금,11:00,12:40,18211
1511,1130,화,14:30,15:45,18308
1512,1131,수,09:30,10:45,7108
1513,1132,월,13:00,14:15,7108
1514,1133,월,14:30,15:45,7108
1515,1134,수,16:00,17:15,7108
1516,1135,수,11:00,12:15,7108
1517,1136,월,16:00,17:15,7108
1518,1137,화,13:00,14:15,18308
1519,1138,수,13:00,14:15,18307
1520,1139,수,14:30,15:45,18307
1521,1140,화,14:30,15:45,7108
1522,1141,화,13:00,14:15,7108
1523,1142,수,13:00,14:15,7108
1524,1143,수,14:30,15:45,7108
1525,1144,금,13:00,14:40,7215
1526,1145,금,11:00,12:40,3207
1527,1146,월,09:30,10:45,18103
1528,1146,수,11:00,12:15,18103
1529,1147,월,09:30,10:45,18104
1530,1147,수,11:00,12:15,18104
1531,1148,월,09:30,10:45,18106
1532,1148,수,11:00,12:15,18106
1533,1149,월,11:00,12:15,18103
1534,1149,수,09:30,10:45,18103
1535,1150,월,11:00,12:15,18104
1536,1150,수,09:30,10:45,18104
1537,1151,월,11:00,12:15,3505
1538,1151,수,09:30,10:45,3505
1539,1152,월,13:00,14:15,3505
1540,1152,수,13:00,14:15,3505
1541,1153,월,13:00,14:15,18104
1542,1153,수,13:00,14:15,18104
1543,1154,월,13:00,14:15,18106
1544,1154,수,13:00,14:15,18106
1545,1155,월,14:30,15:45,3505
1546,1155,수,14:30,15:45,3505
1547,1156,월,14:30,15:45,18104
1548,1156,수,14:30,15:45,18104
1549,1157,월,14:30,15:45,18106
1550,1157,수,14:30,15:45,18106
1551,1158,화,09:30,10:45,18103
1552,1158,목,11:00,12:15,18103
1553,1159,화,09:30,10:45,18106
1554,1159,목,11:00,12:15,18106
1555,1160,화,09:30,10:45,18104
1556,1160,목,11:00,12:15,18104
1557,1161,화,11:00,12:15,18103
1558,1161,목,09:30,10:45,18103
1559,1162,화,11:00,12:15,18106
1560,1162,목,09:30,10:45,18106
1561,1163,화,11:00,12:15,18104
1562,1163,목,09:30,10:45,18104
1563,1164,수,13:00,14:40,18421
1564,1165,월,11:00,12:40,18211
1565,1166,화,11:00,12:40,18420
1566,1167,수,17:30,19:10,18421
1567,1168,목,13:00,14:40,18421
1568,1169,화,17:30,19:10,18520
1569,1170,금,17:30,19:10,18421
1570,1171,금,13:00,14:40,18421
1571,1172,목,13:00,14:40,3423
1572,1173,수,17:30,19:10,18211
1573,1174,금,17:30,19:10,4107
1574,1175,월,17:30,19:10,18211
1575,1176,수,13:00,14:15,18308
1576,1177,화,13:00,14:15,18309
1577,1178,화,14:30,15:45,18309
1578,1179,수,11:00,12:15,18308
1579,1180,목,09:30,10:45,18309
1580,1181,목,11:00,12:15,18309
1581,1182,목,13:00,14:15,18309
1582,1183,수,14:30,15:45,18308
1583,1184,월,09:30,10:45,18309
1584,1185,목,13:00,14:15,18308
1585,1186,월,13:00,14:15,18309
1586,1187,월,14:30,15:45,18309
1587,1188,월,16:00,17:15,18309
1588,1189,월,11:00,12:15,18309
1589,1271,월,17:30,18:20,채플실
1590,1272,월,14:30,15:20,채플실
1591,1273,수,14:30,15:20,채플실
1592,1274,월,17:30,18:20,4105
1593,1274,수,16:00,16:50,4105
1594,1275,월,16:00,16:50,채플실
1595,1276,수,16:00,16:50,채플실
1596,1386,수,17:30,18:20,3405
1597,1387,월,16:00,16:50,4107
1598,1388,월,16:00,16:50,4105
1599,1389,월,16:00,16:50,3410
1600,1390,월,16:00,16:50,20502
1601,1391,월,16:00,16:50,3408
1602,1392,월,16:00,16:50,3407
1603,1393,월,16:00,16:50,3405
1604,1394,월,16:00,16:50,3406
1605,1395,월,16:00,16:50,3411
1606,1396,월,16:00,16:50,3308
1607,1397,월,18:50,19:40,18101
1608,1398,수,18:50,19:40,18101
1609,1399,월,18:50,19:40,3204
1610,1400,월,18:50,19:40,3409
1611,1401,월,18:50,19:40,3412
1612,1402,화,18:50,19:40,3408
1613,1403,수,16:00,16:50,18104
1614,1404,월,17:30,18:20,20308
1615,1405,월,17:30,18:20,20502
1616,1406,월,17:30,18:20,20401
1617,1407,월,16:00,16:50,18104
1618,1408,월,16:00,16:50,18102
1619,1409,월,16:00,16:50,18103
1620,1410,월,16:00,16:50,18110
1621,1411,화,16:00,16:50,3411
1622,1412,수,16:00,16:50,3412
1623,1413,수,18:50,19:40,3506
1624,1414,수,16:00,16:50,20505
1625,1415,월,16:00,16:50,20507
1626,1416,수,16:00,16:50,3411
1627,1417,수,16:00,16:50,3505
1628,1418,수,16:00,16:50,3408
1629,1419,수,16:00,16:50,3407
1630,1420,수,16:00,16:50,3506
1631,1421,수,16:00,16:50,18102
1632,1422,수,16:00,16:50,18103
1633,1423,수,16:00,16:50,18101
1634,1424,수,16:00,16:50,18420-1
1635,1425,수,16:00,16:50,18211-1
1636,1426,수,16:00,16:50,18106
1637,1427,목,11:00,11:50,3206
1638,1428,화,17:30,18:20,18519
1639,1429,화,17:30,18:20,18420-1
1640,1430,수,16:00,16:50,20506
1641,1431,수,16:00,16:50,20502
1642,1432,수,16:00,16:50,18418
1643,1433,수,16:00,16:50,3403
1644,1434,수,16:00,16:50,3409
1645,1435,수,16:00,16:50,3410
1646,1436,수,16:00,16:50,3321
1647,1437,수,16:00,16:50,3405
1648,1438,수,16:00,16:50,8110
1649,1439,월,17:30,18:20,8101
1650,1440,수,17:30,18:20,8110
1651,1441,수,16:00,16:50,18212-1
1652,1442,월,17:30,18:20,18101
1653,1443,수,16:00,16:50,8101
1654,1444,월,17:30,18:20,3201
1655,1445,월,17:30,18:20,3203
1656,1446,월,17:30,18:20,3204
1657,1447,수,17:30,18:20,3408
1658,1448,수,17:30,18:20,3321
1659,1449,수,17:30,18:20,3409
1660,1450,월,17:30,18:20,4107
1661,1453,수,16:00,17:15,20404
1662,1454,화,13:00,14:15,8101
1663,1454,목,13:00,14:15,8101
1664,1455,금,13:00,14:15,3408
1665,1455,금,14:30,15:45,3408
1666,1456,월,14:30,15:45,3408
1667,1456,수,14:30,15:45,3408
1668,1457,목,13:00,14:15,18420
1669,1457,목,14:30,15:45,18420
1670,1458,화,11:00,12:40,3321
1671,1459,월,13:00,14:15,18212
1672,1459,수,13:00,14:15,18212
1673,1460,화,16:00,17:15,7215
1674,1460,화,17:30,18:45,7215
1675,1461,화,13:00,14:15,18212
1676,1461,화,14:30,15:45,18212
1677,1464,목,16:00,17:15,18523
1678,1464,목,17:30,18:45,18523
1679,1465,월,13:00,14:15,18418
1680,1465,수,13:00,14:15,18418
1681,1466,월,11:00,12:15,18418
1682,1466,수,09:30,10:45,18418
1683,1467,월,14:30,15:45,18420
1684,1467,수,14:30,15:45,18420
1685,1468,화,13:00,14:15,20506
1686,1468,목,13:00,14:15,20506
1687,1469,월,09:30,10:45,18418
1688,1469,수,11:00,12:15,18418
1689,1470,화,16:00,17:15,18523
1690,1470,화,17:30,18:45,18523
1691,1471,목,13:00,14:15,18101
1692,1471,목,14:30,15:45,18101
1693,1472,화,13:00,14:15,18519
1694,1472,화,14:30,15:45,18519
1695,1474,월,09:30,10:45,20506
1696,1474,수,11:00,12:15,20506
1697,1475,월,11:00,12:15,20506
1698,1475,수,09:30,10:45,20506
1699,1476,월,13:00,14:15,20506
1700,1476,수,13:00,14:15,20506
1701,1477,월,14:30,15:45,20506
1702,1477,수,14:30,15:45,20506
1703,1479,목,16:00,17:15,18211
1704,1479,목,17:30,18:45,18211
1705,1480,목,16:00,17:15,18519
1706,1480,목,17:30,18:45,18519
1707,1481,금,13:00,14:15,18211
1708,1481,금,14:30,15:45,18211
1709,1483,월,13:00,14:40,17201
1710,1484,월,13:00,14:15,3408
1711,1484,수,13:00,14:15,3408
1712,1485,목,13:00,14:15,18211
1713,1485,목,14:30,15:45,18211
1714,1486,목,13:00,14:15,18212
1715,1486,목,14:30,15:45,18212
1716,1487,월,11:00,12:15,20403
1717,1487,수,09:30,10:45,20403
1718,1488,화,13:00,14:15,18523
1719,1488,화,14:30,15:45,18523
1720,1489,금,13:00,14:15,18212-1
1721,1489,금,14:30,15:45,18212-1
1722,1490,화,11:00,12:15,3505
1723,1490,목,09:30,10:45,3505
1724,1492,월,13:00,14:40,4107
1725,1494,금,16:00,17:15,3505
1726,1494,금,17:30,18:45,3505
1727,1495,금,14:30,15:45,18420
1728,1495,금,16:00,17:15,18420
1729,1496,화,13:00,14:15,18418
1730,1496,화,14:30,15:45,18418
1731,1498,월,13:00,14:15,3423
1732,1499,화,16:00,17:15,18211
1733,1499,화,17:30,18:45,18211
1734,1500,금,09:30,10:45,10204
1735,1500,금,11:00,12:15,10204
1736,1501,화,16:00,17:15,18307
1737,1501,화,17:30,18:45,18307
1738,1502,화,09:30,10:45,3505
1739,1502,목,11:00,12:15,3505
1740,1503,화,13:00,14:15,3321
1741,1503,목,13:00,14:15,3321
1742,1504,월,09:30,10:45,8110
1743,1504,수,11:00,12:15,8110
1744,1505,월,13:00,14:15,8110
1745,1505,수,13:00,14:15,8110
1746,1506,월,14:30,15:45,8110
1747,1506,수,14:30,15:45,8110
1748,1507,화,11:00,12:15,8110
1749,1507,목,09:30,10:45,8110
1750,1508,월,09:30,10:45,20502
1751,1508,수,11:00,12:15,20502
1752,1509,월,11:00,12:15,20502
1753,1509,수,09:30,10:45,20502
1754,1510,월,13:00,14:15,20502
1755,1510,수,13:00,14:15,20502
1756,1511,화,09:30,10:45,20502
1757,1511,목,11:00,12:15,20502
1758,1515,화,13:00,14:15,18307
1759,1515,화,14:30,15:45,18307
1760,1517,월,13:00,14:15,10204
1761,1517,월,14:30,15:45,10204
1762,1519,화,16:00,17:15,18309
1763,1519,화,17:30,18:45,18309
1764,1521,월,16:00,17:15,18106
1765,1521,수,17:30,18:45,18106
1766,1522,월,13:00,14:15,7215
1767,1522,수,13:00,14:15,7215
1768,1523,월,13:00,14:15,3203
1769,1524,월,13:00,14:15,3506
1770,1524,수,13:00,14:15,3506
1771,1525,화,13:00,14:15,3410
1772,1525,화,14:30,15:45,3410
1773,1526,목,13:00,14:15,3408
1774,1526,목,14:30,15:45,3408
1775,1527,금,13:00,14:15,3308
1776,1527,금,14:30,15:45,3308
1777,1531,월,09:30,10:45,7215
1778,1531,수,11:00,12:15,7215
1779,1532,월,14:30,15:45,3308
1780,1532,수,14:30,15:45,3308
1781,1533,화,16:00,17:15,18420
1782,1533,화,17:30,18:45,18420
1783,1534,화,13:00,14:15,18212-1
1784,1534,화,14:30,15:45,18212-1
1785,1535,화,13:00,14:15,3203
1786,1538,화,13:00,14:15,3308
1787,1538,화,14:30,15:45,3308
1788,1539,월,14:30,15:45,3423
1789,1540,화,13:00,14:15,18520
1790,1540,화,14:30,15:45,18520
1791,1541,목,13:00,14:15,18523
1792,1541,목,14:30,15:45,18523
1793,1542,금,13:00,14:40,4107
1794,1543,월,11:00,12:15,8110
1795,1543,수,09:30,10:45,8110
1796,1544,화,13:00,14:15,20502
1797,1544,목,13:00,14:15,20502
1798,1545,금,09:30,10:45,18307
1799,1545,금,11:00,12:15,18307
1800,1546,화,13:00,14:15,18211
1801,1546,화,14:30,15:45,18211
1802,1547,목,13:00,14:15,18520
1803,1547,목,14:30,15:45,18520
1804,1548,금,16:00,17:15,3308
1805,1548,금,17:30,18:45,3308
1806,1549,화,13:00,14:15,10201
1807,1549,화,14:30,15:45,10201
1808,1550,목,09:30,10:45,10301
1809,1550,목,11:00,12:15,10301
1810,1551,목,13:00,14:15,10301
1811,1551,목,14:30,15:45,10301
1812,1552,금,09:30,10:45,10301
1813,1552,금,11:00,12:15,10301
1814,1558,월,13:00,14:15,7108
1815,1559,화,11:00,12:15,18104
1816,1559,목,09:30,10:45,18104
1817,1560,월,16:00,17:15,7108
1818,1561,화,13:00,14:15,18308
1819,1562,수,14:30,15:45,7108
1820,1563,월,09:30,10:45,18103
1821,1563,수,11:00,12:15,18103
1822,1564,월,09:30,10:45,18104
1823,1564,수,11:00,12:15,18104
1824,1565,월,09:30,10:45,18106
1825,1565,수,11:00,12:15,18106
1826,1566,월,11:00,12:15,18103
1827,1566,수,09:30,10:45,18103
1828,1567,월,11:00,12:15,18104
1829,1567,수,09:30,10:45,18104
1830,1568,월,11:00,12:15,3505
1831,1568,수,09:30,10:45,3505
1832,1569,월,13:00,14:15,3505
1833,1569,수,13:00,14:15,3505
1834,1570,월,13:00,14:15,18104
1835,1570,수,13:00,14:15,18104
1836,1571,월,13:00,14:15,18106
1837,1571,수,13:00,14:15,18106
1838,1572,월,14:30,15:45,3505
1839,1572,수,14:30,15:45,3505
1840,1573,월,14:30,15:45,18104
1841,1573,수,14:30,15:45,18104
1842,1574,월,14:30,15:45,18106
1843,1574,수,14:30,15:45,18106
1844,1575,화,09:30,10:45,18103
1845,1575,목,11:00,12:15,18103
1846,1576,화,09:30,10:45,18106
1847,1576,목,11:00,12:15,18106
1848,1577,화,09:30,10:45,18104
1849,1577,목,11:00,12:15,18104
1850,1578,화,11:00,12:15,18103
1851,1578,목,09:30,10:45,18103
1852,1579,화,11:00,12:15,18106
1853,1579,목,09:30,10:45,18106
1854,1580,수,11:00,12:15,7108
1855,1581,월,14:30,15:20,채플실
1856,1606,화,09:30,10:45,18212
1857,1606,목,11:00,12:15,18212
1858,1607,월,13:00,14:15,18212-1
1859,1607,수,13:00,14:15,18212-1
1860,1608,월,14:30,15:45,18212-1
1861,1608,수,14:30,15:45,18212-1
1862,1609,월,13:00,14:15,18420-1
1863,1609,수,13:00,14:15,18420-1
1864,1610,화,11:00,12:15,18211-1
1865,1610,목,09:30,10:45,18211-1
1866,1611,목,13:00,14:15,18418
1867,1611,목,14:30,15:45,18418
1868,1612,월,09:30,10:45,18307
1869,1612,수,11:00,12:15,18307
1870,1613,월,11:00,12:15,18424
1871,1613,수,09:30,10:45,18424
1872,1614,월,13:00,14:15,18422
1873,1614,수,13:00,14:15,18422
1874,1615,월,14:30,15:45,18312
1875,1615,수,14:30,15:45,18312
1876,1616,월,13:00,14:15,18312
1877,1616,수,13:00,14:15,18312
1878,1617,목,16:00,17:15,18314
1879,1617,목,17:30,18:45,18314
1880,1618,화,16:00,17:15,18419
1881,1618,화,17:30,18:45,18419
1882,1619,화,13:00,14:15,18312
1883,1619,목,13:00,14:15,18312
1884,1620,월,11:00,12:15,18419
1885,1620,수,09:30,10:45,18419
1886,1621,월,13:00,14:15,18521
1887,1621,수,13:00,14:15,18521
1888,1622,화,11:00,12:15,18521
1889,1622,목,09:30,10:45,18521
1890,1623,화,09:30,10:45,18521
1891,1623,목,11:00,12:15,18521
1892,1624,목,16:00,17:15,18312
1893,1624,목,17:30,18:45,18312
1894,1625,월,09:30,10:45,18419
1895,1625,수,11:00,12:15,18419
1896,1626,화,14:30,15:45,18419
1897,1626,목,14:30,15:45,18419
1898,1627,월,16:00,17:15,18312
1899,1627,수,17:30,18:45,18312
1900,1628,화,09:30,10:45,18419
1901,1628,목,11:00,12:15,18419
1902,1629,월,17:30,18:45,18424
1903,1629,수,16:00,17:15,18424
1904,1630,월,13:00,14:15,18425
1905,1630,수,13:00,14:15,18425
1906,1631,화,14:30,15:45,18425
1907,1631,목,14:30,15:45,18425
1908,1632,화,13:00,14:15,18425
1909,1632,목,13:00,14:15,18425
1910,1633,화,14:30,15:45,18312
1911,1633,목,14:30,15:45,18312
1912,1634,월,16:00,17:15,18424
1913,1634,수,17:30,18:45,18424
1914,1635,월,09:30,10:45,18520
1915,1635,수,11:00,12:15,18520
1916,1636,월,11:00,12:15,18520
1917,1636,수,09:30,10:45,18520
1918,1637,목,13:00,14:15,18521
1919,1637,목,14:30,15:45,18521
1920,1638,화,09:30,10:45,18312
1921,1638,목,11:00,12:15,18312
1922,1639,월,14:30,15:45,18424
1923,1639,수,14:30,15:45,18424
1924,1640,월,11:00,12:15,18308
1925,1640,수,09:30,10:45,18308
1926,1641,월,13:00,14:15,18424
1927,1641,수,13:00,14:15,18424
1928,1642,목,13:00,14:15,18424
1929,1642,목,14:30,15:45,18424
1930,1643,목,16:00,17:15,18422
1931,1643,목,17:30,18:45,18422
1932,1644,화,11:00,12:15,18422
1933,1644,목,09:30,10:45,18422
1934,1645,화,11:00,12:15,18419
1935,1645,목,09:30,10:45,18419
1936,1646,월,14:30,15:20,채플실
1937,1671,화,09:30,10:45,18424
1938,1671,목,11:00,12:15,18424
1939,1672,월,14:30,15:45,18422
1940,1672,수,14:30,15:45,18422
1941,1673,월,11:00,12:15,18422
1942,1673,수,09:30,10:45,18422
1943,1674,화,13:00,14:15,18314
1944,1674,화,14:30,15:45,18314
1945,1675,월,16:00,17:15,18422
1946,1675,수,17:30,18:45,18422
1947,1676,월,11:00,12:15,18314
1948,1676,수,09:30,10:45,18314
1949,1677,월,09:30,10:45,18314
1950,1677,수,11:00,12:15,18314
1951,1678,월,17:30,18:45,18314
1952,1678,수,16:00,17:15,18314
1953,1679,월,09:30,10:45,18424
1954,1679,수,11:00,12:15,18424
1955,1680,월,16:00,17:15,18209
1956,1680,수,17:30,18:45,18209
1957,1681,월,14:30,15:45,18314
1958,1681,수,14:30,15:45,18314
1959,1682,월,13:00,14:15,18207
1960,1682,수,13:00,14:15,18207
1961,1683,목,13:00,14:15,18422
1962,1683,목,14:30,15:45,18422
1963,1684,목,16:00,17:15,18424
1964,1684,목,17:30,18:45,18424
1965,1685,금,13:00,14:15,18314
1966,1685,금,14:30,15:45,18314
1967,1686,화,11:00,12:15,18208
1968,1686,목,09:30,10:45,18208
1969,1687,화,13:00,14:15,18207
1970,1687,화,14:30,15:45,18207
1971,1688,월,11:00,12:15,18420
1972,1688,수,09:30,10:45,18420
1973,1689,월,09:30,10:45,18420
1974,1689,수,11:00,12:15,18420
1975,1690,월,14:30,15:45,18521
1976,1690,수,14:30,15:45,18521
1977,1691,월,13:00,14:15,18419
1978,1691,수,13:00,14:15,18419
1979,1692,화,13:00,14:15,18419
1980,1692,목,13:00,14:15,18419
1981,1693,화,16:00,17:15,18209
1982,1693,화,17:30,18:45,18209
1983,1694,화,16:00,17:15,18314
1984,1694,화,17:30,18:45,18314
1985,1695,화,13:00,14:15,18424
1986,1695,화,14:30,15:45,18424
1987,1696,금,09:30,10:45,18209
1988,1696,금,11:00,12:15,18209
1989,1697,화,13:00,14:15,18422
1990,1697,화,14:30,15:45,18422
1991,1698,금,09:30,10:45,18314
1992,1698,금,11:00,12:15,18314
1993,1699,금,09:30,10:45,18424
1994,1699,금,11:00,12:15,18424
1995,1700,금,13:00,14:15,18308
1996,1700,금,14:30,15:45,18308
1997,1701,금,13:00,14:15,18309
1998,1701,금,14:30,15:45,18309
1999,1702,금,13:00,14:15,18312
2000,1702,금,14:30,15:45,18312
2001,1703,금,13:00,14:15,18422
2002,1703,금,14:30,15:45,18422
2003,1704,금,13:00,14:15,18424
2004,1704,금,14:30,15:45,18424
2005,1705,금,13:00,14:15,18521
2006,1705,금,14:30,15:45,18521
2007,1706,토,11:00,11:50,18208
2008,1707,토,09:30,10:20,18208
2009,1708,토,12:00,12:50,18208
2010,1709,월,14:30,15:20,채플실
2011,1711,화,13:00,14:15,18209
2012,1711,목,13:00,14:15,18209
2013,1712,목,13:00,14:15,18314
2014,1712,목,14:30,15:45,18314
2015,1713,월,09:30,10:45,18521
2016,1713,수,11:00,12:15,18521
2017,1714,화,11:00,12:15,18425
2018,1714,목,09:30,10:45,18425
2019,1715,금,13:00,14:15,18425
2020,1715,금,14:30,15:45,18425
2021,1716,월,17:30,18:45,18425
2022,1716,수,16:00,17:15,18425
2023,1717,화,16:00,17:15,18425
2024,1717,화,17:30,18:45,18425
2025,1718,월,09:30,10:45,18425
2026,1718,수,11:00,12:15,18425
2027,1719,금,16:00,17:15,18425
2028,1719,금,17:30,18:45,18425
2029,1720,월,11:00,12:15,18425
2030,1720,수,09:30,10:45,18425
2031,1721,월,16:00,17:15,18425
2032,1721,수,17:30,18:45,18425
2033,1722,월,14:30,15:45,18425
2034,1722,수,14:30,15:45,18425
2035,1725,금,09:30,10:45,18207
2036,1725,금,11:00,12:15,18207
2037,1726,화,09:30,10:45,18308
2038,1726,목,11:00,12:15,18308
2039,1727,월,16:00,16:50,채플실
2040,1731,화,09:30,10:45,18307
2041,1731,목,11:00,12:15,18307
2042,1732,목,13:00,14:15,7305
2043,1732,목,14:30,15:45,7305
2044,1734,목,13:00,14:15,7301
2045,1734,목,14:30,15:45,7301
2046,1735,월,09:30,10:45,18102
2047,1735,수,11:00,12:15,18102
2048,1736,목,16:00,17:15,7305
2049,1736,목,17:30,18:45,7305
2050,1737,화,11:00,12:15,7301
2051,1737,목,09:30,10:45,7301
2052,1739,월,09:30,10:45,7305
2053,1739,수,11:00,12:15,7305
2054,1740,화,13:00,14:15,7305
2055,1740,화,14:30,15:45,7305
2056,1741,월,14:30,15:45,20404
2057,1741,수,14:30,15:45,20404
2058,1742,월,11:00,12:15,18307
2059,1742,수,09:30,10:45,18307
2060,1744,수,14:30,15:45,7305
2061,1745,수,16:00,16:50,7305
2062,1746,월,16:00,16:50,채플실
2063,1750,월,14:30,15:20,채플실
2064,1776,월,14:30,15:20,채플실
2065,1802,화,13:00,14:15,3411
2066,1802,화,14:30,15:45,3411
2067,1803,금,13:00,14:15,3410
2068,1803,금,14:30,15:45,3410
2069,1804,목,13:00,14:15,10203
2070,1804,목,14:30,15:45,10203
2071,1805,금,09:30,10:45,3412
2072,1805,금,11:00,12:15,3412
2073,1832,월,09:30,10:45,18422
2074,1832,수,11:00,12:15,18422
2075,1833,월,16:00,16:50,채플실
2076,1837,화,16:00,17:15,3408
2077,1837,화,17:30,18:45,3408
2078,1838,화,13:00,14:15,20505
2079,1838,화,14:30,15:45,20505
2080,1839,화,13:00,14:15,3412
2081,1839,화,14:30,15:45,3412
2082,1840,화,13:00,14:15,3503
2083,1840,화,14:30,15:45,3503
2084,1841,화,16:00,17:15,3410
2085,1841,화,17:30,18:45,3410
2086,1842,화,16:00,17:15,3412
2087,1842,화,17:30,18:45,3412
2088,1843,화,16:00,17:15,3503
2089,1843,화,17:30,18:45,3503
2090,1844,화,16:00,17:15,20505
2091,1844,화,17:30,18:45,20505
2092,1845,목,13:00,14:15,20505
2093,1845,목,14:30,15:45,20505
2094,1846,목,13:00,14:15,3410
2095,1846,목,14:30,15:45,3410
2096,1847,목,13:00,14:15,3412
2097,1847,목,14:30,15:45,3412
2098,1848,목,13:00,14:15,8110
2099,1848,목,14:30,15:45,8110
2100,1849,화,13:00,14:15,18211-1
2101,1849,화,14:30,15:45,18211-1
2102,1850,목,16:00,17:15,8110
2103,1850,목,17:30,18:45,8110
2104,1851,목,16:00,17:15,3412
2105,1851,목,17:30,18:45,3412
2106,1852,화,16:00,17:15,18211-1
2107,1852,화,17:30,18:45,18211-1
2108,1853,목,16:00,17:15,20505
2109,1853,목,17:30,18:45,20505
2110,1854,금,09:30,10:45,20502
2111,1854,금,11:00,12:15,20502
2112,1855,금,09:30,10:45,3409
2113,1855,금,11:00,12:15,3409
2114,1856,금,13:00,14:15,3409
2115,1856,금,14:30,15:45,3409
2116,1857,화,14:30,15:45,18309
2117,1860,월,16:00,16:50,채플실
2118,1861,화,16:00,17:15,3408
2119,1861,화,17:30,18:45,3408
2120,1862,화,13:00,14:15,20505
2121,1862,화,14:30,15:45,20505
2122,1869,화,13:00,14:15,3412
2123,1869,화,14:30,15:45,3412
2124,1870,화,13:00,14:15,3503
2125,1870,화,14:30,15:45,3503
2126,1871,화,16:00,17:15,3410
2127,1871,화,17:30,18:45,3410
2128,1872,화,16:00,17:15,3412
2129,1872,화,17:30,18:45,3412
2130,1873,화,16:00,17:15,3503
2131,1873,화,17:30,18:45,3503
2132,1874,화,16:00,17:15,20505
2133,1874,화,17:30,18:45,20505
2134,1875,목,13:00,14:15,20505
2135,1875,목,14:30,15:45,20505
2136,1876,목,13:00,14:15,3410
2137,1876,목,14:30,15:45,3410
2138,1877,목,13:00,14:15,3412
2139,1877,목,14:30,15:45,3412
2140,1878,목,13:00,14:15,8110
2141,1878,목,14:30,15:45,8110
2142,1879,화,13:00,14:15,18211-1
2143,1879,화,14:30,15:45,18211-1
2144,1880,목,16:00,17:15,8110
2145,1880,목,17:30,18:45,8110
2146,1881,목,16:00,17:15,3412
2147,1881,목,17:30,18:45,3412
2148,1882,화,16:00,17:15,18211-1
2149,1882,화,17:30,18:45,18211-1
2150,1883,목,16:00,17:15,20505
2151,1883,목,17:30,18:45,20505
2152,1884,금,09:30,10:45,20502
2153,1884,금,11:00,12:15,20502
2154,1885,금,09:30,10:45,3409
2155,1885,금,11:00,12:15,3409
2156,1886,금,13:00,14:15,3409
2157,1886,금,14:30,15:45,3409
2158,1887,화,14:30,15:45,18309
2159,1888,목,13:00,14:15,18308
2160,1894,화,16:00,17:15,3203
2161,1894,화,17:30,18:45,3203
2162,1895,월,17:30,18:45,3423
2163,1895,수,16:00,17:15,3423
2164,1896,목,16:00,17:15,3203
2165,1896,목,17:30,18:45,3203
2166,1897,화,16:00,17:15,7305
2167,1897,화,17:30,18:45,7305
2168,1898,화,16:00,17:15,7105
2169,1898,화,17:30,18:45,7105
2170,1899,월,16:00,17:15,3423
2171,1899,수,17:30,18:45,3423
2172,1900,화,16:00,17:15,7108
2173,1900,화,17:30,18:45,7108
2174,1901,월,16:00,16:50,채플실
2175,1908,수,17:30,18:20,8110
2176,1909,수,16:00,16:50,8101
2177,1910,월,17:30,18:20,18101
2178,1911,수,16:00,16:50,18212-1
2179,1912,월,17:30,18:20,8101
2180,1913,수,16:00,16:50,8110
2181,1914,화,11:00,12:15,18311
2182,1914,목,09:30,10:45,18311
2183,1915,화,09:30,10:45,18311
2184,1915,목,11:00,12:15,18311
2185,1916,월,11:00,12:15,18311
2186,1916,수,09:30,10:45,18311
2187,1917,월,09:30,10:45,18311
2188,1917,수,11:00,12:15,18311
2189,1919,월,14:30,15:45,18418
2190,1919,수,14:30,15:45,18418
2191,1920,화,11:00,12:15,3423
2192,1920,목,09:30,10:45,3423
2193,1921,월,13:00,14:15,3308
2194,1921,수,13:00,14:15,3308
2195,1922,화,13:00,14:15,18311
2196,1922,목,13:00,14:15,18311
2197,1923,월,13:00,14:15,18520
2198,1923,수,13:00,14:15,18520
2199,1924,월,13:00,14:15,18311
2200,1924,수,13:00,14:15,18311
2201,1925,금,09:30,10:45,7108
2202,1925,금,11:00,12:15,7108
2203,1926,월,14:30,15:45,18311
2204,1926,수,14:30,15:45,18311
2205,1927,화,14:30,15:45,18311
2206,1927,목,14:30,15:45,18311
2207,1929,월,14:30,15:45,3203
2208,1929,수,14:30,15:45,3203
2209,1930,금,09:30,10:45,18311
2210,1930,금,11:00,12:15,18311
2211,1931,금,13:00,14:15,18311
2212,1931,금,14:30,15:45,18311
2213,1933,목,13:00,14:15,3201
2214,1933,목,14:30,15:45,3201
2215,1934,월,16:00,16:50,채플실
2216,1941,수,16:00,16:50,8110
2217,1942,수,16:00,16:50,8101
2218,1943,월,17:30,18:20,18101
2219,1944,수,16:00,16:50,18212-1
2220,1945,수,17:30,18:20,8110
2221,1946,월,17:30,18:20,8101
2222,1952,수,16:00,16:50,3408
2223,1953,수,16:00,16:50,3506
2224,1954,수,16:00,16:50,3411
2225,1955,수,16:00,16:50,3407
2226,1956,수,16:00,16:50,3505
2227,1957,월,09:30,10:45,7104
2228,1957,수,11:00,12:15,7104
2229,1958,월,11:00,12:15,7104
2230,1958,수,09:30,10:45,7104
2231,1959,월,09:30,10:45,20404
2232,1959,수,11:00,12:15,20404
2233,1960,월,14:30,15:45,7104
2234,1960,수,14:30,15:45,7104
2235,1961,월,11:00,12:15,20301
2236,1961,수,09:30,10:45,20301
2237,1962,월,09:30,10:45,18212
2238,1962,수,11:00,12:15,18212
2239,1963,화,16:00,17:15,20301
2240,1963,화,17:30,18:45,20301
2241,1964,목,13:00,14:15,7104
2242,1964,목,14:30,15:45,7104
2243,1965,월,14:30,15:45,20301
2244,1965,수,14:30,15:45,20301
2245,1966,월,13:00,14:15,7104
2246,1966,수,13:00,14:15,7104
2247,1967,월,16:00,17:15,20301
2248,1967,수,17:30,18:45,20301
2249,1968,월,13:00,14:15,20301
2250,1968,수,13:00,14:15,20301
2251,1969,화,11:00,12:15,20301
2252,1969,목,09:30,10:45,20301
2253,1970,화,14:30,15:45,3404
2254,1970,목,14:30,15:45,3404
2255,1971,금,09:30,10:45,7104
2256,1971,금,11:00,12:15,7104
2257,1972,목,16:00,17:15,7104
2258,1972,목,17:30,18:45,7104
2259,1973,화,13:00,14:15,20301
2260,1973,목,13:00,14:15,20301
2261,1974,화,14:30,15:45,20301
2262,1974,목,14:30,15:45,20301
2263,1975,월,17:30,18:45,20301
2264,1975,수,16:00,17:15,20301
2265,1978,화,16:00,17:15,3408
2266,1978,화,17:30,18:45,3408
2267,1979,화,13:00,14:15,20505
2268,1979,화,14:30,15:45,20505
2269,1980,화,13:00,14:15,3412
2270,1980,화,14:30,15:45,3412
2271,1981,화,13:00,14:15,3503
2272,1981,화,14:30,15:45,3503
2273,1982,화,16:00,17:15,3410
2274,1982,화,17:30,18:45,3410
2275,1983,화,16:00,17:15,3412
2276,1983,화,17:30,18:45,3412
2277,1984,화,16:00,17:15,3503
2278,1984,화,17:30,18:45,3503
2279,1985,화,16:00,17:15,20505
2280,1985,화,17:30,18:45,20505
2281,1986,목,13:00,14:15,20505
2282,1986,목,14:30,15:45,20505
2283,1987,목,13:00,14:15,3410
2284,1987,목,14:30,15:45,3410
2285,1988,목,13:00,14:15,3412
2286,1988,목,14:30,15:45,3412
2287,1989,목,13:00,14:15,8110
2288,1989,목,14:30,15:45,8110
2289,1990,화,13:00,14:15,18211-1
2290,1990,화,14:30,15:45,18211-1
2291,1991,목,16:00,17:15,8110
2292,1991,목,17:30,18:45,8110
2293,1992,목,16:00,17:15,3412
2294,1992,목,17:30,18:45,3412
2295,1993,화,16:00,17:15,18211-1
2296,1993,화,17:30,18:45,18211-1
2297,1994,목,16:00,17:15,20505
2298,1994,목,17:30,18:45,20505
2299,1995,금,09:30,10:45,20502
2300,1995,금,11:00,12:15,20502
2301,1996,금,09:30,10:45,3409
2302,1996,금,11:00,12:15,3409
2303,1997,금,13:00,14:15,3409
2304,1997,금,14:30,15:45,3409
2305,1998,화,13:00,14:15,18309
2306,1999,목,11:00,12:15,18309
2307,2000,수,14:30,15:45,18308
2308,2001,월,11:00,12:15,18309
2309,2014,수,16:00,16:50,채플실
2310,2015,화,16:00,17:15,3408
2311,2015,화,17:30,18:45,3408
2312,2016,화,13:00,14:15,20505
2313,2016,화,14:30,15:45,20505
2314,2017,화,13:00,14:15,3412
2315,2017,화,14:30,15:45,3412
2316,2018,화,13:00,14:15,3503
2317,2018,화,14:30,15:45,3503
2318,2019,화,16:00,17:15,3410
2319,2019,화,17:30,18:45,3410
2320,2020,화,16:00,17:15,3412
2321,2020,화,17:30,18:45,3412
2322,2021,화,16:00,17:15,3503
2323,2021,화,17:30,18:45,3503
2324,2022,화,16:00,17:15,20505
2325,2022,화,17:30,18:45,20505
2326,2023,목,13:00,14:15,20505
2327,2023,목,14:30,15:45,20505
2328,2024,목,13:00,14:15,3410
2329,2024,목,14:30,15:45,3410
2330,2025,목,13:00,14:15,3412
2331,2025,목,14:30,15:45,3412
2332,2026,목,13:00,14:15,8110
2333,2026,목,14:30,15:45,8110
2334,2027,화,13:00,14:15,18211-1
2335,2027,화,14:30,15:45,18211-1
2336,2028,목,16:00,17:15,8110
2337,2028,목,17:30,18:45,8110
2338,2029,목,16:00,17:15,3412
2339,2029,목,17:30,18:45,3412
2340,2030,화,16:00,17:15,18211-1
2341,2030,화,17:30,18:45,18211-1
2342,2031,목,16:00,17:15,20505
2343,2031,목,17:30,18:45,20505
2344,2032,금,09:30,10:45,20502
2345,2032,금,11:00,12:15,20502
2346,2033,금,09:30,10:45,3409
2347,2033,금,11:00,12:15,3409
2348,2034,금,13:00,14:15,3409
2349,2034,금,14:30,15:45,3409
2350,2035,화,13:00,14:15,18309
2351,2036,목,11:00,12:15,18309
2352,2037,수,14:30,15:45,18308
2353,2038,월,11:00,12:15,18309
2354,2051,수,16:00,16:50,채플실
2355,2052,수,16:00,16:50,채플실
2356,2056,수,16:00,16:50,3408
2357,2057,수,16:00,16:50,3411
2358,2058,수,16:00,16:50,3505
2359,2059,월,09:30,10:45,20404
2360,2059,수,11:00,12:15,20404
2361,2060,월,11:00,12:15,7104
2362,2060,수,09:30,10:45,7104
2363,2062,월,11:00,12:15,20301
2364,2062,수,09:30,10:45,20301
2365,2063,화,16:00,17:15,20301
2366,2063,화,17:30,18:45,20301
2367,2064,월,16:00,17:15,20301
2368,2064,수,17:30,18:45,20301
2369,2065,화,14:30,15:45,3404
2370,2065,목,14:30,15:45,3404
2371,2066,월,14:30,15:45,20301
2372,2066,수,14:30,15:45,20301
2373,2067,화,11:00,12:15,20301
2374,2067,목,09:30,10:45,20301
2375,2068,월,13:00,14:15,20301
2376,2068,수,13:00,14:15,20301
2377,2069,월,17:30,18:45,20301
2378,2069,수,16:00,17:15,20301
2379,2071,수,16:00,16:50,채플실
2380,2075,수,16:00,16:50,3411
2381,2076,수,16:00,16:50,3408
2382,2077,수,16:00,16:50,3505
2383,2078,수,16:00,16:50,채플실
2384,2081,월,16:00,16:50,20507
2385,2082,수,16:00,16:50,20505
2386,2083,화,13:00,14:15,20404
2387,2083,화,14:30,15:45,20404
2388,2088,목,13:00,14:15,20404
2389,2088,목,14:30,15:45,20404
2390,2089,화,11:00,12:15,20404
2391,2089,목,09:30,10:45,20404
2392,2090,화,13:00,14:15,20507
2393,2090,화,14:30,15:45,20507
2394,2091,화,09:30,10:45,20404
2395,2091,목,11:00,12:15,20404
2396,2092,월,13:00,14:15,8101
2397,2092,수,13:00,14:15,8101
2398,2093,화,16:00,17:15,20507
2399,2093,화,17:30,18:45,20507
2400,2095,월,11:00,12:15,20404
2401,2095,수,09:30,10:45,20404
2402,2096,월,14:30,15:45,8101
2403,2096,수,14:30,15:45,8101
2404,2100,수,16:00,16:50,채플실
2405,2103,수,16:00,16:50,20505
2406,2104,월,16:00,16:50,20507
2407,2106,월,16:00,16:50,채플실
2408,2113,수,16:00,16:50,18102
2409,2114,수,16:00,16:50,18106
2410,2115,수,16:00,16:50,18211-1
2411,2116,수,16:00,16:50,18420-1
2412,2117,수,16:00,16:50,18101
2413,2118,수,16:00,16:50,18103
2414,2119,수,14:30,15:20,채플실
2415,2124,월,18:50,19:40,3409
2416,2125,월,18:50,19:40,3412
2417,2126,화,18:50,19:40,3408
2418,2127,월,18:50,19:40,3204
2419,2128,수,14:30,15:20,채플실
2420,2132,월,16:00,16:50,20502
2421,2133,월,16:00,16:50,3408
2422,2134,월,16:00,16:50,3410
2423,2135,수,16:00,16:50,채플실
2424,2138,수,16:00,16:50,3506
2425,2139,수,16:00,16:50,3407
2426,2140,월,14:30,15:45,7104
2427,2140,수,14:30,15:45,7104
2428,2141,월,11:00,12:15,7104
2429,2141,수,09:30,10:45,7104
2430,2142,월,09:30,10:45,20404
2431,2142,수,11:00,12:15,20404
2432,2143,월,09:30,10:45,7104
2433,2143,수,11:00,12:15,7104
2434,2145,목,13:00,14:15,7104
2435,2145,목,14:30,15:45,7104
2436,2146,월,09:30,10:45,18212
2437,2146,수,11:00,12:15,18212
2438,2147,화,14:30,15:45,3404
2439,2147,목,14:30,15:45,3404
2440,2148,월,13:00,14:15,7104
2441,2148,수,13:00,14:15,7104
2442,2149,목,16:00,17:15,7104
2443,2149,목,17:30,18:45,7104
2444,2150,금,09:30,10:45,7104
2445,2150,금,11:00,12:15,7104
2446,2151,화,14:30,15:45,20301
2447,2151,목,14:30,15:45,20301
2448,2152,화,13:00,14:15,20301
2449,2152,목,13:00,14:15,20301
2450,2154,수,16:00,16:50,채플실
2451,2157,수,16:00,16:50,3407
2452,2158,수,16:00,16:50,3506
2453,2159,수,16:00,16:50,채플실
2454,2163,수,18:50,19:40,3506
2455,2164,수,16:00,16:50,3412
2456,2165,화,16:00,16:50,3411
2457,2166,목,13:00,14:15,20306
2458,2166,목,14:30,15:45,20306
2459,2169,금,13:00,14:15,20507
2460,2169,금,14:30,15:45,20507
2461,2170,화,09:30,10:45,20306
2462,2170,목,11:00,12:15,20306
2463,2171,화,13:00,14:15,3505
2464,2171,목,13:00,14:15,3505
2465,2172,월,14:30,15:45,3201
2466,2172,수,14:30,15:45,3201
2467,2173,월,11:00,12:15,20306
2468,2173,수,09:30,10:45,20306
2469,2174,목,16:00,17:15,3406
2470,2174,목,17:30,18:45,3406
2471,2175,월,16:00,17:15,20306
2472,2175,수,17:30,18:45,20306
2473,2176,화,13:00,14:15,20306
2474,2176,화,14:30,15:45,20306
2475,2177,목,13:00,14:15,3405
2476,2177,목,14:30,15:45,3405
2477,2178,금,16:00,17:15,20507
2478,2178,금,17:30,18:45,20507
2479,2179,월,09:30,10:45,20306
2480,2179,수,11:00,12:15,20306
2481,2180,화,16:00,17:15,20306
2482,2180,화,17:30,18:45,20306
2483,2181,금,13:00,14:15,20306
2484,2181,금,14:30,15:45,20306
2485,2182,목,16:00,17:15,3405
2486,2182,목,17:30,18:45,3405
2487,2183,월,13:00,14:15,3201
2488,2183,수,13:00,14:15,3201
2489,2184,수,16:00,16:50,채플실
2490,2188,화,16:00,16:50,3411
2491,2189,수,18:50,19:40,3506
2492,2190,수,16:00,16:50,3412
2493,2191,화,16:00,17:15,3408
2494,2191,화,17:30,18:45,3408
2495,2192,화,13:00,14:15,20505
2496,2192,화,14:30,15:45,20505
2497,2193,화,13:00,14:15,3412
2498,2193,화,14:30,15:45,3412
2499,2194,화,13:00,14:15,3503
2500,2194,화,14:30,15:45,3503
2501,2195,화,16:00,17:15,3410
2502,2195,화,17:30,18:45,3410
2503,2196,화,16:00,17:15,3412
2504,2196,화,17:30,18:45,3412
2505,2197,화,16:00,17:15,3503
2506,2197,화,17:30,18:45,3503
2507,2198,화,16:00,17:15,20505
2508,2198,화,17:30,18:45,20505
2509,2199,목,13:00,14:15,20505
2510,2199,목,14:30,15:45,20505
2511,2200,목,13:00,14:15,3410
2512,2200,목,14:30,15:45,3410
2513,2201,목,13:00,14:15,3412
2514,2201,목,14:30,15:45,3412
2515,2202,목,13:00,14:15,8110
2516,2202,목,14:30,15:45,8110
2517,2203,화,13:00,14:15,18211-1
2518,2203,화,14:30,15:45,18211-1
2519,2204,목,16:00,17:15,8110
2520,2204,목,17:30,18:45,8110
2521,2205,목,16:00,17:15,3412
2522,2205,목,17:30,18:45,3412
2523,2206,화,16:00,17:15,18211-1
2524,2206,화,17:30,18:45,18211-1
2525,2207,목,16:00,17:15,20505
2526,2207,목,17:30,18:45,20505
2527,2208,금,09:30,10:45,20502
2528,2208,금,11:00,12:15,20502
2529,2209,금,09:30,10:45,3409
2530,2209,금,11:00,12:15,3409
2531,2210,금,13:00,14:15,3409
2532,2210,금,14:30,15:45,3409
2533,2211,화,13:00,14:15,18309
2534,2212,목,11:00,12:15,18309
2535,2213,수,14:30,15:45,18308
2536,2214,월,11:00,12:15,18309
2537,2227,수,16:00,16:50,채플실
2538,2228,월,16:00,16:50,채플실
2539,2232,월,17:30,18:20,3201
2540,2233,월,17:30,18:20,3204
2541,2234,월,17:30,18:20,3203
2542,2235,목,13:00,14:15,3506
2543,2235,목,14:30,15:45,3506
2544,2236,월,16:00,17:15,7105
2545,2236,수,17:30,18:45,7105
2546,2237,화,11:00,12:15,7105
2547,2237,목,09:30,10:45,7105
2548,2242,화,16:00,17:15,3201
2549,2242,화,17:30,18:45,3201
2550,2243,금,09:30,10:45,7105
2551,2243,금,11:00,12:15,7105
2552,2244,화,13:00,14:15,7105
2553,2244,목,13:00,14:15,7105
2554,2245,월,14:30,15:45,7105
2555,2245,수,14:30,15:45,7105
2556,2246,수,11:00,12:15,7105
2557,2247,월,17:30,18:45,7105
2558,2247,수,16:00,17:15,7105
2559,2248,월,13:00,14:15,7105
2560,2248,수,13:00,14:15,7105
2561,2250,월,16:00,16:50,채플실
2562,2254,월,17:30,18:20,3201
2563,2255,월,17:30,18:20,3204
2564,2256,월,17:30,18:20,3203
2565,2257,화,16:00,17:15,3408
2566,2257,화,17:30,18:45,3408
2567,2258,화,13:00,14:15,20505
2568,2258,화,14:30,15:45,20505
2569,2267,화,13:00,14:15,3412
2570,2267,화,14:30,15:45,3412
2571,2268,화,13:00,14:15,3503
2572,2268,화,14:30,15:45,3503
2573,2269,화,16:00,17:15,3410
2574,2269,화,17:30,18:45,3410
2575,2270,화,16:00,17:15,3412
2576,2270,화,17:30,18:45,3412
2577,2271,화,16:00,17:15,3503
2578,2271,화,17:30,18:45,3503
2579,2272,화,16:00,17:15,20505
2580,2272,화,17:30,18:45,20505
2581,2273,목,13:00,14:15,20505
2582,2273,목,14:30,15:45,20505
2583,2274,목,13:00,14:15,3410
2584,2274,목,14:30,15:45,3410
2585,2275,목,13:00,14:15,3412
2586,2275,목,14:30,15:45,3412
2587,2276,목,13:00,14:15,8110
2588,2276,목,14:30,15:45,8110
2589,2277,화,13:00,14:15,18211-1
2590,2277,화,14:30,15:45,18211-1
2591,2278,목,16:00,17:15,8110
2592,2278,목,17:30,18:45,8110
2593,2279,목,16:00,17:15,3412
2594,2279,목,17:30,18:45,3412
2595,2280,화,16:00,17:15,18211-1
2596,2280,화,17:30,18:45,18211-1
2597,2281,목,16:00,17:15,20505
2598,2281,목,17:30,18:45,20505
2599,2282,금,09:30,10:45,20502
2600,2282,금,11:00,12:15,20502
2601,2283,금,09:30,10:45,3409
2602,2283,금,11:00,12:15,3409
2603,2284,금,13:00,14:15,3409
2604,2284,금,14:30,15:45,3409
2605,2285,화,13:00,14:15,18309
2606,2286,목,11:00,12:15,18309
2607,2287,수,14:30,15:45,18308
2608,2288,월,11:00,12:15,18309
2609,2293,수,16:00,16:50,채플실
2610,2294,월,16:00,17:15,20308
2611,2294,수,17:30,18:45,20308
2612,2295,월,16:00,17:15,20501
2613,2295,수,17:30,18:45,20501
2614,2296,화,16:00,17:15,18106
2615,2296,화,17:30,18:45,18106
2616,2297,화,16:00,17:15,20501
2617,2297,화,17:30,18:45,20501
2618,2298,월,13:00,14:15,20306
2619,2298,수,13:00,14:15,20306
2620,2299,목,16:00,17:15,20306
2621,2299,목,17:30,18:45,20306
2622,2300,화,16:00,17:15,20404
2623,2300,화,17:30,18:45,20404
2624,2301,월,16:00,17:15,18212
2625,2301,수,17:30,18:45,18212
2626,2302,수,16:00,16:50,채플실
2627,2303,수,16:00,16:50,채플실
2628,2307,화,16:00,16:50,3411
2629,2308,수,18:50,19:40,3506
2630,2309,수,16:00,16:50,3412
2631,2310,수,16:00,16:50,채플실
2632,2314,화,16:00,16:50,3411
2633,2315,수,18:50,19:40,3506
2634,2316,수,16:00,16:50,3412
2635,2317,월,14:30,15:20,채플실
2636,2321,화,09:30,10:45,7315
2637,2321,목,11:00,12:15,7315
2638,2322,월,11:00,12:15,7315
2639,2322,수,09:30,10:45,7315
2640,2323,월,09:30,10:45,7315
2641,2323,수,11:00,12:15,7315
2642,2324,금,14:30,15:45,7315
2643,2325,월,16:00,17:15,18308
2644,2325,수,17:30,18:45,18308
2645,2326,월,17:30,18:45,18308
2646,2326,수,16:00,17:15,18308
2647,2328,금,16:00,17:15,7315
2648,2328,금,17:30,18:45,7315
2649,2329,화,11:00,12:15,7315
2650,2329,목,09:30,10:45,7315
2651,2331,화,16:00,17:15,18308
2652,2331,화,17:30,18:45,18308
2653,2332,금,13:00,14:15,7315
2654,2333,월,17:30,18:20,4105
2655,2333,수,16:00,16:50,4105
2656,2337,월,16:00,16:50,4107
2657,2338,월,16:00,16:50,4105
2658,2340,월,17:30,18:20,4107
2659,2341,월,17:30,18:20,4105
2660,2341,수,16:00,16:50,4105
2661,2345,월,16:00,16:50,4107
2662,2346,월,16:00,16:50,4105
2663,2348,월,17:30,18:20,4107
2664,2363,화,16:00,17:15,18424
2665,2363,화,17:30,18:45,18424
2666,2364,수,14:30,15:20,채플실
2667,2367,월,16:00,16:50,3308
2668,2368,월,16:00,16:50,3411
2669,2369,수,14:30,15:20,채플실
2670,2372,월,16:00,16:50,3308
2671,2373,월,16:00,16:50,3411
2672,2374,수,14:30,15:20,채플실
2673,2377,월,16:00,16:50,3308
2674,2378,월,16:00,16:50,3411
2675,2379,수,14:30,15:20,채플실
2676,2382,월,16:00,16:50,3308
2677,2383,월,16:00,16:50,3411
2678,2384,월,13:00,14:15,20403
2679,2384,수,13:00,14:15,20403
2680,2386,화,11:00,12:15,8101
2681,2387,화,16:00,17:15,20403
2682,2387,화,17:30,18:45,20403
2683,2389,화,13:00,14:15,3406
2684,2389,화,14:30,15:45,3406
2685,2391,월,14:30,15:45,20403
2686,2392,목,16:00,17:15,20403
2687,2392,목,17:30,18:45,20403
2688,2393,수,14:30,15:45,20403
2689,2394,수,16:00,17:15,20403
2690,2395,수,11:00,12:15,20403
2691,2396,화,11:00,12:15,20403
2692,2397,목,13:00,14:15,20403
2693,2397,목,14:30,15:45,20403
2694,2398,금,09:30,10:45,20403
2695,2398,금,11:00,12:15,20403
2696,2399,화,13:00,14:15,20403
2697,2399,화,14:30,15:45,20403
2698,2401,수,14:30,15:20,채플실
2699,2404,월,16:00,16:50,3308
2700,2405,월,16:00,16:50,3411
2701,2406,수,14:30,15:20,채플실
2702,2409,월,16:00,16:50,3308
2703,2410,월,16:00,16:50,3411
2704,2411,수,16:00,16:50,채플실
2705,2415,화,09:30,10:45,20501
2706,2415,목,11:00,12:15,20501
2707,2417,화,11:00,12:15,20501
2708,2417,목,09:30,10:45,20501
2709,2418,월,14:30,15:45,20405
2710,2418,수,14:30,15:45,20405
2711,2419,월,13:00,14:15,20402
2712,2419,수,13:00,14:15,20402
2713,2420,월,13:00,14:15,20501
2714,2420,수,13:00,14:15,20501
2715,2421,화,13:00,14:15,20501
2716,2421,화,14:30,15:45,20501
2717,2422,화,16:00,17:15,3204
2718,2422,화,17:30,18:45,3204
2719,2427,월,16:00,16:50,18102
2720,2428,월,16:00,16:50,18104
2721,2429,월,16:00,16:50,18103
2722,2430,수,14:30,15:20,채플실
2723,2434,월,16:00,16:50,18102
2724,2435,월,16:00,16:50,18103
2725,2436,월,16:00,16:50,18104
2726,2437,수,14:30,15:20,채플실
2727,2441,월,16:00,16:50,18102
2728,2442,월,16:00,16:50,18103
2729,2443,월,16:00,16:50,18104
2730,2444,수,14:30,15:20,채플실
2731,2448,월,16:00,16:50,18104
2732,2449,월,16:00,16:50,18103
2733,2450,월,16:00,16:50,18102
2734,2451,월,14:30,15:45,18105
2735,2451,수,14:30,15:45,18105
2736,2452,월,13:00,14:15,18105
2737,2452,수,13:00,14:15,18105
2738,2454,화,16:00,17:15,18105
2739,2454,화,17:30,18:45,18105
2740,2455,화,13:00,14:15,18105
2741,2455,화,14:30,15:45,18105
2742,2456,화,09:30,10:45,18105
2743,2456,목,11:00,12:15,18105
2744,2457,수,11:00,12:40,18211
2745,2458,수,11:00,12:40,18105
2746,2459,월,17:30,18:20,18105
2747,2460,월,11:00,12:15,18105
2748,2460,수,09:30,10:45,18105
2749,2461,목,13:00,14:15,18105
2750,2461,목,14:30,15:45,18105
2751,2462,금,09:30,10:45,18105
2752,2462,금,11:00,12:15,18105
2753,2463,화,11:00,12:15,18105
2754,2463,목,09:30,10:45,18105
2755,2464,목,13:00,14:15,18104
2756,2464,목,14:30,15:45,18104
2757,2465,금,13:00,14:15,18105
2758,2465,금,14:30,15:45,18105
2759,2466,목,16:00,17:15,18105
2760,2466,목,17:30,18:45,18105
2761,2467,금,09:30,10:45,18104
2762,2467,금,11:00,12:15,18104
2763,2468,화,13:00,14:15,18106
2764,2468,화,14:30,15:45,18106
2765,2470,월,17:30,18:45,18420
2766,2470,수,16:00,17:15,18420
2767,2471,수,14:30,15:20,채플실
2768,2475,월,16:00,16:50,18102
2769,2476,월,16:00,16:50,18103
2770,2477,월,16:00,16:50,18104
2771,2478,화,13:00,14:15,18307
2772,2478,화,14:30,15:45,18307
2773,2479,화,16:00,17:15,18307
2774,2479,화,17:30,18:45,18307
2775,2480,수,14:30,15:20,채플실
2776,2484,월,17:30,18:20,20308
2777,2485,월,17:30,18:20,20502
2778,2486,월,17:30,18:20,20401
2779,2488,월,14:30,15:45,20505
2780,2488,수,14:30,15:45,20505
2781,2489,목,16:00,17:15,20405
2782,2489,목,17:30,18:45,20405
2783,2490,월,09:30,10:45,20308
2784,2490,수,11:00,12:15,20308
2785,2491,목,16:00,17:15,20308
2786,2491,목,17:30,18:45,20308
2787,2493,월,14:30,15:45,20308
2788,2493,수,14:30,15:45,20308
2789,2494,목,13:00,14:15,20308
2790,2494,목,14:30,15:45,20308
2791,2495,화,13:00,14:15,20308
2792,2495,화,14:30,15:45,20308
2793,2496,금,09:30,10:45,20308
2794,2496,금,11:00,12:15,20308
2795,2497,화,16:00,17:15,20502
2796,2497,화,17:30,18:45,20502
2797,2498,화,14:30,15:45,20502
2798,2498,목,14:30,15:45,20502
2799,2500,월,16:00,17:15,20401
2800,2500,수,17:30,18:45,20401
2801,2501,금,13:00,14:15,20308
2802,2501,금,14:30,15:45,20308
2803,2502,화,16:00,17:15,20308
2804,2502,화,17:30,18:45,20308
2805,2503,수,14:30,15:20,채플실
2806,2507,월,17:30,18:20,20502
2807,2508,월,17:30,18:20,20401
2808,2509,월,17:30,18:20,20308
2809,2510,화,16:00,17:15,3408
2810,2510,화,17:30,18:45,3408
2811,2511,화,13:00,14:15,20505
2812,2511,화,14:30,15:45,20505
2813,2516,화,13:00,14:15,3412
2814,2516,화,14:30,15:45,3412
2815,2517,화,13:00,14:15,3503
2816,2517,화,14:30,15:45,3503
2817,2518,화,16:00,17:15,3410
2818,2518,화,17:30,18:45,3410
2819,2519,화,16:00,17:15,3412
2820,2519,화,17:30,18:45,3412
2821,2520,화,16:00,17:15,3503
2822,2520,화,17:30,18:45,3503
2823,2521,화,16:00,17:15,20505
2824,2521,화,17:30,18:45,20505
2825,2522,목,13:00,14:15,20505
2826,2522,목,14:30,15:45,20505
2827,2523,목,13:00,14:15,3410
2828,2523,목,14:30,15:45,3410
2829,2524,목,13:00,14:15,3412
2830,2524,목,14:30,15:45,3412
2831,2525,목,13:00,14:15,8110
2832,2525,목,14:30,15:45,8110
2833,2526,화,13:00,14:15,18211-1
2834,2526,화,14:30,15:45,18211-1
2835,2527,목,16:00,17:15,8110
2836,2527,목,17:30,18:45,8110
2837,2528,목,16:00,17:15,3412
2838,2528,목,17:30,18:45,3412
2839,2529,화,16:00,17:15,18211-1
2840,2529,화,17:30,18:45,18211-1
2841,2530,목,16:00,17:15,20505
2842,2530,목,17:30,18:45,20505
2843,2531,금,09:30,10:45,20502
2844,2531,금,11:00,12:15,20502
2845,2532,금,09:30,10:45,3409
2846,2532,금,11:00,12:15,3409
2847,2533,금,13:00,14:15,3409
2848,2533,금,14:30,15:45,3409
2849,2534,수,13:00,14:15,18308
2850,2535,목,09:30,10:45,18309
2851,2536,월,16:00,17:15,18309
2852,2548,화,16:00,17:15,18418
2853,2548,화,17:30,18:45,18418
2854,2549,월,17:30,18:45,18311
2855,2549,수,16:00,17:15,18311
2856,2550,월,16:00,17:15,18311
2857,2550,수,17:30,18:45,18311
2858,2551,목,16:00,17:15,7103
2859,2551,목,17:30,18:45,7103
2860,2552,화,16:00,17:15,18212
2861,2552,화,17:30,18:45,18212
2862,2553,화,16:00,17:15,3408
2863,2553,화,17:30,18:45,3408
2864,2554,화,13:00,14:15,20505
2865,2554,화,14:30,15:45,20505
2866,2556,화,13:00,14:15,3412
2867,2556,화,14:30,15:45,3412
2868,2557,화,13:00,14:15,3503
2869,2557,화,14:30,15:45,3503
2870,2558,화,16:00,17:15,3410
2871,2558,화,17:30,18:45,3410
2872,2559,화,16:00,17:15,3412
2873,2559,화,17:30,18:45,3412
2874,2560,화,16:00,17:15,3503
2875,2560,화,17:30,18:45,3503
2876,2561,화,16:00,17:15,20505
2877,2561,화,17:30,18:45,20505
2878,2562,목,13:00,14:15,20505
2879,2562,목,14:30,15:45,20505
2880,2563,목,13:00,14:15,3410
2881,2563,목,14:30,15:45,3410
2882,2564,목,13:00,14:15,3412
2883,2564,목,14:30,15:45,3412
2884,2565,목,13:00,14:15,8110
2885,2565,목,14:30,15:45,8110
2886,2566,화,13:00,14:15,18211-1
2887,2566,화,14:30,15:45,18211-1
2888,2567,목,16:00,17:15,8110
2889,2567,목,17:30,18:45,8110
2890,2568,목,16:00,17:15,3412
2891,2568,목,17:30,18:45,3412
2892,2569,화,16:00,17:15,18211-1
2893,2569,화,17:30,18:45,18211-1
2894,2570,목,16:00,17:15,20505
2895,2570,목,17:30,18:45,20505
2896,2571,금,09:30,10:45,20502
2897,2571,금,11:00,12:15,20502
2898,2572,금,09:30,10:45,3409
2899,2572,금,11:00,12:15,3409
2900,2573,금,13:00,14:15,3409
2901,2573,금,14:30,15:45,3409
2902,2574,화,14:30,15:45,18309
2903,2575,월,14:30,15:45,18309
2904,2581,화,16:00,17:15,18421
2905,2581,화,17:30,18:45,18421
2906,2582,금,09:30,10:45,18310
2907,2582,금,11:00,12:15,18310
2908,2583,월,16:00,16:50,채플실
2909,2590,수,16:00,16:50,18102
2910,2591,수,16:00,16:50,18106
2911,2592,수,16:00,16:50,18211-1
2912,2593,수,16:00,16:50,18420-1
2913,2594,수,16:00,16:50,18101
2914,2595,수,16:00,16:50,18103
2915,2596,월,16:00,16:50,채플실
2916,2603,수,16:00,16:50,18420-1
2917,2604,수,16:00,16:50,18211-1
2918,2605,수,16:00,16:50,18106
2919,2606,수,16:00,16:50,18101
2920,2607,수,16:00,16:50,18102
2921,2608,수,16:00,16:50,18103
2922,2609,화,13:00,14:15,18421
2923,2609,화,14:30,15:45,18421
2924,2610,월,14:30,15:45,18310
2925,2610,수,14:30,15:45,18310
2926,2613,목,13:00,14:15,18106
2927,2613,목,14:30,15:45,18106
2928,2614,금,13:00,14:15,18301
2929,2614,금,14:30,15:45,18301
2930,2615,금,09:30,10:45,18301
2931,2615,금,11:00,12:15,18301
2932,2616,월,11:00,12:15,18310
2933,2616,수,09:30,10:45,18310
2934,2617,월,09:30,10:45,18310
2935,2617,수,11:00,12:15,18310
2936,2618,금,13:00,14:15,18101
2937,2618,금,14:30,15:45,18101
2938,2619,금,09:30,10:45,18101
2939,2619,금,11:00,12:15,18101
2940,2620,화,11:00,12:15,18211
2941,2620,목,09:30,10:45,18211
2942,2621,월,09:30,10:45,18110
2943,2621,수,11:00,12:15,18110
2944,2622,월,11:00,12:15,18110
2945,2622,수,09:30,10:45,18110
2946,2623,금,16:00,17:15,18310
2947,2623,금,17:30,18:45,18310
2948,2624,금,13:00,14:15,18310
2949,2624,금,14:30,15:45,18310
2950,2625,금,16:00,17:15,18418
2951,2625,금,17:30,18:45,18418
2952,2626,금,13:00,14:15,18418
2953,2626,금,14:30,15:45,18418
2954,2627,화,11:00,12:15,18310
2955,2627,목,09:30,10:45,18310
2956,2628,화,09:30,10:45,18310
2957,2628,목,11:00,12:15,18310
2958,2629,월,13:00,14:15,18519
2959,2629,수,13:00,14:15,18519
2960,2630,목,13:00,14:15,18519
2961,2630,목,14:30,15:45,18519
2962,2631,화,13:00,14:15,18420
2963,2631,화,14:30,15:45,18420
2964,2632,월,14:30,15:45,18519
2965,2632,수,14:30,15:45,18519
2966,2633,월,13:00,14:15,18310
2967,2633,수,13:00,14:15,18310
2968,2634,화,13:00,14:15,18310
2969,2634,화,14:30,15:45,18310
2970,2635,화,16:00,17:15,18310
2971,2635,화,17:30,18:45,18310
2972,2636,목,13:00,14:15,18310
2973,2636,목,14:30,15:45,18310
2974,2637,월,16:00,16:50,채플실
2975,2644,수,16:00,16:50,18102
2976,2645,수,16:00,16:50,18106
2977,2646,수,16:00,16:50,18211-1
2978,2647,수,16:00,16:50,18420-1
2979,2648,수,16:00,16:50,18101
2980,2649,수,16:00,16:50,18103
2981,2650,월,14:30,15:20,채플실
2982,2655,금,13:00,14:15,7202
2983,2655,금,14:30,15:45,7202
2984,2657,화,16:00,17:15,7202
2985,2657,화,17:30,18:45,7202
2986,2658,목,11:00,12:15,7202
2987,2659,월,14:30,15:45,7203
2988,2659,수,14:30,15:45,7203
2989,2660,월,13:00,14:15,7203
2990,2660,수,13:00,14:15,7203
2991,2661,월,11:00,12:15,7202
2992,2661,수,09:30,10:45,7202
2993,2662,화,13:00,14:15,7202
2994,2662,화,14:30,15:45,7202
2995,2663,월,14:30,15:45,7202
2996,2663,수,14:30,15:45,7202
2997,2664,화,11:00,12:15,7202
2998,2665,월,16:00,16:50,채플실
2999,2670,화,17:30,18:20,18519
3000,2671,화,17:30,18:20,18420-1
3001,2673,월,11:00,12:15,18210
3002,2673,수,09:30,10:45,18210
3003,2674,화,11:00,12:15,18210
3004,2674,목,09:30,10:45,18210
3005,2675,화,09:30,10:45,18210
3006,2675,목,11:00,12:15,18210
3007,2676,월,13:00,14:15,18211-1
3008,2676,수,13:00,14:15,18211-1
3009,2677,금,09:30,10:45,18211-1
3010,2677,금,11:00,12:15,18211-1
3011,2678,목,16:00,17:15,18211-1
3012,2678,목,17:30,18:45,18211-1
3013,2679,목,16:00,17:15,18212
3014,2679,목,17:30,18:45,18212
3015,2680,화,13:00,14:15,3506
3016,2680,화,14:30,15:45,3506
3017,2681,목,13:00,14:15,3503
3018,2681,목,14:30,15:45,3503
3019,2682,화,16:00,17:15,3321
3020,2682,화,17:30,18:45,3321
3021,2683,금,13:00,14:15,18210
3022,2683,금,14:30,15:45,18210
3023,2684,금,09:30,10:45,18210
3024,2684,금,11:00,12:15,18210
3025,2685,금,13:00,14:15,18211-1
3026,2685,금,14:30,15:45,18211-1
3027,2686,금,16:00,17:15,18210
3028,2686,금,17:30,18:45,18210
3029,2687,금,16:00,17:15,18101
3030,2687,금,17:30,18:45,18101
3031,2688,월,11:00,12:40,18101
3032,2689,월,13:00,14:15,18210
3033,2689,수,13:00,14:15,18210
3034,2690,목,13:00,14:15,20507
3035,2690,목,14:30,15:45,20507
3036,2691,월,14:30,15:45,20507
3037,2691,수,14:30,15:45,20507
3038,2692,월,14:30,15:45,3503
3039,2692,수,14:30,15:45,3503
3040,2693,월,16:00,16:50,채플실
3041,2698,화,17:30,18:20,18519
3042,2699,화,17:30,18:20,18420-1
3043,2700,월,16:00,16:50,채플실
3044,2702,목,11:00,11:50,3206
3045,2703,월,14:30,15:45,18110
3046,2703,수,14:30,15:45,18110
3047,2704,화,13:00,14:15,3206
3048,2704,화,14:30,15:45,3206
3049,2706,월,16:00,17:15,18417
3050,2706,수,17:30,18:45,18417
3051,2707,월,17:30,18:45,18417
3052,2707,수,16:00,17:15,18417
3053,2708,금,13:00,14:15,3206
3054,2708,금,14:30,15:45,3206
3055,2709,목,13:00,14:15,18307
3056,2709,목,14:30,15:45,18307
3057,2710,금,09:30,10:45,3206
3058,2710,금,11:00,12:15,3206
3059,2711,월,13:00,14:15,18110
3060,2711,수,13:00,14:15,18110
3061,2712,목,16:00,17:15,18104
3062,2712,목,17:30,18:45,18104
3063,2713,목,16:00,17:15,18102
3064,2713,목,17:30,18:45,18102
3065,2714,화,16:00,17:15,3206
3066,2714,화,17:30,18:45,3206
3067,2715,월,16:00,16:50,채플실
3068,2717,목,11:00,11:50,3206
3069,2718,월,14:30,15:20,채플실
3070,2744,화,09:30,10:45,18422
3071,2744,목,11:00,12:15,18422
3072,2745,월,17:30,18:45,18422
3073,2745,수,16:00,17:15,18422
3074,2746,월,16:00,17:15,18419
3075,2746,수,17:30,18:45,18419
3076,2747,월,14:30,15:45,18419
3077,2747,수,14:30,15:45,18419
3078,2750,월,14:30,15:20,채플실
3079,2751,월,14:30,15:20,채플실
3080,2777,월,14:30,15:20,채플실
3081,2781,화,09:30,10:45,7315
3082,2781,목,11:00,12:15,7315
3083,2782,월,11:00,12:15,7315
3084,2782,수,09:30,10:45,7315
3085,2783,월,09:30,10:45,7315
3086,2783,수,11:00,12:15,7315
3087,2784,금,14:30,15:45,7315
3088,2785,월,16:00,17:15,18308
3089,2785,수,17:30,18:45,18308
3090,2786,월,17:30,18:45,18308
3091,2786,수,16:00,17:15,18308
3092,2788,금,16:00,17:15,7315
3093,2788,금,17:30,18:45,7315
3094,2789,화,11:00,12:15,7315
3095,2789,목,09:30,10:45,7315
3096,2791,화,16:00,17:15,18308
3097,2791,화,17:30,18:45,18308
3098,2792,금,13:00,14:15,7315
3099,2793,월,14:30,15:20,채플실
3100,2797,화,09:30,10:45,7315
3101,2797,목,11:00,12:15,7315
3102,2798,월,11:00,12:15,7315
3103,2798,수,09:30,10:45,7315
3104,2799,월,09:30,10:45,7315
3105,2799,수,11:00,12:15,7315
3106,2800,금,14:30,15:45,7315
3107,2801,월,16:00,17:15,18308
3108,2801,수,17:30,18:45,18308
3109,2802,월,17:30,18:45,18308
3110,2802,수,16:00,17:15,18308
3111,2804,금,16:00,17:15,7315
3112,2804,금,17:30,18:45,7315
3113,2805,화,11:00,12:15,7315
3114,2805,목,09:30,10:45,7315
3115,2807,화,16:00,17:15,18308
3116,2807,화,17:30,18:45,18308
3117,2808,금,13:00,14:15,7315
3118,2809,월,14:30,15:20,채플실
3119,2812,금,11:00,12:40,3207
3120,2813,월,17:30,18:20,4105
3121,2813,수,16:00,16:50,4105
3122,2817,월,16:00,16:50,4105
3123,2818,월,16:00,16:50,4107
3124,2819,월,17:30,18:20,4107
3125,2822,화,16:00,17:15,3207
3126,2822,화,17:30,18:45,3207
3127,2832,월,14:30,15:45,3207
3128,2832,수,14:30,15:45,3207
3129,2833,월,09:30,10:45,4107
3130,2833,수,11:00,12:15,4107
3131,2834,월,16:00,17:15,20307
3132,2834,수,17:30,18:45,20307
3133,2835,금,13:00,14:15,20502
3134,2835,금,14:30,15:45,20502
3135,2836,목,13:00,14:15,3207
3136,2836,목,14:30,15:45,3207
3137,2837,화,13:00,14:15,4107
3138,2837,화,14:30,15:45,4107
3139,2838,목,16:00,17:15,4107
3140,2838,목,17:30,18:45,4107
3141,2839,월,13:00,14:15,3207
3142,2839,수,13:00,14:15,3207
3143,2840,화,16:00,17:15,4107
3144,2840,화,17:30,18:45,4107
3145,2841,화,13:00,14:15,3207
3146,2841,화,14:30,15:45,3207
3147,2842,목,16:00,17:15,3207
3148,2842,목,17:30,18:45,3207
3149,2843,목,13:00,14:15,4107
3150,2843,목,14:30,15:45,4107
3151,2844,금,13:00,14:15,3207
3152,2844,금,14:30,15:45,3207
3153,2845,화,16:00,17:15,3408
3154,2845,화,17:30,18:45,3408
3155,2846,화,13:00,14:15,20505
3156,2846,화,14:30,15:45,20505
3157,2851,화,13:00,14:15,3412
3158,2851,화,14:30,15:45,3412
3159,2852,화,13:00,14:15,3503
3160,2852,화,14:30,15:45,3503
3161,2853,화,16:00,17:15,3410
3162,2853,화,17:30,18:45,3410
3163,2854,화,16:00,17:15,3412
3164,2854,화,17:30,18:45,3412
3165,2855,화,16:00,17:15,3503
3166,2855,화,17:30,18:45,3503
3167,2856,화,16:00,17:15,20505
3168,2856,화,17:30,18:45,20505
3169,2857,목,13:00,14:15,20505
3170,2857,목,14:30,15:45,20505
3171,2858,목,13:00,14:15,3410
3172,2858,목,14:30,15:45,3410
3173,2859,목,13:00,14:15,3412
3174,2859,목,14:30,15:45,3412
3175,2860,목,13:00,14:15,8110
3176,2860,목,14:30,15:45,8110
3177,2861,화,13:00,14:15,18211-1
3178,2861,화,14:30,15:45,18211-1
3179,2862,목,16:00,17:15,8110
3180,2862,목,17:30,18:45,8110
3181,2863,목,16:00,17:15,3412
3182,2863,목,17:30,18:45,3412
3183,2864,화,16:00,17:15,18211-1
3184,2864,화,17:30,18:45,18211-1
3185,2865,목,16:00,17:15,20505
3186,2865,목,17:30,18:45,20505
3187,2866,금,09:30,10:45,20502
3188,2866,금,11:00,12:15,20502
3189,2867,금,09:30,10:45,3409
3190,2867,금,11:00,12:15,3409
3191,2868,금,13:00,14:15,3409
3192,2868,금,14:30,15:45,3409
3193,2869,금,11:00,12:40,3207
3194,2870,수,11:00,12:15,18308
3195,2871,목,13:00,14:15,18309
3196,2872,월,09:30,10:45,18309
3197,2873,월,13:00,14:15,18309
3198,2883,수,14:30,15:20,채플실
3199,2884,월,16:00,17:15,3505
3200,2884,수,17:30,18:45,3505
3201,2885,월,17:30,18:45,7107
3202,2885,수,16:00,17:15,7107
3203,2886,월,17:30,18:45,7215
3204,2886,수,16:00,17:15,7215
3205,2887,화,16:00,17:15,3505
3206,2887,화,17:30,18:45,3505
3207,2888,월,17:30,18:20,4105
3208,2888,수,16:00,16:50,4105
3209,2892,월,16:00,16:50,4107
3210,2893,월,16:00,16:50,4105
3211,2895,월,17:30,18:20,4107
3212,2896,월,17:30,18:20,4105
3213,2896,수,16:00,16:50,4105
3214,2900,월,16:00,16:50,4107
3215,2901,월,16:00,16:50,4105
3216,2903,월,17:30,18:20,4107
3217,2904,월,16:00,16:50,채플실
3218,2909,수,17:30,18:20,3405
3219,2910,수,17:30,18:20,3321
3220,2911,수,17:30,18:20,3409
3221,2912,수,17:30,18:20,3408
3222,2915,월,13:00,14:15,3204
3223,2915,수,13:00,14:15,3204
3224,2916,월,14:30,15:45,3204
3225,2916,수,14:30,15:45,3204
3226,2917,화,16:00,17:15,3423
3227,2917,화,17:30,18:45,3423
3228,2918,금,13:00,14:15,17201
3229,2918,금,14:30,15:45,17201
3230,2919,화,09:30,10:45,17201
3231,2919,목,11:00,12:15,17201
3232,2920,금,09:30,10:45,17201
3233,2920,금,11:00,12:15,17201
3234,2921,금,09:30,10:45,20501
3235,2921,금,11:00,12:15,20501
3236,2922,목,16:00,17:15,20501
3237,2922,목,17:30,18:45,20501
3238,2923,화,11:00,12:15,17201
3239,2923,목,09:30,10:45,17201
3240,2924,화,14:30,15:45,7215
3241,2924,목,14:30,15:45,7215
3242,2925,월,14:30,15:45,18520
3243,2925,수,14:30,15:45,18520
3244,2926,화,16:00,17:15,17201
3245,2926,화,17:30,18:45,17201
3246,2927,월,16:00,17:15,18310
3247,2927,수,17:30,18:45,18310
3248,2928,목,16:00,17:15,18103
3249,2928,목,17:30,18:45,18103
3250,2929,금,09:30,10:45,7215
3251,2929,금,11:00,12:15,7215
3252,2930,화,09:30,10:45,7108
3253,2930,목,11:00,12:15,7108
3254,2931,금,13:00,14:15,3423
3255,2931,금,14:30,15:45,3423
3256,2932,월,17:30,18:45,17201
3257,2932,수,16:00,17:15,17201
3258,2933,금,09:30,10:20,2202
3259,2934,월,16:00,16:50,채플실
3260,2939,수,17:30,18:20,3409
3261,2940,수,17:30,18:20,3321
3262,2941,수,17:30,18:20,3408
3263,2942,수,17:30,18:20,3405
3264,2943,월,12:00,12:50,2202
3265,2944,수,14:30,15:20,채플실
3266,2948,월,16:00,16:50,3405
3267,2949,월,16:00,16:50,3407
3268,2950,월,16:00,16:50,3406
3269,2951,화,13:00,14:15,3423
3270,2951,화,14:30,15:45,3423
3271,2952,월,11:00,12:15,20405
3272,2952,수,09:30,10:45,20405
3273,2953,화,11:00,12:15,18101
3274,2953,목,09:30,10:45,18101
3275,2955,목,13:00,14:15,18211-1
3276,2955,목,14:30,15:45,18211-1
3277,2956,화,09:30,10:45,20405
3278,2956,목,11:00,12:15,20405
3279,2957,목,16:00,17:15,18101
3280,2957,목,17:30,18:45,18101
3281,2958,월,17:30,18:45,20405
3282,2958,수,16:00,17:15,20405
3283,2959,월,13:00,14:15,20405
3284,2959,수,13:00,14:15,20405
3285,2960,화,11:00,12:15,20405
3286,2960,목,09:30,10:45,20405
3287,2961,월,17:30,18:45,18110
3288,2961,수,16:00,17:15,18110
3289,2962,수,11:00,12:40,20405
3290,2963,월,13:00,14:15,3206
3291,2963,수,13:00,14:15,3206
3292,2964,화,13:00,14:15,20405
3293,2964,화,14:30,15:45,20405
3294,2965,월,16:00,17:15,20405
3295,2965,수,17:30,18:45,20405
3296,2966,목,13:00,14:15,20405
3297,2966,목,14:30,15:45,20405
3298,2967,월,14:30,15:45,18211-1
3299,2967,수,14:30,15:45,18211-1
3300,2968,화,16:00,17:15,18101
3301,2968,화,17:30,18:45,18101
3302,2969,수,14:30,15:20,채플실
3303,2973,월,16:00,16:50,3405
3304,2974,월,16:00,16:50,3406
3305,2975,월,16:00,16:50,3407
3306,2979,월,16:00,16:50,18102
3307,2980,월,16:00,16:50,18104
3308,2981,월,16:00,16:50,18103
3309,2982,수,14:30,15:20,채플실
3310,2986,월,16:00,16:50,3405
3311,2987,월,16:00,16:50,3406
3312,2988,월,16:00,16:50,3407
3313,2989,월,14:30,15:20,채플실
3314,2994,금,13:00,14:15,7202
3315,2994,금,14:30,15:45,7202
3316,2996,화,16:00,17:15,7202
3317,2996,화,17:30,18:45,7202
3318,2997,목,11:00,12:15,7202
3319,2998,월,14:30,15:45,7203
3320,2998,수,14:30,15:45,7203
3321,2999,월,13:00,14:15,7203
3322,2999,수,13:00,14:15,7203
3323,3000,월,11:00,12:15,7202
3324,3000,수,09:30,10:45,7202
3325,3001,화,13:00,14:15,7202
3326,3001,화,14:30,15:45,7202
3327,3002,월,14:30,15:45,7202
3328,3002,수,14:30,15:45,7202
3329,3003,화,11:00,12:15,7202
3330,3004,월,14:30,15:20,채플실
3331,3009,금,13:00,14:15,7202
3332,3009,금,14:30,15:45,7202
3333,3011,화,16:00,17:15,7202
3334,3011,화,17:30,18:45,7202
3335,3012,목,11:00,12:15,7202
3336,3013,월,14:30,15:45,7203
3337,3013,수,14:30,15:45,7203
3338,3014,월,13:00,14:15,7203
3339,3014,수,13:00,14:15,7203
3340,3015,월,11:00,12:15,7202
3341,3015,수,09:30,10:45,7202
3342,3016,화,13:00,14:15,7202
3343,3016,화,14:30,15:45,7202
3344,3017,월,14:30,15:45,7202
3345,3017,수,14:30,15:45,7202
3346,3018,화,11:00,12:15,7202
3347,3019,월,09:30,10:45,18103
3348,3019,수,11:00,12:15,18103
3349,3020,월,09:30,10:45,18104
3350,3020,수,11:00,12:15,18104
3351,3021,월,09:30,10:45,18106
3352,3021,수,11:00,12:15,18106
3353,3022,월,11:00,12:15,18103
3354,3022,수,09:30,10:45,18103
3355,3023,월,11:00,12:15,18104
3356,3023,수,09:30,10:45,18104
3357,3024,월,11:00,12:15,3505
3358,3024,수,09:30,10:45,3505
3359,3025,월,13:00,14:15,3505
3360,3025,수,13:00,14:15,3505
3361,3026,월,13:00,14:15,18104
3362,3026,수,13:00,14:15,18104
3363,3027,월,13:00,14:15,18106
3364,3027,수,13:00,14:15,18106
3365,3028,월,14:30,15:45,3505
3366,3028,수,14:30,15:45,3505
3367,3029,월,14:30,15:45,18104
3368,3029,수,14:30,15:45,18104
3369,3030,월,14:30,15:45,18106
3370,3030,수,14:30,15:45,18106
3371,3031,화,09:30,10:45,18103
3372,3031,목,11:00,12:15,18103
3373,3032,화,09:30,10:45,18106
3374,3032,목,11:00,12:15,18106
3375,3033,화,09:30,10:45,18104
3376,3033,목,11:00,12:15,18104
3377,3034,화,11:00,12:15,18103
3378,3034,목,09:30,10:45,18103
3379,3035,화,11:00,12:15,18106
3380,3035,목,09:30,10:45,18106
3381,3036,화,11:00,12:15,18104
3382,3036,목,09:30,10:45,18104
3383,3040,월,14:30,15:20,채플실
3384,3066,월,11:00,12:15,18312
3385,3066,수,09:30,10:45,18312
3386,3067,화,11:00,12:15,18314
3387,3067,목,09:30,10:45,18314
3388,3068,화,13:00,14:15,18521
3389,3068,화,14:30,15:45,18521
3390,3074,월,16:00,16:50,18103
3391,3075,월,16:00,16:50,18102
3392,3076,월,16:00,16:50,18104
3393,3077,수,16:00,16:50,채플실
3394,3081,수,16:00,16:50,3321
3395,3082,수,16:00,16:50,3405
3396,3083,수,16:00,16:50,채플실
3397,3087,수,16:00,16:50,3321
3398,3088,수,16:00,16:50,3405
3399,3089,금,09:30,10:45,18106
3400,3089,금,11:00,12:15,18106
3401,3090,금,09:30,10:45,18212
3402,3090,금,11:00,12:15,18212
3403,3092,화,13:00,14:15,7103
3404,3092,화,14:30,15:45,7103
3405,3093,목,13:00,14:15,7103
3406,3093,목,14:30,15:45,7103
3407,3094,월,11:00,12:15,7103
3408,3094,수,09:30,10:45,7103
3409,3095,월,13:00,14:15,7103
3410,3095,수,13:00,14:15,7103
3411,3096,화,09:30,10:45,7106
3412,3096,목,11:00,12:15,7106
3413,3097,화,11:00,12:15,7103
3414,3097,목,09:30,10:45,7103
3415,3098,월,14:30,15:45,7103
3416,3098,수,14:30,15:45,7103
3417,3099,화,16:00,17:15,7103
3418,3099,화,17:30,18:45,7103
3419,3100,화,11:00,12:15,7106
3420,3100,목,09:30,10:45,7106
3421,3101,화,09:30,10:45,7103
3422,3101,목,11:00,12:15,7103
3423,3102,수,16:00,16:50,채플실
3424,3106,수,16:00,16:50,3321
3425,3107,수,16:00,16:50,3405
3426,3112,수,17:30,18:20,3409
3427,3113,수,17:30,18:20,3321
3428,3114,수,17:30,18:20,3408
3429,3115,수,17:30,18:20,3405
3430,3116,화,09:30,10:45,3403
3431,3116,목,11:00,12:15,3403
3432,3117,화,09:30,10:45,3405
3433,3117,목,11:00,12:15,3405
3434,3118,화,09:30,10:45,3406
3435,3118,목,11:00,12:15,3406
3436,3119,화,09:30,10:45,3407
3437,3119,목,11:00,12:15,3407
3438,3120,화,09:30,10:45,3408
3439,3120,목,11:00,12:15,3408
3440,3121,화,09:30,10:45,20406
3441,3121,목,11:00,12:15,20406
3442,3122,화,09:30,10:45,3410
3443,3122,목,11:00,12:15,3410
3444,3123,화,09:30,10:45,3412
3445,3123,목,11:00,12:15,3412
3446,3124,화,09:30,10:45,3503
3447,3124,목,11:00,12:15,3503
3448,3125,화,14:30,15:45,18308
3449,3126,수,09:30,10:45,7108
3450,3127,수,13:00,14:15,7108
3451,3128,월,09:30,10:45,18103
3452,3128,수,11:00,12:15,18103
3453,3129,월,09:30,10:45,18104
3454,3129,수,11:00,12:15,18104
3455,3130,월,09:30,10:45,18106
3456,3130,수,11:00,12:15,18106
3457,3131,월,11:00,12:15,18103
3458,3131,수,09:30,10:45,18103
3459,3132,월,11:00,12:15,18104
3460,3132,수,09:30,10:45,18104
3461,3133,월,11:00,12:15,3505
3462,3133,수,09:30,10:45,3505
3463,3134,월,13:00,14:15,3505
3464,3134,수,13:00,14:15,3505
3465,3135,월,13:00,14:15,18104
3466,3135,수,13:00,14:15,18104
3467,3136,월,13:00,14:15,18106
3468,3136,수,13:00,14:15,18106
3469,3137,월,14:30,15:45,3505
3470,3137,수,14:30,15:45,3505
3471,3138,월,14:30,15:45,18104
3472,3138,수,14:30,15:45,18104
3473,3139,월,14:30,15:45,18106
3474,3139,수,14:30,15:45,18106
3475,3140,화,09:30,10:45,18103
3476,3140,목,11:00,12:15,18103
3477,3141,화,09:30,10:45,18106
3478,3141,목,11:00,12:15,18106
3479,3142,화,09:30,10:45,18104
3480,3142,목,11:00,12:15,18104
3481,3143,화,11:00,12:15,18103
3482,3143,목,09:30,10:45,18103
3483,3144,화,11:00,12:15,18106
3484,3144,목,09:30,10:45,18106
3485,3145,화,11:00,12:15,18104
3486,3145,목,09:30,10:45,18104
3487,3155,수,14:30,15:20,채플실
3488,3159,수,16:00,16:50,20502
3489,3160,수,16:00,16:50,18418
3490,3161,수,16:00,16:50,20506
3491,3162,화,11:00,12:15,18307
3492,3162,목,09:30,10:45,18307
3493,3164,금,13:00,14:15,18417
3494,3164,금,14:30,15:45,18417
3495,3165,화,13:00,14:15,18104
3496,3165,화,14:30,15:45,18104
3497,3166,목,13:00,14:15,18212-1
3498,3166,목,14:30,15:45,18212-1
3499,3167,월,09:30,10:45,18211-1
3500,3167,수,11:00,12:15,18211-1
3501,3168,금,09:30,10:45,18417
3502,3168,금,11:00,12:15,18417
3503,3169,화,11:00,12:15,18417
3504,3169,목,09:30,10:45,18417
3505,3170,화,11:00,12:15,18212-1
3506,3170,목,09:30,10:45,18212-1
3507,3171,화,09:30,10:45,18212-1
3508,3171,목,11:00,12:15,18212-1
3509,3172,화,09:30,10:45,18417
3510,3172,목,11:00,12:15,18417
3511,3173,화,16:00,17:15,18102
3512,3173,화,17:30,18:45,18102
3513,3174,금,16:00,17:15,18417
3514,3174,금,17:30,18:45,18417
3515,3175,화,16:00,17:15,18417
3516,3175,화,17:30,18:45,18417
3517,3176,화,13:00,14:15,18417
3518,3176,화,14:30,15:45,18417
3519,3177,목,13:00,14:15,18417
3520,3177,목,14:30,15:45,18417
3521,3178,화,09:30,10:45,18102
3522,3178,목,11:00,12:15,18102
3523,3179,월,16:00,16:50,채플실
3524,3183,수,16:00,16:50,20506
3525,3184,수,16:00,16:50,18418
3526,3185,수,16:00,16:50,20502
3527,3186,월,16:00,16:50,채플실
3528,3190,수,16:00,16:50,20506
3529,3191,수,16:00,16:50,18418
3530,3192,수,16:00,16:50,20502
3531,3193,월,16:00,16:50,채플실
3532,3197,수,16:00,16:50,20506
3533,3198,수,16:00,16:50,18418
3534,3199,수,16:00,16:50,20502
3535,3200,월,14:30,15:20,채플실
3536,3205,월,14:30,15:20,채플실
3537,3230,수,14:30,15:20,채플실
3538,3232,수,16:00,16:50,18104
3539,3234,화,16:00,17:15,7106
3540,3234,화,17:30,18:45,7106
3541,3236,목,16:00,17:15,7106
3542,3236,목,17:30,18:45,7106
3543,3237,월,13:00,14:15,7106
3544,3237,수,13:00,14:15,7106
3545,3239,목,13:00,14:15,7106
3546,3239,목,14:30,15:45,7106
3547,3240,화,13:00,14:15,7106
3548,3240,화,14:30,15:45,7106
3549,3241,금,13:00,14:15,7106
3550,3241,금,14:30,15:45,7106
3551,3242,수,14:30,15:20,채플실
3552,3244,수,16:00,16:50,18104
3553,3245,수,14:30,15:20,채플실
3554,3247,월,16:00,16:50,18110
3555,3248,수,14:30,15:20,채플실
3556,3253,월,16:00,16:50,18110
3557,3254,수,11:00,12:40,3408
3558,3255,화,09:30,10:45,18110
3559,3255,목,11:00,12:15,18110
3560,3256,월,11:00,12:40,3408
3561,3257,금,13:00,14:15,7107
3562,3257,금,14:30,15:45,7107
3563,3259,화,11:00,12:15,18110
3564,3260,화,14:30,15:45,18110
3565,3260,목,14:30,15:45,18110
3566,3262,화,13:00,14:15,18110
3567,3262,목,13:00,14:15,18110
3568,3263,화,13:00,14:15,7107
3569,3263,목,13:00,14:15,7107
3570,3264,화,16:00,17:15,3506
3571,3264,화,17:30,18:45,3506
3572,3265,화,14:30,15:45,7107
3573,3265,목,14:30,15:45,7107
3574,3267,월,14:30,15:45,7107
3575,3267,수,14:30,15:45,7107
3576,3268,목,11:00,12:15,8101
3577,3269,화,11:00,12:15,7107
3578,3270,월,13:00,14:15,7107
3579,3270,수,13:00,14:15,7107
3580,3272,화,16:00,17:15,18110
3581,3272,화,17:30,18:45,18110
3582,3273,목,16:00,17:15,18110
3583,3273,목,17:30,18:45,18110
3584,3274,수,14:30,15:20,채플실
3585,3276,월,16:00,16:50,18110
3586,3277,수,14:30,15:20,채플실
3587,3278,월,16:00,16:50,18110
3588,3279,수,16:00,16:50,채플실
3589,3283,수,16:00,16:50,3403
3590,3284,수,16:00,16:50,3410
3591,3285,수,16:00,16:50,3409
3592,3286,수,16:00,16:50,채플실
3593,3290,수,16:00,16:50,3403
3594,3291,수,16:00,16:50,3410
3595,3292,수,16:00,16:50,3409
3596,3293,수,16:00,16:50,채플실
3597,3297,수,16:00,16:50,3403
3598,3298,수,16:00,16:50,3410
3599,3299,수,16:00,16:50,3409
3600,3325,수,14:30,15:20,채플실
3601,3328,수,18:50,19:40,18101
3602,3329,월,18:50,19:40,18101
3603,3330,목,13:00,14:15,20307
3604,3330,목,14:30,15:45,20307
3605,3332,화,11:00,12:15,20307
3606,3333,화,09:30,10:45,20307
3607,3333,목,11:00,12:15,20307
3608,3334,월,17:30,18:45,18212
3609,3334,수,16:00,17:15,18212
3610,3335,월,14:30,15:45,20307
3611,3335,수,14:30,15:45,20307
3612,3336,화,13:00,14:15,20307
3613,3336,화,14:30,15:45,20307
3614,3337,목,16:00,17:15,20307
3615,3337,목,17:30,18:45,20307
3616,3338,월,17:30,18:45,20307
3617,3338,수,16:00,17:15,20307
3618,3339,월,13:00,14:15,20307
3619,3339,수,13:00,14:15,20307
3620,3340,화,16:00,17:15,20307
3621,3340,화,17:30,18:45,20307
3622,3341,수,14:30,15:20,채플실
3623,3344,수,18:50,19:40,18101
3624,3345,월,18:50,19:40,18101
3625,3346,월,14:30,15:45,7108
3626,3347,수,14:30,15:45,18307
3627,3351,화,11:00,12:15,18104
3628,3351,목,09:30,10:45,18104
3629,3352,월,09:30,10:45,18103
3630,3352,수,11:00,12:15,18103
3631,3353,월,09:30,10:45,18104
3632,3353,수,11:00,12:15,18104
3633,3354,월,09:30,10:45,18106
3634,3354,수,11:00,12:15,18106
3635,3355,월,11:00,12:15,18103
3636,3355,수,09:30,10:45,18103
3637,3356,월,11:00,12:15,18104
3638,3356,수,09:30,10:45,18104
3639,3357,월,11:00,12:15,3505
3640,3357,수,09:30,10:45,3505
3641,3358,월,13:00,14:15,3505
3642,3358,수,13:00,14:15,3505
3643,3359,월,13:00,14:15,18104
3644,3359,수,13:00,14:15,18104
3645,3360,월,13:00,14:15,18106
3646,3360,수,13:00,14:15,18106
3647,3361,월,14:30,15:45,3505
3648,3361,수,14:30,15:45,3505
3649,3362,월,14:30,15:45,18104
3650,3362,수,14:30,15:45,18104
3651,3363,월,14:30,15:45,18106
3652,3363,수,14:30,15:45,18106
3653,3364,화,09:30,10:45,18103
3654,3364,목,11:00,12:15,18103
3655,3365,화,09:30,10:45,18106
3656,3365,목,11:00,12:15,18106
3657,3366,화,09:30,10:45,18104
3658,3366,목,11:00,12:15,18104
3659,3367,화,11:00,12:15,18103
3660,3367,목,09:30,10:45,18103
3661,3368,화,11:00,12:15,18106
3662,3368,목,09:30,10:45,18106
3663,3369,월,14:30,15:20,채플실
3664,3370,월,17:30,18:45,7203
3665,3370,수,16:00,17:15,7203
3666,3371,월,16:00,17:15,7203
3667,3371,수,17:30,18:45,7203
3668,3372,월,16:00,17:15,7315
3669,3372,수,17:30,18:45,7315
3670,3373,월,17:30,18:45,7315
3671,3373,수,16:00,17:15,7315
3672,3374,월,14:30,15:20,채플실
3673,3375,월,14:30,15:20,채플실
3674,3401,월,16:00,16:50,채플실
3675,3406,화,14:30,15:45,10202
3676,3406,목,14:30,15:45,10202
3677,3407,화,16:00,17:15,10202
3678,3407,화,17:30,18:45,10202
3679,3408,금,16:00,17:15,10201
3680,3408,금,17:30,18:45,10201
3681,3410,수,13:00,14:15,10301
3682,3410,수,14:30,15:45,10301
3683,3411,목,09:30,10:45,10201
3684,3411,목,11:00,12:15,10201
3685,3412,월,09:30,10:45,10301
3686,3412,월,11:00,12:15,10301
3687,3413,화,16:00,17:15,10201
3688,3413,화,17:30,18:45,10201
3689,3414,금,13:00,14:15,10301
3690,3414,금,14:30,15:45,10301
3691,3415,화,09:30,10:45,10301
3692,3415,화,11:00,12:15,10301
3693,3416,목,16:00,17:15,10204
3694,3416,목,17:30,18:45,10204
3695,3417,금,13:00,14:15,10204
3696,3417,금,14:30,15:45,10204
3697,3418,수,13:00,14:15,90010
3698,3418,수,14:30,15:45,90010
3699,3419,수,09:30,10:45,90010
3700,3419,수,11:00,12:15,90010
3701,3420,금,13:00,14:15,10201
3702,3420,금,14:30,15:45,10201
3703,3421,월,13:00,14:15,10201
3704,3421,월,14:30,15:45,10201
3705,3422,금,16:00,17:15,10202
3706,3422,금,17:30,18:45,10202
3707,3423,금,09:30,10:45,10201
3708,3423,금,11:00,12:15,10201
3709,3424,토,09:30,10:20,10204
3710,3425,수,13:00,14:15,18307
3711,3426,월,09:30,10:45,18103
3712,3426,수,11:00,12:15,18103
3713,3427,화,11:00,12:15,18104
3714,3427,목,09:30,10:45,18104
3715,3428,화,11:00,12:15,18106
3716,3428,목,09:30,10:45,18106
3717,3429,화,11:00,12:15,18103
3718,3429,목,09:30,10:45,18103
3719,3430,화,09:30,10:45,18104
3720,3430,목,11:00,12:15,18104
3721,3431,월,09:30,10:45,18104
3722,3431,수,11:00,12:15,18104
3723,3432,월,09:30,10:45,18106
3724,3432,수,11:00,12:15,18106
3725,3433,월,11:00,12:15,18103
3726,3433,수,09:30,10:45,18103
3727,3434,월,11:00,12:15,18104
3728,3434,수,09:30,10:45,18104
3729,3435,월,11:00,12:15,3505
3730,3435,수,09:30,10:45,3505
3731,3436,월,13:00,14:15,3505
3732,3436,수,13:00,14:15,3505
3733,3437,월,13:00,14:15,18104
3734,3437,수,13:00,14:15,18104
3735,3438,월,13:00,14:15,18106
3736,3438,수,13:00,14:15,18106
3737,3439,월,14:30,15:45,3505
3738,3439,수,14:30,15:45,3505
3739,3440,월,14:30,15:45,18104
3740,3440,수,14:30,15:45,18104
3741,3441,월,14:30,15:45,18106
3742,3441,수,14:30,15:45,18106
3743,3442,화,09:30,10:45,18103
3744,3442,목,11:00,12:15,18103
3745,3443,화,09:30,10:45,18106
3746,3443,목,11:00,12:15,18106
3747,3444,월,16:00,16:50,채플실
3748,3449,월,16:00,16:50,채플실
3749,3456,수,11:00,12:15,3204
3750,3457,월,11:00,12:15,3204
3751,3458,목,13:00,14:15,18102
3752,3460,화,11:00,12:15,18102
3753,3461,수,13:00,14:15,18309
3754,3462,월,16:00,17:15,18101
3755,3471,수,14:30,15:20,채플실
3756,3476,화,18:50,19:40,3408
3757,3477,월,18:50,19:40,3204
3758,3478,월,18:50,19:40,3409
3759,3479,월,18:50,19:40,3412
3760,3480,화,11:00,12:15,20402
3761,3480,목,09:30,10:45,20402
3762,3481,금,16:00,16:50,20402
3763,3482,금,17:30,18:20,20402
3764,3484,금,09:30,10:45,18212-1
3765,3484,금,11:00,12:15,18212-1
3766,3485,월,11:00,12:15,20402
3767,3485,수,09:30,10:45,20402
3768,3486,화,13:00,14:15,20402
3769,3486,화,14:30,15:45,20402
3770,3487,월,14:30,15:45,20402
3771,3487,수,14:30,15:45,20402
3772,3488,월,16:00,17:15,20402
3773,3488,수,17:30,18:45,20402
3774,3489,월,17:30,18:45,20402
3775,3489,수,16:00,17:15,20402
3776,3490,목,16:00,17:15,20402
3777,3490,목,17:30,18:45,20402
3778,3491,월,09:30,10:45,20402
3779,3491,수,11:00,12:15,20402
3780,3492,목,13:00,14:15,20402
3781,3492,목,14:30,15:45,20402
3782,3493,화,09:30,10:45,20402
3783,3493,목,11:00,12:15,20402
3784,3494,금,13:00,14:15,20402
3785,3494,금,14:30,15:45,20402
3786,3495,화,16:00,17:15,20402
3787,3495,화,17:30,18:45,20402
3788,3496,월,13:00,14:15,2210
3789,3496,월,14:30,15:45,2210
3790,3497,월,09:30,10:20,2301
3791,3498,수,14:30,15:20,채플실
3792,3503,월,18:50,19:40,3409
3793,3504,월,18:50,19:40,3412
3794,3505,화,18:50,19:40,3408
3795,3506,월,18:50,19:40,3204
3796,3507,수,14:30,15:20,채플실
3797,3511,월,16:00,16:50,20502
3798,3512,월,16:00,16:50,3408
3799,3513,월,16:00,16:50,3410
3800,3516,월,11:00,12:15,20401
3801,3516,수,09:30,10:45,20401
3802,3517,화,11:00,12:15,20401
3803,3517,목,09:30,10:45,20401
3804,3518,월,13:00,14:15,20505
3805,3518,수,13:00,14:15,20505
3806,3519,월,14:30,15:45,20401
3807,3519,수,14:30,15:45,20401
3808,3520,목,16:00,17:15,20401
3809,3520,목,17:30,18:45,20401
3810,3521,화,16:00,17:15,20401
3811,3521,화,17:30,18:45,20401
3812,3522,화,13:00,14:15,3405
3813,3522,화,14:30,15:45,3405
3814,3523,화,13:00,14:15,20401
3815,3523,화,14:30,15:45,20401
3816,3524,월,13:00,14:15,20401
3817,3524,수,13:00,14:15,20401
3818,3525,목,16:00,17:15,20502
3819,3525,목,17:30,18:45,20502
3820,3526,목,13:00,14:15,20401
3821,3526,목,14:30,15:45,20401
3822,3527,월,09:30,10:45,20401
3823,3527,수,11:00,12:15,20401
3824,3528,화,09:30,10:45,20401
3825,3528,목,11:00,12:15,20401
3826,3529,화,16:00,17:15,20506
3827,3529,화,17:30,18:45,20506
3828,3530,화,13:00,14:15,18102
3829,3530,화,14:30,15:45,18102
3830,3531,수,14:30,15:20,채플실
3831,3534,월,16:00,16:50,18110
3832,3535,월,16:00,16:50,18110
3833,3560,수,16:00,17:15,7108
3834,3561,화,14:30,15:45,7108
3835,3568,화,13:00,14:15,7108
3836,3569,월,09:30,10:45,18103
3837,3569,수,11:00,12:15,18103
3838,3570,월,09:30,10:45,18104
3839,3570,수,11:00,12:15,18104
3840,3571,월,09:30,10:45,18106
3841,3571,수,11:00,12:15,18106
3842,3572,월,11:00,12:15,18103
3843,3572,수,09:30,10:45,18103
3844,3573,월,11:00,12:15,18104
3845,3573,수,09:30,10:45,18104
3846,3574,월,11:00,12:15,3505
3847,3574,수,09:30,10:45,3505
3848,3575,월,13:00,14:15,3505
3849,3575,수,13:00,14:15,3505
3850,3576,월,13:00,14:15,18104
3851,3576,수,13:00,14:15,18104
3852,3577,월,13:00,14:15,18106
3853,3577,수,13:00,14:15,18106
3854,3578,월,14:30,15:45,3505
3855,3578,수,14:30,15:45,3505
3856,3579,월,14:30,15:45,18104
3857,3579,수,14:30,15:45,18104
3858,3580,월,14:30,15:45,18106
3859,3580,수,14:30,15:45,18106
3860,3581,화,09:30,10:45,18103
3861,3581,목,11:00,12:15,18103
3862,3582,화,09:30,10:45,18106
3863,3582,목,11:00,12:15,18106
3864,3583,화,09:30,10:45,18104
3865,3583,목,11:00,12:15,18104
3866,3584,화,11:00,12:15,18103
3867,3584,목,09:30,10:45,18103
3868,3585,화,11:00,12:15,18106
3869,3585,목,09:30,10:45,18106
3870,3586,화,11:00,12:15,18104
3871,3586,목,09:30,10:45,18104
3872,3592,월,16:00,16:50,채플실
3873,3593,화,13:00,14:15,10301
3874,3593,화,14:30,15:45,10301
3875,3594,화,13:00,14:15,18210
3876,3594,화,14:30,15:45,18210
3877,3595,화,17:30,18:45,18210
3878,3595,목,17:30,18:45,18210
3879,3596,화,16:00,17:15,18210
3880,3596,목,16:00,17:15,18210
3881,3597,목,16:00,17:15,18106
3882,3597,목,17:30,18:45,18106
3883,3598,월,17:30,18:45,18421
3884,3598,수,16:00,17:15,18421
