학과코드,이수구분,학수번호,교과목명,학점,교수명,강의시간,강의실,수강인원,정원
400000,교필,KYC55-A2,글쓰기의기초,3,김민환,화(16:00~17:15)화(17:30~18:45),3408(),0,30
400000,교필,KYC55-A3,글쓰기의기초,3,유예원,화(13:00~14:15)화(14:30~15:45),20505(),0,30
400000,교필,KYC55-A4,글쓰기의기초,3,계광수,화(13:00~14:15)화(14:30~15:45),3412(),0,30
400000,교필,KYC55-A5,글쓰기의기초,3,신혜수,화(13:00~14:15)화(14:30~15:45),3503(),0,30
400000,교필,KYC55-B1,글쓰기의기초,3,서경희,화(16:00~17:15)화(17:30~18:45),3410(),0,30
400000,교필,KYC55-B2,글쓰기의기초,3,계광수,화(16:00~17:15)화(17:30~18:45),3412(),0,30
400000,교필,KYC55-B3,글쓰기의기초,3,신혜수,화(16:00~17:15)화(17:30~18:45),3503(),0,30
400000,교필,KYC55-B4,글쓰기의기초,3,유예원,화(16:00~17:15)화(17:30~18:45),20505(),0,30
400000,교필,KYC55-C1,글쓰기의기초,3,허난희,목(13:00~14:15)목(14:30~15:45),20505(),0,30
400000,교필,KYC55-C2,글쓰기의기초,3,서경희,목(13:00~14:15)목(14:30~15:45),3410(),0,30
400000,교필,KYC55-C3,글쓰기의기초,3,서영화,목(13:00~14:15)목(14:30~15:45),3412(),0,30
400000,교필,KYC55-C4,글쓰기의기초,3,한정미,목(13:00~14:15)목(14:30~15:45),8110(),0,30
400000,교필,KYC55-C5,글쓰기의기초,3,전지은,화(13:00~14:15)화(14:30~15:45),18211-1(),0,30
400000,교필,KYC55-D1,글쓰기의기초,3,한정미,목(16:00~17:15)목(17:30~18:45),8110(),0,30
400000,교필,KYC55-D2,글쓰기의기초,3,서영화,목(16:00~17:15)목(17:30~18:45),3412(),0,30
400000,교필,KYC55-D3,글쓰기의기초,3,전지은,화(16:00~17:15)화(17:30~18:45),18211-1(),0,30
400000,교필,KYC55-D4,글쓰기의기초,3,허난희,목(16:00~17:15)목(17:30~18:45),20505(),0,30
400000,교필,KYC55-E1,글쓰기의기초,3,송주현,금(09:30~10:45)금(11:00~12:15),20502(),0,30
400000,교필,KYC55-E2,글쓰기의기초,3,김소륜,금(09:30~10:45)금(11:00~12:15),3409(),0,30
400000,교필,KYC55-F1,글쓰기의기초,3,김소륜,금(13:00~14:15)금(14:30~15:45),3409(),0,30
400000,교필,KYD02-A1,진로탐구와도전,1,고우경,화(09:30~10:45)목(11:00~12:15),3403(),0,14
400000,교필,KYD02-A2,진로탐구와도전,1,공주형,화(09:30~10:45)목(11:00~12:15),3405(),0,13
400000,교필,KYD02-A3,진로탐구와도전,1,김민환,화(09:30~10:45)목(11:00~12:15),3406(),0,15
400000,교필,KYD02-A4,진로탐구와도전,1,박종현,화(09:30~10:45)목(11:00~12:15),3407(),0,13
400000,교필,KYD02-A5,진로탐구와도전,1,송주현,화(09:30~10:45)목(11:00~12:15),3408(),0,13
400000,교필,KYD02-A6,진로탐구와도전,1,서경희,화(09:30~10:45)목(11:00~12:15),20406(),0,13
400000,교필,KYD02-A7,진로탐구와도전,1,심주연,화(09:30~10:45)목(11:00~12:15),3410(),0,14
400000,교필,KYD02-A8,진로탐구와도전,1,염동호,화(09:30~10:45)목(11:00~12:15),3412(),0,14
400000,교필,KYD02-A9,진로탐구와도전,1,이익주,화(09:30~10:45)목(11:00~12:15),3503(),0,13
400000,교필,KY893-A,성서와예술,2,강은미,수(13:00~14:40),18211(),0,90
400000,교필,KY893-B,성서와예술,2,강은미,금(11:00~12:40),18211(),0,50
400000,교필,KYD03-A1,AI아트코딩과윤리,3,백상현,화(14:30~15:45),18308(),0,40
400000,교필,KYD03-A2,AI아트코딩과윤리,3,홍혜승,수(09:30~10:45),7108(),0,45
400000,교필,KYD03-A3,AI아트코딩과윤리,3,홍창교,월(13:00~14:15),7108(),0,40
400000,교필,KYD03-A4,AI아트코딩과윤리,3,홍창교,월(14:30~15:45),7108(),0,45
400000,교필,KYD03-A5,AI아트코딩과윤리,3,정소현,수(16:00~17:15),7108(),0,45
400000,교필,KYD03-A6,AI아트코딩과윤리,3,홍혜승,수(11:00~12:15),7108(),0,45
400000,교필,KYD03-B1,AI아트코딩과윤리,3,홍창교,월(16:00~17:15),7108(),0,45
400000,교필,KYD03-B2,AI아트코딩과윤리,3,이은정,화(13:00~14:15),18308(),0,40
400000,교필,KYD03-B3,AI아트코딩과윤리,3,이은정,수(13:00~14:15),18307(),0,40
400000,교필,KYD03-B4,AI아트코딩과윤리,3,이은정,수(14:30~15:45),18307(),0,45
400000,교필,KYD03-B5,AI아트코딩과윤리,3,김희선,화(14:30~15:45),7108(),0,45
400000,교필,KYD03-B6,AI아트코딩과윤리,3,김희선,화(13:00~14:15),7108(),0,45
400000,교필,KYD03-B7,AI아트코딩과윤리,3,정소현,수(13:00~14:15),7108(),0,40
400000,교필,KYD03-B8,AI아트코딩과윤리,3,정소현,수(14:30~15:45),7108(),0,40
400000,교필,KY879-A,기독교와인문학,2,나현기,금(13:00~14:40),7215(),0,50
400000,교필,KY613-A,신학입문,2,이상철,금(11:00~12:40),3207(),0,45
400000,교필,KYC54-A1,Essential English,3,목승혜,월(09:30~10:45)수(11:00~12:15),18103(),0,35
400000,교필,KYC54-A2,Essential English,3,김나영,월(09:30~10:45)수(11:00~12:15),18104(),0,35
400000,교필,KYC54-A3,Essential English,3,차윤정,월(09:30~10:45)수(11:00~12:15),18106(),0,35
400000,교필,KYC54-B1,Essential English,3,목승혜,월(11:00~12:15)수(09:30~10:45),18103(),0,35
400000,교필,KYC54-B2,Essential English,3,김나영,월(11:00~12:15)수(09:30~10:45),18104(),0,35
400000,교필,KYC54-B3,Essential English,3,고우경,월(11:00~12:15)수(09:30~10:45),3505(),0,35
400000,교필,KYC54-C1,Essential English,3,고우경,월(13:00~14:15)수(13:00~14:15),3505(),0,35
400000,교필,KYC54-C2,Essential English,3,심주연,월(13:00~14:15)수(13:00~14:15),18104(),0,30
400000,교필,KYC54-C3,Essential English,3,이아름,월(13:00~14:15)수(13:00~14:15),18106(),0,35
400000,교필,KYC54-D1,Essential English,3,고우경,월(14:30~15:45)수(14:30~15:45),3505(),0,35
400000,교필,KYC54-D2,Essential English,3,심주연,월(14:30~15:45)수(14:30~15:45),18104(),0,30
400000,교필,KYC54-D3,Essential English,3,이아름,월(14:30~15:45)수(14:30~15:45),18106(),0,35
400000,교필,KYC54-E1,Essential English,3,김수현,화(09:30~10:45)목(11:00~12:15),18103(),0,35
400000,교필,KYC54-E2,Essential English,3,성민선,화(09:30~10:45)목(11:00~12:15),18106(),0,35
400000,교필,KYC54-E3,Essential English,3,김경선,화(09:30~10:45)목(11:00~12:15),18104(),0,30
400000,교필,KYC54-F1,Essential English,3,김수현,화(11:00~12:15)목(09:30~10:45),18103(),0,35
400000,교필,KYC54-F2,Essential English,3,성민선,화(11:00~12:15)목(09:30~10:45),18106(),0,35
400000,교필,KYC54-F3,Essential English,3,김경선,화(11:00~12:15)목(09:30~10:45),18104(),0,30
400000,교필,KY217-A,성서의세계,2,진형섭,수(13:00~14:40),18421(),0,90
400000,교필,KY217-B,성서의세계,2,박재형,월(11:00~12:40),18211(),0,90
400000,교필,KY217-C,성서의세계,2,이수연,화(11:00~12:40),18420(),0,90
400000,교필,KY217-D,성서의세계,2,진형섭,수(17:30~19:10),18421(),0,80
400000,교필,KY217-E,성서의세계,2,진형섭,목(13:00~14:40),18421(),0,90
400000,교필,KY217-F,성서의세계,2,이수연,화(17:30~19:10),18520(),0,90
400000,교필,KYA54-A,성서와평화,2,진형섭,금(17:30~19:10),18421(),0,90
400000,교필,KYA54-B,성서와평화,2,진형섭,금(13:00~14:40),18421(),0,90
400000,교필,KY891-A,인물로읽는성서,2,한경미,목(13:00~14:40),3423(),0,90
400000,교필,KY894-A,성서와여성,2,강은미,수(17:30~19:10),18211(),0,80
400000,교필,KY894-B,성서와여성,2,강은미,금(17:30~19:10),4107(),0,50
400000,교필,KY290-A,성서와문학,2,박재형,월(17:30~19:10),18211(),0,90
400000,교필,KYC56-A2,컴퓨팅사고와SW코딩,3,박종현,수(13:00~14:15),18308(),0,45
400000,교필,KYC56-A3,컴퓨팅사고와SW코딩,3,최진,화(13:00~14:15),18309(),0,45
400000,교필,KYC56-A4,컴퓨팅사고와SW코딩,3,최진,화(14:30~15:45),18309(),0,45
400000,교필,KYC56-A5,컴퓨팅사고와SW코딩,3,박종현,수(11:00~12:15),18308(),0,45
400000,교필,KYC56-A6,컴퓨팅사고와SW코딩,3,김보경,목(09:30~10:45),18309(),0,45
400000,교필,KYC56-A7,컴퓨팅사고와SW코딩,3,김보경,목(11:00~12:15),18309(),0,45
400000,교필,KYC56-A8,컴퓨팅사고와SW코딩,3,김보경,목(13:00~14:15),18309(),0,45
400000,교필,KYC56-B1,컴퓨팅사고와SW코딩,3,박종현,수(14:30~15:45),18308(),0,45
400000,교필,KYC56-B2,컴퓨팅사고와SW코딩,3,선경희,월(09:30~10:45),18309(),0,45
400000,교필,KYC56-B3,컴퓨팅사고와SW코딩,3,박종현,목(13:00~14:15),18308(),0,45
400000,교필,KYC56-B4,컴퓨팅사고와SW코딩,3,변영민,월(13:00~14:15),18309(),0,45
400000,교필,KYC56-B5,컴퓨팅사고와SW코딩,3,변영민,월(14:30~15:45),18309(),0,45
400000,교필,KYC56-B6,컴퓨팅사고와SW코딩,3,변영민,월(16:00~17:15),18309(),0,45
400000,교필,KYC56-B7,컴퓨팅사고와SW코딩,3,선경희,월(11:00~12:15),18309(),0,45
400000,교필,KY410-AT,진로와상담,(0),김대오,-,(),0,34
400000,교필,KY410-AU,진로와상담,(0),김희정,-,(),0,34
400000,교필,KY410-AW,진로와상담,(0),전춘명,-,(),0,17
400000,교필,KY410-AX,진로와상담,(0),오동식,-,(),0,17
400000,교필,KY410-BA,진로와상담,(0),이향미,-,(),0,10
400000,교필,KY410-BC,진로와상담,(0),김지혜,-,(),0,10
400000,교필,KY410-BD,진로와상담,(0),박미선,-,(),0,10
400000,교필,KY410-BF,진로와상담,(0),강지희,-,(),0,30
400000,교필,KY410-BG,진로와상담,(0),백수린,-,(),0,18
400000,교필,KY410-BH,진로와상담,(0),정한아,-,(),0,18
400000,교필,KY410-BJ,진로와상담,(0),김지혜,-,(),0,11
400000,교필,KY410-BK,진로와상담,(0),유형동,-,(),0,11
400000,교필,KY410-BL,진로와상담,(0),강소영,-,(),0,11
400000,교필,KY410-BN,진로와상담,(0),이형원,-,(),0,10
400000,교필,KY410-BO,진로와상담,(0),정해득,-,(),0,10
400000,교필,KY410-BP,진로와상담,(0),정무용,-,(),0,10
400000,교필,KY410-BQ,진로와상담,(0),이영남,-,(),0,10
400000,교필,KY410-BR,진로와상담,(0),류기수,-,(),0,9
400000,교필,KY410-BS,진로와상담,(0),장정해,-,(),0,10
400000,교필,KY410-BT,진로와상담,(0),최민성,-,(),0,9
400000,교필,KY410-BU,진로와상담,(0),김남희,-,(),0,10
400000,교필,KY410-BW,진로와상담,(0),신광철,-,(),0,8
400000,교필,KY410-BX,진로와상담,(0),김윤성,-,(),0,8
400000,교필,KY410-BY,진로와상담,(0),이종현,-,(),0,8
400000,교필,KY410-E2,진로와상담,(0),이기호,-,(),0,15
400000,교필,KY410-EA,진로와상담,(0),고우경,-,(),0,14
400000,교필,KY410-EB,진로와상담,(0),공주형,-,(),0,13
400000,교필,KY410-EC,진로와상담,(0),김민환,-,(),0,13
400000,교필,KY410-ED,진로와상담,(0),박종현,-,(),0,13
400000,교필,KY410-EE,진로와상담,(0),송주현,-,(),0,13
400000,교필,KY410-EF,진로와상담,(0),서경희,-,(),0,13
400000,교필,KY410-EG,진로와상담,(0),심주연,-,(),0,14
400000,교필,KY410-EH,진로와상담,(0),염동호,-,(),0,14
400000,교필,KY410-EI,진로와상담,(0),이익주,-,(),0,13
400000,교필,KY410-S1,진로와상담,(0),이일영,-,(),0,15
400000,교필,KY410-S3,진로와상담,(0),주장환,-,(),0,15
400000,교필,KY410-S4,진로와상담,(0),황선미,-,(),0,15
400000,교필,KY410-S5,진로와상담,(0),오미정,-,(),0,15
400000,교필,KY410-S6,진로와상담,(0),하종문,-,(),0,15
400000,교필,KY410-S7,진로와상담,(0),송주명,-,(),0,15
400000,교필,KY410-T2,진로와상담,(0),전창환,-,(),0,20
400000,교필,KY410-T3,진로와상담,(0),정희진,-,(),0,20
400000,교필,KY410-T5,진로와상담,(0),정재현,-,(),0,20
400000,교필,KY410-T6,진로와상담,(0),성락선,-,(),0,20
400000,교필,KY410-T7,진로와상담,(0),한재명,-,(),0,20
400000,교필,KY410-U3,진로와상담,(0),정재웅,-,(),0,50
400000,교필,KY410-U6,진로와상담,(0),김유신,-,(),0,25
400000,교필,KY410-U8,진로와상담,(0),유한나,-,(),0,25
400000,교필,KY410-V5,진로와상담,(0),이석민,-,(),0,22
400000,교필,KY410-V6,진로와상담,(0),노승철,-,(),0,22
400000,교필,KY410-V8,진로와상담,(0),조성대,-,(),0,15
400000,교필,KY410-V9,진로와상담,(0),박상남,-,(),0,15
400000,교필,KY410-W1,진로와상담,(0),유현미,-,(),0,10
400000,교필,KY410-W2,진로와상담,(0),김경민,-,(),0,10
400000,교필,KY410-W3,진로와상담,(0),이건범,-,(),0,10
400000,교필,KY410-W4,진로와상담,(0),정의범,-,(),0,10
400000,교필,KY410-W5,진로와상담,(0),최지환,-,(),0,10
400000,교필,KY410-W6,진로와상담,(0),박규호,-,(),0,10
400000,교필,KY410-W7,진로와상담,(0),신재우,-,(),0,10
400000,교필,KY410-W8,진로와상담,(0),이남연,-,(),0,10
400000,교필,KY410-W9,진로와상담,(0),김상욱,-,(),0,10
400000,교필,KY410-X1,진로와상담,(0),양영수,-,(),0,10
400000,교필,KY410-X2,진로와상담,(0),장종익,-,(),0,10
400000,교필,KY410-X3,진로와상담,(0),유한나,-,(),0,10
400000,교필,KY410-X4,진로와상담,(0),김민철,-,(),0,10
400000,교필,KY410-X5,진로와상담,(0),이성미,-,(),0,10
400000,교필,KY410-X6,진로와상담,(0),문철수,-,(),0,10
400000,교필,KY410-X7,진로와상담,(0),지원배,-,(),0,10
400000,교필,KY410-X9,진로와상담,(0),박혜영,-,(),0,10
400000,교필,KY410-Y1,진로와상담,(0),홍선미,-,(),0,15
400000,교필,KY410-Y2,진로와상담,(0),주경희,-,(),0,15
400000,교필,KY410-Y3,진로와상담,(0),김수경,-,(),0,15
400000,교필,KY410-Y4,진로와상담,(0),김예랑,-,(),0,15
400000,교필,KY410-Y6,진로와상담,(0),김용훈,-,(),0,12
400000,교필,KY410-Y7,진로와상담,(0),백변경희,-,(),0,12
400000,교필,KY410-Y9,진로와상담,(0),남세현,-,(),0,12
400000,교필,KY410-Z3,진로와상담,(0),김종엽,-,(),0,12
400000,교필,KY410-Z7,진로와상담,(0),김상원,-,(),0,13
400000,교필,KY410-Z9,진로와상담,(0),안도연,-,(),0,13
400000,교필,KY410-X10,진로와상담,(0),정휘관,-,(),0,10
400000,교필,KY410-Z10,진로와상담,(0),유희정,-,(),0,10
400000,교필,KY304-B,채플,(1),"나현기,김광연,한경미",월(17:30~18:20),채플실(),0,100
400000,교필,KY101-A,채플,.5,"나현기,김광연,한경미",월(14:30~15:20),채플실(),0,550
400000,교필,KY101-B,채플,.5,"나현기,김광연,한경미",수(14:30~15:20),채플실(),0,550
400000,교필,KY100-A,채플,(1),"나현기,김광연,한경미",월(17:30~18:20)수(16:00~16:50),4105(),0,200
400000,교필,KY201-A,채플,.5,"나현기,김광연,한경미",월(16:00~16:50),채플실(),0,550
400000,교필,KY201-B,채플,.5,"나현기,김광연,한경미",수(16:00~16:50),채플실(),0,550
400000,교필,KY410-A2,진로와상담,(0),이영미,-,(),0,20
400000,교필,KY410-A4,진로와상담,(0),이서영,-,(),0,20
400000,교필,KY410-A6,진로와상담,(0),김희선,-,(),0,20
400000,교필,KY410-AA,진로와상담,(0),박기홍,-,(),0,25
400000,교필,KY410-AB,진로와상담,(0),강영경,-,(),0,25
400000,교필,KY410-AC,진로와상담,(0),손승일,-,(),0,25
400000,교필,KY410-AD,진로와상담,(0),윤효석,-,(),0,25
400000,교필,KY410-AE,진로와상담,(0),오석희,-,(),0,25
400000,교필,KY410-AF,진로와상담,(0),이성구,-,(),0,25
400000,교필,KY410-AG,진로와상담,(0),조성호,-,(),0,25
400000,교필,KY410-AH,진로와상담,(0),이경옥,-,(),0,25
400000,교필,KY410-AI,진로와상담,(0),이양선,-,(),0,25
400000,교필,KY410-AJ,진로와상담,(0),강민구,-,(),0,25
400000,교필,KY410-B1,진로와상담,(0),김지혜,-,(),0,50
400000,교필,KY410-B2,진로와상담,(0),유형동,-,(),0,50
400000,교필,KY410-B3,진로와상담,(0),강소영,-,(),0,50
400000,교필,KY410-B5,진로와상담,(0),김지혜,-,(),0,30
400000,교필,KY410-B6,진로와상담,(0),이향미,-,(),0,30
400000,교필,KY410-B7,진로와상담,(0),박미선,-,(),0,30
400000,교필,KY410-C1,진로와상담,(0),정무용,-,(),0,20
400000,교필,KY410-C2,진로와상담,(0),이형원,-,(),0,20
400000,교필,KY410-C3,진로와상담,(0),정해득,-,(),0,20
400000,교필,KY410-C4,진로와상담,(0),이영남,-,(),0,20
400000,교필,KY410-C5,진로와상담,(0),강지희,-,(),0,30
400000,교필,KY410-C6,진로와상담,(0),백수린,-,(),0,30
400000,교필,KY410-C7,진로와상담,(0),정한아,-,(),0,30
400000,교필,KY410-CA,진로와상담,(0),남진문,-,(),0,35
400000,교필,KY410-CB,진로와상담,(0),김선만,-,(),0,25
400000,교필,KY410-CC,진로와상담,(0),류승택,-,(),0,25
400000,교필,KY410-CD,진로와상담,(0),박성진,-,(),0,25
400000,교필,KY410-CE,진로와상담,(0),백수진,-,(),0,25
400000,교필,KY410-CF,진로와상담,(0),안현,-,(),0,25
400000,교필,KY410-CG,진로와상담,(0),여협구,-,(),0,25
400000,교필,KY410-CH,진로와상담,(0),이용걸,-,(),0,26
400000,교필,KY410-D1,진로와상담,(0),전춘명,-,(),0,20
400000,교필,KY410-D2,진로와상담,(0),오동식,-,(),0,20
400000,교필,KY410-D6,진로와상담,(0),김대오,-,(),0,50
400000,교필,KY410-D7,진로와상담,(0),김희정,-,(),0,50
400000,교필,KY410-DA,진로와상담,(0),이형우,-,(),0,25
400000,교필,KY410-DB,진로와상담,(0),임익수,-,(),0,25
400000,교필,KY410-DC,진로와상담,(0),정승민,-,(),0,25
400000,교필,KY410-DD,진로와상담,(0),홍승필,-,(),0,25
400000,교필,KY410-DE,진로와상담,(0),성낙준,-,(),0,25
400000,교필,KY410-DF,진로와상담,(0),고병수,-,(),0,25
400000,교필,KY410-DG,진로와상담,(0),최창원,-,(),0,25
400000,교필,KY410-E1,진로와상담,(0),김상덕,-,(),0,20
400000,교필,KY410-E4,진로와상담,(0),신광철,-,(),0,30
400000,교필,KY410-E5,진로와상담,(0),김윤성,-,(),0,30
400000,교필,KY410-E6,진로와상담,(0),이종현,-,(),0,30
400000,교필,KY410-F1,진로와상담,(0),류기수,-,(),0,35
400000,교필,KY410-F2,진로와상담,(0),장정해,-,(),0,35
400000,교필,KY410-F3,진로와상담,(0),최민성,-,(),0,21
400000,교필,KY410-F4,진로와상담,(0),김남희,-,(),0,20
400000,교필,KY410-G2,진로와상담,(0),백준기,-,(),0,25
400000,교필,KY410-G3,진로와상담,(0),조성대,-,(),0,25
400000,교필,KY410-G5,진로와상담,(0),박상남,-,(),0,25
400000,교필,KY410-G6,진로와상담,(0),성락선,-,(),0,20
400000,교필,KY410-G7,진로와상담,(0),한재명,-,(),0,20
400000,교필,KY410-G8,진로와상담,(0),정재현,-,(),0,20
400000,교필,KY410-H3,진로와상담,(0),김종엽,-,(),0,30
400000,교필,KY410-I1,진로와상담,(0),문철수,-,(),0,24
400000,교필,KY410-I2,진로와상담,(0),지원배,-,(),0,24
400000,교필,KY410-I4,진로와상담,(0),이성미,-,(),0,24
400000,교필,KY410-I5,진로와상담,(0),박혜영,-,(),0,24
400000,교필,KY410-I6,진로와상담,(0),김민철,-,(),0,24
400000,교필,KY410-I7,진로와상담,(0),정휘관,-,(),0,24
400000,교필,KY410-J1,진로와상담,(0),홍선미,-,(),0,25
400000,교필,KY410-J2,진로와상담,(0),주경희,-,(),0,25
400000,교필,KY410-J3,진로와상담,(0),김수경,-,(),0,20
400000,교필,KY410-J4,진로와상담,(0),김예랑,-,(),0,25
400000,교필,KY410-J6,진로와상담,(0),백변경희,-,(),0,15
400000,교필,KY410-J7,진로와상담,(0),김용훈,-,(),0,15
400000,교필,KY410-J8,진로와상담,(0),남세현,-,(),0,16
400000,교필,KY410-K1,진로와상담,(0),명왕성,-,(),0,36
400000,교필,KY410-K2,진로와상담,(0),박상현,-,(),0,36
400000,교필,KY410-K3,진로와상담,(0),조규청,-,(),0,35
400000,교필,KY410-K4,진로와상담,(0),김수겸,-,(),0,36
400000,교필,KY410-K7,진로와상담,(0),안도연,-,(),0,25
400000,교필,KY410-K8,진로와상담,(0),김상원,-,(),0,25
400000,교필,KY410-K9,진로와상담,(0),유희정,-,(),0,25
400000,교필,KY410-L1,진로와상담,(0),장종익,-,(),0,40
400000,교필,KY410-L2,진로와상담,(0),양영수,-,(),0,40
400000,교필,KY410-L3,진로와상담,(0),김경민,-,(),0,30
400000,교필,KY410-L4,진로와상담,(0),이건범,-,(),0,30
400000,교필,KY410-L5,진로와상담,(0),유현미,-,(),0,20
400000,교필,KY410-L6,진로와상담,(0),최지환,-,(),0,30
400000,교필,KY410-L7,진로와상담,(0),정의범,-,(),0,30
400000,교필,KY410-L8,진로와상담,(0),박규호,-,(),0,30
400000,교필,KY410-L9,진로와상담,(0),유한나,-,(),0,40
400000,교필,KY410-M1,진로와상담,(0),이남연,-,(),0,20
400000,교필,KY410-M2,진로와상담,(0),신재우,-,(),0,20
400000,교필,KY410-M3,진로와상담,(0),김상욱,-,(),0,20
400000,교필,KY410-M5,진로와상담,(0),이일영,-,(),0,15
400000,교필,KY410-M6,진로와상담,(0),주장환,-,(),0,15
400000,교필,KY410-M7,진로와상담,(0),황선미,-,(),0,15
400000,교필,KY410-N1,진로와상담,(0),오미정,-,(),0,20
400000,교필,KY410-N2,진로와상담,(0),하종문,-,(),0,20
400000,교필,KY410-N3,진로와상담,(0),송주명,-,(),0,20
400000,교필,KY410-N5,진로와상담,(0),전창환,-,(),0,20
400000,교필,KY410-N6,진로와상담,(0),정희진,-,(),0,20
400000,교필,KY410-O1,진로와상담,(0),정재웅,-,(),0,45
400000,교필,KY410-O2,진로와상담,(0),윤성식,-,(),0,40
400000,교필,KY410-O5,진로와상담,(0),변종석,-,(),0,25
400000,교필,KY410-O6,진로와상담,(0),박동련,-,(),0,25
400000,교필,KY410-O7,진로와상담,(0),유한나,-,(),0,25
400000,교필,KY410-O8,진로와상담,(0),김유신,-,(),0,25
400000,교필,KY410-V1,진로와상담,(0),이석민,-,(),0,50
400000,교필,KY410-V3,진로와상담,(0),노승철,-,(),0,50
400000,교필,KY410-K10,진로와상담,(0),오현숙,-,(),0,25
400000,교필,KY921-Z10,사회생활길잡이,1,유희정,수(17:30~18:20),3405(),0,25
400000,교필,KY921-A1,사회생활길잡이,1,전철,월(16:00~16:50),4107(),0,15
400000,교필,KY921-A2,사회생활길잡이,1,한경미,월(16:00~16:50),4105(),0,15
400000,교필,KY921-C1,사회생활길잡이,1,김지혜,월(16:00~16:50),3410(),0,30
400000,교필,KY921-C2,사회생활길잡이,1,유형동,월(16:00~16:50),20502(),0,30
400000,교필,KY921-C3,사회생활길잡이,1,강소영,월(16:00~16:50),3408(),0,30
400000,교필,KY921-D2,사회생활길잡이,1,김지혜,월(16:00~16:50),3407(),0,20
400000,교필,KY921-D3,사회생활길잡이,1,이향미,월(16:00~16:50),3405(),0,20
400000,교필,KY921-D4,사회생활길잡이,1,박미선,월(16:00~16:50),3406(),0,20
400000,교필,KY921-E1,사회생활길잡이,1,전춘명,월(16:00~16:50),3411(),0,20
400000,교필,KY921-E2,사회생활길잡이,1,오동식,월(16:00~16:50),3308(),0,20
400000,교필,KY921-F1,사회생활길잡이,1,김희정,월(18:50~19:40),18101(),0,30
400000,교필,KY921-F2,사회생활길잡이,1,김대오,수(18:50~19:40),18101(),0,30
400000,교필,KY921-G1,사회생활길잡이,1,정무용,월(18:50~19:40),3204(),0,25
400000,교필,KY921-G2,사회생활길잡이,1,이형원,월(18:50~19:40),3409(),0,25
400000,교필,KY921-G3,사회생활길잡이,1,정해득,월(18:50~19:40),3412(),0,25
400000,교필,KY921-G4,사회생활길잡이,1,이영남,화(18:50~19:40),3408(),0,25
400000,교필,KY921-H1,사회생활길잡이,1,김상덕,수(16:00~16:50),18104(),0,20
400000,교필,KY921-I1,사회생활길잡이,1,강지희,월(17:30~18:20),20308(),0,30
400000,교필,KY921-I2,사회생활길잡이,1,백수린,월(17:30~18:20),20502(),0,30
400000,교필,KY921-I3,사회생활길잡이,1,정한아,월(17:30~18:20),20401(),0,30
400000,교필,KY921-I4,사회생활길잡이,1,김윤성,월(16:00~16:50),18104(),0,30
400000,교필,KY921-I5,사회생활길잡이,1,신광철,월(16:00~16:50),18102(),0,30
400000,교필,KY921-I6,사회생활길잡이,1,이종현,월(16:00~16:50),18103(),0,30
400000,교필,KY921-J5,사회생활길잡이,1,김남희,월(16:00~16:50),18110(),0,30
400000,교필,KY921-K2,사회생활길잡이,1,백준기,화(16:00~16:50),3411(),0,35
400000,교필,KY921-K3,사회생활길잡이,1,조성대,수(16:00~16:50),3412(),0,35
400000,교필,KY921-K5,사회생활길잡이,1,박상남,수(18:50~19:40),3506(),0,35
400000,교필,KY921-K6,사회생활길잡이,1,이석민,수(16:00~16:50),20505(),0,30
400000,교필,KY921-K8,사회생활길잡이,1,노승철,월(16:00~16:50),20507(),0,30
400000,교필,KY921-L1,사회생활길잡이,1,성락선,수(16:00~16:50),3411(),0,20
400000,교필,KY921-L2,사회생활길잡이,1,한재명,수(16:00~16:50),3505(),0,20
400000,교필,KY921-L3,사회생활길잡이,1,정재현,수(16:00~16:50),3408(),0,20
400000,교필,KY921-M2,사회생활길잡이,1,전창환,수(16:00~16:50),3407(),0,20
400000,교필,KY921-M3,사회생활길잡이,1,정희진,수(16:00~16:50),3506(),0,20
400000,교필,KY921-N1,사회생활길잡이,1,문철수,수(16:00~16:50),18102(),0,20
400000,교필,KY921-N2,사회생활길잡이,1,지원배,수(16:00~16:50),18103(),0,20
400000,교필,KY921-N4,사회생활길잡이,1,이성미,수(16:00~16:50),18101(),0,20
400000,교필,KY921-N5,사회생활길잡이,1,박혜영,수(16:00~16:50),18420-1(),0,20
400000,교필,KY921-N6,사회생활길잡이,1,김민철,수(16:00~16:50),18211-1(),0,20
400000,교필,KY921-N7,사회생활길잡이,1,정휘관,수(16:00~16:50),18106(),0,20
400000,교필,KY921-O2,사회생활길잡이,1,김종엽,목(11:00~11:50),3206(),0,20
400000,교필,KY921-P1,사회생활길잡이,1,김수경,화(17:30~18:20),18519(),0,20
400000,교필,KY921-P2,사회생활길잡이,1,김예랑,화(17:30~18:20),18420-1(),0,20
400000,교필,KY921-Q3,사회생활길잡이,1,남세현,수(16:00~16:50),20506(),0,15
400000,교필,KY921-Q4,사회생활길잡이,1,백변경희,수(16:00~16:50),20502(),0,15
400000,교필,KY921-Q5,사회생활길잡이,1,김용훈,수(16:00~16:50),18418(),0,15
400000,교필,KY921-S1,사회생활길잡이,1,이일영,수(16:00~16:50),3403(),0,15
400000,교필,KY921-S3,사회생활길잡이,1,주장환,수(16:00~16:50),3409(),0,15
400000,교필,KY921-S4,사회생활길잡이,1,황선미,수(16:00~16:50),3410(),0,15
400000,교필,KY921-T2,사회생활길잡이,1,하종문,수(16:00~16:50),3321(),0,30
400000,교필,KY921-T3,사회생활길잡이,1,송주명,수(16:00~16:50),3405(),0,30
400000,교필,KY921-U1,사회생활길잡이,1,김경민,수(16:00~16:50),8110(),0,15
400000,교필,KY921-U2,사회생활길잡이,1,이건범,월(17:30~18:20),8101(),0,15
400000,교필,KY921-U3,사회생활길잡이,1,유현미,수(17:30~18:20),8110(),0,15
400000,교필,KY921-U4,사회생활길잡이,1,최지환,수(16:00~16:50),18212-1(),0,15
400000,교필,KY921-U5,사회생활길잡이,1,정의범,월(17:30~18:20),18101(),0,15
400000,교필,KY921-U6,사회생활길잡이,1,박규호,수(16:00~16:50),8101(),0,15
400000,교필,KY921-W1,사회생활길잡이,1,장종익,월(17:30~18:20),3201(),0,26
400000,교필,KY921-W2,사회생활길잡이,1,양영수,월(17:30~18:20),3203(),0,30
400000,교필,KY921-W3,사회생활길잡이,1,유한나,월(17:30~18:20),3204(),0,30
400000,교필,KY921-Z7,사회생활길잡이,1,김상원,수(17:30~18:20),3408(),0,25
400000,교필,KY921-Z8,사회생활길잡이,1,김영주,수(17:30~18:20),3321(),0,25
400000,교필,KY921-Z9,사회생활길잡이,1,안도연,수(17:30~18:20),3409(),0,24
400000,교필,KY304-A,채플,(1),"나현기,김광연,한경미",월(17:30~18:20),4107(),0,100
400000,교필,KY509-A,채플,(1),"나현기,김광연,한경미",-,(),0,20
400000,교필,KY722-A,영어Ⅱ,2,모리스,-,(),0,35
400000,교선,KY508-A,1인미디어만들기,3,최은경,수(16:00~17:15),20404(),0,30
400000,교선,KY843-A,중국어Ⅱ,2,진연,화(13:00~14:15)목(13:00~14:15),8101(),0,40
400000,교선,*KY139-A,고급심화한국어문법2,3,김연숙,금(13:00~14:15)금(14:30~15:45),3408(),0,15
400000,교선,*KY129-A,고급한국어회화1,3,신남미,월(14:30~15:45)수(14:30~15:45),3408(),0,15
400000,교선,KY471-A,논리와비판적사고,3,조현진,목(13:00~14:15)목(14:30~15:45),18420(),0,90
400000,교선,KY205-A,초급일본어회화Ⅱ,1,신정아,화(11:00~12:40),3321(),0,35
400000,교선,KY553-A,인권과법,3,유영국,월(13:00~14:15)수(13:00~14:15),18212(),0,90
400000,교선,KY832-A,정의란무엇인가,3,박종성,화(16:00~17:15)화(17:30~18:45),7215(),0,90
400000,교선,KY472-A,생활법률,3,유영국,화(13:00~14:15)화(14:30~15:45),18212(),0,90
400000,교선,KYA93-A,전환기시대의리더십,3,이일영,-,(),0,60
400000,교선,KY735-A,건축의미학,3,신광철,-,(),0,90
400000,교선,KYA60-A,연기와마음치료,3,장우현,목(16:00~17:15)목(17:30~18:45),18523(),0,40
400000,교선,KYA21-A,물리란무엇인가,3,정태성,월(13:00~14:15)수(13:00~14:15),18418(),0,50
400000,교선,KYC92-A,과학으로의산책,3,정태성,월(11:00~12:15)수(09:30~10:45),18418(),0,50
400000,교선,KYD14-A,영화로보는현대사회,3,김상덕,월(14:30~15:45)수(14:30~15:45),18420(),0,75
400000,교선,KYD08-A,영어로공부하는긍정심리학,3,매튜,화(13:00~14:15)목(13:00~14:15),20506(),0,30
400000,교선,KYD23-A,과학자의발자취를따라,3,정태성,월(09:30~10:45)수(11:00~12:15),18418(),0,50
400000,교선,KYC95-A,경제생활과법,3,유영국,화(16:00~17:15)화(17:30~18:45),18523(),0,90
400000,교선,KYD16-A,세계문학콘텐츠,3,정지수,목(13:00~14:15)목(14:30~15:45),18101(),0,50
400000,교선,KY806-A,현대환경문제의이해,3,이상헌,화(13:00~14:15)화(14:30~15:45),18519(),0,90
400000,교선,KYA31-A,기초독일어실습Ⅱ,3,전춘명,-,(),0,90
400000,교선,KY994-A1,중급영어회화2,2,매튜,월(09:30~10:45)수(11:00~12:15),20506(),0,15
400000,교선,KY994-A2,중급영어회화2,2,매튜,월(11:00~12:15)수(09:30~10:45),20506(),0,15
400000,교선,KY994-B1,중급영어회화2,2,매튜,월(13:00~14:15)수(13:00~14:15),20506(),0,15
400000,교선,KY994-B2,중급영어회화2,2,매튜,월(14:30~15:45)수(14:30~15:45),20506(),0,15
400000,교선,KY836-A,봉사활동Ⅱ,1,"주경희,서창수",-,(),0,90
400000,교선,KYA49-A,영화로보는남북통일문제,3,장창준,목(16:00~17:15)목(17:30~18:45),18211(),0,90
400000,교선,KY862-A,인간관계와예절,2,성은실,목(16:00~17:15)목(17:30~18:45),18519(),0,90
400000,교선,KYC10-A,한국현대생활사,3,정무용,금(13:00~14:15)금(14:30~15:45),18211(),0,50
400000,교선,KYC77-A,코드로읽는동북아시아의옛그림,3,류기수,-,(),0,90
400000,교선,KYC80-A,기악과합주,2,이영진,월(13:00~14:40),17201(),0,20
400000,교선,*KY140-A,고급심화한국어회화2,3,신남미,월(13:00~14:15)수(13:00~14:15),3408(),0,15
400000,교선,KY695-A,노동의의미,3,미정-신규,목(13:00~14:15)목(14:30~15:45),18211(),0,60
400000,교선,KY777-A,현대인의정신건강,3,김용훈,목(13:00~14:15)목(14:30~15:45),18212(),0,90
400000,교선,KY723-A,내삶을바꿀소설세편,3,이미선,월(11:00~12:15)수(09:30~10:45),20403(),0,50
400000,교선,KYA44-A,돈과인간,3,전병유,화(13:00~14:15)화(14:30~15:45),18523(),0,90
400000,교선,KYC11-A,도시의역사,3,이시연,금(13:00~14:15)금(14:30~15:45),18212-1(),0,50
400000,교선,*KY120-A,한국생활배우기1,3,정예수,화(11:00~12:15)목(09:30~10:45),3505(),0,15
400000,교선,KYC97-A,한중일청년세대의이해,3,유은하,-,(),0,50
400000,교선,KY895-A,교회음악Ⅱ,2,정춘,월(13:00~14:40),4107(),0,20
400000,교선,KYC76-A,광고에서배우는창의적문제해결,3,최환진,-,(),0,90
400000,교선,KY899-A,독일문학길잡이,3,오동식,금(16:00~17:15)금(17:30~18:45),3505(),0,40
400000,교선,KY309-A,생활속의실용금융,3,장순택,금(14:30~15:45)금(16:00~17:15),18420(),0,50
400000,교선,KYA96-A,과학의위대한순간들,3,정태성,화(13:00~14:15)화(14:30~15:45),18418(),0,50
400000,교선,KYA97-A,공공미술과도시재생,3,공주형,-,(),0,90
400000,교선,KY647-A,조선왕실의삶과문화,3,김선희,월(13:00~14:15),3423(),0,90
400000,교선,KY931-A,재미있는정신분석이야기,3,미정-신규,화(16:00~17:15)화(17:30~18:45),18211(),0,50
400000,교선,KY800-A,구급과안전교육,2,허범식,금(09:30~10:45)금(11:00~12:15),10204(),0,40
400000,교선,KYC14-A,빅데이터분석기초,3,염동호,화(16:00~17:15)화(17:30~18:45),18307(),0,40
400000,교선,KYC98-A,건강라이프스킬,3,정예수,화(09:30~10:45)목(11:00~12:15),3505(),0,15
400000,교선,KY780-A,초급일본어Ⅱ,2,신정아,화(13:00~14:15)목(13:00~14:15),3321(),0,40
400000,교선,KY992-A1,기초영어회화2,2,야니,월(09:30~10:45)수(11:00~12:15),8110(),0,20
400000,교선,KY992-A2,기초영어회화2,2,야니,월(13:00~14:15)수(13:00~14:15),8110(),0,20
400000,교선,KY992-A3,기초영어회화2,2,야니,월(14:30~15:45)수(14:30~15:45),8110(),0,20
400000,교선,KY992-A4,기초영어회화2,2,야니,화(11:00~12:15)목(09:30~10:45),8110(),0,20
400000,교선,KY992-B1,기초영어회화2,2,모리스,월(09:30~10:45)수(11:00~12:15),20502(),0,20
400000,교선,KY992-B2,기초영어회화2,2,모리스,월(11:00~12:15)수(09:30~10:45),20502(),0,20
400000,교선,KY992-B3,기초영어회화2,2,모리스,월(13:00~14:15)수(13:00~14:15),20502(),0,20
400000,교선,KY992-B4,기초영어회화2,2,모리스,화(09:30~10:45)목(11:00~12:15),20502(),0,20
400000,교선,KY977-A,문화콘텐츠로만나는정조,3,최민성,-,(),0,90
400000,교선,KYC16-A,21세기대안사회모델독일,3,전춘명,-,(),0,90
400000,교선,KYA75-A,재테크와금융,3,전창환,-,(),0,90
400000,교선,KYB24-A,빅데이터분석원리및분석방법론(중급),3,염동호,화(13:00~14:15)화(14:30~15:45),18307(),0,30
400000,교선,KYC64-A,발표하기와토론하기,3,송주현,-,(),0,30
400000,교선,KY671-A,심리운동과놀이,3,서연태,월(13:00~14:15)월(14:30~15:45),10204(),0,40
400000,교선,KYD11-A,신화와정치,3,유은하,-,(),0,50
400000,교선,KYD25-A,인공지능이해와활용,3,전병유,화(16:00~17:15)화(17:30~18:45),18309(),0,50
400000,교선,KY656-A,프랑스어회화및실습Ⅱ,2,이익주,-,(),0,30
400000,교선,KY206-A,현대서양사상의길잡이,3,이문교,월(16:00~17:15)수(17:30~18:45),18106(),0,90
400000,교선,KY951-A,일본문학길잡이,3,오미정,월(13:00~14:15)수(13:00~14:15),7215(),0,80
400000,교선,KYA37-A,심리와교육,3,옥장흠,월(13:00~14:15),3203(),0,50
400000,교선,KYC37-A,디지털사회와e스포츠,3,최은경,월(13:00~14:15)수(13:00~14:15),3506(),0,48
400000,교선,KYC63-A,책읽기와말하기,3,서경희,화(13:00~14:15)화(14:30~15:45),3410(),0,30
400000,교선,KYC63-B,책읽기와말하기,3,김민환,목(13:00~14:15)목(14:30~15:45),3408(),0,30
400000,교선,*KY137-A,한국의인문지리탐구,3,PANG LI,금(13:00~14:15)금(14:30~15:45),3308(),0,15
400000,교선,KYC83-A,북한미술의어제와오늘,3,류기수,-,(),0,90
400000,교선,KYC81-A,디지털시대의리더십,3,옥장흠,-,(),0,90
400000,교선,KY748-A,현대중국의역사적이해,3,주장환,-,(),0,60
400000,교선,KY750-A,일본근현대와동아시아,3,하종문,월(09:30~10:45)수(11:00~12:15),7215(),0,90
400000,교선,KY845-A,중국어회화Ⅱ,2,PANG LI,월(14:30~15:45)수(14:30~15:45),3308(),0,30
400000,교선,KY864-A,영화와사회심리,3,이익주,화(16:00~17:15)화(17:30~18:45),18420(),0,90
400000,교선,KY972-A,예술로말하기2,3,유순혜,화(13:00~14:15)화(14:30~15:45),18212-1(),0,20
400000,교선,KY961-A,결혼과가족,3,김영주,화(13:00~14:15),3203(),0,50
400000,교선,KYC15-A,21세기사회와유대인의문화,3,옥장흠,-,(),0,90
400000,교선,KYC42-A,유럽영화예술의세계,3,심혜경,-,(),0,60
400000,교선,*KY138-A,한국의생활문화,3,PANG LI,화(13:00~14:15)화(14:30~15:45),3308(),0,15
400000,교선,KY674-A,한국의세계문화유산,3,김선희,월(14:30~15:45),3423(),0,50
400000,교선,KY676-A,수학으로세상읽기,3,나경욱,화(13:00~14:15)화(14:30~15:45),18520(),0,80
400000,교선,KYA59-A,연기예술2:관찰,3,장우현,목(13:00~14:15)목(14:30~15:45),18523(),0,40
400000,교선,KYC41-A,나를찾아떠나는여행,2,강은미,금(13:00~14:40),4107(),0,30
400000,교선,KYC61-A,어서와한국은처음이지,3,야니,월(11:00~12:15)수(09:30~10:45),8110(),0,30
400000,교선,KYC60-A,먼나라이웃나라,3,모리스,화(13:00~14:15)목(13:00~14:15),20502(),0,30
400000,교선,*KY143-A,컴퓨터기초2,3,김시윤,금(09:30~10:45)금(11:00~12:15),18307(),0,25
400000,교선,KYC24-A,플랫폼시대의상상력과브랜딩,3,허태윤,화(13:00~14:15)화(14:30~15:45),18211(),0,40
400000,교선,KYC39-A,세계도시와시민,3,이기호,목(13:00~14:15)목(14:30~15:45),18520(),0,90
400000,교선,*KY015-A,영상으로보는한국사회,3,PANG LI,금(16:00~17:15)금(17:30~18:45),3308(),0,15
400000,교선,KY827-A,조깅과워킹,2,정현성,화(13:00~14:15)화(14:30~15:45),10201(),0,20
400000,교선,KY821-A,탁구,2,김수겸,목(09:30~10:45)목(11:00~12:15),10301(),0,20
400000,교선,KY822-A,배드민턴,2,박상현,목(13:00~14:15)목(14:30~15:45),10301(),0,20
400000,교선,KY819-A,배구,2,우승정,금(09:30~10:45)금(11:00~12:15),10301(),0,20
400000,교선,KY831-A,취창업스쿨2,3,홍창기,-,(),0,30
400000,교선,KY831-B,취창업스쿨2,3,허태윤,-,(),0,30
400000,교선,KYC01-A,좋은기업찾기프로젝트,3,김용희,-,(),0,90
400000,교선,KY603-A,NCS직업기초능력다지기,3,"차윤정,정해인",-,(),0,90
400000,교선,KY603-B,NCS직업기초능력다지기,3,"차윤정,정해인",-,(),0,90
427100,교필,KYD03-A3,AI아트코딩과윤리,3,홍창교,월(13:00~14:15),7108(),0,40
427100,교필,KYC54-F3,Essential English,3,김경선,화(11:00~12:15)목(09:30~10:45),18104(),0,30
427100,교필,KYD03-B1,AI아트코딩과윤리,3,홍창교,월(16:00~17:15),7108(),0,45
427100,교필,KYD03-B2,AI아트코딩과윤리,3,이은정,화(13:00~14:15),18308(),0,40
427100,교필,KYD03-B8,AI아트코딩과윤리,3,정소현,수(14:30~15:45),7108(),0,40
427100,교필,KYC54-A1,Essential English,3,목승혜,월(09:30~10:45)수(11:00~12:15),18103(),0,35
427100,교필,KYC54-A2,Essential English,3,김나영,월(09:30~10:45)수(11:00~12:15),18104(),0,35
427100,교필,KYC54-A3,Essential English,3,차윤정,월(09:30~10:45)수(11:00~12:15),18106(),0,35
427100,교필,KYC54-B1,Essential English,3,목승혜,월(11:00~12:15)수(09:30~10:45),18103(),0,35
427100,교필,KYC54-B2,Essential English,3,김나영,월(11:00~12:15)수(09:30~10:45),18104(),0,35
427100,교필,KYC54-B3,Essential English,3,고우경,월(11:00~12:15)수(09:30~10:45),3505(),0,35
427100,교필,KYC54-C1,Essential English,3,고우경,월(13:00~14:15)수(13:00~14:15),3505(),0,35
427100,교필,KYC54-C2,Essential English,3,심주연,월(13:00~14:15)수(13:00~14:15),18104(),0,30
427100,교필,KYC54-C3,Essential English,3,이아름,월(13:00~14:15)수(13:00~14:15),18106(),0,35
427100,교필,KYC54-D1,Essential English,3,고우경,월(14:30~15:45)수(14:30~15:45),3505(),0,35
427100,교필,KYC54-D2,Essential English,3,심주연,월(14:30~15:45)수(14:30~15:45),18104(),0,30
427100,교필,KYC54-D3,Essential English,3,이아름,월(14:30~15:45)수(14:30~15:45),18106(),0,35
427100,교필,KYC54-E1,Essential English,3,김수현,화(09:30~10:45)목(11:00~12:15),18103(),0,35
427100,교필,KYC54-E2,Essential English,3,성민선,화(09:30~10:45)목(11:00~12:15),18106(),0,35
427100,교필,KYC54-E3,Essential English,3,김경선,화(09:30~10:45)목(11:00~12:15),18104(),0,30
427100,교필,KYC54-F1,Essential English,3,김수현,화(11:00~12:15)목(09:30~10:45),18103(),0,35
427100,교필,KYC54-F2,Essential English,3,성민선,화(11:00~12:15)목(09:30~10:45),18106(),0,35
427100,교필,KYD03-A6,AI아트코딩과윤리,3,홍혜승,수(11:00~12:15),7108(),0,45
427100,교필,KY101-A,채플,.5,"나현기,김광연,한경미",월(14:30~15:20),채플실(),0,550
427100,교필,KY410-AA,진로와상담,(0),박기홍,-,(),0,25
427100,교필,KY410-DG,진로와상담,(0),최창원,-,(),0,25
427100,교필,KY410-AC,진로와상담,(0),손승일,-,(),0,25
427100,교필,KY410-AD,진로와상담,(0),윤효석,-,(),0,25
427100,교필,KY410-AE,진로와상담,(0),오석희,-,(),0,25
427100,교필,KY410-AF,진로와상담,(0),이성구,-,(),0,25
427100,교필,KY410-AG,진로와상담,(0),조성호,-,(),0,25
427100,교필,KY410-AH,진로와상담,(0),이경옥,-,(),0,25
427100,교필,KY410-AI,진로와상담,(0),이양선,-,(),0,25
427100,교필,KY410-AJ,진로와상담,(0),강민구,-,(),0,25
427100,교필,KY410-CB,진로와상담,(0),김선만,-,(),0,25
427100,교필,KY410-CC,진로와상담,(0),류승택,-,(),0,25
427100,교필,KY410-CD,진로와상담,(0),박성진,-,(),0,25
427100,교필,KY410-CE,진로와상담,(0),백수진,-,(),0,25
427100,교필,KY410-CF,진로와상담,(0),안현,-,(),0,25
427100,교필,KY410-CG,진로와상담,(0),여협구,-,(),0,25
427100,교필,KY410-CH,진로와상담,(0),이용걸,-,(),0,26
427100,교필,KY410-DA,진로와상담,(0),이형우,-,(),0,25
427100,교필,KY410-DB,진로와상담,(0),임익수,-,(),0,25
427100,교필,KY410-DC,진로와상담,(0),정승민,-,(),0,25
427100,교필,KY410-DD,진로와상담,(0),홍승필,-,(),0,25
427100,교필,KY410-DE,진로와상담,(0),성낙준,-,(),0,25
427100,교필,KY410-DF,진로와상담,(0),고병수,-,(),0,25
427100,교필,KY410-AB,진로와상담,(0),강영경,-,(),0,25
427100,계공,AS004-A,AI·SW수학,3,김선만,화(09:30~10:45)목(11:00~12:15),18212(),0,45
427100,계공,AS004-B,AI·SW수학,3,이경옥,월(13:00~14:15)수(13:00~14:15),18212-1(),0,45
427100,계공,AS004-C,AI·SW수학,3,이경옥,월(14:30~15:45)수(14:30~15:45),18212-1(),0,45
427100,계공,AS004-D,AI·SW수학,3,나경욱,월(13:00~14:15)수(13:00~14:15),18420-1(),0,45
427100,계공,AS004-E,AI·SW수학,3,나경욱,화(11:00~12:15)목(09:30~10:45),18211-1(),0,45
427100,계공,AS004-F,AI·SW수학,3,한근식,목(13:00~14:15)목(14:30~15:45),18418(),0,45
427100,계공,AS005-A,문제해결형프로그래밍,3,이용걸,월(09:30~10:45)수(11:00~12:15),18307(),0,35
427100,계공,AS005-B,문제해결형프로그래밍,3,안현,월(11:00~12:15)수(09:30~10:45),18424(),0,35
427100,계공,AS005-C,문제해결형프로그래밍,3,이형우,월(13:00~14:15)수(13:00~14:15),18422(),0,35
427100,계공,AS005-D,문제해결형프로그래밍,3,강영경,월(14:30~15:45)수(14:30~15:45),18312(),0,35
427100,계공,AS005-E,문제해결형프로그래밍,3,강영경,월(13:00~14:15)수(13:00~14:15),18312(),0,35
427100,계공,AS005-F,문제해결형프로그래밍,3,연문숙,목(16:00~17:15)목(17:30~18:45),18314(),0,35
427100,계공,AS005-G,문제해결형프로그래밍,3,고병수,화(16:00~17:15)화(17:30~18:45),18419(),0,35
427100,계공,AS005-H,문제해결형프로그래밍,3,성낙준,화(13:00~14:15)목(13:00~14:15),18312(),0,35
427100,계공,AS006-A,웹프로그래밍,3,손승일,월(11:00~12:15)수(09:30~10:45),18419(),0,35
427100,계공,AS006-B,웹프로그래밍,3,백수진,월(13:00~14:15)수(13:00~14:15),18521(),0,35
427100,계공,AS006-C,웹프로그래밍,3,조성호,화(11:00~12:15)목(09:30~10:45),18521(),0,35
427100,계공,AS006-D,웹프로그래밍,3,조성호,화(09:30~10:45)목(11:00~12:15),18521(),0,35
427100,계공,AS006-E,웹프로그래밍,3,이애본,목(16:00~17:15)목(17:30~18:45),18312(),0,35
427100,계공,AS006-F,웹프로그래밍,3,미정-신규,월(09:30~10:45)수(11:00~12:15),18419(),0,35
427100,계공,AS006-G,웹프로그래밍,3,윤효석,화(14:30~15:45)목(14:30~15:45),18419(),0,35
427100,계공,AS006-H,웹프로그래밍,3,성낙준,월(16:00~17:15)수(17:30~18:45),18312(),0,35
427100,계공,AS009-A,논리회로,3,손승일,화(09:30~10:45)목(11:00~12:15),18419(),0,40
427100,계공,AS012-F,데이터베이스,3,미정-신규,월(17:30~18:45)수(16:00~17:15),18424(),0,40
427100,계공,AS009-C,논리회로,3,여협구,월(13:00~14:15)수(13:00~14:15),18425(),0,40
427100,계공,AS009-D,논리회로,3,여협구,화(14:30~15:45)목(14:30~15:45),18425(),0,40
427100,계공,AS009-E,논리회로,3,남진문,화(13:00~14:15)목(13:00~14:15),18425(),0,40
427100,계공,AS009-F,논리회로,3,남진문,화(14:30~15:45)목(14:30~15:45),18312(),0,40
427100,계공,AS011-A,운영체제,3,윤효석,월(16:00~17:15)수(17:30~18:45),18424(),0,40
427100,계공,AS011-B,운영체제,3,조성호,월(09:30~10:45)수(11:00~12:15),18520(),0,40
427100,계공,AS011-C,운영체제,3,조성호,월(11:00~12:15)수(09:30~10:45),18520(),0,40
427100,계공,AS011-D,운영체제,3,김경아,목(13:00~14:15)목(14:30~15:45),18521(),0,40
427100,계공,AS011-E,운영체제,3,최창원,화(09:30~10:45)목(11:00~12:15),18312(),0,40
427100,계공,AS011-F,운영체제,3,윤효석,월(14:30~15:45)수(14:30~15:45),18424(),0,40
427100,계공,AS012-A,데이터베이스,3,박성진,월(11:00~12:15)수(09:30~10:45),18308(),0,40
427100,계공,AS012-B,데이터베이스,3,박성진,월(13:00~14:15)수(13:00~14:15),18424(),0,40
427100,계공,AS012-C,데이터베이스,3,이경호,목(13:00~14:15)목(14:30~15:45),18424(),0,40
427100,계공,AS012-D,데이터베이스,3,오윤식,목(16:00~17:15)목(17:30~18:45),18422(),0,40
427100,계공,AS012-E,데이터베이스,3,고병수,화(11:00~12:15)목(09:30~10:45),18422(),0,40
427100,계공,AS009-B,논리회로,3,손승일,화(11:00~12:15)목(09:30~10:45),18419(),0,40
427200,교필,KY101-A,채플,.5,"나현기,김광연,한경미",월(14:30~15:20),채플실(),0,550
427200,교필,KY410-DE,진로와상담,(0),성낙준,-,(),0,25
427200,교필,KY410-AA,진로와상담,(0),박기홍,-,(),0,25
427200,교필,KY410-AD,진로와상담,(0),윤효석,-,(),0,25
427200,교필,KY410-AE,진로와상담,(0),오석희,-,(),0,25
427200,교필,KY410-DD,진로와상담,(0),홍승필,-,(),0,25
427200,교필,KY410-DC,진로와상담,(0),정승민,-,(),0,25
427200,교필,KY410-DB,진로와상담,(0),임익수,-,(),0,25
427200,교필,KY410-DA,진로와상담,(0),이형우,-,(),0,25
427200,교필,KY410-CH,진로와상담,(0),이용걸,-,(),0,26
427200,교필,KY410-CG,진로와상담,(0),여협구,-,(),0,25
427200,교필,KY410-CF,진로와상담,(0),안현,-,(),0,25
427200,교필,KY410-CE,진로와상담,(0),백수진,-,(),0,25
427200,교필,KY410-CD,진로와상담,(0),박성진,-,(),0,25
427200,교필,KY410-CC,진로와상담,(0),류승택,-,(),0,25
427200,교필,KY410-CB,진로와상담,(0),김선만,-,(),0,25
427200,교필,KY410-AJ,진로와상담,(0),강민구,-,(),0,25
427200,교필,KY410-AI,진로와상담,(0),이양선,-,(),0,25
427200,교필,KY410-AH,진로와상담,(0),이경옥,-,(),0,25
427200,교필,KY410-AG,진로와상담,(0),조성호,-,(),0,25
427200,교필,KY410-AF,진로와상담,(0),이성구,-,(),0,25
427200,교필,KY410-DG,진로와상담,(0),최창원,-,(),0,25
427200,교필,KY410-DF,진로와상담,(0),고병수,-,(),0,25
427200,교필,KY410-AC,진로와상담,(0),손승일,-,(),0,25
427200,교필,KY410-AB,진로와상담,(0),강영경,-,(),0,25
427200,전선,SH207-A,오픈소스SW개론,3,안현,화(09:30~10:45)목(11:00~12:15),18424(),0,40
427200,전선,XR202-B,XR콘텐츠응용,3,임익수,월(14:30~15:45)수(14:30~15:45),18422(),0,40
427200,전선,XR202-A,XR콘텐츠응용,3,임익수,월(11:00~12:15)수(09:30~10:45),18422(),0,40
427200,전선,SH202-D,고급프로그래밍,3,한성훈,화(13:00~14:15)화(14:30~15:45),18314(),0,40
427200,전선,SH202-C,고급프로그래밍,3,미정-신규,월(16:00~17:15)수(17:30~18:45),18422(),0,40
427200,전선,SH202-A,고급프로그래밍,3,이형우,월(11:00~12:15)수(09:30~10:45),18314(),0,40
427200,전선,SH202-B,고급프로그래밍,3,이형우,월(09:30~10:45)수(11:00~12:15),18314(),0,40
427200,전선,SH209-A,감성컴퓨팅,3,오석희,월(17:30~18:45)수(16:00~17:15),18314(),0,40
427200,전선,SH352-A,자율지능IoT시스템,3,미정-신규,월(09:30~10:45)수(11:00~12:15),18424(),0,40
427200,전선,SH339-A,인지감성컴퓨팅기획,3,오석희,월(16:00~17:15)수(17:30~18:45),18209(),0,30
427200,전선,SH351-A,인지감성AI에이전트,3,미정-신규,월(14:30~15:45)수(14:30~15:45),18314(),0,40
427200,전선,SH342-A,앰비언트컴퓨팅기획,3,이양선,월(13:00~14:15)수(13:00~14:15),18207(),0,30
427200,전선,SH314-B,모바일프로그래밍,3,오윤식,목(13:00~14:15)목(14:30~15:45),18422(),0,40
427200,전선,SH314-A,모바일프로그래밍,3,이경호,목(16:00~17:15)목(17:30~18:45),18424(),0,40
427200,전선,SH403-A,AISW캡스톤디자인Ⅱ,3,박기홍,금(13:00~14:15)금(14:30~15:45),18314(),0,40
427200,전선,SH325-A,AIoT설계와응용,3,최창원,화(11:00~12:15)목(09:30~10:45),18208(),0,30
427200,전선,SH335-A,디지털비즈니스개론,3,홍승필,화(13:00~14:15)화(14:30~15:45),18207(),0,30
427200,전선,SH353-B,시스템분석설계,3,이성구,월(11:00~12:15)수(09:30~10:45),18420(),0,40
427200,전선,SH353-A,시스템분석설계,3,이성구,월(09:30~10:45)수(11:00~12:15),18420(),0,40
427200,전선,SH309-B,기계학습,3,이용걸,월(14:30~15:45)수(14:30~15:45),18521(),0,40
427200,전선,SH309-A,기계학습,3,미정-신규,월(13:00~14:15)수(13:00~14:15),18419(),0,40
427200,전선,SH321-A,빅데이터플랫폼,3,안현,화(13:00~14:15)목(13:00~14:15),18419(),0,40
427200,전선,SH344-A,앰비언트컴퓨팅개발2,3,이양선,화(16:00~17:15)화(17:30~18:45),18209(),0,30
427200,전선,SH314-C,모바일프로그래밍,3,한성훈,화(16:00~17:15)화(17:30~18:45),18314(),0,40
427200,전선,SH315-A,리눅스프로그래밍,3,조성호,화(13:00~14:15)화(14:30~15:45),18424(),0,40
427200,전선,SH312-A,네트워크보안,3,최창원,금(09:30~10:45)금(11:00~12:15),18209(),0,30
427200,전선,SH319-B,UI/UX프로그래밍,3,임익수,화(13:00~14:15)화(14:30~15:45),18422(),0,40
427200,전선,SH330-A,음성공학,3,신대진,금(09:30~10:45)금(11:00~12:15),18314(),0,40
427200,전선,SH319-A,UI/UX프로그래밍,3,미정-신규,금(09:30~10:45)금(11:00~12:15),18424(),0,40
427200,전선,SH402-F,AISW캡스톤디자인Ⅰ,3,미정-신규,금(13:00~14:15)금(14:30~15:45),18308(),0,35
427200,전선,SH402-A,AISW캡스톤디자인Ⅰ,3,홍승필,금(13:00~14:15)금(14:30~15:45),18309(),0,35
427200,전선,SH402-B,AISW캡스톤디자인Ⅰ,3,강민구,금(13:00~14:15)금(14:30~15:45),18312(),0,35
427200,전선,SH402-C,AISW캡스톤디자인Ⅰ,3,고병수,금(13:00~14:15)금(14:30~15:45),18422(),0,35
427200,전선,SH402-D,AISW캡스톤디자인Ⅰ,3,미정-신규,금(13:00~14:15)금(14:30~15:45),18424(),0,35
427200,전선,SH402-E,AISW캡스톤디자인Ⅰ,3,미정-신규,금(13:00~14:15)금(14:30~15:45),18521(),0,35
427200,전선,GP552-A,데이터엔지니어링특론,3,홍승필,토(11:00~11:50),18208(),0,10
427200,전선,GP551-A,IoT통신특론,3,이양선,토(09:30~10:20),18208(),0,10
427200,학석,GP553-A,소셜컴퓨팅,3,오석희,토(12:00~12:50),18208(),0,10
427300,교필,KY101-A,채플,.5,"나현기,김광연,한경미",월(14:30~15:20),채플실(),0,550
427300,교필,KY410-CA,진로와상담,(0),남진문,-,(),0,35
427300,전선,AC102-A,반도체수학,3,정승민,화(13:00~14:15)목(13:00~14:15),18209(),0,40
427300,전선,AC217-A,데이터분석및활용,3,연문숙,목(13:00~14:15)목(14:30~15:45),18314(),0,40
427300,전선,AC214-A,객체지향프로그래밍입문,3,백수진,월(09:30~10:45)수(11:00~12:15),18521(),0,40
427300,전선,AC203-A,기초회로실험,3,정승민,화(11:00~12:15)목(09:30~10:45),18425(),0,40
427300,전선,AC209-A,디지털회로실험,3,정승민,금(13:00~14:15)금(14:30~15:45),18425(),0,40
427300,전선,AC218-A,반도체소자,3,남진문,월(17:30~18:45)수(16:00~17:15),18425(),0,40
427300,전선,AC216-A,집적회로설계입문,3,여협구,화(16:00~17:15)화(17:30~18:45),18425(),0,40
427300,전선,AC313-A,디지털시스템설계응용,3,손승일,월(09:30~10:45)수(11:00~12:15),18425(),0,40
427300,전선,AC408-A,SoC설계,3,정승민,금(16:00~17:15)금(17:30~18:45),18425(),0,40
427300,전선,AC316-A,컴퓨터비전및실습,3,백수진,월(11:00~12:15)수(09:30~10:45),18425(),0,40
427300,전선,AC307-A,마이크로프로세서,3,남진문,월(16:00~17:15)수(17:30~18:45),18425(),0,40
427300,전선,AC319-A,아날로그IC설계기초,3,여협구,월(14:30~15:45)수(14:30~15:45),18425(),0,40
406150,전필,SD419-A,졸업논문,(3),주경희,-,(),0,30
406140,전필,SD409-A,졸업논문,(3),안도연,-,(),0,30
406140,전필,SD004-A,AI융합라이프케어캡스톤디자인2,3,이상준,금(09:30~10:45)금(11:00~12:15),18207(),0,30
406140,전필,SD002-A,문제해결형프로그래밍_융합,3,김동석,화(09:30~10:45)목(11:00~12:15),18308(),0,30
424120,교필,KY201-A,채플,.5,"나현기,김광연,한경미",월(16:00~16:50),채플실(),0,550
424120,교필,KY410-M2,진로와상담,(0),신재우,-,(),0,20
424120,교필,KY410-M3,진로와상담,(0),김상욱,-,(),0,20
424120,교필,KY410-M1,진로와상담,(0),이남연,-,(),0,20
424120,전필,EZ237-A,파이썬프로그래밍활용,3,이남연,화(09:30~10:45)목(11:00~12:15),18307(),0,40
424120,전필,EZ239-A,데이터분석,3,신재우,목(13:00~14:15)목(14:30~15:45),7305(),0,30
424120,전필,EZ419-A,졸업논문,(3),신재우,-,(),0,40
424120,전선,EZ140-A,자율사물과활용사례,3,김재국,목(13:00~14:15)목(14:30~15:45),7301(),0,40
424120,전선,EZ236-A,인터넷마케팅과창업,3,김권수,월(09:30~10:45)수(11:00~12:15),18102(),0,48
424120,전선,EZ208-A,경영정보시스템,3,김재국,목(16:00~17:15)목(17:30~18:45),7305(),0,40
424120,전선,EZ249-A,데이터활용기초,3,신재우,화(11:00~12:15)목(09:30~10:45),7301(),0,40
424120,전선,EZ341-A,글로벌경영과비즈니스모델,3,한광희,-,(),0,40
424120,전선,EZ336-A,경영전략론,3,김상욱,월(09:30~10:45)수(11:00~12:15),7305(),0,40
424120,전선,EZ335-A,물류관리론,3,한광희,화(13:00~14:15)화(14:30~15:45),7305(),0,40
424120,전선,EZ302-A,인공지능과스타트업,3,이남연,월(14:30~15:45)수(14:30~15:45),20404(),0,40
424120,전선,EZ339-A,시장조사와사업계획서,3,김권수,월(11:00~12:15)수(09:30~10:45),18307(),0,48
424120,전선,EZ440-A,OJT1,9,신재우,-,(),0,15
424120,전선,EZ435-A,기술경영과지식재산,3,신재우,수(14:30~15:45),7305(),0,40
424120,전선,EZ446-A,IT경영세미나Ⅱ,1,신재우,수(16:00~16:50),7305(),0,40
411010,교필,KY201-A,채플,.5,"나현기,김광연,한경미",월(16:00~16:50),채플실(),0,550
411010,교필,KY410-M3,진로와상담,(0),김상욱,-,(),0,20
411010,교필,KY410-M1,진로와상담,(0),이남연,-,(),0,20
411010,교필,KY410-M2,진로와상담,(0),신재우,-,(),0,20
419020,교필,KY101-A,채플,.5,"나현기,김광연,한경미",월(14:30~15:20),채플실(),0,550
419020,교필,KY410-CB,진로와상담,(0),김선만,-,(),0,25
419020,교필,KY410-AA,진로와상담,(0),박기홍,-,(),0,25
419020,교필,KY410-AB,진로와상담,(0),강영경,-,(),0,25
419020,교필,KY410-AC,진로와상담,(0),손승일,-,(),0,25
419020,교필,KY410-AD,진로와상담,(0),윤효석,-,(),0,25
419020,교필,KY410-AE,진로와상담,(0),오석희,-,(),0,25
419020,교필,KY410-AF,진로와상담,(0),이성구,-,(),0,25
419020,교필,KY410-AG,진로와상담,(0),조성호,-,(),0,25
419020,교필,KY410-AH,진로와상담,(0),이경옥,-,(),0,25
419020,교필,KY410-AI,진로와상담,(0),이양선,-,(),0,25
419020,교필,KY410-AJ,진로와상담,(0),강민구,-,(),0,25
419020,교필,KY410-DG,진로와상담,(0),최창원,-,(),0,25
419020,교필,KY410-CC,진로와상담,(0),류승택,-,(),0,25
419020,교필,KY410-CD,진로와상담,(0),박성진,-,(),0,25
419020,교필,KY410-CE,진로와상담,(0),백수진,-,(),0,25
419020,교필,KY410-CF,진로와상담,(0),안현,-,(),0,25
419020,교필,KY410-CG,진로와상담,(0),여협구,-,(),0,25
419020,교필,KY410-CH,진로와상담,(0),이용걸,-,(),0,26
419020,교필,KY410-DA,진로와상담,(0),이형우,-,(),0,25
419020,교필,KY410-DB,진로와상담,(0),임익수,-,(),0,25
419020,교필,KY410-DC,진로와상담,(0),정승민,-,(),0,25
419020,교필,KY410-DD,진로와상담,(0),홍승필,-,(),0,25
419020,교필,KY410-DE,진로와상담,(0),성낙준,-,(),0,25
419020,교필,KY410-DF,진로와상담,(0),고병수,-,(),0,25
419020,전필,IT419-A,졸업논문,(3),오석희,-,(),0,50
416010,교필,KY101-A,채플,.5,"나현기,김광연,한경미",월(14:30~15:20),채플실(),0,550
416010,교필,KY410-AB,진로와상담,(0),강영경,-,(),0,25
416010,교필,KY410-AC,진로와상담,(0),손승일,-,(),0,25
416010,교필,KY410-AD,진로와상담,(0),윤효석,-,(),0,25
416010,교필,KY410-AE,진로와상담,(0),오석희,-,(),0,25
416010,교필,KY410-AF,진로와상담,(0),이성구,-,(),0,25
416010,교필,KY410-AG,진로와상담,(0),조성호,-,(),0,25
416010,교필,KY410-AH,진로와상담,(0),이경옥,-,(),0,25
416010,교필,KY410-AI,진로와상담,(0),이양선,-,(),0,25
416010,교필,KY410-AJ,진로와상담,(0),강민구,-,(),0,25
416010,교필,KY410-CB,진로와상담,(0),김선만,-,(),0,25
416010,교필,KY410-CC,진로와상담,(0),류승택,-,(),0,25
416010,교필,KY410-CD,진로와상담,(0),박성진,-,(),0,25
416010,교필,KY410-CE,진로와상담,(0),백수진,-,(),0,25
416010,교필,KY410-CF,진로와상담,(0),안현,-,(),0,25
416010,교필,KY410-CG,진로와상담,(0),여협구,-,(),0,25
416010,교필,KY410-CH,진로와상담,(0),이용걸,-,(),0,26
416010,교필,KY410-DA,진로와상담,(0),이형우,-,(),0,25
416010,교필,KY410-DB,진로와상담,(0),임익수,-,(),0,25
416010,교필,KY410-DC,진로와상담,(0),정승민,-,(),0,25
416010,교필,KY410-DD,진로와상담,(0),홍승필,-,(),0,25
416010,교필,KY410-DE,진로와상담,(0),성낙준,-,(),0,25
416010,교필,KY410-DF,진로와상담,(0),고병수,-,(),0,25
416010,교필,KY410-DG,진로와상담,(0),최창원,-,(),0,25
416010,교필,KY410-AA,진로와상담,(0),박기홍,-,(),0,25
422210,교필,KY410-E2,진로와상담,(0),이기호,-,(),0,15
422210,전선,KA048-A,학문목적한국어,3,미정-신규,화(13:00~14:15)화(14:30~15:45),3411(),0,15
422210,전선,KA047-A,마케팅의이해,3,유현미,금(13:00~14:15)금(14:30~15:45),3410(),0,15
422210,전선,KA045-A,태권도,3,정예수,목(13:00~14:15)목(14:30~15:45),10203(),0,15
422210,전선,KA034-A,토픽 5급,3,김연숙,금(09:30~10:45)금(11:00~12:15),3412(),0,15
422110,교필,KY410-E2,진로와상담,(0),이기호,-,(),0,15
427140,교필,KY410-CB,진로와상담,(0),김선만,-,(),0,25
427140,교필,KY410-DF,진로와상담,(0),고병수,-,(),0,25
427140,교필,KY410-AA,진로와상담,(0),박기홍,-,(),0,25
427140,교필,KY410-AB,진로와상담,(0),강영경,-,(),0,25
427140,교필,KY410-AC,진로와상담,(0),손승일,-,(),0,25
427140,교필,KY410-AD,진로와상담,(0),윤효석,-,(),0,25
427140,교필,KY410-AE,진로와상담,(0),오석희,-,(),0,25
427140,교필,KY410-AF,진로와상담,(0),이성구,-,(),0,25
427140,교필,KY410-AG,진로와상담,(0),조성호,-,(),0,25
427140,교필,KY410-AH,진로와상담,(0),이경옥,-,(),0,25
427140,교필,KY410-AI,진로와상담,(0),이양선,-,(),0,25
427140,교필,KY410-AJ,진로와상담,(0),강민구,-,(),0,25
427140,교필,KY410-DG,진로와상담,(0),최창원,-,(),0,25
427140,교필,KY410-CC,진로와상담,(0),류승택,-,(),0,25
427140,교필,KY410-CD,진로와상담,(0),박성진,-,(),0,25
427140,교필,KY410-CE,진로와상담,(0),백수진,-,(),0,25
427140,교필,KY410-CF,진로와상담,(0),안현,-,(),0,25
427140,교필,KY410-CG,진로와상담,(0),여협구,-,(),0,25
427140,교필,KY410-CH,진로와상담,(0),이용걸,-,(),0,26
427140,교필,KY410-DA,진로와상담,(0),이형우,-,(),0,25
427140,교필,KY410-DB,진로와상담,(0),임익수,-,(),0,25
427140,교필,KY410-DC,진로와상담,(0),정승민,-,(),0,25
427140,교필,KY410-DD,진로와상담,(0),홍승필,-,(),0,25
427140,교필,KY410-DE,진로와상담,(0),성낙준,-,(),0,25
427140,전필,XR401-A,졸업논문,(3),오석희,-,(),0,30
427140,전선,SH307-A,컴퓨터그래픽스,3,류승택,월(09:30~10:45)수(11:00~12:15),18422(),0,40
404040,교필,KY201-A,채플,.5,"나현기,김광연,한경미",월(16:00~16:50),채플실(),0,550
404040,교필,KY410-M3,진로와상담,(0),김상욱,-,(),0,20
404040,교필,KY410-M1,진로와상담,(0),이남연,-,(),0,20
404040,교필,KY410-M2,진로와상담,(0),신재우,-,(),0,20
424100,교필,KYC55-A2,글쓰기의기초,3,김민환,화(16:00~17:15)화(17:30~18:45),3408(),0,30
424100,교필,KYC55-A3,글쓰기의기초,3,유예원,화(13:00~14:15)화(14:30~15:45),20505(),0,30
424100,교필,KYC55-A4,글쓰기의기초,3,계광수,화(13:00~14:15)화(14:30~15:45),3412(),0,30
424100,교필,KYC55-A5,글쓰기의기초,3,신혜수,화(13:00~14:15)화(14:30~15:45),3503(),0,30
424100,교필,KYC55-B1,글쓰기의기초,3,서경희,화(16:00~17:15)화(17:30~18:45),3410(),0,30
424100,교필,KYC55-B2,글쓰기의기초,3,계광수,화(16:00~17:15)화(17:30~18:45),3412(),0,30
424100,교필,KYC55-B3,글쓰기의기초,3,신혜수,화(16:00~17:15)화(17:30~18:45),3503(),0,30
424100,교필,KYC55-B4,글쓰기의기초,3,유예원,화(16:00~17:15)화(17:30~18:45),20505(),0,30
424100,교필,KYC55-C1,글쓰기의기초,3,허난희,목(13:00~14:15)목(14:30~15:45),20505(),0,30
424100,교필,KYC55-C2,글쓰기의기초,3,서경희,목(13:00~14:15)목(14:30~15:45),3410(),0,30
424100,교필,KYC55-C3,글쓰기의기초,3,서영화,목(13:00~14:15)목(14:30~15:45),3412(),0,30
424100,교필,KYC55-C4,글쓰기의기초,3,한정미,목(13:00~14:15)목(14:30~15:45),8110(),0,30
424100,교필,KYC55-C5,글쓰기의기초,3,전지은,화(13:00~14:15)화(14:30~15:45),18211-1(),0,30
424100,교필,KYC55-D1,글쓰기의기초,3,한정미,목(16:00~17:15)목(17:30~18:45),8110(),0,30
424100,교필,KYC55-D2,글쓰기의기초,3,서영화,목(16:00~17:15)목(17:30~18:45),3412(),0,30
424100,교필,KYC55-D3,글쓰기의기초,3,전지은,화(16:00~17:15)화(17:30~18:45),18211-1(),0,30
424100,교필,KYC55-D4,글쓰기의기초,3,허난희,목(16:00~17:15)목(17:30~18:45),20505(),0,30
424100,교필,KYC55-E1,글쓰기의기초,3,송주현,금(09:30~10:45)금(11:00~12:15),20502(),0,30
424100,교필,KYC55-E2,글쓰기의기초,3,김소륜,금(09:30~10:45)금(11:00~12:15),3409(),0,30
424100,교필,KYC55-F1,글쓰기의기초,3,김소륜,금(13:00~14:15)금(14:30~15:45),3409(),0,30
424100,교필,KYC56-A4,컴퓨팅사고와SW코딩,3,최진,화(14:30~15:45),18309(),0,45
424100,교필,KY410-W1,진로와상담,(0),유현미,-,(),0,10
424100,교필,KY410-X4,진로와상담,(0),김민철,-,(),0,10
424100,교필,KY201-A,채플,.5,"나현기,김광연,한경미",월(16:00~16:50),채플실(),0,550
424200,교필,KYC55-A2,글쓰기의기초,3,김민환,화(16:00~17:15)화(17:30~18:45),3408(),0,30
424200,교필,KYC55-A3,글쓰기의기초,3,유예원,화(13:00~14:15)화(14:30~15:45),20505(),0,30
424200,교필,KY410-X3,진로와상담,(0),유한나,-,(),0,10
424200,교필,KY410-X2,진로와상담,(0),장종익,-,(),0,10
424200,교필,KY410-X1,진로와상담,(0),양영수,-,(),0,10
424200,교필,KY410-W9,진로와상담,(0),김상욱,-,(),0,10
424200,교필,KY410-W8,진로와상담,(0),이남연,-,(),0,10
424200,교필,KY410-W7,진로와상담,(0),신재우,-,(),0,10
424200,교필,KYC55-A4,글쓰기의기초,3,계광수,화(13:00~14:15)화(14:30~15:45),3412(),0,30
424200,교필,KYC55-A5,글쓰기의기초,3,신혜수,화(13:00~14:15)화(14:30~15:45),3503(),0,30
424200,교필,KYC55-B1,글쓰기의기초,3,서경희,화(16:00~17:15)화(17:30~18:45),3410(),0,30
424200,교필,KYC55-B2,글쓰기의기초,3,계광수,화(16:00~17:15)화(17:30~18:45),3412(),0,30
424200,교필,KYC55-B3,글쓰기의기초,3,신혜수,화(16:00~17:15)화(17:30~18:45),3503(),0,30
424200,교필,KYC55-B4,글쓰기의기초,3,유예원,화(16:00~17:15)화(17:30~18:45),20505(),0,30
424200,교필,KYC55-C1,글쓰기의기초,3,허난희,목(13:00~14:15)목(14:30~15:45),20505(),0,30
424200,교필,KYC55-C2,글쓰기의기초,3,서경희,목(13:00~14:15)목(14:30~15:45),3410(),0,30
424200,교필,KYC55-C3,글쓰기의기초,3,서영화,목(13:00~14:15)목(14:30~15:45),3412(),0,30
424200,교필,KYC55-C4,글쓰기의기초,3,한정미,목(13:00~14:15)목(14:30~15:45),8110(),0,30
424200,교필,KYC55-C5,글쓰기의기초,3,전지은,화(13:00~14:15)화(14:30~15:45),18211-1(),0,30
424200,교필,KYC55-D1,글쓰기의기초,3,한정미,목(16:00~17:15)목(17:30~18:45),8110(),0,30
424200,교필,KYC55-D2,글쓰기의기초,3,서영화,목(16:00~17:15)목(17:30~18:45),3412(),0,30
424200,교필,KYC55-D3,글쓰기의기초,3,전지은,화(16:00~17:15)화(17:30~18:45),18211-1(),0,30
424200,교필,KYC55-D4,글쓰기의기초,3,허난희,목(16:00~17:15)목(17:30~18:45),20505(),0,30
424200,교필,KYC55-E1,글쓰기의기초,3,송주현,금(09:30~10:45)금(11:00~12:15),20502(),0,30
424200,교필,KYC55-E2,글쓰기의기초,3,김소륜,금(09:30~10:45)금(11:00~12:15),3409(),0,30
424200,교필,KYC55-F1,글쓰기의기초,3,김소륜,금(13:00~14:15)금(14:30~15:45),3409(),0,30
424200,교필,KYC56-A4,컴퓨팅사고와SW코딩,3,최진,화(14:30~15:45),18309(),0,45
424200,교필,KYC56-B3,컴퓨팅사고와SW코딩,3,박종현,목(13:00~14:15),18308(),0,45
424200,교필,KY410-W2,진로와상담,(0),김경민,-,(),0,10
424200,교필,KY410-W3,진로와상담,(0),이건범,-,(),0,10
424200,교필,KY410-W4,진로와상담,(0),정의범,-,(),0,10
424200,교필,KY410-W5,진로와상담,(0),최지환,-,(),0,10
424200,교필,KY410-W6,진로와상담,(0),박규호,-,(),0,10
424200,계공,BA003-B,회계원리,3,최지환,화(16:00~17:15)화(17:30~18:45),3203(),0,30
424200,계공,BA003-A,회계원리,3,김병조,월(17:30~18:45)수(16:00~17:15),3423(),0,30
424200,계공,BA001-C,경영학원론,3,박규호,목(16:00~17:15)목(17:30~18:45),3203(),0,40
424200,계공,BA001-B,경영학원론,3,신재우,화(16:00~17:15)화(17:30~18:45),7305(),0,40
424200,계공,BA001-A,경영학원론,3,양영수,화(16:00~17:15)화(17:30~18:45),7105(),0,40
424200,계공,BA003-C,회계원리,3,김병조,월(16:00~17:15)수(17:30~18:45),3423(),0,30
424200,계공,BA006-A,비즈니스프로그래밍,3,이남연,화(16:00~17:15)화(17:30~18:45),7108(),0,40
424110,교필,KY201-A,채플,.5,"나현기,김광연,한경미",월(16:00~16:50),채플실(),0,550
424110,교필,KY410-L4,진로와상담,(0),이건범,-,(),0,30
424110,교필,KY410-L3,진로와상담,(0),김경민,-,(),0,30
424110,교필,KY410-L6,진로와상담,(0),최지환,-,(),0,30
424110,교필,KY410-L5,진로와상담,(0),유현미,-,(),0,20
424110,교필,KY410-L7,진로와상담,(0),정의범,-,(),0,30
424110,교필,KY410-L8,진로와상담,(0),박규호,-,(),0,30
424110,교필,KY921-U3,사회생활길잡이,1,유현미,수(17:30~18:20),8110(),0,15
424110,교필,KY921-U6,사회생활길잡이,1,박규호,수(16:00~16:50),8101(),0,15
424110,교필,KY921-U5,사회생활길잡이,1,정의범,월(17:30~18:20),18101(),0,15
424110,교필,KY921-U4,사회생활길잡이,1,최지환,수(16:00~16:50),18212-1(),0,15
424110,교필,KY921-U2,사회생활길잡이,1,이건범,월(17:30~18:20),8101(),0,15
424110,교필,KY921-U1,사회생활길잡이,1,김경민,수(16:00~16:50),8110(),0,15
424110,전필,EB111-B,마케팅관리론,3,유현미,화(11:00~12:15)목(09:30~10:45),18311(),0,40
424110,전필,EB111-A,마케팅관리론,3,유현미,화(09:30~10:45)목(11:00~12:15),18311(),0,40
424110,전필,EB311-B,생산관리,3,정의범,월(11:00~12:15)수(09:30~10:45),18311(),0,40
424110,전필,EB311-A,생산관리,3,정의범,월(09:30~10:45)수(11:00~12:15),18311(),0,40
424110,전필,EB412-A,졸업논문,(3),최지환,-,(),0,99
424110,전선,EB218-B,중급재무회계2,3,최지환,월(14:30~15:45)수(14:30~15:45),18418(),0,40
424110,전선,EB313-B,관리회계,3,김병조,화(11:00~12:15)목(09:30~10:45),3423(),0,40
424110,전선,EB313-A,관리회계,3,김병조,월(13:00~14:15)수(13:00~14:15),3308(),0,40
424110,전선,EB112-A,경영을위한경제학,3,이건범,화(13:00~14:15)목(13:00~14:15),18311(),0,50
424110,전선,EB218-A,중급재무회계2,3,최지환,월(13:00~14:15)수(13:00~14:15),18520(),0,40
424110,전선,EB202-A,리더십과조직문화,3,김경민,월(13:00~14:15)수(13:00~14:15),18311(),0,40
424110,전선,EB249-A,경영전산처리,3,염건,금(09:30~10:45)금(11:00~12:15),7108(),0,30
424110,전선,EB113-A,인공지능기반인적자원경영,3,김경민,월(14:30~15:45)수(14:30~15:45),18311(),0,40
424110,전선,EB335-A,투자론,3,이건범,화(14:30~15:45)목(14:30~15:45),18311(),0,50
424110,전선,EB388-A,AI기반비즈니스애널리틱스,3,정의범,-,(),0,40
424110,전선,EB322-A,혁신경영론,3,박규호,월(14:30~15:45)수(14:30~15:45),3203(),0,40
424110,전선,EB324-A,영업관리,3,손정현,금(09:30~10:45)금(11:00~12:15),18311(),0,30
424110,전선,EB318-A,중소기업경영론,3,손정현,금(13:00~14:15)금(14:30~15:45),18311(),0,30
424110,전선,EB478-A,OJT1,9,최지환,-,(),0,15
424110,전선,EB321-A,경영세미나2,3,홍원의,목(13:00~14:15)목(14:30~15:45),3201(),0,30
404030,교필,KY201-A,채플,.5,"나현기,김광연,한경미",월(16:00~16:50),채플실(),0,550
404030,교필,KY410-L3,진로와상담,(0),김경민,-,(),0,30
404030,교필,KY410-L8,진로와상담,(0),박규호,-,(),0,30
404030,교필,KY410-L7,진로와상담,(0),정의범,-,(),0,30
404030,교필,KY410-L6,진로와상담,(0),최지환,-,(),0,30
404030,교필,KY410-L5,진로와상담,(0),유현미,-,(),0,20
404030,교필,KY410-L4,진로와상담,(0),이건범,-,(),0,30
404030,교필,KY921-U1,사회생활길잡이,1,김경민,수(16:00~16:50),8110(),0,15
404030,교필,KY921-U6,사회생활길잡이,1,박규호,수(16:00~16:50),8101(),0,15
404030,교필,KY921-U5,사회생활길잡이,1,정의범,월(17:30~18:20),18101(),0,15
404030,교필,KY921-U4,사회생활길잡이,1,최지환,수(16:00~16:50),18212-1(),0,15
404030,교필,KY921-U3,사회생활길잡이,1,유현미,수(17:30~18:20),8110(),0,15
404030,교필,KY921-U2,사회생활길잡이,1,이건범,월(17:30~18:20),8101(),0,15
423160,교필,KY410-N5,진로와상담,(0),전창환,-,(),0,20
423160,교필,KY410-G6,진로와상담,(0),성락선,-,(),0,20
423160,교필,KY410-G7,진로와상담,(0),한재명,-,(),0,20
423160,교필,KY410-G8,진로와상담,(0),정재현,-,(),0,20
423160,교필,KY410-N6,진로와상담,(0),정희진,-,(),0,20
423160,교필,KY921-L3,사회생활길잡이,1,정재현,수(16:00~16:50),3408(),0,20
423160,교필,KY921-M3,사회생활길잡이,1,정희진,수(16:00~16:50),3506(),0,20
423160,교필,KY921-L1,사회생활길잡이,1,성락선,수(16:00~16:50),3411(),0,20
423160,교필,KY921-M2,사회생활길잡이,1,전창환,수(16:00~16:50),3407(),0,20
423160,교필,KY921-L2,사회생활길잡이,1,한재명,수(16:00~16:50),3505(),0,20
423160,전필,EI250-B,금융거시경제론,3,연제호,월(09:30~10:45)수(11:00~12:15),7104(),0,45
423160,전필,EF203-B,기초통계학,3,연제호,월(11:00~12:15)수(09:30~10:45),7104(),0,40
423160,전필,EF203-A,기초통계학,3,정재현,월(09:30~10:45)수(11:00~12:15),20404(),0,40
423160,전필,EI250-A,금융거시경제론,3,전창환,월(14:30~15:45)수(14:30~15:45),7104(),0,45
423160,전선,EE237-A,근대경제사,3,성락선,월(11:00~12:15)수(09:30~10:45),20301(),0,45
423160,전선,EI478-A,관세법,3,정희진,월(09:30~10:45)수(11:00~12:15),18212(),0,45
423160,전선,EE235-A,정치경제학,3,성락선,화(16:00~17:15)화(17:30~18:45),20301(),0,45
423160,전선,EI268-A,실용미시경제론,3,김진환,목(13:00~14:15)목(14:30~15:45),7104(),0,45
423160,전선,EE337-A,경제학설사,3,성락선,월(14:30~15:45)수(14:30~15:45),20301(),0,45
423160,전선,EI219-A,증권경제론,3,전창환,월(13:00~14:15)수(13:00~14:15),7104(),0,45
423160,전선,EE331-A,화폐금융론,3,최미호,월(16:00~17:15)수(17:30~18:45),20301(),0,45
423160,전선,EE443-A,노사관계와노동조합,3,정재현,월(13:00~14:15)수(13:00~14:15),20301(),0,45
423160,전선,EE382-A,조세경제학,3,한재명,화(11:00~12:15)목(09:30~10:45),20301(),0,45
423160,전선,EF303-A,응용계량경제학,3,한재명,화(14:30~15:45)목(14:30~15:45),3404(),0,45
423160,전선,EI472-A,사회보험론,3,김혜성,금(09:30~10:45)금(11:00~12:15),7104(),0,45
423160,전선,EI381-A,국제무역과결제,3,미정-신규,목(16:00~17:15)목(17:30~18:45),7104(),0,45
423160,전선,EI344-A,무역영어,3,정희진,화(13:00~14:15)목(13:00~14:15),20301(),0,45
423160,전선,EI344-B,무역영어,3,정희진,화(14:30~15:45)목(14:30~15:45),20301(),0,45
423160,전선,EE441-A,경제학특강,3,최미호,월(17:30~18:45)수(16:00~17:15),20301(),0,45
423160,전선,EE477-A,OJT1,9,한재명,-,(),0,10
423160,전선,EI409-A,OJT1,9,정희진,-,(),0,10
423300,교필,KYC55-A2,글쓰기의기초,3,김민환,화(16:00~17:15)화(17:30~18:45),3408(),0,30
423300,교필,KYC55-A3,글쓰기의기초,3,유예원,화(13:00~14:15)화(14:30~15:45),20505(),0,30
423300,교필,KYC55-A4,글쓰기의기초,3,계광수,화(13:00~14:15)화(14:30~15:45),3412(),0,30
423300,교필,KYC55-A5,글쓰기의기초,3,신혜수,화(13:00~14:15)화(14:30~15:45),3503(),0,30
423300,교필,KYC55-B1,글쓰기의기초,3,서경희,화(16:00~17:15)화(17:30~18:45),3410(),0,30
423300,교필,KYC55-B2,글쓰기의기초,3,계광수,화(16:00~17:15)화(17:30~18:45),3412(),0,30
423300,교필,KYC55-B3,글쓰기의기초,3,신혜수,화(16:00~17:15)화(17:30~18:45),3503(),0,30
423300,교필,KYC55-B4,글쓰기의기초,3,유예원,화(16:00~17:15)화(17:30~18:45),20505(),0,30
423300,교필,KYC55-C1,글쓰기의기초,3,허난희,목(13:00~14:15)목(14:30~15:45),20505(),0,30
423300,교필,KYC55-C2,글쓰기의기초,3,서경희,목(13:00~14:15)목(14:30~15:45),3410(),0,30
423300,교필,KYC55-C3,글쓰기의기초,3,서영화,목(13:00~14:15)목(14:30~15:45),3412(),0,30
423300,교필,KYC55-C4,글쓰기의기초,3,한정미,목(13:00~14:15)목(14:30~15:45),8110(),0,30
423300,교필,KYC55-C5,글쓰기의기초,3,전지은,화(13:00~14:15)화(14:30~15:45),18211-1(),0,30
423300,교필,KYC55-D1,글쓰기의기초,3,한정미,목(16:00~17:15)목(17:30~18:45),8110(),0,30
423300,교필,KYC55-D2,글쓰기의기초,3,서영화,목(16:00~17:15)목(17:30~18:45),3412(),0,30
423300,교필,KYC55-D3,글쓰기의기초,3,전지은,화(16:00~17:15)화(17:30~18:45),18211-1(),0,30
423300,교필,KYC55-D4,글쓰기의기초,3,허난희,목(16:00~17:15)목(17:30~18:45),20505(),0,30
423300,교필,KYC55-E1,글쓰기의기초,3,송주현,금(09:30~10:45)금(11:00~12:15),20502(),0,30
423300,교필,KYC55-E2,글쓰기의기초,3,김소륜,금(09:30~10:45)금(11:00~12:15),3409(),0,30
423300,교필,KYC55-F1,글쓰기의기초,3,김소륜,금(13:00~14:15)금(14:30~15:45),3409(),0,30
423300,교필,KYC56-A3,컴퓨팅사고와SW코딩,3,최진,화(13:00~14:15),18309(),0,45
423300,교필,KYC56-A7,컴퓨팅사고와SW코딩,3,김보경,목(11:00~12:15),18309(),0,45
423300,교필,KYC56-B1,컴퓨팅사고와SW코딩,3,박종현,수(14:30~15:45),18308(),0,45
423300,교필,KYC56-B7,컴퓨팅사고와SW코딩,3,선경희,월(11:00~12:15),18309(),0,45
423300,교필,KY410-S1,진로와상담,(0),이일영,-,(),0,15
423300,교필,KY410-S3,진로와상담,(0),주장환,-,(),0,15
423300,교필,KY410-S4,진로와상담,(0),황선미,-,(),0,15
423300,교필,KY410-T2,진로와상담,(0),전창환,-,(),0,20
423300,교필,KY410-T3,진로와상담,(0),정희진,-,(),0,20
423300,교필,KY410-T5,진로와상담,(0),정재현,-,(),0,20
423300,교필,KY410-T6,진로와상담,(0),성락선,-,(),0,20
423300,교필,KY410-T7,진로와상담,(0),한재명,-,(),0,20
423300,교필,KY410-V5,진로와상담,(0),이석민,-,(),0,22
423300,교필,KY410-V6,진로와상담,(0),노승철,-,(),0,22
423300,교필,KY410-V8,진로와상담,(0),조성대,-,(),0,15
423300,교필,KY410-V9,진로와상담,(0),박상남,-,(),0,15
423300,교필,KY201-B,채플,.5,"나현기,김광연,한경미",수(16:00~16:50),채플실(),0,550
423100,교필,KYC55-A2,글쓰기의기초,3,김민환,화(16:00~17:15)화(17:30~18:45),3408(),0,30
423100,교필,KYC55-A3,글쓰기의기초,3,유예원,화(13:00~14:15)화(14:30~15:45),20505(),0,30
423100,교필,KYC55-A4,글쓰기의기초,3,계광수,화(13:00~14:15)화(14:30~15:45),3412(),0,30
423100,교필,KYC55-A5,글쓰기의기초,3,신혜수,화(13:00~14:15)화(14:30~15:45),3503(),0,30
423100,교필,KYC55-B1,글쓰기의기초,3,서경희,화(16:00~17:15)화(17:30~18:45),3410(),0,30
423100,교필,KYC55-B2,글쓰기의기초,3,계광수,화(16:00~17:15)화(17:30~18:45),3412(),0,30
423100,교필,KYC55-B3,글쓰기의기초,3,신혜수,화(16:00~17:15)화(17:30~18:45),3503(),0,30
423100,교필,KYC55-B4,글쓰기의기초,3,유예원,화(16:00~17:15)화(17:30~18:45),20505(),0,30
423100,교필,KYC55-C1,글쓰기의기초,3,허난희,목(13:00~14:15)목(14:30~15:45),20505(),0,30
423100,교필,KYC55-C2,글쓰기의기초,3,서경희,목(13:00~14:15)목(14:30~15:45),3410(),0,30
423100,교필,KYC55-C3,글쓰기의기초,3,서영화,목(13:00~14:15)목(14:30~15:45),3412(),0,30
423100,교필,KYC55-C4,글쓰기의기초,3,한정미,목(13:00~14:15)목(14:30~15:45),8110(),0,30
423100,교필,KYC55-C5,글쓰기의기초,3,전지은,화(13:00~14:15)화(14:30~15:45),18211-1(),0,30
423100,교필,KYC55-D1,글쓰기의기초,3,한정미,목(16:00~17:15)목(17:30~18:45),8110(),0,30
423100,교필,KYC55-D2,글쓰기의기초,3,서영화,목(16:00~17:15)목(17:30~18:45),3412(),0,30
423100,교필,KYC55-D3,글쓰기의기초,3,전지은,화(16:00~17:15)화(17:30~18:45),18211-1(),0,30
423100,교필,KYC55-D4,글쓰기의기초,3,허난희,목(16:00~17:15)목(17:30~18:45),20505(),0,30
423100,교필,KYC55-E1,글쓰기의기초,3,송주현,금(09:30~10:45)금(11:00~12:15),20502(),0,30
423100,교필,KYC55-E2,글쓰기의기초,3,김소륜,금(09:30~10:45)금(11:00~12:15),3409(),0,30
423100,교필,KYC55-F1,글쓰기의기초,3,김소륜,금(13:00~14:15)금(14:30~15:45),3409(),0,30
423100,교필,KYC56-A3,컴퓨팅사고와SW코딩,3,최진,화(13:00~14:15),18309(),0,45
423100,교필,KYC56-A7,컴퓨팅사고와SW코딩,3,김보경,목(11:00~12:15),18309(),0,45
423100,교필,KYC56-B1,컴퓨팅사고와SW코딩,3,박종현,수(14:30~15:45),18308(),0,45
423100,교필,KYC56-B7,컴퓨팅사고와SW코딩,3,선경희,월(11:00~12:15),18309(),0,45
423100,교필,KY410-S1,진로와상담,(0),이일영,-,(),0,15
423100,교필,KY410-S3,진로와상담,(0),주장환,-,(),0,15
423100,교필,KY410-S4,진로와상담,(0),황선미,-,(),0,15
423100,교필,KY410-T2,진로와상담,(0),전창환,-,(),0,20
423100,교필,KY410-T3,진로와상담,(0),정희진,-,(),0,20
423100,교필,KY410-T5,진로와상담,(0),정재현,-,(),0,20
423100,교필,KY410-T6,진로와상담,(0),성락선,-,(),0,20
423100,교필,KY410-T7,진로와상담,(0),한재명,-,(),0,20
423100,교필,KY410-V5,진로와상담,(0),이석민,-,(),0,22
423100,교필,KY410-V6,진로와상담,(0),노승철,-,(),0,22
423100,교필,KY410-V8,진로와상담,(0),조성대,-,(),0,15
423100,교필,KY410-V9,진로와상담,(0),박상남,-,(),0,15
423100,교필,KY201-B,채플,.5,"나현기,김광연,한경미",수(16:00~16:50),채플실(),0,550
423140,교필,KY201-B,채플,.5,"나현기,김광연,한경미",수(16:00~16:50),채플실(),0,550
423140,교필,KY410-G7,진로와상담,(0),한재명,-,(),0,20
423140,교필,KY410-G6,진로와상담,(0),성락선,-,(),0,20
423140,교필,KY410-G8,진로와상담,(0),정재현,-,(),0,20
423140,교필,KY921-L3,사회생활길잡이,1,정재현,수(16:00~16:50),3408(),0,20
423140,교필,KY921-L1,사회생활길잡이,1,성락선,수(16:00~16:50),3411(),0,20
423140,교필,KY921-L2,사회생활길잡이,1,한재명,수(16:00~16:50),3505(),0,20
423140,전필,EF203-A,기초통계학,3,정재현,월(09:30~10:45)수(11:00~12:15),20404(),0,40
423140,전필,EF203-B,기초통계학,3,연제호,월(11:00~12:15)수(09:30~10:45),7104(),0,40
423140,전필,EE411-A,졸업논문,(3),한재명,-,(),0,45
423140,전선,EE237-A,근대경제사,3,성락선,월(11:00~12:15)수(09:30~10:45),20301(),0,45
423140,전선,EE235-A,정치경제학,3,성락선,화(16:00~17:15)화(17:30~18:45),20301(),0,45
423140,전선,EE331-A,화폐금융론,3,최미호,월(16:00~17:15)수(17:30~18:45),20301(),0,45
423140,전선,EF303-A,응용계량경제학,3,한재명,화(14:30~15:45)목(14:30~15:45),3404(),0,45
423140,전선,EE337-A,경제학설사,3,성락선,월(14:30~15:45)수(14:30~15:45),20301(),0,45
423140,전선,EE382-A,조세경제학,3,한재명,화(11:00~12:15)목(09:30~10:45),20301(),0,45
423140,전선,EE443-A,노사관계와노동조합,3,정재현,월(13:00~14:15)수(13:00~14:15),20301(),0,45
423140,전선,EE441-A,경제학특강,3,최미호,월(17:30~18:45)수(16:00~17:15),20301(),0,45
423140,전선,EE477-A,OJT1,9,한재명,-,(),0,10
404010,교필,KY201-B,채플,.5,"나현기,김광연,한경미",수(16:00~16:50),채플실(),0,550
404010,교필,KY410-G6,진로와상담,(0),성락선,-,(),0,20
404010,교필,KY410-G8,진로와상담,(0),정재현,-,(),0,20
404010,교필,KY410-G7,진로와상담,(0),한재명,-,(),0,20
404010,교필,KY921-L1,사회생활길잡이,1,성락선,수(16:00~16:50),3411(),0,20
404010,교필,KY921-L3,사회생활길잡이,1,정재현,수(16:00~16:50),3408(),0,20
404010,교필,KY921-L2,사회생활길잡이,1,한재명,수(16:00~16:50),3505(),0,20
423220,교필,KY201-B,채플,.5,"나현기,김광연,한경미",수(16:00~16:50),채플실(),0,550
423220,교필,KY410-V3,진로와상담,(0),노승철,-,(),0,50
423220,교필,KY410-V1,진로와상담,(0),이석민,-,(),0,50
423220,교필,KY921-K8,사회생활길잡이,1,노승철,월(16:00~16:50),20507(),0,30
423220,교필,KY921-K6,사회생활길잡이,1,이석민,수(16:00~16:50),20505(),0,30
423220,전필,PS201-A,조사연구방법론,3,박미영,화(13:00~14:15)화(14:30~15:45),20404(),0,40
423220,전필,PSA01-A,졸업논문,(3),노승철,-,(),0,30
423220,전필,PSB01-A,졸업논문,(3),노승철,-,(),0,50
423220,전선,PS232-A,AI데이터개발과MLOps,3,이석민,-,(),0,15
423220,전선,PS228-A,재무행정론,3,미정-신규,-,(),0,50
423220,전선,PS230-A,사회과학데이터분석기초,3,노승철,목(13:00~14:15)목(14:30~15:45),20404(),0,40
423220,전선,PS415-A,GIS를이용한공간정보분석,3,노승철,화(11:00~12:15)목(09:30~10:45),20404(),0,40
423220,전선,PS224-A,딥러닝기초,3,이석민,화(13:00~14:15)화(14:30~15:45),20507(),0,30
423220,전선,PS408-A,데이터기반정책관리,3,노승철,화(09:30~10:45)목(11:00~12:15),20404(),0,40
423220,전선,PS401-A,공기업론,3,이석민,월(13:00~14:15)수(13:00~14:15),8101(),0,30
423220,전선,PS108-A,행정법,3,강현,화(16:00~17:15)화(17:30~18:45),20507(),0,35
423220,전선,PS216-A,공공인사관리,3,미정-신규,-,(),0,50
423220,전선,PS323-A,소셜미디어빅데이터분석,3,노승철,월(11:00~12:15)수(09:30~10:45),20404(),0,40
423220,전선,PS324-A,정책분석과평가방법,3,이석민,월(14:30~15:45)수(14:30~15:45),8101(),0,30
423220,전선,PS111-A,조직진단사례연습,3,미정-신규,-,(),0,40
423220,전선,PS319-A,딥러닝영상데이터분석,3,이석민,-,(),0,15
423220,전선,PS421-A,OJT1,9,노승철,-,(),0,20
418010,교필,KY201-B,채플,.5,"나현기,김광연,한경미",수(16:00~16:50),채플실(),0,550
418010,교필,KY410-V1,진로와상담,(0),이석민,-,(),0,50
418010,교필,KY410-V3,진로와상담,(0),노승철,-,(),0,50
418010,교필,KY921-K6,사회생활길잡이,1,이석민,수(16:00~16:50),20505(),0,30
418010,교필,KY921-K8,사회생활길잡이,1,노승철,월(16:00~16:50),20507(),0,30
406120,전필,PE419-A,졸업논문,(3),노승철,-,(),0,30
403041,교필,KY201-A,채플,.5,"나현기,김광연,한경미",월(16:00~16:50),채플실(),0,550
403041,교필,KY410-I1,진로와상담,(0),문철수,-,(),0,24
403041,교필,KY410-I7,진로와상담,(0),정휘관,-,(),0,24
403041,교필,KY410-I6,진로와상담,(0),김민철,-,(),0,24
403041,교필,KY410-I5,진로와상담,(0),박혜영,-,(),0,24
403041,교필,KY410-I4,진로와상담,(0),이성미,-,(),0,24
403041,교필,KY410-I2,진로와상담,(0),지원배,-,(),0,24
403041,교필,KY921-N1,사회생활길잡이,1,문철수,수(16:00~16:50),18102(),0,20
403041,교필,KY921-N7,사회생활길잡이,1,정휘관,수(16:00~16:50),18106(),0,20
403041,교필,KY921-N6,사회생활길잡이,1,김민철,수(16:00~16:50),18211-1(),0,20
403041,교필,KY921-N5,사회생활길잡이,1,박혜영,수(16:00~16:50),18420-1(),0,20
403041,교필,KY921-N4,사회생활길잡이,1,이성미,수(16:00~16:50),18101(),0,20
403041,교필,KY921-N2,사회생활길잡이,1,지원배,수(16:00~16:50),18103(),0,20
402070,교필,KY101-B,채플,.5,"나현기,김광연,한경미",수(14:30~15:20),채플실(),0,550
402070,교필,KY410-C4,진로와상담,(0),이영남,-,(),0,20
402070,교필,KY410-C1,진로와상담,(0),정무용,-,(),0,20
402070,교필,KY410-C2,진로와상담,(0),이형원,-,(),0,20
402070,교필,KY410-C3,진로와상담,(0),정해득,-,(),0,20
402070,교필,KY921-G2,사회생활길잡이,1,이형원,월(18:50~19:40),3409(),0,25
402070,교필,KY921-G3,사회생활길잡이,1,정해득,월(18:50~19:40),3412(),0,25
402070,교필,KY921-G4,사회생활길잡이,1,이영남,화(18:50~19:40),3408(),0,25
402070,교필,KY921-G1,사회생활길잡이,1,정무용,월(18:50~19:40),3204(),0,25
402010,교필,KY101-B,채플,.5,"나현기,김광연,한경미",수(14:30~15:20),채플실(),0,550
402010,교필,KY410-B3,진로와상담,(0),강소영,-,(),0,50
402010,교필,KY410-B1,진로와상담,(0),김지혜,-,(),0,50
402010,교필,KY410-B2,진로와상담,(0),유형동,-,(),0,50
402010,교필,KY921-C2,사회생활길잡이,1,유형동,월(16:00~16:50),20502(),0,30
402010,교필,KY921-C3,사회생활길잡이,1,강소영,월(16:00~16:50),3408(),0,30
402010,교필,KY921-C1,사회생활길잡이,1,김지혜,월(16:00~16:50),3410(),0,30
423130,교필,KY201-B,채플,.5,"나현기,김광연,한경미",수(16:00~16:50),채플실(),0,550
423130,교필,KY410-N5,진로와상담,(0),전창환,-,(),0,20
423130,교필,KY410-N6,진로와상담,(0),정희진,-,(),0,20
423130,교필,KY921-M3,사회생활길잡이,1,정희진,수(16:00~16:50),3506(),0,20
423130,교필,KY921-M2,사회생활길잡이,1,전창환,수(16:00~16:50),3407(),0,20
423130,전필,EI250-A,금융거시경제론,3,전창환,월(14:30~15:45)수(14:30~15:45),7104(),0,45
423130,전필,EF203-B,기초통계학,3,연제호,월(11:00~12:15)수(09:30~10:45),7104(),0,40
423130,전필,EF203-A,기초통계학,3,정재현,월(09:30~10:45)수(11:00~12:15),20404(),0,40
423130,전필,EI250-B,금융거시경제론,3,연제호,월(09:30~10:45)수(11:00~12:15),7104(),0,45
423130,전필,EI411-A,졸업논문,(3),정희진,-,(),0,45
423130,전선,EI268-A,실용미시경제론,3,김진환,목(13:00~14:15)목(14:30~15:45),7104(),0,45
423130,전선,EI478-A,관세법,3,정희진,월(09:30~10:45)수(11:00~12:15),18212(),0,45
423130,전선,EF303-A,응용계량경제학,3,한재명,화(14:30~15:45)목(14:30~15:45),3404(),0,45
423130,전선,EI219-A,증권경제론,3,전창환,월(13:00~14:15)수(13:00~14:15),7104(),0,45
423130,전선,EI381-A,국제무역과결제,3,미정-신규,목(16:00~17:15)목(17:30~18:45),7104(),0,45
423130,전선,EI472-A,사회보험론,3,김혜성,금(09:30~10:45)금(11:00~12:15),7104(),0,45
423130,전선,EI344-B,무역영어,3,정희진,화(14:30~15:45)목(14:30~15:45),20301(),0,45
423130,전선,EI344-A,무역영어,3,정희진,화(13:00~14:15)목(13:00~14:15),20301(),0,45
423130,전선,EI409-A,OJT1,9,정희진,-,(),0,10
404020,교필,KY201-B,채플,.5,"나현기,김광연,한경미",수(16:00~16:50),채플실(),0,550
404020,교필,KY410-N5,진로와상담,(0),전창환,-,(),0,20
404020,교필,KY410-N6,진로와상담,(0),정희진,-,(),0,20
404020,교필,KY921-M2,사회생활길잡이,1,전창환,수(16:00~16:50),3407(),0,20
404020,교필,KY921-M3,사회생활길잡이,1,정희진,수(16:00~16:50),3506(),0,20
423170,교필,KY201-B,채플,.5,"나현기,김광연,한경미",수(16:00~16:50),채플실(),0,550
423170,교필,KY410-G5,진로와상담,(0),박상남,-,(),0,25
423170,교필,KY410-G3,진로와상담,(0),조성대,-,(),0,25
423170,교필,KY410-G2,진로와상담,(0),백준기,-,(),0,25
423170,교필,KY921-K5,사회생활길잡이,1,박상남,수(18:50~19:40),3506(),0,35
423170,교필,KY921-K3,사회생활길잡이,1,조성대,수(16:00~16:50),3412(),0,35
423170,교필,KY921-K2,사회생활길잡이,1,백준기,화(16:00~16:50),3411(),0,35
423170,전필,HI432-A,동서양사유의비교,3,박상남,목(13:00~14:15)목(14:30~15:45),20306(),0,30
423170,전필,HI419-A,졸업논문,(3),박상남,-,(),0,50
423170,전필,SP419-A,졸업논문,(3),박상남,-,(),0,30
423170,전선,HI443-A,미국정치와사회,3,이유철,금(13:00~14:15)금(14:30~15:45),20507(),0,30
423170,전선,HI119-A,글로벌사회의이해,3,백준기,화(09:30~10:45)목(11:00~12:15),20306(),0,30
423170,전선,HI258-A,제국론,3,백준기,화(13:00~14:15)목(13:00~14:15),3505(),0,30
423170,전선,HI371-A,국제기구와국제관계,3,미정-신규,월(14:30~15:45)수(14:30~15:45),3201(),0,30
423170,전선,HI442-A,민주주의이론과현실,3,조성대,월(11:00~12:15)수(09:30~10:45),20306(),0,30
423170,전선,HI453-A,국제금융의이해,3,미정-신규,목(16:00~17:15)목(17:30~18:45),3406(),0,30
423170,전선,HI369-A,전공논문과글쓰기,3,박상남,월(16:00~17:15)수(17:30~18:45),20306(),0,30
423170,전선,HI437-A,정치심리학,3,박상남,화(13:00~14:15)화(14:30~15:45),20306(),0,30
423170,전선,HI262-A,유라시아지역연구,3,노태경,목(13:00~14:15)목(14:30~15:45),3405(),0,30
423170,전선,HI429-A,국제정치와경제학,3,이유철,금(16:00~17:15)금(17:30~18:45),20507(),0,30
423170,전선,HI435-A,미국사회와인권법,3,조성대,월(09:30~10:45)수(11:00~12:15),20306(),0,30
423170,전선,HI448-A,한반도통합문제세미나,3,홍용덕,화(16:00~17:15)화(17:30~18:45),20306(),0,30
423170,전선,HI431-A,한국정치와리더십연구,3,최지나,금(13:00~14:15)금(14:30~15:45),20306(),0,30
418021,전선,HI312-A,동아시아국제관계론,3,홍용덕,목(16:00~17:15)목(17:30~18:45),3405(),0,30
418021,전선,HI398-A,글로벌이슈분석,3,미정-신규,월(13:00~14:15)수(13:00~14:15),3201(),0,30
403950,교필,KY201-B,채플,.5,"나현기,김광연,한경미",수(16:00~16:50),채플실(),0,550
403950,교필,KY410-G2,진로와상담,(0),백준기,-,(),0,25
403950,교필,KY410-G5,진로와상담,(0),박상남,-,(),0,25
403950,교필,KY410-G3,진로와상담,(0),조성대,-,(),0,25
403950,교필,KY921-K2,사회생활길잡이,1,백준기,화(16:00~16:50),3411(),0,35
403950,교필,KY921-K5,사회생활길잡이,1,박상남,수(18:50~19:40),3506(),0,35
403950,교필,KY921-K3,사회생활길잡이,1,조성대,수(16:00~16:50),3412(),0,35
423200,교필,KYC55-A2,글쓰기의기초,3,김민환,화(16:00~17:15)화(17:30~18:45),3408(),0,30
423200,교필,KYC55-A3,글쓰기의기초,3,유예원,화(13:00~14:15)화(14:30~15:45),20505(),0,30
423200,교필,KYC55-A4,글쓰기의기초,3,계광수,화(13:00~14:15)화(14:30~15:45),3412(),0,30
423200,교필,KYC55-A5,글쓰기의기초,3,신혜수,화(13:00~14:15)화(14:30~15:45),3503(),0,30
423200,교필,KYC55-B1,글쓰기의기초,3,서경희,화(16:00~17:15)화(17:30~18:45),3410(),0,30
423200,교필,KYC55-B2,글쓰기의기초,3,계광수,화(16:00~17:15)화(17:30~18:45),3412(),0,30
423200,교필,KYC55-B3,글쓰기의기초,3,신혜수,화(16:00~17:15)화(17:30~18:45),3503(),0,30
423200,교필,KYC55-B4,글쓰기의기초,3,유예원,화(16:00~17:15)화(17:30~18:45),20505(),0,30
423200,교필,KYC55-C1,글쓰기의기초,3,허난희,목(13:00~14:15)목(14:30~15:45),20505(),0,30
423200,교필,KYC55-C2,글쓰기의기초,3,서경희,목(13:00~14:15)목(14:30~15:45),3410(),0,30
423200,교필,KYC55-C3,글쓰기의기초,3,서영화,목(13:00~14:15)목(14:30~15:45),3412(),0,30
423200,교필,KYC55-C4,글쓰기의기초,3,한정미,목(13:00~14:15)목(14:30~15:45),8110(),0,30
423200,교필,KYC55-C5,글쓰기의기초,3,전지은,화(13:00~14:15)화(14:30~15:45),18211-1(),0,30
423200,교필,KYC55-D1,글쓰기의기초,3,한정미,목(16:00~17:15)목(17:30~18:45),8110(),0,30
423200,교필,KYC55-D2,글쓰기의기초,3,서영화,목(16:00~17:15)목(17:30~18:45),3412(),0,30
423200,교필,KYC55-D3,글쓰기의기초,3,전지은,화(16:00~17:15)화(17:30~18:45),18211-1(),0,30
423200,교필,KYC55-D4,글쓰기의기초,3,허난희,목(16:00~17:15)목(17:30~18:45),20505(),0,30
423200,교필,KYC55-E1,글쓰기의기초,3,송주현,금(09:30~10:45)금(11:00~12:15),20502(),0,30
423200,교필,KYC55-E2,글쓰기의기초,3,김소륜,금(09:30~10:45)금(11:00~12:15),3409(),0,30
423200,교필,KYC55-F1,글쓰기의기초,3,김소륜,금(13:00~14:15)금(14:30~15:45),3409(),0,30
423200,교필,KYC56-A3,컴퓨팅사고와SW코딩,3,최진,화(13:00~14:15),18309(),0,45
423200,교필,KYC56-A7,컴퓨팅사고와SW코딩,3,김보경,목(11:00~12:15),18309(),0,45
423200,교필,KYC56-B1,컴퓨팅사고와SW코딩,3,박종현,수(14:30~15:45),18308(),0,45
423200,교필,KYC56-B7,컴퓨팅사고와SW코딩,3,선경희,월(11:00~12:15),18309(),0,45
423200,교필,KY410-S1,진로와상담,(0),이일영,-,(),0,15
423200,교필,KY410-S3,진로와상담,(0),주장환,-,(),0,15
423200,교필,KY410-S4,진로와상담,(0),황선미,-,(),0,15
423200,교필,KY410-T2,진로와상담,(0),전창환,-,(),0,20
423200,교필,KY410-T3,진로와상담,(0),정희진,-,(),0,20
423200,교필,KY410-T5,진로와상담,(0),정재현,-,(),0,20
423200,교필,KY410-T6,진로와상담,(0),성락선,-,(),0,20
423200,교필,KY410-T7,진로와상담,(0),한재명,-,(),0,20
423200,교필,KY410-V5,진로와상담,(0),이석민,-,(),0,22
423200,교필,KY410-V6,진로와상담,(0),노승철,-,(),0,22
423200,교필,KY410-V8,진로와상담,(0),조성대,-,(),0,15
423200,교필,KY410-V9,진로와상담,(0),박상남,-,(),0,15
423200,교필,KY201-B,채플,.5,"나현기,김광연,한경미",수(16:00~16:50),채플실(),0,550
424130,교필,KY201-A,채플,.5,"나현기,김광연,한경미",월(16:00~16:50),채플실(),0,550
424130,교필,KY410-L9,진로와상담,(0),유한나,-,(),0,40
424130,교필,KY410-L2,진로와상담,(0),양영수,-,(),0,40
424130,교필,KY410-L1,진로와상담,(0),장종익,-,(),0,40
424130,교필,KY921-W1,사회생활길잡이,1,장종익,월(17:30~18:20),3201(),0,26
424130,교필,KY921-W3,사회생활길잡이,1,유한나,월(17:30~18:20),3204(),0,30
424130,교필,KY921-W2,사회생활길잡이,1,양영수,월(17:30~18:20),3203(),0,30
424130,전필,EK204-A,국제무역통상개론,3,미정-신규,목(13:00~14:15)목(14:30~15:45),3506(),0,50
424130,전필,EJ205-A,사회적기업비즈니스모델,3,유한나,월(16:00~17:15)수(17:30~18:45),7105(),0,50
424130,전필,EJ204-A,사회적경제경영입문,3,장종익,화(11:00~12:15)목(09:30~10:45),7105(),0,30
424130,전필,EJ419-A,졸업논문,(3),장종익,-,(),0,30
424130,전필,EJ419-B,졸업논문,(3),유한나,-,(),0,30
424130,전필,EK419-B,졸업논문,(3),유한나,-,(),0,30
424130,전필,EK419-A,졸업논문,(3),양영수,-,(),0,30
424130,전선,EK301-A,전략경영,3,박규호,화(16:00~17:15)화(17:30~18:45),3201(),0,40
424130,전선,EK303-A,재무관리,3,이건범,금(09:30~10:45)금(11:00~12:15),7105(),0,50
424130,전선,EH106-A,글로벌비즈니스거시경제론,3,장종익,화(13:00~14:15)목(13:00~14:15),7105(),0,50
424130,전선,EK348-A,아시아기업론,3,고기영,월(14:30~15:45)수(14:30~15:45),7105(),0,30
424130,전선,EK306-A,글로벌마케팅론,3,양영수,수(11:00~12:15),7105(),0,30
424130,전선,EJ357-A,지속가능경영과ESG전략,3,유한나,월(17:30~18:45)수(16:00~17:15),7105(),0,50
424130,전선,EK350-A,글로벌경영사례연구,3,양영수,월(13:00~14:15)수(13:00~14:15),7105(),0,30
424130,전선,EH420-A,OJT1,9,유한나,-,(),0,20
403960,교필,KY201-A,채플,.5,"나현기,김광연,한경미",월(16:00~16:50),채플실(),0,550
403960,교필,KY410-L1,진로와상담,(0),장종익,-,(),0,40
403960,교필,KY410-L9,진로와상담,(0),유한나,-,(),0,40
403960,교필,KY410-L2,진로와상담,(0),양영수,-,(),0,40
403960,교필,KY921-W1,사회생활길잡이,1,장종익,월(17:30~18:20),3201(),0,26
403960,교필,KY921-W3,사회생활길잡이,1,유한나,월(17:30~18:20),3204(),0,30
403960,교필,KY921-W2,사회생활길잡이,1,양영수,월(17:30~18:20),3203(),0,30
423400,교필,KYC55-A2,글쓰기의기초,3,김민환,화(16:00~17:15)화(17:30~18:45),3408(),0,30
423400,교필,KYC55-A3,글쓰기의기초,3,유예원,화(13:00~14:15)화(14:30~15:45),20505(),0,30
423400,교필,KY410-V9,진로와상담,(0),박상남,-,(),0,15
423400,교필,KY410-V8,진로와상담,(0),조성대,-,(),0,15
423400,교필,KY410-V6,진로와상담,(0),노승철,-,(),0,22
423400,교필,KY410-V5,진로와상담,(0),이석민,-,(),0,22
423400,교필,KY410-T7,진로와상담,(0),한재명,-,(),0,20
423400,교필,KY410-T6,진로와상담,(0),성락선,-,(),0,20
423400,교필,KY410-T5,진로와상담,(0),정재현,-,(),0,20
423400,교필,KY410-T3,진로와상담,(0),정희진,-,(),0,20
423400,교필,KYC55-A4,글쓰기의기초,3,계광수,화(13:00~14:15)화(14:30~15:45),3412(),0,30
423400,교필,KYC55-A5,글쓰기의기초,3,신혜수,화(13:00~14:15)화(14:30~15:45),3503(),0,30
423400,교필,KYC55-B1,글쓰기의기초,3,서경희,화(16:00~17:15)화(17:30~18:45),3410(),0,30
423400,교필,KYC55-B2,글쓰기의기초,3,계광수,화(16:00~17:15)화(17:30~18:45),3412(),0,30
423400,교필,KYC55-B3,글쓰기의기초,3,신혜수,화(16:00~17:15)화(17:30~18:45),3503(),0,30
423400,교필,KYC55-B4,글쓰기의기초,3,유예원,화(16:00~17:15)화(17:30~18:45),20505(),0,30
423400,교필,KYC55-C1,글쓰기의기초,3,허난희,목(13:00~14:15)목(14:30~15:45),20505(),0,30
423400,교필,KYC55-C2,글쓰기의기초,3,서경희,목(13:00~14:15)목(14:30~15:45),3410(),0,30
423400,교필,KYC55-C3,글쓰기의기초,3,서영화,목(13:00~14:15)목(14:30~15:45),3412(),0,30
423400,교필,KYC55-C4,글쓰기의기초,3,한정미,목(13:00~14:15)목(14:30~15:45),8110(),0,30
423400,교필,KYC55-C5,글쓰기의기초,3,전지은,화(13:00~14:15)화(14:30~15:45),18211-1(),0,30
423400,교필,KYC55-D1,글쓰기의기초,3,한정미,목(16:00~17:15)목(17:30~18:45),8110(),0,30
423400,교필,KYC55-D2,글쓰기의기초,3,서영화,목(16:00~17:15)목(17:30~18:45),3412(),0,30
423400,교필,KYC55-D3,글쓰기의기초,3,전지은,화(16:00~17:15)화(17:30~18:45),18211-1(),0,30
423400,교필,KYC55-D4,글쓰기의기초,3,허난희,목(16:00~17:15)목(17:30~18:45),20505(),0,30
423400,교필,KYC55-E1,글쓰기의기초,3,송주현,금(09:30~10:45)금(11:00~12:15),20502(),0,30
423400,교필,KYC55-E2,글쓰기의기초,3,김소륜,금(09:30~10:45)금(11:00~12:15),3409(),0,30
423400,교필,KYC55-F1,글쓰기의기초,3,김소륜,금(13:00~14:15)금(14:30~15:45),3409(),0,30
423400,교필,KYC56-A3,컴퓨팅사고와SW코딩,3,최진,화(13:00~14:15),18309(),0,45
423400,교필,KYC56-A7,컴퓨팅사고와SW코딩,3,김보경,목(11:00~12:15),18309(),0,45
423400,교필,KYC56-B1,컴퓨팅사고와SW코딩,3,박종현,수(14:30~15:45),18308(),0,45
423400,교필,KYC56-B7,컴퓨팅사고와SW코딩,3,선경희,월(11:00~12:15),18309(),0,45
423400,교필,KY410-S1,진로와상담,(0),이일영,-,(),0,15
423400,교필,KY410-S3,진로와상담,(0),주장환,-,(),0,15
423400,교필,KY410-S4,진로와상담,(0),황선미,-,(),0,15
423400,교필,KY410-T2,진로와상담,(0),전창환,-,(),0,20
423400,교필,KY201-B,채플,.5,"나현기,김광연,한경미",수(16:00~16:50),채플실(),0,550
423400,계공,EN011-B,기초중국어Ⅱ,3,"유은하,황선미",월(16:00~17:15)수(17:30~18:45),20308(),0,30
423400,계공,EN011-A,기초중국어Ⅱ,3,"유은하,황선미",월(16:00~17:15)수(17:30~18:45),20501(),0,30
423400,계공,EN008-B,글로벌경제입문,3,정재현,화(16:00~17:15)화(17:30~18:45),18106(),0,45
423400,계공,EN012-A,동아시아통상학입문,3,주장환,화(16:00~17:15)화(17:30~18:45),20501(),0,50
423400,계공,GH002-B,정치학입문,3,조성대,월(13:00~14:15)수(13:00~14:15),20306(),0,45
423400,계공,GH002-A,정치학입문,3,조성대,목(16:00~17:15)목(17:30~18:45),20306(),0,45
423400,계공,GH006-A,공공빅데이터분석입문,3,노승철,화(16:00~17:15)화(17:30~18:45),20404(),0,40
423400,계공,EN008-A,글로벌경제입문,3,정희진,월(16:00~17:15)수(17:30~18:45),18212(),0,45
423000,교필,KY201-B,채플,.5,"나현기,김광연,한경미",수(16:00~16:50),채플실(),0,550
423210,교필,KY201-B,채플,.5,"나현기,김광연,한경미",수(16:00~16:50),채플실(),0,550
423210,교필,KY410-G2,진로와상담,(0),백준기,-,(),0,25
423210,교필,KY410-G5,진로와상담,(0),박상남,-,(),0,25
423210,교필,KY410-G3,진로와상담,(0),조성대,-,(),0,25
423210,교필,KY921-K2,사회생활길잡이,1,백준기,화(16:00~16:50),3411(),0,35
423210,교필,KY921-K5,사회생활길잡이,1,박상남,수(18:50~19:40),3506(),0,35
423210,교필,KY921-K3,사회생활길잡이,1,조성대,수(16:00~16:50),3412(),0,35
418020,교필,KY201-B,채플,.5,"나현기,김광연,한경미",수(16:00~16:50),채플실(),0,550
418020,교필,KY410-G2,진로와상담,(0),백준기,-,(),0,25
418020,교필,KY410-G5,진로와상담,(0),박상남,-,(),0,25
418020,교필,KY410-G3,진로와상담,(0),조성대,-,(),0,25
418020,교필,KY921-K2,사회생활길잡이,1,백준기,화(16:00~16:50),3411(),0,35
418020,교필,KY921-K5,사회생활길잡이,1,박상남,수(18:50~19:40),3506(),0,35
418020,교필,KY921-K3,사회생활길잡이,1,조성대,수(16:00~16:50),3412(),0,35
427170,교필,KY101-A,채플,.5,"나현기,김광연,한경미",월(14:30~15:20),채플실(),0,550
427170,교필,KY410-O1,진로와상담,(0),정재웅,-,(),0,45
427170,교필,KY410-O2,진로와상담,(0),윤성식,-,(),0,40
427170,전필,NM450-A,졸업논문,(3),정재웅,-,(),0,50
427170,전선,NM235-A,고등미적분학,3,엄원미,화(09:30~10:45)목(11:00~12:15),7315(),0,50
427170,전선,NM217-A,금융공학2,3,홍경표,월(11:00~12:15)수(09:30~10:45),7315(),0,50
427170,전선,NM138-A,금융기초수학2,3,홍경표,월(09:30~10:45)수(11:00~12:15),7315(),0,50
427170,전선,NM218-A,글로벌금융이슈,3,정재웅,금(14:30~15:45),7315(),0,50
427170,전선,NM222-A,금융프로그래밍,3,윤성식,월(16:00~17:15)수(17:30~18:45),18308(),0,50
427170,전선,NM322-A,C언어Ⅱ,3,윤성식,월(17:30~18:45)수(16:00~17:15),18308(),0,50
427170,전선,NM218-B,글로벌금융이슈,3,정재웅,-,(),0,90
427170,전선,NM392-A,채권론,3,정재웅,금(16:00~17:15)금(17:30~18:45),7315(),0,50
427170,전선,NM318-A,편미분방정식,3,엄원미,화(11:00~12:15)목(09:30~10:45),7315(),0,50
427170,전선,NM439-B,파생상품이론2,3,정재웅,-,(),0,90
427170,전선,NM451-A,금융수치해석기법,3,윤성식,화(16:00~17:15)화(17:30~18:45),18308(),0,50
427170,전선,NM439-A,파생상품이론2,3,정재웅,금(13:00~14:15),7315(),0,50
401021,교필,KY100-A,채플,(1),"나현기,김광연,한경미",월(17:30~18:20)수(16:00~16:50),4105(),0,200
401021,교필,KY410-A4,진로와상담,(0),이서영,-,(),0,20
401021,교필,KY410-A6,진로와상담,(0),김희선,-,(),0,20
401021,교필,KY410-A2,진로와상담,(0),이영미,-,(),0,20
401021,교필,KY921-A1,사회생활길잡이,1,전철,월(16:00~16:50),4107(),0,15
401021,교필,KY921-A2,사회생활길잡이,1,한경미,월(16:00~16:50),4105(),0,15
401021,교필,KY509-A,채플,(1),"나현기,김광연,한경미",-,(),0,20
401021,교필,KY304-A,채플,(1),"나현기,김광연,한경미",월(17:30~18:20),4107(),0,100
401020,교필,KY100-A,채플,(1),"나현기,김광연,한경미",월(17:30~18:20)수(16:00~16:50),4105(),0,200
401020,교필,KY410-A4,진로와상담,(0),이서영,-,(),0,20
401020,교필,KY410-A6,진로와상담,(0),김희선,-,(),0,20
401020,교필,KY410-A2,진로와상담,(0),이영미,-,(),0,20
401020,교필,KY921-A1,사회생활길잡이,1,전철,월(16:00~16:50),4107(),0,15
401020,교필,KY921-A2,사회생활길잡이,1,한경미,월(16:00~16:50),4105(),0,15
401020,교필,KY509-A,채플,(1),"나현기,김광연,한경미",-,(),0,20
401020,교필,KY304-A,채플,(1),"나현기,김광연,한경미",월(17:30~18:20),4107(),0,100
427130,교필,KY410-AF,진로와상담,(0),이성구,-,(),0,25
427130,교필,KY410-DC,진로와상담,(0),정승민,-,(),0,25
427130,교필,KY410-AA,진로와상담,(0),박기홍,-,(),0,25
427130,교필,KY410-AB,진로와상담,(0),강영경,-,(),0,25
427130,교필,KY410-AC,진로와상담,(0),손승일,-,(),0,25
427130,교필,KY410-AD,진로와상담,(0),윤효석,-,(),0,25
427130,교필,KY410-AE,진로와상담,(0),오석희,-,(),0,25
427130,교필,KY410-DG,진로와상담,(0),최창원,-,(),0,25
427130,교필,KY410-AG,진로와상담,(0),조성호,-,(),0,25
427130,교필,KY410-AH,진로와상담,(0),이경옥,-,(),0,25
427130,교필,KY410-AI,진로와상담,(0),이양선,-,(),0,25
427130,교필,KY410-AJ,진로와상담,(0),강민구,-,(),0,25
427130,교필,KY410-CB,진로와상담,(0),김선만,-,(),0,25
427130,전필,DS403-A,졸업논문,(3),이용걸,-,(),0,30
427130,전선,SH311-A,보안프로그래밍,3,이형우,화(16:00~17:15)화(17:30~18:45),18424(),0,40
402030,교필,KY101-B,채플,.5,"나현기,김광연,한경미",수(14:30~15:20),채플실(),0,550
402030,교필,KY410-D2,진로와상담,(0),오동식,-,(),0,20
402030,교필,KY410-D1,진로와상담,(0),전춘명,-,(),0,20
402030,교필,KY921-E2,사회생활길잡이,1,오동식,월(16:00~16:50),3308(),0,20
402030,교필,KY921-E1,사회생활길잡이,1,전춘명,월(16:00~16:50),3411(),0,20
402032,교필,KY101-B,채플,.5,"나현기,김광연,한경미",수(14:30~15:20),채플실(),0,550
402032,교필,KY410-D2,진로와상담,(0),오동식,-,(),0,20
402032,교필,KY410-D1,진로와상담,(0),전춘명,-,(),0,20
402032,교필,KY921-E2,사회생활길잡이,1,오동식,월(16:00~16:50),3308(),0,20
402032,교필,KY921-E1,사회생활길잡이,1,전춘명,월(16:00~16:50),3411(),0,20
402033,교필,KY101-B,채플,.5,"나현기,김광연,한경미",수(14:30~15:20),채플실(),0,550
402033,교필,KY410-D2,진로와상담,(0),오동식,-,(),0,20
402033,교필,KY410-D1,진로와상담,(0),전춘명,-,(),0,20
402033,교필,KY921-E2,사회생활길잡이,1,오동식,월(16:00~16:50),3308(),0,20
402033,교필,KY921-E1,사회생활길잡이,1,전춘명,월(16:00~16:50),3411(),0,20
422140,교필,KY101-B,채플,.5,"나현기,김광연,한경미",수(14:30~15:20),채플실(),0,550
422140,교필,KY410-D1,진로와상담,(0),전춘명,-,(),0,20
422140,교필,KY410-D2,진로와상담,(0),오동식,-,(),0,20
422140,교필,KY921-E2,사회생활길잡이,1,오동식,월(16:00~16:50),3308(),0,20
422140,교필,KY921-E1,사회생활길잡이,1,전춘명,월(16:00~16:50),3411(),0,20
422140,전필,HD663-A,독일어듣기말하기AⅠ-Ⅰ,3,오동식,월(13:00~14:15)수(13:00~14:15),20403(),0,30
422140,전필,HB101-A,총괄세미나,(1),오동식,-,(),0,30
422140,전필,HD666-A,기본독일어실습II,3,전춘명,화(11:00~12:15),8101(),0,40
422140,전필,HD628-A,독일어듣기말하기실습A2-1,3,안데르트 발렌티,화(16:00~17:15)화(17:30~18:45),20403(),0,20
422140,전필,HD419-A,졸업논문,(3),오동식,-,(),0,30
422140,전선,HB227-A,영화와예술,3,심혜경,화(13:00~14:15)화(14:30~15:45),3406(),0,30
422140,전선,HD227-A,독일동화의세상,3,오동식,-,(),0,50
422140,전선,HD290-A,독일어학개론,3,전춘명,월(14:30~15:45),20403(),0,30
422140,전선,HD661-A,문화콘텐츠커리어탐구,3,심윤진,목(16:00~17:15)목(17:30~18:45),20403(),0,30
422140,전선,HD653-A,문화텍스트로보는유럽의젠더,3,심혜경,수(14:30~15:45),20403(),0,30
422140,전선,HD633-A,유럽여행과문화,3,오동식,수(16:00~17:15),20403(),0,30
422140,전선,HD579-A,언어와문화,3,국세라,수(11:00~12:15),20403(),0,30
422140,전선,HD648-A,다큐멘터리및실험영화의세계,3,심혜경,화(11:00~12:15),20403(),0,30
422140,전선,HD607-A,20세기독문학과문화,3,미정-신규,목(13:00~14:15)목(14:30~15:45),20403(),0,30
422140,전선,HD670-A,국내외유럽문화탐사2,3,전춘명,금(09:30~10:45)금(11:00~12:15),20403(),0,20
422140,전선,HD496-A,시사독일어실습,3,"전춘명,안데르트 발렌티",화(13:00~14:15)화(14:30~15:45),20403(),0,20
422140,전선,HD630-A,독일어듣기말하기실습B1-1,3,오동식,-,(),0,50
402962,교필,KY101-B,채플,.5,"나현기,김광연,한경미",수(14:30~15:20),채플실(),0,550
402962,교필,KY410-D2,진로와상담,(0),오동식,-,(),0,20
402962,교필,KY410-D1,진로와상담,(0),전춘명,-,(),0,20
402962,교필,KY921-E2,사회생활길잡이,1,오동식,월(16:00~16:50),3308(),0,20
402962,교필,KY921-E1,사회생활길잡이,1,전춘명,월(16:00~16:50),3411(),0,20
402960,교필,KY101-B,채플,.5,"나현기,김광연,한경미",수(14:30~15:20),채플실(),0,550
402960,교필,KY410-D2,진로와상담,(0),오동식,-,(),0,20
402960,교필,KY410-D1,진로와상담,(0),전춘명,-,(),0,20
402960,교필,KY921-E2,사회생활길잡이,1,오동식,월(16:00~16:50),3308(),0,20
402960,교필,KY921-E1,사회생활길잡이,1,전춘명,월(16:00~16:50),3411(),0,20
423150,교필,KY201-B,채플,.5,"나현기,김광연,한경미",수(16:00~16:50),채플실(),0,550
423150,교필,KY410-M5,진로와상담,(0),이일영,-,(),0,15
423150,교필,KY410-M7,진로와상담,(0),황선미,-,(),0,15
423150,교필,KY410-M6,진로와상담,(0),주장환,-,(),0,15
423150,전필,HN284-A,동아시아경제입문,3,이일영,화(09:30~10:45)목(11:00~12:15),20501(),0,40
423150,전필,HN419-A,졸업논문,(3),황선미,-,(),0,40
423150,전선,HN615-A,동아시아국제관계,3,주장환,화(11:00~12:15)목(09:30~10:45),20501(),0,40
423150,전선,HN282-A,현대동아시아인물탐구,3,유은하,월(14:30~15:45)수(14:30~15:45),20405(),0,40
423150,전선,HN279-A,세계경제와중국경제개론,3,고기영,월(13:00~14:15)수(13:00~14:15),20402(),0,40
423150,전선,HN287-A,실용중국어회화2,3,황선미,월(13:00~14:15)수(13:00~14:15),20501(),0,40
423150,전선,HN139-A,동아시아경제와기업환경,3,박영수,화(13:00~14:15)화(14:30~15:45),20501(),0,40
423150,전선,HN392-A,중화권문학과문화,3,황선미,화(16:00~17:15)화(17:30~18:45),3204(),0,40
423150,전선,HN482-A,중국외교정책,3,주장환,-,(),0,40
402090,교필,KY410-E5,진로와상담,(0),김윤성,-,(),0,30
402090,교필,KY410-E4,진로와상담,(0),신광철,-,(),0,30
402090,교필,KY410-E6,진로와상담,(0),이종현,-,(),0,30
402090,교필,KY921-I5,사회생활길잡이,1,신광철,월(16:00~16:50),18102(),0,30
402090,교필,KY921-I4,사회생활길잡이,1,김윤성,월(16:00~16:50),18104(),0,30
402090,교필,KY921-I6,사회생활길잡이,1,이종현,월(16:00~16:50),18103(),0,30
402095,교필,KY101-B,채플,.5,"나현기,김광연,한경미",수(14:30~15:20),채플실(),0,550
402095,교필,KY410-E6,진로와상담,(0),이종현,-,(),0,30
402095,교필,KY410-E4,진로와상담,(0),신광철,-,(),0,30
402095,교필,KY410-E5,진로와상담,(0),김윤성,-,(),0,30
402095,교필,KY921-I5,사회생활길잡이,1,신광철,월(16:00~16:50),18102(),0,30
402095,교필,KY921-I6,사회생활길잡이,1,이종현,월(16:00~16:50),18103(),0,30
402095,교필,KY921-I4,사회생활길잡이,1,김윤성,월(16:00~16:50),18104(),0,30
402094,교필,KY101-B,채플,.5,"나현기,김광연,한경미",수(14:30~15:20),채플실(),0,550
402094,교필,KY410-E6,진로와상담,(0),이종현,-,(),0,30
402094,교필,KY410-E4,진로와상담,(0),신광철,-,(),0,30
402094,교필,KY410-E5,진로와상담,(0),김윤성,-,(),0,30
402094,교필,KY921-I5,사회생활길잡이,1,신광철,월(16:00~16:50),18102(),0,30
402094,교필,KY921-I6,사회생활길잡이,1,이종현,월(16:00~16:50),18103(),0,30
402094,교필,KY921-I4,사회생활길잡이,1,김윤성,월(16:00~16:50),18104(),0,30
422200,교필,KY101-B,채플,.5,"나현기,김광연,한경미",수(14:30~15:20),채플실(),0,550
422200,교필,KY410-E5,진로와상담,(0),김윤성,-,(),0,30
422200,교필,KY410-E4,진로와상담,(0),신광철,-,(),0,30
422200,교필,KY410-E6,진로와상담,(0),이종현,-,(),0,30
422200,교필,KY921-I4,사회생활길잡이,1,김윤성,월(16:00~16:50),18104(),0,30
422200,교필,KY921-I6,사회생활길잡이,1,이종현,월(16:00~16:50),18103(),0,30
422200,교필,KY921-I5,사회생활길잡이,1,신광철,월(16:00~16:50),18102(),0,30
422200,전필,DV102-B,영상문화학,3,김윤성,월(14:30~15:45)수(14:30~15:45),18105(),0,60
422200,전필,DV102-A,영상문화학,3,김윤성,월(13:00~14:15)수(13:00~14:15),18105(),0,60
422200,전필,DV419-A,졸업논문,(3),신광철,-,(),0,99
422200,전선,DV213-A,축제콘텐츠분석및기획워크숍,3,박민하,화(16:00~17:15)화(17:30~18:45),18105(),0,60
422200,전선,DV201-A,문화콘텐츠의기술사적이해,3,박민하,화(13:00~14:15)화(14:30~15:45),18105(),0,60
422200,전선,DV211-A,문화콘텐츠의예술사적이해,3,김윤성,화(09:30~10:45)목(11:00~12:15),18105(),0,60
422200,전선,DV219-B,영화제현장학습1,2,김윤성,수(11:00~12:40),18211(),0,60
422200,전선,DV219-A,영화제현장학습1,2,이종현,수(11:00~12:40),18105(),0,60
422200,전선,DV106-A,인문콘텐츠현장학습,1,김윤성,월(17:30~18:20),18105(),0,60
422200,전선,DV429-A,영상시나리오분석및창작워크숍,3,이종현,월(11:00~12:15)수(09:30~10:45),18105(),0,40
422200,전선,DV218-A,영상미학,3,박미영,목(13:00~14:15)목(14:30~15:45),18105(),0,60
422200,전선,DV312-A,박물관및전시콘텐츠분석및기획실습,3,장해라,금(09:30~10:45)금(11:00~12:15),18105(),0,60
422200,전선,DV323-A,한국영화감독론,3,신광철,화(11:00~12:15)목(09:30~10:45),18105(),0,60
422200,전선,DV316-A,단편영화분석및제작워크숍,3,이종현,목(13:00~14:15)목(14:30~15:45),18104(),0,40
422200,전선,DV313-A,콘텐츠투어리즘사례분석및기획실습,3,장해라,금(13:00~14:15)금(14:30~15:45),18105(),0,60
422200,전선,DV308-A,"영상문화와젠더,섹슈얼리티",3,박미영,목(16:00~17:15)목(17:30~18:45),18105(),0,60
422200,전선,DV407-A,트래블링쇼츠분석및제작워크숍,3,신광철,금(09:30~10:45)금(11:00~12:15),18104(),0,40
422200,전선,DV406-A,문화콘텐츠산업정책및제도,3,배현주,화(13:00~14:15)화(14:30~15:45),18106(),0,60
422200,전선,DV421-A,OJT1,9,신광철,-,(),0,10
422200,전선,DV410-A,문화콘텐츠기획및제작워크숍2,3,이종현,월(17:30~18:45)수(16:00~17:15),18420(),0,40
402096,교필,KY101-B,채플,.5,"나현기,김광연,한경미",수(14:30~15:20),채플실(),0,550
402096,교필,KY410-E6,진로와상담,(0),이종현,-,(),0,30
402096,교필,KY410-E4,진로와상담,(0),신광철,-,(),0,30
402096,교필,KY410-E5,진로와상담,(0),김윤성,-,(),0,30
402096,교필,KY921-I5,사회생활길잡이,1,신광철,월(16:00~16:50),18102(),0,30
402096,교필,KY921-I6,사회생활길잡이,1,이종현,월(16:00~16:50),18103(),0,30
402096,교필,KY921-I4,사회생활길잡이,1,김윤성,월(16:00~16:50),18104(),0,30
406090,교선,KYB24-A,빅데이터분석원리및분석방법론(중급),3,염동호,화(13:00~14:15)화(14:30~15:45),18307(),0,30
406090,교선,KYC14-A,빅데이터분석기초,3,염동호,화(16:00~17:15)화(17:30~18:45),18307(),0,40
422160,교필,KY101-B,채플,.5,"나현기,김광연,한경미",수(14:30~15:20),채플실(),0,550
422160,교필,KY410-C5,진로와상담,(0),강지희,-,(),0,30
422160,교필,KY410-C7,진로와상담,(0),정한아,-,(),0,30
422160,교필,KY410-C6,진로와상담,(0),백수린,-,(),0,30
422160,교필,KY921-I1,사회생활길잡이,1,강지희,월(17:30~18:20),20308(),0,30
422160,교필,KY921-I2,사회생활길잡이,1,백수린,월(17:30~18:20),20502(),0,30
422160,교필,KY921-I3,사회생활길잡이,1,정한아,월(17:30~18:20),20401(),0,30
422160,전필,HW419-A,졸업논문,(3),백수린,-,(),0,30
422160,전선,HW239-A,동시대시강독Ⅱ,3,정한아,월(14:30~15:45)수(14:30~15:45),20505(),0,30
422160,전선,HW244-A,드라마작법Ⅱ,3,김민수,목(16:00~17:15)목(17:30~18:45),20405(),0,30
422160,전선,HW308-A,소설창작실습Ⅱ,3,이미선,월(09:30~10:45)수(11:00~12:15),20308(),0,30
422160,전선,HW307-A,시창작실습Ⅱ,3,임지은,목(16:00~17:15)목(17:30~18:45),20308(),0,30
422160,전선,HW247-A,동시대소설강독Ⅱ,3,강지희,-,(),,
422160,전선,HW342-A,상상력연구Ⅱ,3,강지희,월(14:30~15:45)수(14:30~15:45),20308(),0,30
422160,전선,HW337-A,시창작특강Ⅰ,3,정한아,목(13:00~14:15)목(14:30~15:45),20308(),0,30
422160,전선,HW422-A,아동문학창작실습Ⅱ,3,류재향,화(13:00~14:15)화(14:30~15:45),20308(),0,30
422160,전선,HW341-A,시나리오작법,3,박춘근,금(09:30~10:45)금(11:00~12:15),20308(),0,30
422160,전선,HW336-A,소설창작특강Ⅰ,3,백수린,화(16:00~17:15)화(17:30~18:45),20502(),0,30
422160,전선,HW322-A,외국소설문학강독Ⅱ,3,백수린,화(14:30~15:45)목(14:30~15:45),20502(),0,30
422160,전선,HW433-A,OJT1,9,백수린,-,(),0,30
422160,전선,HW416-A,현대시론,3,정한아,월(16:00~17:15)수(17:30~18:45),20401(),0,30
422160,전선,HW242-A,드라마특강,3,박춘근,금(13:00~14:15)금(14:30~15:45),20308(),0,30
422160,전선,HW408-A,비평연습,3,강지희,화(16:00~17:15)화(17:30~18:45),20308(),0,30
402081,교필,KY101-B,채플,.5,"나현기,김광연,한경미",수(14:30~15:20),채플실(),0,550
402081,교필,KY410-C7,진로와상담,(0),정한아,-,(),0,30
402081,교필,KY410-C5,진로와상담,(0),강지희,-,(),0,30
402081,교필,KY410-C6,진로와상담,(0),백수린,-,(),0,30
402081,교필,KY921-I2,사회생활길잡이,1,백수린,월(17:30~18:20),20502(),0,30
402081,교필,KY921-I3,사회생활길잡이,1,정한아,월(17:30~18:20),20401(),0,30
402081,교필,KY921-I1,사회생활길잡이,1,강지희,월(17:30~18:20),20308(),0,30
422120,교필,KYC55-A2,글쓰기의기초,3,김민환,화(16:00~17:15)화(17:30~18:45),3408(),0,30
422120,교필,KYC55-A3,글쓰기의기초,3,유예원,화(13:00~14:15)화(14:30~15:45),20505(),0,30
422120,교필,KY410-S7,진로와상담,(0),송주명,-,(),0,15
422120,교필,KY410-S6,진로와상담,(0),하종문,-,(),0,15
422120,교필,KY410-S5,진로와상담,(0),오미정,-,(),0,15
422120,교필,KY410-BY,진로와상담,(0),이종현,-,(),0,8
422120,교필,KYC55-A4,글쓰기의기초,3,계광수,화(13:00~14:15)화(14:30~15:45),3412(),0,30
422120,교필,KYC55-A5,글쓰기의기초,3,신혜수,화(13:00~14:15)화(14:30~15:45),3503(),0,30
422120,교필,KYC55-B1,글쓰기의기초,3,서경희,화(16:00~17:15)화(17:30~18:45),3410(),0,30
422120,교필,KYC55-B2,글쓰기의기초,3,계광수,화(16:00~17:15)화(17:30~18:45),3412(),0,30
422120,교필,KYC55-B3,글쓰기의기초,3,신혜수,화(16:00~17:15)화(17:30~18:45),3503(),0,30
422120,교필,KYC55-B4,글쓰기의기초,3,유예원,화(16:00~17:15)화(17:30~18:45),20505(),0,30
422120,교필,KYC55-C1,글쓰기의기초,3,허난희,목(13:00~14:15)목(14:30~15:45),20505(),0,30
422120,교필,KYC55-C2,글쓰기의기초,3,서경희,목(13:00~14:15)목(14:30~15:45),3410(),0,30
422120,교필,KYC55-C3,글쓰기의기초,3,서영화,목(13:00~14:15)목(14:30~15:45),3412(),0,30
422120,교필,KYC55-C4,글쓰기의기초,3,한정미,목(13:00~14:15)목(14:30~15:45),8110(),0,30
422120,교필,KYC55-C5,글쓰기의기초,3,전지은,화(13:00~14:15)화(14:30~15:45),18211-1(),0,30
422120,교필,KYC55-D1,글쓰기의기초,3,한정미,목(16:00~17:15)목(17:30~18:45),8110(),0,30
422120,교필,KYC55-D2,글쓰기의기초,3,서영화,목(16:00~17:15)목(17:30~18:45),3412(),0,30
422120,교필,KYC55-D3,글쓰기의기초,3,전지은,화(16:00~17:15)화(17:30~18:45),18211-1(),0,30
422120,교필,KYC55-D4,글쓰기의기초,3,허난희,목(16:00~17:15)목(17:30~18:45),20505(),0,30
422120,교필,KYC55-E1,글쓰기의기초,3,송주현,금(09:30~10:45)금(11:00~12:15),20502(),0,30
422120,교필,KYC55-E2,글쓰기의기초,3,김소륜,금(09:30~10:45)금(11:00~12:15),3409(),0,30
422120,교필,KYC55-F1,글쓰기의기초,3,김소륜,금(13:00~14:15)금(14:30~15:45),3409(),0,30
422120,교필,KYC56-A2,컴퓨팅사고와SW코딩,3,박종현,수(13:00~14:15),18308(),0,45
422120,교필,KYC56-A6,컴퓨팅사고와SW코딩,3,김보경,목(09:30~10:45),18309(),0,45
422120,교필,KYC56-B6,컴퓨팅사고와SW코딩,3,변영민,월(16:00~17:15),18309(),0,45
422120,교필,KY410-AW,진로와상담,(0),전춘명,-,(),0,17
422120,교필,KY410-AX,진로와상담,(0),오동식,-,(),0,17
422120,교필,KY410-BA,진로와상담,(0),이향미,-,(),0,10
422120,교필,KY410-BC,진로와상담,(0),김지혜,-,(),0,10
422120,교필,KY410-BD,진로와상담,(0),박미선,-,(),0,10
422120,교필,KY410-BR,진로와상담,(0),류기수,-,(),0,9
422120,교필,KY410-BS,진로와상담,(0),장정해,-,(),0,10
422120,교필,KY410-BT,진로와상담,(0),최민성,-,(),0,9
422120,교필,KY410-BU,진로와상담,(0),김남희,-,(),0,10
422120,교필,KY410-BW,진로와상담,(0),신광철,-,(),0,8
422120,교필,KY410-BX,진로와상담,(0),김윤성,-,(),0,8
422120,계공,TH007-A,"문화적다양성,상상력,콘텐츠",3,이종현,화(16:00~17:15)화(17:30~18:45),18418(),0,50
422120,계공,TH016-B,글로벌문화탐색,3,"전춘명,최민성,오미정,이향미",월(17:30~18:45)수(16:00~17:15),18311(),0,50
422120,계공,TH016-A,글로벌문화탐색,3,"전춘명,최민성,오미정,이향미",월(16:00~17:15)수(17:30~18:45),18311(),0,50
422120,계공,TH013-A,아시아와일본,3,송주명,목(16:00~17:15)목(17:30~18:45),7103(),0,40
422120,계공,TH007-B,"문화적다양성,상상력,콘텐츠",3,배현주,화(16:00~17:15)화(17:30~18:45),18212(),0,50
424300,교필,KYC55-A2,글쓰기의기초,3,김민환,화(16:00~17:15)화(17:30~18:45),3408(),0,30
424300,교필,KYC55-A3,글쓰기의기초,3,유예원,화(13:00~14:15)화(14:30~15:45),20505(),0,30
424300,교필,KY410-X10,진로와상담,(0),정휘관,-,(),0,10
424300,교필,KYC55-A4,글쓰기의기초,3,계광수,화(13:00~14:15)화(14:30~15:45),3412(),0,30
424300,교필,KYC55-A5,글쓰기의기초,3,신혜수,화(13:00~14:15)화(14:30~15:45),3503(),0,30
424300,교필,KYC55-B1,글쓰기의기초,3,서경희,화(16:00~17:15)화(17:30~18:45),3410(),0,30
424300,교필,KYC55-B2,글쓰기의기초,3,계광수,화(16:00~17:15)화(17:30~18:45),3412(),0,30
424300,교필,KYC55-B3,글쓰기의기초,3,신혜수,화(16:00~17:15)화(17:30~18:45),3503(),0,30
424300,교필,KYC55-B4,글쓰기의기초,3,유예원,화(16:00~17:15)화(17:30~18:45),20505(),0,30
424300,교필,KYC55-C1,글쓰기의기초,3,허난희,목(13:00~14:15)목(14:30~15:45),20505(),0,30
424300,교필,KYC55-C2,글쓰기의기초,3,서경희,목(13:00~14:15)목(14:30~15:45),3410(),0,30
424300,교필,KYC55-C3,글쓰기의기초,3,서영화,목(13:00~14:15)목(14:30~15:45),3412(),0,30
424300,교필,KYC55-C4,글쓰기의기초,3,한정미,목(13:00~14:15)목(14:30~15:45),8110(),0,30
424300,교필,KYC55-C5,글쓰기의기초,3,전지은,화(13:00~14:15)화(14:30~15:45),18211-1(),0,30
424300,교필,KYC55-D1,글쓰기의기초,3,한정미,목(16:00~17:15)목(17:30~18:45),8110(),0,30
424300,교필,KYC55-D2,글쓰기의기초,3,서영화,목(16:00~17:15)목(17:30~18:45),3412(),0,30
424300,교필,KYC55-D3,글쓰기의기초,3,전지은,화(16:00~17:15)화(17:30~18:45),18211-1(),0,30
424300,교필,KYC55-D4,글쓰기의기초,3,허난희,목(16:00~17:15)목(17:30~18:45),20505(),0,30
424300,교필,KYC55-E1,글쓰기의기초,3,송주현,금(09:30~10:45)금(11:00~12:15),20502(),0,30
424300,교필,KYC55-E2,글쓰기의기초,3,김소륜,금(09:30~10:45)금(11:00~12:15),3409(),0,30
424300,교필,KYC55-F1,글쓰기의기초,3,김소륜,금(13:00~14:15)금(14:30~15:45),3409(),0,30
424300,교필,KYC56-A4,컴퓨팅사고와SW코딩,3,최진,화(14:30~15:45),18309(),0,45
424300,교필,KYC56-B5,컴퓨팅사고와SW코딩,3,변영민,월(14:30~15:45),18309(),0,45
424300,교필,KY410-X4,진로와상담,(0),김민철,-,(),0,10
424300,교필,KY410-X5,진로와상담,(0),이성미,-,(),0,10
424300,교필,KY410-X6,진로와상담,(0),문철수,-,(),0,10
424300,교필,KY410-X7,진로와상담,(0),지원배,-,(),0,10
424300,교필,KY410-X9,진로와상담,(0),박혜영,-,(),0,10
424300,계공,MC004-A,영상의이해,3,미정-신규,화(16:00~17:15)화(17:30~18:45),18421(),0,50
424300,계공,MC005-A,광고학개론,3,지원배,금(09:30~10:45)금(11:00~12:15),18310(),0,70
403970,교필,KY201-A,채플,.5,"나현기,김광연,한경미",월(16:00~16:50),채플실(),0,550
403970,교필,KY410-I1,진로와상담,(0),문철수,-,(),0,24
403970,교필,KY410-I7,진로와상담,(0),정휘관,-,(),0,24
403970,교필,KY410-I6,진로와상담,(0),김민철,-,(),0,24
403970,교필,KY410-I5,진로와상담,(0),박혜영,-,(),0,24
403970,교필,KY410-I4,진로와상담,(0),이성미,-,(),0,24
403970,교필,KY410-I2,진로와상담,(0),지원배,-,(),0,24
403970,교필,KY921-N1,사회생활길잡이,1,문철수,수(16:00~16:50),18102(),0,20
403970,교필,KY921-N7,사회생활길잡이,1,정휘관,수(16:00~16:50),18106(),0,20
403970,교필,KY921-N6,사회생활길잡이,1,김민철,수(16:00~16:50),18211-1(),0,20
403970,교필,KY921-N5,사회생활길잡이,1,박혜영,수(16:00~16:50),18420-1(),0,20
403970,교필,KY921-N4,사회생활길잡이,1,이성미,수(16:00~16:50),18101(),0,20
403970,교필,KY921-N2,사회생활길잡이,1,지원배,수(16:00~16:50),18103(),0,20
424140,교필,KY201-A,채플,.5,"나현기,김광연,한경미",월(16:00~16:50),채플실(),0,550
424140,교필,KY410-I1,진로와상담,(0),문철수,-,(),0,24
424140,교필,KY410-I5,진로와상담,(0),박혜영,-,(),0,24
424140,교필,KY410-I6,진로와상담,(0),김민철,-,(),0,24
424140,교필,KY410-I7,진로와상담,(0),정휘관,-,(),0,24
424140,교필,KY410-I4,진로와상담,(0),이성미,-,(),0,24
424140,교필,KY410-I2,진로와상담,(0),지원배,-,(),0,24
424140,교필,KY921-N5,사회생활길잡이,1,박혜영,수(16:00~16:50),18420-1(),0,20
424140,교필,KY921-N6,사회생활길잡이,1,김민철,수(16:00~16:50),18211-1(),0,20
424140,교필,KY921-N7,사회생활길잡이,1,정휘관,수(16:00~16:50),18106(),0,20
424140,교필,KY921-N4,사회생활길잡이,1,이성미,수(16:00~16:50),18101(),0,20
424140,교필,KY921-N1,사회생활길잡이,1,문철수,수(16:00~16:50),18102(),0,20
424140,교필,KY921-N2,사회생활길잡이,1,지원배,수(16:00~16:50),18103(),0,20
424140,전필,EA509-B,연구방법론,3,정기현,화(13:00~14:15)화(14:30~15:45),18421(),0,50
424140,전필,EA509-A,연구방법론,3,박혜영,월(14:30~15:45)수(14:30~15:45),18310(),0,50
424140,전필,EM419-A,졸업논문,(3),김민철,-,(),0,200
424140,전필,EA409-A,졸업논문,(3),김민철,-,(),0,200
424140,전선,EA314-A,홍보관리론,3,정재선,목(13:00~14:15)목(14:30~15:45),18106(),0,50
424140,전선,EM320-B,에디팅실습Ⅱ,3,류근환,금(13:00~14:15)금(14:30~15:45),18301(),0,30
424140,전선,EM320-A,에디팅실습Ⅱ,3,류근환,금(09:30~10:45)금(11:00~12:15),18301(),0,30
424140,전선,EA337-B,브랜딩트렌드,3,이성미,월(11:00~12:15)수(09:30~10:45),18310(),0,60
424140,전선,EA337-A,브랜딩트렌드,3,이성미,월(09:30~10:45)수(11:00~12:15),18310(),0,60
424140,전선,EM416-B,소셜미디어제작실습,3,정일건,금(13:00~14:15)금(14:30~15:45),18101(),0,35
424140,전선,EM416-A,소셜미디어제작실습,3,정일건,금(09:30~10:45)금(11:00~12:15),18101(),0,35
424140,전선,EA341-A,AI와정책홍보,3,정휘관,화(11:00~12:15)목(09:30~10:45),18211(),0,50
424140,전선,EM308-A,시나리오워크숍,3,미정-신규,월(09:30~10:45)수(11:00~12:15),18110(),0,30
424140,전선,EM308-B,시나리오워크숍,3,미정-신규,월(11:00~12:15)수(09:30~10:45),18110(),0,30
424140,전선,EM319-B,픽션영상제작실습,3,김민철,금(16:00~17:15)금(17:30~18:45),18310(),0,40
424140,전선,EM319-A,픽션영상제작실습,3,김민철,금(13:00~14:15)금(14:30~15:45),18310(),0,40
424140,전선,EM405-B,디지털미디어프로젝트,3,황선태,금(16:00~17:15)금(17:30~18:45),18418(),0,50
424140,전선,EM405-A,디지털미디어프로젝트,3,황선태,금(13:00~14:15)금(14:30~15:45),18418(),0,50
424140,공선,EM207-B,마케팅원론,3,지원배,화(11:00~12:15)목(09:30~10:45),18310(),0,70
424140,공선,EM207-A,마케팅원론,3,지원배,화(09:30~10:45)목(11:00~12:15),18310(),0,70
424140,공선,EA206-A,소비자행동론,3,정휘관,월(13:00~14:15)수(13:00~14:15),18519(),0,50
424140,공선,EM230-A,소셜게임의이해,3,이수호,목(13:00~14:15)목(14:30~15:45),18519(),0,70
424140,공선,EM104-A,영상의이해,3,미정-신규,화(13:00~14:15)화(14:30~15:45),18420(),0,50
424140,공선,EA206-B,소비자행동론,3,정휘관,월(14:30~15:45)수(14:30~15:45),18519(),0,50
424140,공선,EM234-A,디지털미디어리터리시론,3,박혜영,월(13:00~14:15)수(13:00~14:15),18310(),0,50
424140,공선,EM324-A,디지털광고론,3,이성미,화(13:00~14:15)화(14:30~15:45),18310(),0,70
424140,공선,EM310-B,영상광고제작실습,3,미정-신규,화(16:00~17:15)화(17:30~18:45),18310(),0,40
424140,공선,EM310-A,영상광고제작실습,3,김민철,목(13:00~14:15)목(14:30~15:45),18310(),0,40
403980,교필,KY201-A,채플,.5,"나현기,김광연,한경미",월(16:00~16:50),채플실(),0,550
403980,교필,KY410-I1,진로와상담,(0),문철수,-,(),0,24
403980,교필,KY410-I7,진로와상담,(0),정휘관,-,(),0,24
403980,교필,KY410-I6,진로와상담,(0),김민철,-,(),0,24
403980,교필,KY410-I5,진로와상담,(0),박혜영,-,(),0,24
403980,교필,KY410-I4,진로와상담,(0),이성미,-,(),0,24
403980,교필,KY410-I2,진로와상담,(0),지원배,-,(),0,24
403980,교필,KY921-N1,사회생활길잡이,1,문철수,수(16:00~16:50),18102(),0,20
403980,교필,KY921-N7,사회생활길잡이,1,정휘관,수(16:00~16:50),18106(),0,20
403980,교필,KY921-N6,사회생활길잡이,1,김민철,수(16:00~16:50),18211-1(),0,20
403980,교필,KY921-N5,사회생활길잡이,1,박혜영,수(16:00~16:50),18420-1(),0,20
403980,교필,KY921-N4,사회생활길잡이,1,이성미,수(16:00~16:50),18101(),0,20
403980,교필,KY921-N2,사회생활길잡이,1,지원배,수(16:00~16:50),18103(),0,20
427180,교필,KY101-A,채플,.5,"나현기,김광연,한경미",월(14:30~15:20),채플실(),0,550
427180,교필,KY410-O5,진로와상담,(0),변종석,-,(),0,25
427180,교필,KY410-O6,진로와상담,(0),박동련,-,(),0,25
427180,교필,KY410-O7,진로와상담,(0),유한나,-,(),0,25
427180,교필,KY410-O8,진로와상담,(0),김유신,-,(),0,25
427180,전필,NS345-A,통계자료분석실습,3,박동련,금(13:00~14:15)금(14:30~15:45),7202(),0,50
427180,전필,NS419-A,졸업논문,(3),변종석,-,(),0,80
427180,전선,NS367-A,데이터관리,3,김유신,화(16:00~17:15)화(17:30~18:45),7202(),0,35
427180,전선,NS237-B,회귀분석및실습,3,박동련,목(11:00~12:15),7202(),0,25
427180,전선,NS237-A,회귀분석및실습,3,변종석,월(14:30~15:45)수(14:30~15:45),7203(),0,25
427180,전선,NS221-A,SAS프로그래밍,3,유한나,월(13:00~14:15)수(13:00~14:15),7203(),0,40
427180,전선,NS372-A,통계패키지를활용한분석,3,변종석,월(11:00~12:15)수(09:30~10:45),7202(),0,35
427180,전선,NS362-A,R데이터분석,3,유한나,화(13:00~14:15)화(14:30~15:45),7202(),0,30
427180,전선,NS359-A,바이오통계자료분석,3,유한나,월(14:30~15:45)수(14:30~15:45),7202(),0,40
427180,전선,NS306-A,다변량분석,3,박동련,화(11:00~12:15),7202(),0,30
403021,교필,KY201-A,채플,.5,"나현기,김광연,한경미",월(16:00~16:50),채플실(),0,550
403021,교필,KY410-J2,진로와상담,(0),주경희,-,(),0,25
403021,교필,KY410-J4,진로와상담,(0),김예랑,-,(),0,25
403021,교필,KY410-J3,진로와상담,(0),김수경,-,(),0,20
403021,교필,KY410-J1,진로와상담,(0),홍선미,-,(),0,25
403021,교필,KY921-P1,사회생활길잡이,1,김수경,화(17:30~18:20),18519(),0,20
403021,교필,KY921-P2,사회생활길잡이,1,김예랑,화(17:30~18:20),18420-1(),0,20
403021,전필,TS419-A,졸업논문,(3),김수경,-,(),0,60
403021,전선,TS518-A,노인복지론,3,주경희,월(11:00~12:15)수(09:30~10:45),18210(),0,50
403021,전선,TS517-B,사회복지조사론,3,김예랑,화(11:00~12:15)목(09:30~10:45),18210(),0,50
403021,전선,TS517-A,사회복지조사론,3,김예랑,화(09:30~10:45)목(11:00~12:15),18210(),0,50
403021,전선,TS479-A,국제사회복지론,3,김수경,월(13:00~14:15)수(13:00~14:15),18211-1(),0,50
403021,전선,TS260-A,자원봉사론,3,문대수,금(09:30~10:45)금(11:00~12:15),18211-1(),0,50
403021,전선,TS303-A,사회보장론,3,오혜인,목(16:00~17:15)목(17:30~18:45),18211-1(),0,50
403021,전선,TS272-A,학교사회복지론,3,주수산나,목(16:00~17:15)목(17:30~18:45),18212(),0,50
403021,전선,TS270-A,산업복지론,3,제갈현숙,화(13:00~14:15)화(14:30~15:45),3506(),0,40
403021,전선,TS524-A,가족복지론,3,주수산나,목(13:00~14:15)목(14:30~15:45),3503(),0,50
403021,전선,TS116-A,사회복지역사,3,제갈현숙,화(16:00~17:15)화(17:30~18:45),3321(),0,50
403021,전선,TS520-B,사회복지행정론,3,우수명,금(13:00~14:15)금(14:30~15:45),18210(),0,50
403021,전선,TS520-A,사회복지행정론,3,우수명,금(09:30~10:45)금(11:00~12:15),18210(),0,50
403021,전선,TS357-A,사회운동과복지,3,문대수,금(13:00~14:15)금(14:30~15:45),18211-1(),0,50
403021,전선,TS362-A,의료사회복지론,3,미정,금(16:00~17:15)금(17:30~18:45),18210(),0,50
403021,전선,TS523-B,사회복지현장실습Ⅰ,3,홍선미,금(16:00~17:15)금(17:30~18:45),18101(),0,30
403021,전선,TS364-B,사회복지현장실습의이해Ⅱ,2,홍선미,월(11:00~12:40),18101(),0,30
403021,전선,TS522-A,사회복지실천기술론,3,김예랑,월(13:00~14:15)수(13:00~14:15),18210(),0,50
403021,전선,TS522-B,사회복지실천기술론,3,오혜인,목(13:00~14:15)목(14:30~15:45),20507(),0,40
403021,전선,TS523-A,사회복지현장실습Ⅰ,3,홍선미,월(14:30~15:45)수(14:30~15:45),20507(),0,30
403021,전선,TS461-A,여성복지론,3,김수경,월(14:30~15:45)수(14:30~15:45),3503(),0,50
403020,교필,KY201-A,채플,.5,"나현기,김광연,한경미",월(16:00~16:50),채플실(),0,550
403020,교필,KY410-J2,진로와상담,(0),주경희,-,(),0,25
403020,교필,KY410-J4,진로와상담,(0),김예랑,-,(),0,25
403020,교필,KY410-J1,진로와상담,(0),홍선미,-,(),0,25
403020,교필,KY410-J3,진로와상담,(0),김수경,-,(),0,20
403020,교필,KY921-P1,사회생활길잡이,1,김수경,화(17:30~18:20),18519(),0,20
403020,교필,KY921-P2,사회생활길잡이,1,김예랑,화(17:30~18:20),18420-1(),0,20
425110,교필,KY201-A,채플,.5,"나현기,김광연,한경미",월(16:00~16:50),채플실(),0,550
425110,교필,KY410-H3,진로와상담,(0),김종엽,-,(),0,30
425110,교필,KY921-O2,사회생활길잡이,1,김종엽,목(11:00~11:50),3206(),0,20
425110,전필,HS240-A,사회연구실습Ⅰ,3,김종엽,월(14:30~15:45)수(14:30~15:45),18110(),0,50
425110,전필,HS241-A,사회연구실습Ⅱ,3,정찬대,화(13:00~14:15)화(14:30~15:45),3206(),0,50
425110,전필,HS419-A,졸업논문,(3),김종엽,-,(),0,60
425110,전선,HS234-A,시민사회운동실습,3,권오용,월(16:00~17:15)수(17:30~18:45),18417(),0,50
425110,전선,HS338-A,현대사회학이론의이해,3,권오용,월(17:30~18:45)수(16:00~17:15),18417(),0,50
425110,전선,HS221-A,사회계층과불평등,3,박서재,금(13:00~14:15)금(14:30~15:45),3206(),0,50
425110,전선,HS214-A,사회조사방법Ⅰ,3,미정-신규,목(13:00~14:15)목(14:30~15:45),18307(),0,50
425110,전선,HS367-A,합리성과합리적행위탐구,3,박서재,금(09:30~10:45)금(11:00~12:15),3206(),0,50
425110,전선,HS364-A,사회학특강,3,김민환,월(13:00~14:15)수(13:00~14:15),18110(),0,50
425110,전선,HS343-A,결혼사랑가족제도,3,미정-신규,목(16:00~17:15)목(17:30~18:45),18104(),0,50
425110,전선,HS337-A,노사관계와노동운동,3,미정-신규,목(16:00~17:15)목(17:30~18:45),18102(),0,50
425110,전선,HS334-A,북한사회의이해,3,정찬대,화(16:00~17:15)화(17:30~18:45),3206(),0,50
403011,교필,KY201-A,채플,.5,"나현기,김광연,한경미",월(16:00~16:50),채플실(),0,550
403011,교필,KY410-H3,진로와상담,(0),김종엽,-,(),0,30
403011,교필,KY921-O2,사회생활길잡이,1,김종엽,목(11:00~11:50),3206(),0,20
427110,교필,KY101-A,채플,.5,"나현기,김광연,한경미",월(14:30~15:20),채플실(),0,550
427110,교필,KY410-DD,진로와상담,(0),홍승필,-,(),0,25
427110,교필,KY410-DE,진로와상담,(0),성낙준,-,(),0,25
427110,교필,KY410-AA,진로와상담,(0),박기홍,-,(),0,25
427110,교필,KY410-AB,진로와상담,(0),강영경,-,(),0,25
427110,교필,KY410-AC,진로와상담,(0),손승일,-,(),0,25
427110,교필,KY410-AD,진로와상담,(0),윤효석,-,(),0,25
427110,교필,KY410-AE,진로와상담,(0),오석희,-,(),0,25
427110,교필,KY410-AF,진로와상담,(0),이성구,-,(),0,25
427110,교필,KY410-AG,진로와상담,(0),조성호,-,(),0,25
427110,교필,KY410-AH,진로와상담,(0),이경옥,-,(),0,25
427110,교필,KY410-AI,진로와상담,(0),이양선,-,(),0,25
427110,교필,KY410-AJ,진로와상담,(0),강민구,-,(),0,25
427110,교필,KY410-CB,진로와상담,(0),김선만,-,(),0,25
427110,교필,KY410-CC,진로와상담,(0),류승택,-,(),0,25
427110,교필,KY410-CD,진로와상담,(0),박성진,-,(),0,25
427110,교필,KY410-CE,진로와상담,(0),백수진,-,(),0,25
427110,교필,KY410-CF,진로와상담,(0),안현,-,(),0,25
427110,교필,KY410-CG,진로와상담,(0),여협구,-,(),0,25
427110,교필,KY410-CH,진로와상담,(0),이용걸,-,(),0,26
427110,교필,KY410-DA,진로와상담,(0),이형우,-,(),0,25
427110,교필,KY410-DB,진로와상담,(0),임익수,-,(),0,25
427110,교필,KY410-DC,진로와상담,(0),정승민,-,(),0,25
427110,교필,KY410-DG,진로와상담,(0),최창원,-,(),0,25
427110,교필,KY410-DF,진로와상담,(0),고병수,-,(),0,25
427110,전필,SH519-A,졸업논문,(3),이양선,-,(),0,99
427110,전선,SH327-A,고급웹프로그래밍,3,미정-신규,화(09:30~10:45)목(11:00~12:15),18422(),0,40
427110,전선,SH329-A,딥러닝응용,3,성낙준,월(17:30~18:45)수(16:00~17:15),18422(),0,40
427110,전선,SH329-B,딥러닝응용,3,김선만,월(16:00~17:15)수(17:30~18:45),18419(),0,40
427110,전선,SH329-C,딥러닝응용,3,김선만,월(14:30~15:45)수(14:30~15:45),18419(),0,40
427110,전선,SH415-A,OJT1,9,이양선,-,(),0,30
427110,전선,SH210-A,AISW실무형프로젝트,6,이양선,-,(),0,30
405971,교필,KY101-A,채플,.5,"나현기,김광연,한경미",월(14:30~15:20),채플실(),0,550
405970,교필,KY101-A,채플,.5,"나현기,김광연,한경미",월(14:30~15:20),채플실(),0,550
405970,교필,KY410-AA,진로와상담,(0),박기홍,-,(),0,25
405970,교필,KY410-AB,진로와상담,(0),강영경,-,(),0,25
405970,교필,KY410-AC,진로와상담,(0),손승일,-,(),0,25
405970,교필,KY410-AD,진로와상담,(0),윤효석,-,(),0,25
405970,교필,KY410-AE,진로와상담,(0),오석희,-,(),0,25
405970,교필,KY410-AF,진로와상담,(0),이성구,-,(),0,25
405970,교필,KY410-AG,진로와상담,(0),조성호,-,(),0,25
405970,교필,KY410-AH,진로와상담,(0),이경옥,-,(),0,25
405970,교필,KY410-AI,진로와상담,(0),이양선,-,(),0,25
405970,교필,KY410-AJ,진로와상담,(0),강민구,-,(),0,25
405970,교필,KY410-CB,진로와상담,(0),김선만,-,(),0,25
405970,교필,KY410-CC,진로와상담,(0),류승택,-,(),0,25
405970,교필,KY410-CD,진로와상담,(0),박성진,-,(),0,25
405970,교필,KY410-CE,진로와상담,(0),백수진,-,(),0,25
405970,교필,KY410-CF,진로와상담,(0),안현,-,(),0,25
405970,교필,KY410-CG,진로와상담,(0),여협구,-,(),0,25
405970,교필,KY410-CH,진로와상담,(0),이용걸,-,(),0,26
405970,교필,KY410-DA,진로와상담,(0),이형우,-,(),0,25
405970,교필,KY410-DB,진로와상담,(0),임익수,-,(),0,25
405970,교필,KY410-DC,진로와상담,(0),정승민,-,(),0,25
405970,교필,KY410-DD,진로와상담,(0),홍승필,-,(),0,25
405970,교필,KY410-DE,진로와상담,(0),성낙준,-,(),0,25
405970,교필,KY410-DF,진로와상담,(0),고병수,-,(),0,25
405970,교필,KY410-DG,진로와상담,(0),최창원,-,(),0,25
405970,전필,NI400-A,졸업논문,(3),이용걸,-,(),0,50
426110,교필,KY101-A,채플,.5,"나현기,김광연,한경미",월(14:30~15:20),채플실(),0,550
426110,교필,KY410-O1,진로와상담,(0),정재웅,-,(),0,45
426110,교필,KY410-O2,진로와상담,(0),윤성식,-,(),0,40
426110,전필,NM450-A,졸업논문,(3),정재웅,-,(),0,50
426110,전선,NM235-A,고등미적분학,3,엄원미,화(09:30~10:45)목(11:00~12:15),7315(),0,50
426110,전선,NM217-A,금융공학2,3,홍경표,월(11:00~12:15)수(09:30~10:45),7315(),0,50
426110,전선,NM138-A,금융기초수학2,3,홍경표,월(09:30~10:45)수(11:00~12:15),7315(),0,50
426110,전선,NM218-A,글로벌금융이슈,3,정재웅,금(14:30~15:45),7315(),0,50
426110,전선,NM222-A,금융프로그래밍,3,윤성식,월(16:00~17:15)수(17:30~18:45),18308(),0,50
426110,전선,NM322-A,C언어Ⅱ,3,윤성식,월(17:30~18:45)수(16:00~17:15),18308(),0,50
426110,전선,NM218-B,글로벌금융이슈,3,정재웅,-,(),0,90
426110,전선,NM392-A,채권론,3,정재웅,금(16:00~17:15)금(17:30~18:45),7315(),0,50
426110,전선,NM318-A,편미분방정식,3,엄원미,화(11:00~12:15)목(09:30~10:45),7315(),0,50
426110,전선,NM439-B,파생상품이론2,3,정재웅,-,(),0,90
426110,전선,NM451-A,금융수치해석기법,3,윤성식,화(16:00~17:15)화(17:30~18:45),18308(),0,50
426110,전선,NM439-A,파생상품이론2,3,정재웅,금(13:00~14:15),7315(),0,50
405011,교필,KY101-A,채플,.5,"나현기,김광연,한경미",월(14:30~15:20),채플실(),0,550
405011,교필,KY410-O1,진로와상담,(0),정재웅,-,(),0,45
405011,교필,KY410-O2,진로와상담,(0),윤성식,-,(),0,40
405011,전필,NM450-A,졸업논문,(3),정재웅,-,(),0,50
405011,전선,NM235-A,고등미적분학,3,엄원미,화(09:30~10:45)목(11:00~12:15),7315(),0,50
405011,전선,NM217-A,금융공학2,3,홍경표,월(11:00~12:15)수(09:30~10:45),7315(),0,50
405011,전선,NM138-A,금융기초수학2,3,홍경표,월(09:30~10:45)수(11:00~12:15),7315(),0,50
405011,전선,NM218-A,글로벌금융이슈,3,정재웅,금(14:30~15:45),7315(),0,50
405011,전선,NM222-A,금융프로그래밍,3,윤성식,월(16:00~17:15)수(17:30~18:45),18308(),0,50
405011,전선,NM322-A,C언어Ⅱ,3,윤성식,월(17:30~18:45)수(16:00~17:15),18308(),0,50
405011,전선,NM218-B,글로벌금융이슈,3,정재웅,-,(),0,90
405011,전선,NM392-A,채권론,3,정재웅,금(16:00~17:15)금(17:30~18:45),7315(),0,50
405011,전선,NM318-A,편미분방정식,3,엄원미,화(11:00~12:15)목(09:30~10:45),7315(),0,50
405011,전선,NM439-B,파생상품이론2,3,정재웅,-,(),0,90
405011,전선,NM451-A,금융수치해석기법,3,윤성식,화(16:00~17:15)화(17:30~18:45),18308(),0,50
405011,전선,NM439-A,파생상품이론2,3,정재웅,금(13:00~14:15),7315(),0,50
405010,교필,KY101-A,채플,.5,"나현기,김광연,한경미",월(14:30~15:20),채플실(),0,550
405010,교필,KY410-O2,진로와상담,(0),윤성식,-,(),0,40
405010,교필,KY410-O1,진로와상담,(0),정재웅,-,(),0,45
401011,교필,KY613-A,신학입문,2,이상철,금(11:00~12:40),3207(),0,45
401011,교필,KY100-A,채플,(1),"나현기,김광연,한경미",월(17:30~18:20)수(16:00~16:50),4105(),0,200
401011,교필,KY410-A2,진로와상담,(0),이영미,-,(),0,20
401011,교필,KY410-A4,진로와상담,(0),이서영,-,(),0,20
401011,교필,KY410-A6,진로와상담,(0),김희선,-,(),0,20
401011,교필,KY921-A2,사회생활길잡이,1,한경미,월(16:00~16:50),4105(),0,15
401011,교필,KY921-A1,사회생활길잡이,1,전철,월(16:00~16:50),4107(),0,15
401011,교필,KY304-A,채플,(1),"나현기,김광연,한경미",월(17:30~18:20),4107(),0,100
401011,교필,KY509-A,채플,(1),"나현기,김광연,한경미",-,(),0,20
401011,전필,TT112-A,목회실습Ⅱ,(1),"전철,김광연",-,(),0,50
401011,전필,TT590-A,성서의역사와해석,3,송진순,화(16:00~17:15)화(17:30~18:45),3207(),0,35
401011,전필,TT217-A,목회실습Ⅲ,(1),"전철,김광연",-,(),0,50
401011,전필,TT509-A,목회실습,(1),"전철,김광연",-,(),0,50
401011,전필,TT111-A,목회실습Ⅰ,(1),"전철,김광연",-,(),0,50
401011,전필,TT293-N,교회봉사Ⅳ,(1),"전철,김광연",-,(),0,20
401011,전필,TT291-A,교회봉사Ⅲ,(1),"전철,김광연",-,(),0,20
401011,전필,TT218-A,목회실습Ⅳ,(1),"전철,김광연",-,(),0,50
401011,전필,TT416-A,졸업논문,(3),한경미,-,(),0,50
401011,전필,TT320-A,목회실습V,(1),"전철,김광연",-,(),0,50
401011,전필,TT321-A,목회실습Ⅵ,(1),전철,-,(),0,50
401011,전선,TT294-A,교회사개론,3,김주한,월(14:30~15:45)수(14:30~15:45),3207(),0,35
401011,전선,TT578-A,신약학개론,3,이서영,월(09:30~10:45)수(11:00~12:15),4107(),0,35
401011,전선,TT559-A,성문서연구,3,이영미,월(16:00~17:15)수(17:30~18:45),20307(),0,35
401011,전선,TT650-A,기독교상담의이론과실제,3,김희선,금(13:00~14:15)금(14:30~15:45),20502(),0,35
401011,전선,TT565-A,성서히브리어문법,3,미정-신규,목(13:00~14:15)목(14:30~15:45),3207(),0,35
401011,전선,TT585-A,기독교교육개론,3,이향명,화(13:00~14:15)화(14:30~15:45),4107(),0,35
401011,전선,TT573-A,예배와설교학개론,3,박재형,목(16:00~17:15)목(17:30~18:45),4107(),0,35
401011,전선,TT583-A,성서이야기와하나님의교육,3,이은주,월(13:00~14:15)수(13:00~14:15),3207(),0,35
401011,전선,TT569-A,생태윤리,3,김상덕,화(16:00~17:15)화(17:30~18:45),4107(),0,35
401011,전선,TT570-A,성서해석과설교,3,송진순,화(13:00~14:15)화(14:30~15:45),3207(),0,35
401011,전선,TT501-A,요한복음이해,3,이종철,목(16:00~17:15)목(17:30~18:45),3207(),0,35
401011,전선,TT562-A,현대신학연구,3,허석헌,목(13:00~14:15)목(14:30~15:45),4107(),0,35
401011,전선,TT517-A,서양기독교사상사,3,김유준,금(13:00~14:15)금(14:30~15:45),3207(),0,35
422100,교필,KYC55-A2,글쓰기의기초,3,김민환,화(16:00~17:15)화(17:30~18:45),3408(),0,30
422100,교필,KYC55-A3,글쓰기의기초,3,유예원,화(13:00~14:15)화(14:30~15:45),20505(),0,30
422100,교필,KY410-BU,진로와상담,(0),김남희,-,(),0,10
422100,교필,KY410-BQ,진로와상담,(0),이영남,-,(),0,10
422100,교필,KY410-BP,진로와상담,(0),정무용,-,(),0,10
422100,교필,KY410-BO,진로와상담,(0),정해득,-,(),0,10
422100,교필,KYC55-A4,글쓰기의기초,3,계광수,화(13:00~14:15)화(14:30~15:45),3412(),0,30
422100,교필,KYC55-A5,글쓰기의기초,3,신혜수,화(13:00~14:15)화(14:30~15:45),3503(),0,30
422100,교필,KYC55-B1,글쓰기의기초,3,서경희,화(16:00~17:15)화(17:30~18:45),3410(),0,30
422100,교필,KYC55-B2,글쓰기의기초,3,계광수,화(16:00~17:15)화(17:30~18:45),3412(),0,30
422100,교필,KYC55-B3,글쓰기의기초,3,신혜수,화(16:00~17:15)화(17:30~18:45),3503(),0,30
422100,교필,KYC55-B4,글쓰기의기초,3,유예원,화(16:00~17:15)화(17:30~18:45),20505(),0,30
422100,교필,KYC55-C1,글쓰기의기초,3,허난희,목(13:00~14:15)목(14:30~15:45),20505(),0,30
422100,교필,KYC55-C2,글쓰기의기초,3,서경희,목(13:00~14:15)목(14:30~15:45),3410(),0,30
422100,교필,KYC55-C3,글쓰기의기초,3,서영화,목(13:00~14:15)목(14:30~15:45),3412(),0,30
422100,교필,KYC55-C4,글쓰기의기초,3,한정미,목(13:00~14:15)목(14:30~15:45),8110(),0,30
422100,교필,KYC55-C5,글쓰기의기초,3,전지은,화(13:00~14:15)화(14:30~15:45),18211-1(),0,30
422100,교필,KYC55-D1,글쓰기의기초,3,한정미,목(16:00~17:15)목(17:30~18:45),8110(),0,30
422100,교필,KYC55-D2,글쓰기의기초,3,서영화,목(16:00~17:15)목(17:30~18:45),3412(),0,30
422100,교필,KYC55-D3,글쓰기의기초,3,전지은,화(16:00~17:15)화(17:30~18:45),18211-1(),0,30
422100,교필,KYC55-D4,글쓰기의기초,3,허난희,목(16:00~17:15)목(17:30~18:45),20505(),0,30
422100,교필,KYC55-E1,글쓰기의기초,3,송주현,금(09:30~10:45)금(11:00~12:15),20502(),0,30
422100,교필,KYC55-E2,글쓰기의기초,3,김소륜,금(09:30~10:45)금(11:00~12:15),3409(),0,30
422100,교필,KYC55-F1,글쓰기의기초,3,김소륜,금(13:00~14:15)금(14:30~15:45),3409(),0,30
422100,교필,KY613-A,신학입문,2,이상철,금(11:00~12:40),3207(),0,45
422100,교필,KYC56-A5,컴퓨팅사고와SW코딩,3,박종현,수(11:00~12:15),18308(),0,45
422100,교필,KYC56-A8,컴퓨팅사고와SW코딩,3,김보경,목(13:00~14:15),18309(),0,45
422100,교필,KYC56-B2,컴퓨팅사고와SW코딩,3,선경희,월(09:30~10:45),18309(),0,45
422100,교필,KYC56-B4,컴퓨팅사고와SW코딩,3,변영민,월(13:00~14:15),18309(),0,45
422100,교필,KY410-AT,진로와상담,(0),김대오,-,(),0,34
422100,교필,KY410-AU,진로와상담,(0),김희정,-,(),0,34
422100,교필,KY410-BF,진로와상담,(0),강지희,-,(),0,30
422100,교필,KY410-BG,진로와상담,(0),백수린,-,(),0,18
422100,교필,KY410-BH,진로와상담,(0),정한아,-,(),0,18
422100,교필,KY410-BJ,진로와상담,(0),김지혜,-,(),0,11
422100,교필,KY410-BK,진로와상담,(0),유형동,-,(),0,11
422100,교필,KY410-BL,진로와상담,(0),강소영,-,(),0,11
422100,교필,KY410-BN,진로와상담,(0),이형원,-,(),0,10
422100,교필,KY101-B,채플,.5,"나현기,김광연,한경미",수(14:30~15:20),채플실(),0,550
422100,계공,TH006-A,"역사와현재,미래",3,정무용,월(16:00~17:15)수(17:30~18:45),3505(),0,40
422100,계공,TH005-A,철학으로생각하기,3,김대오,월(17:30~18:45)수(16:00~17:15),7107(),0,60
422100,계공,TH008-A,우리말우리글산책,3,"유형동,김지혜,강소영",월(17:30~18:45)수(16:00~17:15),7215(),0,60
422100,계공,TH006-B,"역사와현재,미래",3,정무용,화(16:00~17:15)화(17:30~18:45),3505(),0,40
401010,교필,KY100-A,채플,(1),"나현기,김광연,한경미",월(17:30~18:20)수(16:00~16:50),4105(),0,200
401010,교필,KY410-A4,진로와상담,(0),이서영,-,(),0,20
401010,교필,KY410-A6,진로와상담,(0),김희선,-,(),0,20
401010,교필,KY410-A2,진로와상담,(0),이영미,-,(),0,20
401010,교필,KY921-A1,사회생활길잡이,1,전철,월(16:00~16:50),4107(),0,15
401010,교필,KY921-A2,사회생활길잡이,1,한경미,월(16:00~16:50),4105(),0,15
401010,교필,KY509-A,채플,(1),"나현기,김광연,한경미",-,(),0,20
401010,교필,KY304-A,채플,(1),"나현기,김광연,한경미",월(17:30~18:20),4107(),0,100
401910,교필,KY100-A,채플,(1),"나현기,김광연,한경미",월(17:30~18:20)수(16:00~16:50),4105(),0,200
401910,교필,KY410-A4,진로와상담,(0),이서영,-,(),0,20
401910,교필,KY410-A6,진로와상담,(0),김희선,-,(),0,20
401910,교필,KY410-A2,진로와상담,(0),이영미,-,(),0,20
401910,교필,KY921-A1,사회생활길잡이,1,전철,월(16:00~16:50),4107(),0,15
401910,교필,KY921-A2,사회생활길잡이,1,한경미,월(16:00~16:50),4105(),0,15
401910,교필,KY509-A,채플,(1),"나현기,김광연,한경미",-,(),0,20
401910,교필,KY304-A,채플,(1),"나현기,김광연,한경미",월(17:30~18:20),4107(),0,100
425140,교필,KY201-A,채플,.5,"나현기,김광연,한경미",월(16:00~16:50),채플실(),0,550
425140,교필,KY410-K8,진로와상담,(0),김상원,-,(),0,25
425140,교필,KY410-K7,진로와상담,(0),안도연,-,(),0,25
425140,교필,KY410-K10,진로와상담,(0),오현숙,-,(),0,25
425140,교필,KY410-K9,진로와상담,(0),유희정,-,(),0,25
425140,교필,KY921-Z10,사회생활길잡이,1,유희정,수(17:30~18:20),3405(),0,25
425140,교필,KY921-Z8,사회생활길잡이,1,김영주,수(17:30~18:20),3321(),0,25
425140,교필,KY921-Z9,사회생활길잡이,1,안도연,수(17:30~18:20),3409(),0,24
425140,교필,KY921-Z7,사회생활길잡이,1,김상원,수(17:30~18:20),3408(),0,25
425140,전필,SC419-A,졸업논문,(3),안도연,-,(),0,50
425140,전필,SB419-A,졸업논문,(3),안도연,-,(),0,90
425140,전선,SB303-A,성격심리학,3,오현숙,월(13:00~14:15)수(13:00~14:15),3204(),0,50
425140,전선,SB303-B,성격심리학,3,오현숙,월(14:30~15:45)수(14:30~15:45),3204(),0,50
425140,전선,SB206-A,심리통계,3,황창주,화(16:00~17:15)화(17:30~18:45),3423(),0,50
425140,전선,SC207-A,언어지도,3,이영진,금(13:00~14:15)금(14:30~15:45),17201(),0,50
425140,전선,SA105-A,보육학개론,3,유희정,화(09:30~10:45)목(11:00~12:15),17201(),0,50
425140,전선,SC209-A,영유아발달,3,김영주,금(09:30~10:45)금(11:00~12:15),17201(),0,50
425140,전선,SB304-A,심리평가실습,3,미정-신규,금(09:30~10:45)금(11:00~12:15),20501(),0,60
425140,전선,SB426-A,산업및조직심리학,3,이은선,목(16:00~17:15)목(17:30~18:45),20501(),0,50
425140,전선,SC302-A,아동생활지도,3,"유희정,김상원",화(11:00~12:15)목(09:30~10:45),17201(),0,50
425140,전선,SC315-A,아동권리와복지,3,김상원,화(14:30~15:45)목(14:30~15:45),7215(),0,50
425140,전선,SB305-A,개인심리치료,3,안도연,월(14:30~15:45)수(14:30~15:45),18520(),0,50
425140,전선,SC304-A,아동수학지도,3,김영주,화(16:00~17:15)화(17:30~18:45),17201(),0,50
425140,전선,SB401-A,생리심리학,3,김미경,월(16:00~17:15)수(17:30~18:45),18310(),0,60
425140,전선,SC312-A,영유아교수방법론,3,문주형,목(16:00~17:15)목(17:30~18:45),18103(),0,50
425140,전선,SB424-A,범죄심리학,3,하창현,금(09:30~10:45)금(11:00~12:15),7215(),0,50
425140,전선,SC423-A,아동학의통계학적기초,3,김상원,화(09:30~10:45)목(11:00~12:15),7108(),0,50
425140,전선,SB203-A,집단치료,3,조영원,금(13:00~14:15)금(14:30~15:45),3423(),0,50
425140,전선,SC401-A,보육실습,3,유희정,월(17:30~18:45)수(16:00~17:15),17201(),0,50
425140,학석,GP549-A,발달장애의진단및치료,3,김용훈,금(09:30~10:20),2202(),0,10
403990,교필,KY201-A,채플,.5,"나현기,김광연,한경미",월(16:00~16:50),채플실(),0,550
403990,교필,KY410-K9,진로와상담,(0),유희정,-,(),0,25
403990,교필,KY410-K8,진로와상담,(0),김상원,-,(),0,25
403990,교필,KY410-K7,진로와상담,(0),안도연,-,(),0,25
403990,교필,KY410-K10,진로와상담,(0),오현숙,-,(),0,25
403990,교필,KY921-Z9,사회생활길잡이,1,안도연,수(17:30~18:20),3409(),0,24
403990,교필,KY921-Z8,사회생활길잡이,1,김영주,수(17:30~18:20),3321(),0,25
403990,교필,KY921-Z7,사회생활길잡이,1,김상원,수(17:30~18:20),3408(),0,25
403990,교필,KY921-Z10,사회생활길잡이,1,유희정,수(17:30~18:20),3405(),0,25
403990,전선,GP644-A,고급발달심리학,3,이인영,월(12:00~12:50),2202(),0,10
422150,교필,KY101-B,채플,.5,"나현기,김광연,한경미",수(14:30~15:20),채플실(),0,550
422150,교필,KY410-B7,진로와상담,(0),박미선,-,(),0,30
422150,교필,KY410-B5,진로와상담,(0),김지혜,-,(),0,30
422150,교필,KY410-B6,진로와상담,(0),이향미,-,(),0,30
422150,교필,KY921-D3,사회생활길잡이,1,이향미,월(16:00~16:50),3405(),0,20
422150,교필,KY921-D2,사회생활길잡이,1,김지혜,월(16:00~16:50),3407(),0,20
422150,교필,KY921-D4,사회생활길잡이,1,박미선,월(16:00~16:50),3406(),0,20
422150,전필,HE211-A,영어학개론,3,정유선,화(13:00~14:15)화(14:30~15:45),3423(),0,50
422150,전필,HE337-A,미국문학개관,3,박미선,월(11:00~12:15)수(09:30~10:45),20405(),0,25
422150,전필,HE337-B,미국문학개관,3,이향미,화(11:00~12:15)목(09:30~10:45),18101(),0,25
422150,전필,HE412-A,졸업논문,(3),이향미,-,(),0,50
422150,전선,HE371-A,영미문화연구,3,김지혜,목(13:00~14:15)목(14:30~15:45),18211-1(),0,35
422150,전선,HE285-A,영상콘텐츠영어,3,정지수,화(09:30~10:45)목(11:00~12:15),20405(),0,30
422150,전선,HE283-A,글로벌트렌드영어2,3,서강목,목(16:00~17:15)목(17:30~18:45),18101(),0,35
422150,전선,HE277-B,고급영어회화실습,2,LUCIER PETER,월(17:30~18:45)수(16:00~17:15),20405(),0,30
422150,전선,HE277-A,고급영어회화실습,2,LUCIER PETER,월(13:00~14:15)수(13:00~14:15),20405(),0,30
422150,전선,HE372-A,영미서사강독,3,정지수,화(11:00~12:15)목(09:30~10:45),20405(),0,30
422150,전선,HE377-A,문화콘텐츠주제세미나,3,김지혜,월(17:30~18:45)수(16:00~17:15),18110(),0,30
422150,전선,HE272-A,고급영어작문,2,LUCIER PETER,수(11:00~12:40),20405(),0,30
422150,전선,HE375-A,근대영미문학,3,박미선,월(13:00~14:15)수(13:00~14:15),3206(),0,30
422150,전선,HE316-A,자본주의와영문학,3,박미선,화(13:00~14:15)화(14:30~15:45),20405(),0,30
422150,전선,HE379-A,프리젠테이션영어,3,LUCIER PETER,월(16:00~17:15)수(17:30~18:45),20405(),0,20
422150,전선,HE401-A,영미문화학특강,3,서강목,목(13:00~14:15)목(14:30~15:45),20405(),0,30
422150,전선,HE441-A,셰익스피어,3,김지혜,월(14:30~15:45)수(14:30~15:45),18211-1(),0,30
422150,전선,HE444-A,현대영어권문학의이해,3,이향미,화(16:00~17:15)화(17:30~18:45),18101(),0,30
402021,교필,KY101-B,채플,.5,"나현기,김광연,한경미",수(14:30~15:20),채플실(),0,550
402021,교필,KY410-B7,진로와상담,(0),박미선,-,(),0,30
402021,교필,KY410-B5,진로와상담,(0),김지혜,-,(),0,30
402021,교필,KY410-B6,진로와상담,(0),이향미,-,(),0,30
402021,교필,KY921-D3,사회생활길잡이,1,이향미,월(16:00~16:50),3405(),0,20
402021,교필,KY921-D4,사회생활길잡이,1,박미선,월(16:00~16:50),3406(),0,20
402021,교필,KY921-D2,사회생활길잡이,1,김지혜,월(16:00~16:50),3407(),0,20
402100,교필,KY410-E5,진로와상담,(0),김윤성,-,(),0,30
402100,교필,KY410-E4,진로와상담,(0),신광철,-,(),0,30
402100,교필,KY410-E6,진로와상담,(0),이종현,-,(),0,30
402100,교필,KY921-I5,사회생활길잡이,1,신광철,월(16:00~16:50),18102(),0,30
402100,교필,KY921-I4,사회생활길잡이,1,김윤성,월(16:00~16:50),18104(),0,30
402100,교필,KY921-I6,사회생활길잡이,1,이종현,월(16:00~16:50),18103(),0,30
402020,교필,KY101-B,채플,.5,"나현기,김광연,한경미",수(14:30~15:20),채플실(),0,550
402020,교필,KY410-B7,진로와상담,(0),박미선,-,(),0,30
402020,교필,KY410-B5,진로와상담,(0),김지혜,-,(),0,30
402020,교필,KY410-B6,진로와상담,(0),이향미,-,(),0,30
402020,교필,KY921-D3,사회생활길잡이,1,이향미,월(16:00~16:50),3405(),0,20
402020,교필,KY921-D4,사회생활길잡이,1,박미선,월(16:00~16:50),3406(),0,20
402020,교필,KY921-D2,사회생활길잡이,1,김지혜,월(16:00~16:50),3407(),0,20
426120,교필,KY101-A,채플,.5,"나현기,김광연,한경미",월(14:30~15:20),채플실(),0,550
426120,교필,KY410-O5,진로와상담,(0),변종석,-,(),0,25
426120,교필,KY410-O6,진로와상담,(0),박동련,-,(),0,25
426120,교필,KY410-O7,진로와상담,(0),유한나,-,(),0,25
426120,교필,KY410-O8,진로와상담,(0),김유신,-,(),0,25
426120,전필,NS345-A,통계자료분석실습,3,박동련,금(13:00~14:15)금(14:30~15:45),7202(),0,50
426120,전필,NS419-A,졸업논문,(3),변종석,-,(),0,80
426120,전선,NS367-A,데이터관리,3,김유신,화(16:00~17:15)화(17:30~18:45),7202(),0,35
426120,전선,NS237-B,회귀분석및실습,3,박동련,목(11:00~12:15),7202(),0,25
426120,전선,NS237-A,회귀분석및실습,3,변종석,월(14:30~15:45)수(14:30~15:45),7203(),0,25
426120,전선,NS221-A,SAS프로그래밍,3,유한나,월(13:00~14:15)수(13:00~14:15),7203(),0,40
426120,전선,NS372-A,통계패키지를활용한분석,3,변종석,월(11:00~12:15)수(09:30~10:45),7202(),0,35
426120,전선,NS362-A,R데이터분석,3,유한나,화(13:00~14:15)화(14:30~15:45),7202(),0,30
426120,전선,NS359-A,바이오통계자료분석,3,유한나,월(14:30~15:45)수(14:30~15:45),7202(),0,40
426120,전선,NS306-A,다변량분석,3,박동련,화(11:00~12:15),7202(),0,30
405021,교필,KY101-A,채플,.5,"나현기,김광연,한경미",월(14:30~15:20),채플실(),0,550
405021,교필,KY410-O5,진로와상담,(0),변종석,-,(),0,25
405021,교필,KY410-O6,진로와상담,(0),박동련,-,(),0,25
405021,교필,KY410-O7,진로와상담,(0),유한나,-,(),0,25
405021,교필,KY410-O8,진로와상담,(0),김유신,-,(),0,25
405021,전필,NS345-A,통계자료분석실습,3,박동련,금(13:00~14:15)금(14:30~15:45),7202(),0,50
405021,전필,NS419-A,졸업논문,(3),변종석,-,(),0,80
405021,전선,NS367-A,데이터관리,3,김유신,화(16:00~17:15)화(17:30~18:45),7202(),0,35
405021,전선,NS237-B,회귀분석및실습,3,박동련,목(11:00~12:15),7202(),0,25
405021,전선,NS237-A,회귀분석및실습,3,변종석,월(14:30~15:45)수(14:30~15:45),7203(),0,25
405021,전선,NS221-A,SAS프로그래밍,3,유한나,월(13:00~14:15)수(13:00~14:15),7203(),0,40
405021,전선,NS372-A,통계패키지를활용한분석,3,변종석,월(11:00~12:15)수(09:30~10:45),7202(),0,35
405021,전선,NS362-A,R데이터분석,3,유한나,화(13:00~14:15)화(14:30~15:45),7202(),0,30
405021,전선,NS359-A,바이오통계자료분석,3,유한나,월(14:30~15:45)수(14:30~15:45),7202(),0,40
405021,전선,NS306-A,다변량분석,3,박동련,화(11:00~12:15),7202(),0,30
426100,교필,KYC54-A1,Essential English,3,목승혜,월(09:30~10:45)수(11:00~12:15),18103(),0,35
426100,교필,KYC54-A2,Essential English,3,김나영,월(09:30~10:45)수(11:00~12:15),18104(),0,35
426100,교필,KYC54-A3,Essential English,3,차윤정,월(09:30~10:45)수(11:00~12:15),18106(),0,35
426100,교필,KYC54-B1,Essential English,3,목승혜,월(11:00~12:15)수(09:30~10:45),18103(),0,35
426100,교필,KYC54-B2,Essential English,3,김나영,월(11:00~12:15)수(09:30~10:45),18104(),0,35
426100,교필,KYC54-B3,Essential English,3,고우경,월(11:00~12:15)수(09:30~10:45),3505(),0,35
426100,교필,KYC54-C1,Essential English,3,고우경,월(13:00~14:15)수(13:00~14:15),3505(),0,35
426100,교필,KYC54-C2,Essential English,3,심주연,월(13:00~14:15)수(13:00~14:15),18104(),0,30
426100,교필,KYC54-C3,Essential English,3,이아름,월(13:00~14:15)수(13:00~14:15),18106(),0,35
426100,교필,KYC54-D1,Essential English,3,고우경,월(14:30~15:45)수(14:30~15:45),3505(),0,35
426100,교필,KYC54-D2,Essential English,3,심주연,월(14:30~15:45)수(14:30~15:45),18104(),0,30
426100,교필,KYC54-D3,Essential English,3,이아름,월(14:30~15:45)수(14:30~15:45),18106(),0,35
426100,교필,KYC54-E1,Essential English,3,김수현,화(09:30~10:45)목(11:00~12:15),18103(),0,35
426100,교필,KYC54-E2,Essential English,3,성민선,화(09:30~10:45)목(11:00~12:15),18106(),0,35
426100,교필,KYC54-E3,Essential English,3,김경선,화(09:30~10:45)목(11:00~12:15),18104(),0,30
426100,교필,KYC54-F1,Essential English,3,김수현,화(11:00~12:15)목(09:30~10:45),18103(),0,35
426100,교필,KYC54-F2,Essential English,3,성민선,화(11:00~12:15)목(09:30~10:45),18106(),0,35
426100,교필,KYC54-F3,Essential English,3,김경선,화(11:00~12:15)목(09:30~10:45),18104(),0,30
426100,교필,KY410-U3,진로와상담,(0),정재웅,-,(),0,50
426100,교필,KY410-U6,진로와상담,(0),김유신,-,(),0,25
426100,교필,KY410-U8,진로와상담,(0),유한나,-,(),0,25
426100,교필,KY101-A,채플,.5,"나현기,김광연,한경미",월(14:30~15:20),채플실(),0,550
427120,교필,KY410-DG,진로와상담,(0),최창원,-,(),0,25
427120,교필,KY410-DF,진로와상담,(0),고병수,-,(),0,25
427120,교필,KY410-AA,진로와상담,(0),박기홍,-,(),0,25
427120,교필,KY410-AB,진로와상담,(0),강영경,-,(),0,25
427120,교필,KY410-AC,진로와상담,(0),손승일,-,(),0,25
427120,교필,KY410-AD,진로와상담,(0),윤효석,-,(),0,25
427120,교필,KY410-AE,진로와상담,(0),오석희,-,(),0,25
427120,교필,KY410-AF,진로와상담,(0),이성구,-,(),0,25
427120,교필,KY410-AG,진로와상담,(0),조성호,-,(),0,25
427120,교필,KY410-AH,진로와상담,(0),이경옥,-,(),0,25
427120,교필,KY410-AI,진로와상담,(0),이양선,-,(),0,25
427120,교필,KY410-AJ,진로와상담,(0),강민구,-,(),0,25
427120,교필,KY410-CB,진로와상담,(0),김선만,-,(),0,25
427120,교필,KY410-CC,진로와상담,(0),류승택,-,(),0,25
427120,교필,KY410-CD,진로와상담,(0),박성진,-,(),0,25
427120,교필,KY410-CE,진로와상담,(0),백수진,-,(),0,25
427120,교필,KY410-CF,진로와상담,(0),안현,-,(),0,25
427120,교필,KY410-CG,진로와상담,(0),여협구,-,(),0,25
427120,교필,KY410-CH,진로와상담,(0),이용걸,-,(),0,26
427120,교필,KY410-DA,진로와상담,(0),이형우,-,(),0,25
427120,교필,KY410-DB,진로와상담,(0),임익수,-,(),0,25
427120,교필,KY410-DC,진로와상담,(0),정승민,-,(),0,25
427120,교필,KY410-DD,진로와상담,(0),홍승필,-,(),0,25
427120,교필,KY410-DE,진로와상담,(0),성낙준,-,(),0,25
427120,전필,AI403-A,졸업논문,(3),김선만,-,(),0,30
427120,전선,SH405-A,컴퓨터비전,3,박기홍,월(11:00~12:15)수(09:30~10:45),18312(),0,35
427120,전선,SH405-B,컴퓨터비전,3,이용걸,화(11:00~12:15)목(09:30~10:45),18314(),0,35
427120,전선,SH324-A,프로그래밍언어,3,이경옥,화(13:00~14:15)화(14:30~15:45),18521(),0,35
402980,교필,KY410-D6,진로와상담,(0),김대오,-,(),0,50
402980,교필,KY410-E5,진로와상담,(0),김윤성,-,(),0,30
402980,교필,KY410-E4,진로와상담,(0),신광철,-,(),0,30
402980,교필,KY410-E6,진로와상담,(0),이종현,-,(),0,30
402980,교필,KY410-D7,진로와상담,(0),김희정,-,(),0,50
402980,교필,KY921-I6,사회생활길잡이,1,이종현,월(16:00~16:50),18103(),0,30
402980,교필,KY921-I5,사회생활길잡이,1,신광철,월(16:00~16:50),18102(),0,30
402980,교필,KY921-I4,사회생활길잡이,1,김윤성,월(16:00~16:50),18104(),0,30
403071,교필,KY201-B,채플,.5,"나현기,김광연,한경미",수(16:00~16:50),채플실(),0,550
403071,교필,KY410-N1,진로와상담,(0),오미정,-,(),0,20
403071,교필,KY410-N3,진로와상담,(0),송주명,-,(),0,20
403071,교필,KY410-N2,진로와상담,(0),하종문,-,(),0,20
403071,교필,KY921-T2,사회생활길잡이,1,하종문,수(16:00~16:50),3321(),0,30
403071,교필,KY921-T3,사회생활길잡이,1,송주명,수(16:00~16:50),3405(),0,30
423120,교필,KY201-B,채플,.5,"나현기,김광연,한경미",수(16:00~16:50),채플실(),0,550
423120,교필,KY410-N3,진로와상담,(0),송주명,-,(),0,20
423120,교필,KY410-N2,진로와상담,(0),하종문,-,(),0,20
423120,교필,KY410-N1,진로와상담,(0),오미정,-,(),0,20
423120,교필,KY921-T2,사회생활길잡이,1,하종문,수(16:00~16:50),3321(),0,30
423120,교필,KY921-T3,사회생활길잡이,1,송주명,수(16:00~16:50),3405(),0,30
423120,전필,HJ270-A,일본학조사연구Ⅱ,3,송주명,금(09:30~10:45)금(11:00~12:15),18106(),0,45
423120,전필,HJ360-A,일본학조사연구Ⅳ,3,하종문,금(09:30~10:45)금(11:00~12:15),18212(),0,45
423120,전필,HJ419-A,졸업논문,(3),송주명,-,(),0,40
423120,전선,HJ264-A,중급일본어Ⅱ,3,소리마치 마스미,화(13:00~14:15)화(14:30~15:45),7103(),0,30
423120,전선,HJ268-A,일본사회와문화,3,염동호,목(13:00~14:15)목(14:30~15:45),7103(),0,40
423120,전선,HJ226-A,사건으로보는일본사,3,하종문,월(11:00~12:15)수(09:30~10:45),7103(),0,40
423120,전선,HJ129-B,초급일본어회화2,2,YOSHIDA SAORI,월(13:00~14:15)수(13:00~14:15),7103(),0,20
423120,전선,HJ129-A,초급일본어회화2,2,YOSHIDA SAORI,화(09:30~10:45)목(11:00~12:15),7106(),0,20
423120,전선,HJ385-A,일본명작감상,3,오미정,화(11:00~12:15)목(09:30~10:45),7103(),0,40
423120,전선,HJ461-A,시청각일본어,3,YOSHIDA SAORI,월(14:30~15:45)수(14:30~15:45),7103(),0,40
423120,전선,HJ336-A,비즈니스일본어,3,소리마치 마스미,화(16:00~17:15)화(17:30~18:45),7103(),0,30
423120,전선,HJ251-A,일본어작문,3,YOSHIDA SAORI,화(11:00~12:15)목(09:30~10:45),7106(),0,20
423120,전선,HJ387-A,통번역실습Ⅱ,3,오미정,화(09:30~10:45)목(11:00~12:15),7103(),0,40
403072,교필,KY201-B,채플,.5,"나현기,김광연,한경미",수(16:00~16:50),채플실(),0,550
403072,교필,KY410-N1,진로와상담,(0),오미정,-,(),0,20
403072,교필,KY410-N3,진로와상담,(0),송주명,-,(),0,20
403072,교필,KY410-N2,진로와상담,(0),하종문,-,(),0,20
403072,교필,KY921-T2,사회생활길잡이,1,하종문,수(16:00~16:50),3321(),0,30
403072,교필,KY921-T3,사회생활길잡이,1,송주명,수(16:00~16:50),3405(),0,30
403992,교필,KY410-K9,진로와상담,(0),유희정,-,(),0,25
403992,교필,KY410-K8,진로와상담,(0),김상원,-,(),0,25
403992,교필,KY410-K7,진로와상담,(0),안도연,-,(),0,25
403992,교필,KY410-K10,진로와상담,(0),오현숙,-,(),0,25
403992,교필,KY921-Z9,사회생활길잡이,1,안도연,수(17:30~18:20),3409(),0,24
403992,교필,KY921-Z8,사회생활길잡이,1,김영주,수(17:30~18:20),3321(),0,25
403992,교필,KY921-Z7,사회생활길잡이,1,김상원,수(17:30~18:20),3408(),0,25
403992,교필,KY921-Z10,사회생활길잡이,1,유희정,수(17:30~18:20),3405(),0,25
428100,교필,KYD02-A1,진로탐구와도전,1,고우경,화(09:30~10:45)목(11:00~12:15),3403(),0,14
428100,교필,KYD02-A2,진로탐구와도전,1,공주형,화(09:30~10:45)목(11:00~12:15),3405(),0,13
428100,교필,KYD02-A3,진로탐구와도전,1,김민환,화(09:30~10:45)목(11:00~12:15),3406(),0,15
428100,교필,KYD02-A4,진로탐구와도전,1,박종현,화(09:30~10:45)목(11:00~12:15),3407(),0,13
428100,교필,KYD02-A5,진로탐구와도전,1,송주현,화(09:30~10:45)목(11:00~12:15),3408(),0,13
428100,교필,KYD02-A6,진로탐구와도전,1,서경희,화(09:30~10:45)목(11:00~12:15),20406(),0,13
428100,교필,KYD02-A7,진로탐구와도전,1,심주연,화(09:30~10:45)목(11:00~12:15),3410(),0,14
428100,교필,KYD02-A8,진로탐구와도전,1,염동호,화(09:30~10:45)목(11:00~12:15),3412(),0,14
428100,교필,KYD02-A9,진로탐구와도전,1,이익주,화(09:30~10:45)목(11:00~12:15),3503(),0,13
428100,교필,KYD03-A1,AI아트코딩과윤리,3,백상현,화(14:30~15:45),18308(),0,40
428100,교필,KYD03-A2,AI아트코딩과윤리,3,홍혜승,수(09:30~10:45),7108(),0,45
428100,교필,KYD03-B7,AI아트코딩과윤리,3,정소현,수(13:00~14:15),7108(),0,40
428100,교필,KYC54-A1,Essential English,3,목승혜,월(09:30~10:45)수(11:00~12:15),18103(),0,35
428100,교필,KYC54-A2,Essential English,3,김나영,월(09:30~10:45)수(11:00~12:15),18104(),0,35
428100,교필,KYC54-A3,Essential English,3,차윤정,월(09:30~10:45)수(11:00~12:15),18106(),0,35
428100,교필,KYC54-B1,Essential English,3,목승혜,월(11:00~12:15)수(09:30~10:45),18103(),0,35
428100,교필,KYC54-B2,Essential English,3,김나영,월(11:00~12:15)수(09:30~10:45),18104(),0,35
428100,교필,KYC54-B3,Essential English,3,고우경,월(11:00~12:15)수(09:30~10:45),3505(),0,35
428100,교필,KYC54-C1,Essential English,3,고우경,월(13:00~14:15)수(13:00~14:15),3505(),0,35
428100,교필,KYC54-C2,Essential English,3,심주연,월(13:00~14:15)수(13:00~14:15),18104(),0,30
428100,교필,KYC54-C3,Essential English,3,이아름,월(13:00~14:15)수(13:00~14:15),18106(),0,35
428100,교필,KYC54-D1,Essential English,3,고우경,월(14:30~15:45)수(14:30~15:45),3505(),0,35
428100,교필,KYC54-D2,Essential English,3,심주연,월(14:30~15:45)수(14:30~15:45),18104(),0,30
428100,교필,KYC54-D3,Essential English,3,이아름,월(14:30~15:45)수(14:30~15:45),18106(),0,35
428100,교필,KYC54-E1,Essential English,3,김수현,화(09:30~10:45)목(11:00~12:15),18103(),0,35
428100,교필,KYC54-E2,Essential English,3,성민선,화(09:30~10:45)목(11:00~12:15),18106(),0,35
428100,교필,KYC54-E3,Essential English,3,김경선,화(09:30~10:45)목(11:00~12:15),18104(),0,30
428100,교필,KYC54-F1,Essential English,3,김수현,화(11:00~12:15)목(09:30~10:45),18103(),0,35
428100,교필,KYC54-F2,Essential English,3,성민선,화(11:00~12:15)목(09:30~10:45),18106(),0,35
428100,교필,KYC54-F3,Essential English,3,김경선,화(11:00~12:15)목(09:30~10:45),18104(),0,30
428100,교필,KY410-EA,진로와상담,(0),고우경,-,(),0,14
428100,교필,KY410-EB,진로와상담,(0),공주형,-,(),0,13
428100,교필,KY410-EC,진로와상담,(0),김민환,-,(),0,13
428100,교필,KY410-ED,진로와상담,(0),박종현,-,(),0,13
428100,교필,KY410-EE,진로와상담,(0),송주현,-,(),0,13
428100,교필,KY410-EF,진로와상담,(0),서경희,-,(),0,13
428100,교필,KY410-EG,진로와상담,(0),심주연,-,(),0,14
428100,교필,KY410-EH,진로와상담,(0),염동호,-,(),0,14
428100,교필,KY410-EI,진로와상담,(0),이익주,-,(),0,13
428100,교필,KY101-B,채플,.5,"나현기,김광연,한경미",수(14:30~15:20),채플실(),0,550
425130,교필,KY410-J8,진로와상담,(0),남세현,-,(),0,16
425130,교필,KY410-J7,진로와상담,(0),김용훈,-,(),0,15
425130,교필,KY410-J6,진로와상담,(0),백변경희,-,(),0,15
425130,교필,KY921-Q4,사회생활길잡이,1,백변경희,수(16:00~16:50),20502(),0,15
425130,교필,KY921-Q5,사회생활길잡이,1,김용훈,수(16:00~16:50),18418(),0,15
425130,교필,KY921-Q3,사회생활길잡이,1,남세현,수(16:00~16:50),20506(),0,15
425130,전필,TR260-A,재활연구방법론,3,이인재,화(11:00~12:15)목(09:30~10:45),18307(),0,40
425130,전필,TR419-A,졸업논문,(3),백변경희,-,(),0,60
425130,전선,TR355-A,상담이론과실제,3,김용훈,금(13:00~14:15)금(14:30~15:45),18417(),0,60
425130,전선,TR454-A,직업상담,3,최종태,화(13:00~14:15)화(14:30~15:45),18104(),0,40
425130,전선,TR248-B,직업재활개론,3,장홍영,목(13:00~14:15)목(14:30~15:45),18212-1(),0,15
425130,전선,TR248-A,직업재활개론,3,남세현,월(09:30~10:45)수(11:00~12:15),18211-1(),0,30
425130,전선,TR211-A,놀이치료이론과실제,3,이미선,금(09:30~10:45)금(11:00~12:15),18417(),0,40
425130,전선,TR341-A,직업평가,3,김선형,화(11:00~12:15)목(09:30~10:45),18417(),0,30
425130,전선,TR452-A,부모교육및상담,3,김용훈,화(11:00~12:15)목(09:30~10:45),18212-1(),0,40
425130,전선,TR373-A,발달진단및심리평가,3,김용훈,화(09:30~10:45)목(11:00~12:15),18212-1(),0,40
425130,전선,TR380-A,직무개발과배치,3,김선형,화(09:30~10:45)목(11:00~12:15),18417(),0,30
425130,전선,TR455-A,노동법규와재활,3,남용현,화(16:00~17:15)화(17:30~18:45),18102(),0,40
425130,전선,TR338-A,재활실습Ⅰ,3,"이인재,김선형",금(16:00~17:15)금(17:30~18:45),18417(),0,30
425130,전선,TR382-A,놀이치료관찰및실습,3,홍정은,화(16:00~17:15)화(17:30~18:45),18417(),0,30
425130,전선,TR383-A,발달기반놀이치료,3,홍정은,화(13:00~14:15)화(14:30~15:45),18417(),0,40
425130,전선,TR126-A,응용행동분석,3,미정-신규,목(13:00~14:15)목(14:30~15:45),18417(),0,40
425130,전선,TR369-A,재활정책,3,이인재,화(09:30~10:45)목(11:00~12:15),18102(),0,30
403032,교필,KY201-A,채플,.5,"나현기,김광연,한경미",월(16:00~16:50),채플실(),0,550
403032,교필,KY410-J6,진로와상담,(0),백변경희,-,(),0,15
403032,교필,KY410-J8,진로와상담,(0),남세현,-,(),0,16
403032,교필,KY410-J7,진로와상담,(0),김용훈,-,(),0,15
403032,교필,KY921-Q3,사회생활길잡이,1,남세현,수(16:00~16:50),20506(),0,15
403032,교필,KY921-Q5,사회생활길잡이,1,김용훈,수(16:00~16:50),18418(),0,15
403032,교필,KY921-Q4,사회생활길잡이,1,백변경희,수(16:00~16:50),20502(),0,15
403031,교필,KY201-A,채플,.5,"나현기,김광연,한경미",월(16:00~16:50),채플실(),0,550
403031,교필,KY410-J6,진로와상담,(0),백변경희,-,(),0,15
403031,교필,KY410-J8,진로와상담,(0),남세현,-,(),0,16
403031,교필,KY410-J7,진로와상담,(0),김용훈,-,(),0,15
403031,교필,KY921-Q3,사회생활길잡이,1,남세현,수(16:00~16:50),20506(),0,15
403031,교필,KY921-Q5,사회생활길잡이,1,김용훈,수(16:00~16:50),18418(),0,15
403031,교필,KY921-Q4,사회생활길잡이,1,백변경희,수(16:00~16:50),20502(),0,15
403030,교필,KY201-A,채플,.5,"나현기,김광연,한경미",월(16:00~16:50),채플실(),0,550
403030,교필,KY410-J6,진로와상담,(0),백변경희,-,(),0,15
403030,교필,KY410-J8,진로와상담,(0),남세현,-,(),0,16
403030,교필,KY410-J7,진로와상담,(0),김용훈,-,(),0,15
403030,교필,KY921-Q3,사회생활길잡이,1,남세현,수(16:00~16:50),20506(),0,15
403030,교필,KY921-Q5,사회생활길잡이,1,김용훈,수(16:00~16:50),18418(),0,15
403030,교필,KY921-Q4,사회생활길잡이,1,백변경희,수(16:00~16:50),20502(),0,15
405020,교필,KY101-A,채플,.5,"나현기,김광연,한경미",월(14:30~15:20),채플실(),0,550
405020,교필,KY410-O8,진로와상담,(0),김유신,-,(),0,25
405020,교필,KY410-O7,진로와상담,(0),유한나,-,(),0,25
405020,교필,KY410-O5,진로와상담,(0),변종석,-,(),0,25
405020,교필,KY410-O6,진로와상담,(0),박동련,-,(),0,25
405960,교필,KY101-A,채플,.5,"나현기,김광연,한경미",월(14:30~15:20),채플실(),0,550
405960,교필,KY410-AB,진로와상담,(0),강영경,-,(),0,25
405960,교필,KY410-AC,진로와상담,(0),손승일,-,(),0,25
405960,교필,KY410-AD,진로와상담,(0),윤효석,-,(),0,25
405960,교필,KY410-AE,진로와상담,(0),오석희,-,(),0,25
405960,교필,KY410-AF,진로와상담,(0),이성구,-,(),0,25
405960,교필,KY410-AG,진로와상담,(0),조성호,-,(),0,25
405960,교필,KY410-AH,진로와상담,(0),이경옥,-,(),0,25
405960,교필,KY410-AI,진로와상담,(0),이양선,-,(),0,25
405960,교필,KY410-AJ,진로와상담,(0),강민구,-,(),0,25
405960,교필,KY410-CB,진로와상담,(0),김선만,-,(),0,25
405960,교필,KY410-CC,진로와상담,(0),류승택,-,(),0,25
405960,교필,KY410-CD,진로와상담,(0),박성진,-,(),0,25
405960,교필,KY410-CE,진로와상담,(0),백수진,-,(),0,25
405960,교필,KY410-CF,진로와상담,(0),안현,-,(),0,25
405960,교필,KY410-CG,진로와상담,(0),여협구,-,(),0,25
405960,교필,KY410-CH,진로와상담,(0),이용걸,-,(),0,26
405960,교필,KY410-DA,진로와상담,(0),이형우,-,(),0,25
405960,교필,KY410-DB,진로와상담,(0),임익수,-,(),0,25
405960,교필,KY410-DC,진로와상담,(0),정승민,-,(),0,25
405960,교필,KY410-DD,진로와상담,(0),홍승필,-,(),0,25
405960,교필,KY410-DE,진로와상담,(0),성낙준,-,(),0,25
405960,교필,KY410-DF,진로와상담,(0),고병수,-,(),0,25
405960,교필,KY410-DG,진로와상담,(0),최창원,-,(),0,25
405960,교필,KY410-AA,진로와상담,(0),박기홍,-,(),0,25
402060,교필,KY101-B,채플,.5,"나현기,김광연,한경미",수(14:30~15:20),채플실(),0,550
402060,교필,KY410-E1,진로와상담,(0),김상덕,-,(),0,20
402060,교필,KY921-H1,사회생활길잡이,1,김상덕,수(16:00~16:50),18104(),0,20
402060,전필,HR419-A,졸업논문,(3),김상덕,-,(),0,20
402060,전선,HR264-A,인도의신화와종교,3,류성민,화(16:00~17:15)화(17:30~18:45),7106(),0,30
402060,전선,HR245-A,문화와의례,3,허남진,-,(),0,50
402060,전선,HR234-A,신화와문화,3,이창익,목(16:00~17:15)목(17:30~18:45),7106(),0,30
402060,전선,HR275-A,"종교와미디어,그리고현대문화",3,김상덕,월(13:00~14:15)수(13:00~14:15),7106(),0,30
402060,전선,HR358-A,종교학과문화비평,3,신광철,-,(),0,40
402060,전선,HR223-A,종교학사,3,허남진,목(13:00~14:15)목(14:30~15:45),7106(),0,30
402060,전선,HR373-A,종교상징의이해,3,이창익,화(13:00~14:15)화(14:30~15:45),7106(),0,30
402060,전선,HR320-A,종교학특강,3,김상덕,금(13:00~14:15)금(14:30~15:45),7106(),0,30
402061,교필,KY101-B,채플,.5,"나현기,김광연,한경미",수(14:30~15:20),채플실(),0,550
402061,교필,KY410-E1,진로와상담,(0),김상덕,-,(),0,20
402061,교필,KY921-H1,사회생활길잡이,1,김상덕,수(16:00~16:50),18104(),0,20
419010,교필,KY101-B,채플,.5,"나현기,김광연,한경미",수(14:30~15:20),채플실(),0,550
419010,교필,KY410-F2,진로와상담,(0),장정해,-,(),0,35
419010,교필,KY921-J5,사회생활길잡이,1,김남희,월(16:00~16:50),18110(),0,30
422190,교필,KY101-B,채플,.5,"나현기,김광연,한경미",수(14:30~15:20),채플실(),0,550
422190,교필,KY410-F3,진로와상담,(0),최민성,-,(),0,21
422190,교필,KY410-F2,진로와상담,(0),장정해,-,(),0,35
422190,교필,KY410-F1,진로와상담,(0),류기수,-,(),0,35
422190,교필,KY410-F4,진로와상담,(0),김남희,-,(),0,20
422190,교필,KY921-J5,사회생활길잡이,1,김남희,월(16:00~16:50),18110(),0,30
422190,전필,HC616-B,중급중국어회화Ⅱ,1,PANG LI,수(11:00~12:40),3408(),0,30
422190,전필,DC463-A,한중문화산업분석,3,최민성,화(09:30~10:45)목(11:00~12:15),18110(),0,30
422190,전필,HC616-A,중급중국어회화Ⅱ,1,PANG LI,월(11:00~12:40),3408(),0,30
422190,전필,HC617-A,HSK5급Ⅱ,2,문미진,금(13:00~14:15)금(14:30~15:45),7107(),0,30
422190,전필,DC419-A,졸업논문,(3),김남희,-,(),0,40
422190,전선,DC165-A,콘텐츠서사디자인,3,송주현,화(11:00~12:15),18110(),0,30
422190,전선,DC464-A,한중문화콘텐츠원소스발굴,3,김남희,화(14:30~15:45)목(14:30~15:45),18110(),0,30
422190,전선,DC134-A,동아시아의전통문화,3,김용표,-,(),0,30
422190,전선,DC608-A,전공중국어Ⅱ,3,김남희,화(13:00~14:15)목(13:00~14:15),18110(),0,30
422190,전선,DC627-A,지역콘텐츠분석,3,최민성,화(13:00~14:15)목(13:00~14:15),7107(),0,30
422190,전선,HC013-A,HSKK실습2,3,PANG LI,화(16:00~17:15)화(17:30~18:45),3506(),0,30
422190,전선,HC395-A,의료서비스회화,3,진연,화(14:30~15:45)목(14:30~15:45),7107(),0,30
422190,전선,HC321-A,영상중국어Ⅱ,3,문미진,-,(),0,30
422190,전선,HC227-A,역사를움직인중국의여인,3,장정해,월(14:30~15:45)수(14:30~15:45),7107(),0,30
422190,전선,HC619-A,초급중국어듣기와말하기2,3,문미진,목(11:00~12:15),8101(),0,30
422190,전선,HC397-A,그림으로읽는한국과중국의길상문화,3,문미진,화(11:00~12:15),7107(),0,30
422190,전선,HC436-A,대만의생활문화,3,장정해,월(13:00~14:15)수(13:00~14:15),7107(),0,30
422190,전선,HC584-A,중국관광지리,3,문미진,-,(),0,30
422190,전선,DC461-A,한중문화관광콘텐츠제작실습,3,최정규,화(16:00~17:15)화(17:30~18:45),18110(),0,30
422190,전선,DC595-A,한중공연콘텐츠기획,3,이경수,목(16:00~17:15)목(17:30~18:45),18110(),0,30
402043,교필,KY101-B,채플,.5,"나현기,김광연,한경미",수(14:30~15:20),채플실(),0,550
402043,교필,KY410-F2,진로와상담,(0),장정해,-,(),0,35
402043,교필,KY921-J5,사회생활길잡이,1,김남희,월(16:00~16:50),18110(),0,30
402970,교필,KY101-B,채플,.5,"나현기,김광연,한경미",수(14:30~15:20),채플실(),0,550
402970,교필,KY921-J5,사회생활길잡이,1,김남희,월(16:00~16:50),18110(),0,30
403061,교필,KY201-B,채플,.5,"나현기,김광연,한경미",수(16:00~16:50),채플실(),0,550
403061,교필,KY410-M5,진로와상담,(0),이일영,-,(),0,15
403061,교필,KY410-M7,진로와상담,(0),황선미,-,(),0,15
403061,교필,KY410-M6,진로와상담,(0),주장환,-,(),0,15
403061,교필,KY921-S1,사회생활길잡이,1,이일영,수(16:00~16:50),3403(),0,15
403061,교필,KY921-S4,사회생활길잡이,1,황선미,수(16:00~16:50),3410(),0,15
403061,교필,KY921-S3,사회생활길잡이,1,주장환,수(16:00~16:50),3409(),0,15
423110,교필,KY201-B,채플,.5,"나현기,김광연,한경미",수(16:00~16:50),채플실(),0,550
423110,교필,KY410-M5,진로와상담,(0),이일영,-,(),0,15
423110,교필,KY410-M7,진로와상담,(0),황선미,-,(),0,15
423110,교필,KY410-M6,진로와상담,(0),주장환,-,(),0,15
423110,교필,KY921-S1,사회생활길잡이,1,이일영,수(16:00~16:50),3403(),0,15
423110,교필,KY921-S4,사회생활길잡이,1,황선미,수(16:00~16:50),3410(),0,15
423110,교필,KY921-S3,사회생활길잡이,1,주장환,수(16:00~16:50),3409(),0,15
403062,교필,KY201-B,채플,.5,"나현기,김광연,한경미",수(16:00~16:50),채플실(),0,550
403062,교필,KY410-M5,진로와상담,(0),이일영,-,(),0,15
403062,교필,KY410-M7,진로와상담,(0),황선미,-,(),0,15
403062,교필,KY410-M6,진로와상담,(0),주장환,-,(),0,15
403062,교필,KY921-S1,사회생활길잡이,1,이일영,수(16:00~16:50),3403(),0,15
403062,교필,KY921-S4,사회생활길잡이,1,황선미,수(16:00~16:50),3410(),0,15
403062,교필,KY921-S3,사회생활길잡이,1,주장환,수(16:00~16:50),3409(),0,15
427150,교필,KY410-AA,진로와상담,(0),박기홍,-,(),0,25
427150,교필,KY410-AB,진로와상담,(0),강영경,-,(),0,25
427150,교필,KY410-AC,진로와상담,(0),손승일,-,(),0,25
427150,교필,KY410-AD,진로와상담,(0),윤효석,-,(),0,25
427150,교필,KY410-AE,진로와상담,(0),오석희,-,(),0,25
427150,교필,KY410-AF,진로와상담,(0),이성구,-,(),0,25
427150,교필,KY410-AG,진로와상담,(0),조성호,-,(),0,25
427150,교필,KY410-AH,진로와상담,(0),이경옥,-,(),0,25
427150,교필,KY410-AI,진로와상담,(0),이양선,-,(),0,25
427150,교필,KY410-AJ,진로와상담,(0),강민구,-,(),0,25
427150,교필,KY410-CB,진로와상담,(0),김선만,-,(),0,25
427150,교필,KY410-CC,진로와상담,(0),류승택,-,(),0,25
427150,교필,KY410-CD,진로와상담,(0),박성진,-,(),0,25
427150,교필,KY410-CE,진로와상담,(0),백수진,-,(),0,25
427150,교필,KY410-CF,진로와상담,(0),안현,-,(),0,25
427150,교필,KY410-CG,진로와상담,(0),여협구,-,(),0,25
427150,교필,KY410-CH,진로와상담,(0),이용걸,-,(),0,26
427150,교필,KY410-DA,진로와상담,(0),이형우,-,(),0,25
427150,교필,KY410-DB,진로와상담,(0),임익수,-,(),0,25
427150,교필,KY410-DC,진로와상담,(0),정승민,-,(),0,25
427150,교필,KY410-DD,진로와상담,(0),홍승필,-,(),0,25
427150,교필,KY410-DE,진로와상담,(0),성낙준,-,(),0,25
427150,교필,KY410-DF,진로와상담,(0),고병수,-,(),0,25
427150,교필,KY410-DG,진로와상담,(0),최창원,-,(),0,25
427150,전필,AT401-A,졸업논문,(3),임익수,-,(),0,30
402051,교필,KY101-B,채플,.5,"나현기,김광연,한경미",수(14:30~15:20),채플실(),0,550
402051,교필,KY410-D7,진로와상담,(0),김희정,-,(),0,50
402051,교필,KY410-D6,진로와상담,(0),김대오,-,(),0,50
402051,교필,KY921-F2,사회생활길잡이,1,김대오,수(18:50~19:40),18101(),0,30
402051,교필,KY921-F1,사회생활길잡이,1,김희정,월(18:50~19:40),18101(),0,30
402051,전필,HP223-A,한국철학사,3,최천식,목(13:00~14:15)목(14:30~15:45),20307(),0,38
402051,전필,HP419-A,졸업논문,(3),김대오,-,(),0,38
402051,전필,HP496-A,논문작성법,(1),"김대오,김희정",화(11:00~12:15),20307(),0,30
402051,전선,HP205-A,미디어철학,3,김대오,화(09:30~10:45)목(11:00~12:15),20307(),0,38
402051,전선,HP209-A,실존주의,3,이문교,월(17:30~18:45)수(16:00~17:15),18212(),0,38
402051,전선,HP312-A,논리학,3,김희정,월(14:30~15:45)수(14:30~15:45),20307(),0,38
402051,전선,HP408-A,사랑학통론,3,박종성,화(13:00~14:15)화(14:30~15:45),20307(),0,38
402051,전선,HP328-A,중국사상,3,최천식,목(16:00~17:15)목(17:30~18:45),20307(),0,38
402051,전선,HP340-A,심리철학,3,김희정,월(17:30~18:45)수(16:00~17:15),20307(),0,38
402051,전선,HP151-A,AI와인간,3,김대오,월(13:00~14:15)수(13:00~14:15),20307(),0,38
402051,전선,HP231-A,정치철학,3,조현진,화(16:00~17:15)화(17:30~18:45),20307(),0,38
402050,교필,KY101-B,채플,.5,"나현기,김광연,한경미",수(14:30~15:20),채플실(),0,550
402050,교필,KY410-D7,진로와상담,(0),김희정,-,(),0,50
402050,교필,KY410-D6,진로와상담,(0),김대오,-,(),0,50
402050,교필,KY921-F2,사회생활길잡이,1,김대오,수(18:50~19:40),18101(),0,30
402050,교필,KY921-F1,사회생활길잡이,1,김희정,월(18:50~19:40),18101(),0,30
427400,교필,KYD03-A4,AI아트코딩과윤리,3,홍창교,월(14:30~15:45),7108(),0,45
427400,교필,KYD03-B4,AI아트코딩과윤리,3,이은정,수(14:30~15:45),18307(),0,45
427400,교필,KY410-U8,진로와상담,(0),유한나,-,(),0,25
427400,교필,KY410-U6,진로와상담,(0),김유신,-,(),0,25
427400,교필,KY410-U3,진로와상담,(0),정재웅,-,(),0,50
427400,교필,KYC54-F3,Essential English,3,김경선,화(11:00~12:15)목(09:30~10:45),18104(),0,30
427400,교필,KYC54-A1,Essential English,3,목승혜,월(09:30~10:45)수(11:00~12:15),18103(),0,35
427400,교필,KYC54-A2,Essential English,3,김나영,월(09:30~10:45)수(11:00~12:15),18104(),0,35
427400,교필,KYC54-A3,Essential English,3,차윤정,월(09:30~10:45)수(11:00~12:15),18106(),0,35
427400,교필,KYC54-B1,Essential English,3,목승혜,월(11:00~12:15)수(09:30~10:45),18103(),0,35
427400,교필,KYC54-B2,Essential English,3,김나영,월(11:00~12:15)수(09:30~10:45),18104(),0,35
427400,교필,KYC54-B3,Essential English,3,고우경,월(11:00~12:15)수(09:30~10:45),3505(),0,35
427400,교필,KYC54-C1,Essential English,3,고우경,월(13:00~14:15)수(13:00~14:15),3505(),0,35
427400,교필,KYC54-C2,Essential English,3,심주연,월(13:00~14:15)수(13:00~14:15),18104(),0,30
427400,교필,KYC54-C3,Essential English,3,이아름,월(13:00~14:15)수(13:00~14:15),18106(),0,35
427400,교필,KYC54-D1,Essential English,3,고우경,월(14:30~15:45)수(14:30~15:45),3505(),0,35
427400,교필,KYC54-D2,Essential English,3,심주연,월(14:30~15:45)수(14:30~15:45),18104(),0,30
427400,교필,KYC54-D3,Essential English,3,이아름,월(14:30~15:45)수(14:30~15:45),18106(),0,35
427400,교필,KYC54-E1,Essential English,3,김수현,화(09:30~10:45)목(11:00~12:15),18103(),0,35
427400,교필,KYC54-E2,Essential English,3,성민선,화(09:30~10:45)목(11:00~12:15),18106(),0,35
427400,교필,KYC54-E3,Essential English,3,김경선,화(09:30~10:45)목(11:00~12:15),18104(),0,30
427400,교필,KYC54-F1,Essential English,3,김수현,화(11:00~12:15)목(09:30~10:45),18103(),0,35
427400,교필,KYC54-F2,Essential English,3,성민선,화(11:00~12:15)목(09:30~10:45),18106(),0,35
427400,교필,KY101-A,채플,.5,"나현기,김광연,한경미",월(14:30~15:20),채플실(),0,550
427400,계공,EC006-B,데이터분석프로그래밍기초,3,김유신,월(17:30~18:45)수(16:00~17:15),7203(),0,30
427400,계공,EC006-A,데이터분석프로그래밍기초,3,김유신,월(16:00~17:15)수(17:30~18:45),7203(),0,30
427400,계공,EC003-A,금융기초,3,정재웅,월(16:00~17:15)수(17:30~18:45),7315(),0,40
427400,계공,EC003-B,금융기초,3,정재웅,월(17:30~18:45)수(16:00~17:15),7315(),0,40
405941,교필,KY101-A,채플,.5,"나현기,김광연,한경미",월(14:30~15:20),채플실(),0,550
405940,교필,KY101-A,채플,.5,"나현기,김광연,한경미",월(14:30~15:20),채플실(),0,550
405940,교필,KY410-AA,진로와상담,(0),박기홍,-,(),0,25
405940,교필,KY410-AB,진로와상담,(0),강영경,-,(),0,25
405940,교필,KY410-AC,진로와상담,(0),손승일,-,(),0,25
405940,교필,KY410-AD,진로와상담,(0),윤효석,-,(),0,25
405940,교필,KY410-AE,진로와상담,(0),오석희,-,(),0,25
405940,교필,KY410-AF,진로와상담,(0),이성구,-,(),0,25
405940,교필,KY410-AG,진로와상담,(0),조성호,-,(),0,25
405940,교필,KY410-AH,진로와상담,(0),이경옥,-,(),0,25
405940,교필,KY410-AI,진로와상담,(0),이양선,-,(),0,25
405940,교필,KY410-AJ,진로와상담,(0),강민구,-,(),0,25
405940,교필,KY410-CB,진로와상담,(0),김선만,-,(),0,25
405940,교필,KY410-CC,진로와상담,(0),류승택,-,(),0,25
405940,교필,KY410-CD,진로와상담,(0),박성진,-,(),0,25
405940,교필,KY410-CE,진로와상담,(0),백수진,-,(),0,25
405940,교필,KY410-CF,진로와상담,(0),안현,-,(),0,25
405940,교필,KY410-CG,진로와상담,(0),여협구,-,(),0,25
405940,교필,KY410-CH,진로와상담,(0),이용걸,-,(),0,26
405940,교필,KY410-DA,진로와상담,(0),이형우,-,(),0,25
405940,교필,KY410-DB,진로와상담,(0),임익수,-,(),0,25
405940,교필,KY410-DC,진로와상담,(0),정승민,-,(),0,25
405940,교필,KY410-DD,진로와상담,(0),홍승필,-,(),0,25
405940,교필,KY410-DE,진로와상담,(0),성낙준,-,(),0,25
405940,교필,KY410-DF,진로와상담,(0),고병수,-,(),0,25
405940,교필,KY410-DG,진로와상담,(0),최창원,-,(),0,25
405940,전필,NE419-A,졸업논문,(3),이양선,-,(),0,50
425210,교필,KY201-A,채플,.5,"나현기,김광연,한경미",월(16:00~16:50),채플실(),0,550
425210,교필,KY410-K1,진로와상담,(0),명왕성,-,(),0,36
425210,교필,KY410-K2,진로와상담,(0),박상현,-,(),0,36
425210,교필,KY410-K3,진로와상담,(0),조규청,-,(),0,35
425210,교필,KY410-K4,진로와상담,(0),김수겸,-,(),0,36
425210,전필,NP256-A,스포츠심리학,3,조규청,화(14:30~15:45)목(14:30~15:45),10202(),0,40
425210,전필,NP214-B,운동생리학,3,박현미,화(16:00~17:15)화(17:30~18:45),10202(),0,35
425210,전필,NP214-A,운동생리학,3,전유나,금(16:00~17:15)금(17:30~18:45),10201(),0,35
425210,전필,NP419-A,졸업논문,(3),명왕성,-,(),0,40
425210,전선,NP266-A,장애인체육Ⅱ,3,이성미,수(13:00~14:15)수(14:30~15:45),10301(),0,30
425210,전선,NP255-A,스포츠재활,3,미정-신규,목(09:30~10:45)목(11:00~12:15),10201(),0,40
425210,전선,NP136-A,뉴스포츠,2,배재윤,월(09:30~10:45)월(11:00~12:15),10301(),0,30
425210,전선,NP102-A,체육사,3,정현성,화(16:00~17:15)화(17:30~18:45),10201(),0,35
425210,전선,NP264-A,유아체육Ⅱ,2,강이용,금(13:00~14:15)금(14:30~15:45),10301(),0,30
425210,전선,NP263-A,좌식배구지도법,2,김수겸,화(09:30~10:45)화(11:00~12:15),10301(),0,24
425210,전선,NP270-A,피트니스헬스케어,3,조석준,목(16:00~17:15)목(17:30~18:45),10204(),0,35
425210,전선,NP271-A,캠핑,3,박상현,금(13:00~14:15)금(14:30~15:45),10204(),0,25
425210,전선,NP380-A,축구지도법,3,명왕성,수(13:00~14:15)수(14:30~15:45),90010(),0,30
425210,전선,NP372-A,게이트볼지도법,3,김수겸,수(09:30~10:45)수(11:00~12:15),90010(),0,20
425210,전선,NP349-A,체육측정평가및통계학,3,전유나,금(13:00~14:15)금(14:30~15:45),10201(),0,35
425210,전선,NP269-A,노인스포츠,3,배재윤,월(13:00~14:15)월(14:30~15:45),10201(),0,30
425210,전선,NP137-A,동계스포츠,3,조규청,금(16:00~17:15)금(17:30~18:45),10202(),0,50
425210,전선,NP447-A,스포츠윤리학,3,명왕성,금(09:30~10:45)금(11:00~12:15),10201(),0,40
425210,전선,GP550-A,전공특강Ⅰ,3,조규청,토(09:30~10:20),10204(),0,10
425200,교필,KYD03-B3,AI아트코딩과윤리,3,이은정,수(13:00~14:15),18307(),0,40
425200,교필,KYC54-A1,Essential English,3,목승혜,월(09:30~10:45)수(11:00~12:15),18103(),0,35
425200,교필,KYC54-F3,Essential English,3,김경선,화(11:00~12:15)목(09:30~10:45),18104(),0,30
425200,교필,KYC54-F2,Essential English,3,성민선,화(11:00~12:15)목(09:30~10:45),18106(),0,35
425200,교필,KYC54-F1,Essential English,3,김수현,화(11:00~12:15)목(09:30~10:45),18103(),0,35
425200,교필,KYC54-E3,Essential English,3,김경선,화(09:30~10:45)목(11:00~12:15),18104(),0,30
425200,교필,KYC54-A2,Essential English,3,김나영,월(09:30~10:45)수(11:00~12:15),18104(),0,35
425200,교필,KYC54-A3,Essential English,3,차윤정,월(09:30~10:45)수(11:00~12:15),18106(),0,35
425200,교필,KYC54-B1,Essential English,3,목승혜,월(11:00~12:15)수(09:30~10:45),18103(),0,35
425200,교필,KYC54-B2,Essential English,3,김나영,월(11:00~12:15)수(09:30~10:45),18104(),0,35
425200,교필,KYC54-B3,Essential English,3,고우경,월(11:00~12:15)수(09:30~10:45),3505(),0,35
425200,교필,KYC54-C1,Essential English,3,고우경,월(13:00~14:15)수(13:00~14:15),3505(),0,35
425200,교필,KYC54-C2,Essential English,3,심주연,월(13:00~14:15)수(13:00~14:15),18104(),0,30
425200,교필,KYC54-C3,Essential English,3,이아름,월(13:00~14:15)수(13:00~14:15),18106(),0,35
425200,교필,KYC54-D1,Essential English,3,고우경,월(14:30~15:45)수(14:30~15:45),3505(),0,35
425200,교필,KYC54-D2,Essential English,3,심주연,월(14:30~15:45)수(14:30~15:45),18104(),0,30
425200,교필,KYC54-D3,Essential English,3,이아름,월(14:30~15:45)수(14:30~15:45),18106(),0,35
425200,교필,KYC54-E1,Essential English,3,김수현,화(09:30~10:45)목(11:00~12:15),18103(),0,35
425200,교필,KYC54-E2,Essential English,3,성민선,화(09:30~10:45)목(11:00~12:15),18106(),0,35
425200,교필,KY201-A,채플,.5,"나현기,김광연,한경미",월(16:00~16:50),채플실(),0,550
425200,교필,KY410-K3,진로와상담,(0),조규청,-,(),0,35
425200,교필,KY410-K2,진로와상담,(0),박상현,-,(),0,36
425200,교필,KY410-K1,진로와상담,(0),명왕성,-,(),0,36
425200,교필,KY410-K4,진로와상담,(0),김수겸,-,(),0,36
405061,교필,KY201-A,채플,.5,"나현기,김광연,한경미",월(16:00~16:50),채플실(),0,550
405061,교필,KY410-K2,진로와상담,(0),박상현,-,(),0,36
405061,교필,KY410-K4,진로와상담,(0),김수겸,-,(),0,36
405061,교필,KY410-K1,진로와상담,(0),명왕성,-,(),0,36
405061,교필,KY410-K3,진로와상담,(0),조규청,-,(),0,35
406100,전필,KS419-A,졸업논문,(3),백상현,-,(),0,50
406100,평생,KS311-A,특수교육론,3,김경양,-,(),0,40
406100,평생,KS421-A,기업교육론,3,김동심,수(11:00~12:15),3204(),0,40
406100,평생,KS411-A,원격교육론,3,김동심,월(11:00~12:15),3204(),0,40
406100,평생,KS306-A,평생교육방법론,3,김윤정,목(13:00~14:15),18102(),0,50
406100,평생,KS207-A,청소년교육론,3,김남희,-,(),0,40
406100,평생,KS308-A,평생교육프로그램개발론,3,옥장흠,화(11:00~12:15),18102(),0,40
406100,평생,KS312-A,교육조사방법론,3,백상현,수(13:00~14:15),18309(),0,40
406100,평생,KS412-A,평생교육실습,3,조미경,월(16:00~17:15),18101(),0,40
409010,교선,OC129-A,TED로배우는영화속바이오테크놀로지,3,"OCU컨소시엄,박원식",-,(),0,90
409010,교선,OC160-A,식생활과건강,3,"OCU컨소시엄,박원식",-,(),0,90
409010,교선,OC245-A,전통한옥의아름다움,3,"OCU컨소시엄,박원식",-,(),0,90
409010,교선,OC119-A,지중해문화산책,3,"OCU컨소시엄,박원식",-,(),0,90
409010,교선,OC239-A,챗GPT의이해와활용,3,"OCU컨소시엄,박원식",-,(),0,90
409010,교선,OC112-A,생활속의심리학,3,"OCU컨소시엄,박원식",-,(),0,90
409010,교선,OC235-A,나를찾는행복레슨,3,"OCU컨소시엄,박원식",-,(),0,90
409010,교선,OC156-A,교양한자,3,"OCU컨소시엄,박원식",-,(),0,90
422180,교필,KY101-B,채플,.5,"나현기,김광연,한경미",수(14:30~15:20),채플실(),0,550
422180,교필,KY410-C3,진로와상담,(0),정해득,-,(),0,20
422180,교필,KY410-C4,진로와상담,(0),이영남,-,(),0,20
422180,교필,KY410-C1,진로와상담,(0),정무용,-,(),0,20
422180,교필,KY410-C2,진로와상담,(0),이형원,-,(),0,20
422180,교필,KY921-G4,사회생활길잡이,1,이영남,화(18:50~19:40),3408(),0,25
422180,교필,KY921-G1,사회생활길잡이,1,정무용,월(18:50~19:40),3204(),0,25
422180,교필,KY921-G2,사회생활길잡이,1,이형원,월(18:50~19:40),3409(),0,25
422180,교필,KY921-G3,사회생활길잡이,1,정해득,월(18:50~19:40),3412(),0,25
422180,전필,HH407-A,한국사사료읽기2,2,정해득,화(11:00~12:15)목(09:30~10:45),20402(),0,50
422180,전필,HH471-A,학술답사B,.5,이형원,금(16:00~16:50),20402(),0,50
422180,전필,HH473-A,학술답사D,.5,정무용,금(17:30~18:20),20402(),0,50
422180,전필,HH411-A,졸업논문,(3),정무용,-,(),0,50
422180,전선,HH238-A,서양사입문,3,이시연,금(09:30~10:45)금(11:00~12:15),18212-1(),0,50
422180,전선,HH331-A,한국중세사,3,정해득,월(11:00~12:15)수(09:30~10:45),20402(),0,50
422180,전선,HH273-A,디지털박물관학,3,김한상,화(13:00~14:15)화(14:30~15:45),20402(),0,50
422180,전선,HH206-A,문화유산과평화교육,3,이형원,월(14:30~15:45)수(14:30~15:45),20402(),0,50
422180,전선,HH119-A,구술아카이빙,3,이영남,월(16:00~17:15)수(17:30~18:45),20402(),0,50
422180,전선,HH270-A,역사고고학,3,이형원,월(17:30~18:45)수(16:00~17:15),20402(),0,50
422180,전선,HH121-A,세상을바꾸는기록이야기,3,이경래,목(16:00~17:15)목(17:30~18:45),20402(),0,50
422180,전선,HH120-A,기록인류학,3,이영남,월(09:30~10:45)수(11:00~12:15),20402(),0,50
422180,전선,HH117-A,문화유산콘텐츠,3,정해득,목(13:00~14:15)목(14:30~15:45),20402(),0,50
422180,전선,HH371-A,한국사회경제사,3,정무용,화(09:30~10:45)목(11:00~12:15),20402(),0,50
422180,전선,HH309-A,한국여성사,3,이미선,금(13:00~14:15)금(14:30~15:45),20402(),0,50
422180,전선,HH390-A,동아시아근현대사,3,정경민,화(16:00~17:15)화(17:30~18:45),20402(),0,50
422180,학석,GP506-A,역사고고학특강Ⅰ,3,이형원,월(13:00~14:15)월(14:30~15:45),2210(),0,10
422180,학석,GP554-A,필름아카이브,3,이영남,월(09:30~10:20),2301(),0,10
402071,교필,KY101-B,채플,.5,"나현기,김광연,한경미",수(14:30~15:20),채플실(),0,550
402071,교필,KY410-C4,진로와상담,(0),이영남,-,(),0,20
402071,교필,KY410-C1,진로와상담,(0),정무용,-,(),0,20
402071,교필,KY410-C2,진로와상담,(0),이형원,-,(),0,20
402071,교필,KY410-C3,진로와상담,(0),정해득,-,(),0,20
402071,교필,KY921-G2,사회생활길잡이,1,이형원,월(18:50~19:40),3409(),0,25
402071,교필,KY921-G3,사회생활길잡이,1,정해득,월(18:50~19:40),3412(),0,25
402071,교필,KY921-G4,사회생활길잡이,1,이영남,화(18:50~19:40),3408(),0,25
402071,교필,KY921-G1,사회생활길잡이,1,정무용,월(18:50~19:40),3204(),0,25
422170,교필,KY101-B,채플,.5,"나현기,김광연,한경미",수(14:30~15:20),채플실(),0,550
422170,교필,KY410-B3,진로와상담,(0),강소영,-,(),0,50
422170,교필,KY410-B2,진로와상담,(0),유형동,-,(),0,50
422170,교필,KY410-B1,진로와상담,(0),김지혜,-,(),0,50
422170,교필,KY921-C2,사회생활길잡이,1,유형동,월(16:00~16:50),20502(),0,30
422170,교필,KY921-C3,사회생활길잡이,1,강소영,월(16:00~16:50),3408(),0,30
422170,교필,KY921-C1,사회생활길잡이,1,김지혜,월(16:00~16:50),3410(),0,30
422170,전필,HK409-A,졸업논문,(3),김지혜,-,(),0,30
422170,전필,HK419-A,졸업논문,(3),김지혜,-,(),0,30
422170,전선,HK278-A,한국어문법교육론,3,김지혜,월(11:00~12:15)수(09:30~10:45),20401(),0,30
422170,전선,HK280-A,한국문학사탐구1,3,유형동,화(11:00~12:15)목(09:30~10:45),20401(),0,30
422170,전선,HK377-A,한국어교육론,3,강소영,월(13:00~14:15)수(13:00~14:15),20505(),0,30
422170,전선,HK279-A,현대시탐구,3,유문선,월(14:30~15:45)수(14:30~15:45),20401(),0,30
422170,전선,HK107-A,한국어어문규범의이해,3,미정-신규,목(16:00~17:15)목(17:30~18:45),20401(),0,30
422170,전선,HK111-A,"세상읽기,현대산문탐구",3,심동수,화(16:00~17:15)화(17:30~18:45),20401(),0,30
422170,전선,HK281-A,고전작품의이해,3,이현정,화(13:00~14:15)화(14:30~15:45),3405(),0,30
422170,전선,HK388-A,현대작가탐구,3,심동수,화(13:00~14:15)화(14:30~15:45),20401(),0,30
422170,전선,HK390-A,한국문학사탐구2,3,유문선,월(13:00~14:15)수(13:00~14:15),20401(),0,30
422170,전선,HK389-A,고전소설탐구,3,윤은정,목(16:00~17:15)목(17:30~18:45),20502(),0,30
422170,전선,HK387-A,한국어어휘교육론,3,미정-신규,목(13:00~14:15)목(14:30~15:45),20401(),0,30
422170,전선,HK447-A,한국어교재론,3,강소영,월(09:30~10:45)수(11:00~12:15),20401(),0,30
422170,전선,HK448-A,대조언어학론,3,김지혜,화(09:30~10:45)목(11:00~12:15),20401(),0,30
422170,전선,HK446-A,구비문학탐구,3,이현정,화(16:00~17:15)화(17:30~18:45),20506(),0,30
406130,융합,AK201-A,한류와아시아문화콘텐츠,3,신광철,화(13:00~14:15)화(14:30~15:45),18102(),0,40
402044,교필,KY101-B,채플,.5,"나현기,김광연,한경미",수(14:30~15:20),채플실(),0,550
402044,교필,KY410-F4,진로와상담,(0),김남희,-,(),0,20
402044,교필,KY410-F3,진로와상담,(0),최민성,-,(),0,21
402044,교필,KY921-J5,사회생활길잡이,1,김남희,월(16:00~16:50),18110(),0,30
402042,교필,KY921-J5,사회생활길잡이,1,김남희,월(16:00~16:50),18110(),0,30
427160,교필,KY410-AA,진로와상담,(0),박기홍,-,(),0,25
427160,교필,KY410-DG,진로와상담,(0),최창원,-,(),0,25
427160,교필,KY410-AC,진로와상담,(0),손승일,-,(),0,25
427160,교필,KY410-AD,진로와상담,(0),윤효석,-,(),0,25
427160,교필,KY410-AE,진로와상담,(0),오석희,-,(),0,25
427160,교필,KY410-AF,진로와상담,(0),이성구,-,(),0,25
427160,교필,KY410-AG,진로와상담,(0),조성호,-,(),0,25
427160,교필,KY410-AH,진로와상담,(0),이경옥,-,(),0,25
427160,교필,KY410-AI,진로와상담,(0),이양선,-,(),0,25
427160,교필,KY410-AJ,진로와상담,(0),강민구,-,(),0,25
427160,교필,KY410-CB,진로와상담,(0),김선만,-,(),0,25
427160,교필,KY410-CC,진로와상담,(0),류승택,-,(),0,25
427160,교필,KY410-CD,진로와상담,(0),박성진,-,(),0,25
427160,교필,KY410-CE,진로와상담,(0),백수진,-,(),0,25
427160,교필,KY410-CF,진로와상담,(0),안현,-,(),0,25
427160,교필,KY410-CG,진로와상담,(0),여협구,-,(),0,25
427160,교필,KY410-CH,진로와상담,(0),이용걸,-,(),0,26
427160,교필,KY410-DA,진로와상담,(0),이형우,-,(),0,25
427160,교필,KY410-DB,진로와상담,(0),임익수,-,(),0,25
427160,교필,KY410-DC,진로와상담,(0),정승민,-,(),0,25
427160,교필,KY410-DD,진로와상담,(0),홍승필,-,(),0,25
427160,교필,KY410-DE,진로와상담,(0),성낙준,-,(),0,25
427160,교필,KY410-DF,진로와상담,(0),고병수,-,(),0,25
427160,교필,KY410-AB,진로와상담,(0),강영경,-,(),0,25
425100,교필,KYD03-A5,AI아트코딩과윤리,3,정소현,수(16:00~17:15),7108(),0,45
425100,교필,KYD03-B5,AI아트코딩과윤리,3,김희선,화(14:30~15:45),7108(),0,45
425100,교필,KY410-Z10,진로와상담,(0),유희정,-,(),0,10
425100,교필,KY410-Z9,진로와상담,(0),안도연,-,(),0,13
425100,교필,KY410-Z7,진로와상담,(0),김상원,-,(),0,13
425100,교필,KY410-Z3,진로와상담,(0),김종엽,-,(),0,12
425100,교필,KY410-Y9,진로와상담,(0),남세현,-,(),0,12
425100,교필,KY410-Y7,진로와상담,(0),백변경희,-,(),0,12
425100,교필,KYD03-B6,AI아트코딩과윤리,3,김희선,화(13:00~14:15),7108(),0,45
425100,교필,KYC54-A1,Essential English,3,목승혜,월(09:30~10:45)수(11:00~12:15),18103(),0,35
425100,교필,KYC54-A2,Essential English,3,김나영,월(09:30~10:45)수(11:00~12:15),18104(),0,35
425100,교필,KYC54-A3,Essential English,3,차윤정,월(09:30~10:45)수(11:00~12:15),18106(),0,35
425100,교필,KYC54-B1,Essential English,3,목승혜,월(11:00~12:15)수(09:30~10:45),18103(),0,35
425100,교필,KYC54-B2,Essential English,3,김나영,월(11:00~12:15)수(09:30~10:45),18104(),0,35
425100,교필,KYC54-B3,Essential English,3,고우경,월(11:00~12:15)수(09:30~10:45),3505(),0,35
425100,교필,KYC54-C1,Essential English,3,고우경,월(13:00~14:15)수(13:00~14:15),3505(),0,35
425100,교필,KYC54-C2,Essential English,3,심주연,월(13:00~14:15)수(13:00~14:15),18104(),0,30
425100,교필,KYC54-C3,Essential English,3,이아름,월(13:00~14:15)수(13:00~14:15),18106(),0,35
425100,교필,KYC54-D1,Essential English,3,고우경,월(14:30~15:45)수(14:30~15:45),3505(),0,35
425100,교필,KYC54-D2,Essential English,3,심주연,월(14:30~15:45)수(14:30~15:45),18104(),0,30
425100,교필,KYC54-D3,Essential English,3,이아름,월(14:30~15:45)수(14:30~15:45),18106(),0,35
425100,교필,KYC54-E1,Essential English,3,김수현,화(09:30~10:45)목(11:00~12:15),18103(),0,35
425100,교필,KYC54-E2,Essential English,3,성민선,화(09:30~10:45)목(11:00~12:15),18106(),0,35
425100,교필,KYC54-E3,Essential English,3,김경선,화(09:30~10:45)목(11:00~12:15),18104(),0,30
425100,교필,KYC54-F1,Essential English,3,김수현,화(11:00~12:15)목(09:30~10:45),18103(),0,35
425100,교필,KYC54-F2,Essential English,3,성민선,화(11:00~12:15)목(09:30~10:45),18106(),0,35
425100,교필,KYC54-F3,Essential English,3,김경선,화(11:00~12:15)목(09:30~10:45),18104(),0,30
425100,교필,KY410-Y1,진로와상담,(0),홍선미,-,(),0,15
425100,교필,KY410-Y2,진로와상담,(0),주경희,-,(),0,15
425100,교필,KY410-Y3,진로와상담,(0),김수경,-,(),0,15
425100,교필,KY410-Y4,진로와상담,(0),김예랑,-,(),0,15
425100,교필,KY410-Y6,진로와상담,(0),김용훈,-,(),0,12
425100,교필,KY201-A,채플,.5,"나현기,김광연,한경미",월(16:00~16:50),채플실(),0,550
425100,계공,SS009-A,특수체육의이해,3,이성미,화(13:00~14:15)화(14:30~15:45),10301(),0,30
425100,계공,SS006-C,인간행동과사회환경,3,미정-신규,화(13:00~14:15)화(14:30~15:45),18210(),0,60
425100,계공,SS006-B,인간행동과사회환경,3,주경희,화(17:30~18:45)목(17:30~18:45),18210(),0,60
425100,계공,SS006-A,인간행동과사회환경,3,주경희,화(16:00~17:15)목(16:00~17:15),18210(),0,60
425100,계공,SS008-A,장애인복지론,3,백변경희,목(16:00~17:15)목(17:30~18:45),18106(),0,50
425100,계공,SS010-A,일상생활과사회학적상상력,3,김종엽,월(17:30~18:45)수(16:00~17:15),18421(),0,50
427130 ,교필,KY410-CC,진로와상담,(0),류승택,-,(),0,25
427130 ,교필,KY410-CD,진로와상담,(0),박성진,-,(),0,25
427130 ,교필,KY410-CE,진로와상담,(0),백수진,-,(),0,25
427130 ,교필,KY410-CF,진로와상담,(0),안현,-,(),0,25
427130 ,교필,KY410-CG,진로와상담,(0),여협구,-,(),0,25
427130 ,교필,KY410-DF,진로와상담,(0),고병수,-,(),0,25
427130 ,교필,KY410-DA,진로와상담,(0),이형우,-,(),0,25
427130 ,교필,KY410-DB,진로와상담,(0),임익수,-,(),0,25
427130 ,교필,KY410-DD,진로와상담,(0),홍승필,-,(),0,25
427130 ,교필,KY410-DE,진로와상담,(0),성낙준,-,(),0,25
427130 ,교필,KY410-CH,진로와상담,(0),이용걸,-,(),0,26
